{"Active connections": 1235, "All-time mined DUCO": 55902273.69305101, "Current difficulty": 1000000, "DUCO-S1 hashrate": "4.2 GH/s", "Duco Furim price": 0.0, "Duco Node-S price": 0.0, "Duco PancakeSwap price": 4.6e-05, "Duco SunSwap price": 5.2e-05, "Duco SushiSwap price": 1e-05, "Duco UbeSwap price": 9.6e-05, "Duco price": 0.0001, "Duco price BCH": 5e-06, "Duco price NANO": 2.3e-05, "Duco price TRX": 1.8e-05, "Duco price XMG": 3.7e-05, "Duino-Coin Server API": "github.com/revoxhere/duino-coin", "Kolka": {"Banned": 782, "Jailed": 46}, "Last block hash": "2eb3f8271cd947cdd6469be145558a7bcb72e0d9", "Last sync": 1652337885.5376112, "Last update": "12/05/2022 06:44:46 (UTC)", "Mined blocks": 176135797465, "Miner distribution": {"All": 39674, "Arduino": 5428, "CPU": 3328, "ESP32": 13058, "ESP8266": 15422, "GPU": 0, "Other": 71, "Phone": 141, "RPi": 1878, "Web": 348}, "Net energy usage": "38.49 kW", "Open threads": 21, "Pool hashrate": "4155.38 MH/s", "Registered users": 73727, "Server CPU usage": 32.9, "Server RAM usage": 43.5, "Server version": 3.0, "Top 10 richest miners": ["27069598.78897829 DUCO - bscDUCO", "9303501.000002448 DUCO - Ochios", "4127108.3463585814 DUCO - QQ44142894", "4007254.4472261327 DUCO - Demoel", "2210288.9385462017 DUCO - vyrdudji", "1662291.6700304663 DUCO - coinexchange", "1518735.688960454 DUCO - ctecrypto", "1459364.554433561 DUCO - maticDUCO", "1209839.3105654893 DUCO - James_themac", "958406.3416540142 DUCO - econnaty"], "XXHASH hashrate": "0 H/s"}