{"Active connections": 1779, "All-time mined DUCO": 59732531.97993453, "Current difficulty": 1000000, "DUCO-S1 hashrate": "4.9 GH/s", "Duco Furim price": 0.0, "Duco Node-S price": 0.0, "Duco PancakeSwap price": 6.6e-05, "Duco SunSwap price": 0.000147, "Duco SushiSwap price": 6.1e-05, "Duco price": 0.000148, "Duco price BCH": 7e-06, "Duco price NANO": 3.2e-05, "Duco price TRX": 6e-06, "Duco price XMG": 1.4e-05, "Duino-Coin Server API": "github.com/revoxhere/duino-coin", "Kolka": {"Banned": 638, "Jailed": 34}, "Last block hash": "2eb3f8271cd947cdd6469be145558a7bcb72e0d9", "Last sync": 1648720174.0144398, "Last update": "31/03/2022 09:49:35 (UTC)", "Mined blocks": 143881242057, "Miner distribution": {"All": 41467, "Arduino": 6904, "CPU": 3806, "ESP32": 12644, "ESP8266": 14719, "GPU": 0, "Other": 34, "Phone": 209, "RPi": 2462, "Web": 689}, "Net energy usage": "42.64 kW", "Open threads": 21, "Pool hashrate": "4880.28 MH/s", "Registered users": 67024, "Server CPU usage": 40.9, "Server RAM usage": 60.1, "Server version": 3.0, "Top 10 richest miners": ["25603329.20041564 DUCO - bscDUCO", "8015048.415869802 DUCO - Ochios", "5000000.269761559 DUCO - miningvir", "3767394.429313159 DUCO - coinexchange", "3250098.515614895 DUCO - miyan001", "2453550.087773999 DUCO - ifdeduco", "1209838.627673189 DUCO - James_themac", "1202247.2820328958 DUCO - juanjefraire", "1200001.40117249 DUCO - amornlit", "1000316.2043877323 DUCO - econnaty"], "XXHASH hashrate": "0 H/s"}