{"Active connections": 1016, "All-time mined DUCO": 758318779.0566183, "Current difficulty": 200000, "DUCO-S1 hashrate": "1.862 GH/s", "Duco FluffySwap price": 1.8381999999999998e-05, "Duco Furim price": 0.0, "Duco Node-S price": 0.0, "Duco PancakeSwap price": 1.34905e-05, "Duco SunSwap price": 2.513e-05, "Duco SushiSwap price": 8.331891935491e-06, "Duco UbeSwap price": 1.642e-05, "Duco price": 2.627e-05, "Duco price BCH": 0.0, "Duco price NANO": 0.0, "Duco price TRX": 2.627e-05, "Duco price XMG": 3.93e-06, "Duino-Coin Server API": "github.com/revoxhere/duino-coin", "Kolka": {"Banned": 6014, "Jailed": 190}, "Last block hash": "8de4bc0b3fa1580ec7f3421feb9644fc8ead02b8", "Last sync": 1723730503.2351062, "Last update": "15/08/2024 14:01:43 (UTC)", "Mined blocks": 543513551627, "Miner distribution": {"All": 14376, "Arduino": 1850, "CPU": 706, "ESP32": 4722, "ESP8266": 5844, "GPU": 0, "Other": 6, "Phone": 16, "RPi": 1081, "Web": 151}, "Net energy usage": "11.64 kW", "Open threads": 28, "Pool hashrate": "1862.303 MH/s", "Registered users": 105120, "Server CPU usage": 69.5, "Server RAM usage": 87.5, "Server version": 4.0, "Top 10 richest miners": ["238559696.34575552 DUCO - coinexchange", "81980700.19825932 DUCO - bscDUCO", "30855598.808 DUCO - Flowen1985", "28000980.1298474 DUCO - AlmarRido", "18280977.178 DUCO - bimbasimba94", "16096358.288900001 DUCO - viviana80", "14928193.650843663 DUCO - aimbert", "14847133.194062889 DUCO - ctecrypto", "12721940.59109726 DUCO - QQ44142894", "11342261.429905629 DUCO - duinousa"], "XXHASH hashrate": "0 H/s"}