{"Active connections": 586, "All-time mined DUCO": 1068641836.5159119, "Current difficulty": 75000, "DUCO-S1 hashrate": "1.535 GH/s", "Duco FluffySwap price": 3.8989999999999994e-06, "Duco Furim price": 0.0, "Duco Node-S price": 0.0, "Duco PancakeSwap price": 1.1484e-05, "Duco SunSwap price": 0.00010566, "Duco SushiSwap price": 1.59347e-05, "Duco UbeSwap price": 2.7898752414944825e-05, "Duco price": 0.00010566, "Duco price BCH": 5.57e-06, "Duco price NANO": 1.08e-06, "Duco price TRX": 1.55e-06, "Duco price XMG": 0.0, "Duino-Coin Server API": "github.com/revoxhere/duino-coin", "Kolka": {"Banned": 5739, "Jailed": 144}, "Last block hash": "8de4bc0b3fa1580ec7f3421feb9644fc8ead02b8", "Last sync": 1689199772.4963965, "Last update": "12/07/2023 22:09:35 (UTC)", "Mined blocks": 426417407702, "Miner distribution": {"All": 19292, "Arduino": 2043, "CPU": 567, "ESP32": 8426, "ESP8266": 7221, "GPU": 0, "Other": 13, "Phone": 14, "RPi": 1008, "Web": 0}, "Net energy usage": "12.7 kW", "Open threads": 23, "Pool hashrate": "1535.271 MH/s", "Registered users": 94344, "Server CPU usage": 28.5, "Server RAM usage": 31.0, "Server version": 3.0, "Top 10 richest miners": ["495743830.67087966 DUCO - coinexchange", "385449359.2888502 DUCO - coinexchange", "50363867.80947695 DUCO - bscDUCO", "36165869.197 DUCO - AlmarRido", "24326348.334 DUCO - Flowen1985", "20119947.6942 DUCO - viviana80", "15115368.927099999 DUCO - Ochios", "12720440.559071772 DUCO - QQ44142894", "11660788.94750406 DUCO - ctecrypto", "11408217.326238636 DUCO - bimbasimba94"], "XXHASH hashrate": "0 H/s"}