{"Active connections": 781, "All-time mined DUCO": 739812261.8407472, "Current difficulty": 200000, "DUCO-S1 hashrate": "2.578 GH/s", "Duco FluffySwap price": 8.876e-06, "Duco Furim price": 0.0, "Duco Node-S price": 0.0, "Duco PancakeSwap price": 8.57789e-06, "Duco SunSwap price": 0.00010302, "Duco SushiSwap price": 1.2962107682626e-05, "Duco UbeSwap price": 1.1191491992827553e-05, "Duco price": 0.000226, "Duco price BCH": 0.00015103, "Duco price NANO": 0.000226, "Duco price TRX": 1.267e-05, "Duco price XMG": 3.75e-06, "Duino-Coin Server API": "github.com/revoxhere/duino-coin", "Kolka": {"Banned": 5922, "Jailed": 181}, "Last block hash": "8de4bc0b3fa1580ec7f3421feb9644fc8ead02b8", "Last sync": 1715403068.6676273, "Last update": "11/05/2024 04:51:08 (UTC)", "Mined blocks": 518519691602, "Miner distribution": {"All": 17263, "Arduino": 2112, "CPU": 1015, "ESP32": 6686, "ESP8266": 5910, "GPU": 0, "Other": 22, "Phone": 12, "RPi": 1341, "Web": 165}, "Net energy usage": "14.91 kW", "Open threads": 27, "Pool hashrate": "2578.43 MH/s", "Registered users": 101776, "Server CPU usage": 28.9, "Server RAM usage": 93.3, "Server version": 4.0, "Top 10 richest miners": ["78442380.74889731 DUCO - bscDUCO", "39493232.42763998 DUCO - AlmarRido", "30792510.456 DUCO - Flowen1985", "20119947.6942 DUCO - viviana80", "17045685.805999998 DUCO - bimbasimba94", "14868534.240435833 DUCO - aimbert", "14842434.400554445 DUCO - ctecrypto", "12720440.585598174 DUCO - QQ44142894", "11314594.215471087 DUCO - duinousa", "10759939.638689265 DUCO - fiorella71"], "XXHASH hashrate": "0 H/s"}