{"Active connections": 1097, "All-time mined DUCO": 775119053.2447666, "Current difficulty": 200000, "DUCO-S1 hashrate": "1.914 GH/s", "Duco FluffySwap price": 2.191e-05, "Duco Furim price": 0.0, "Duco Node-S price": 0.0, "Duco PancakeSwap price": 1.31425e-05, "Duco SunSwap price": 2.998e-05, "Duco SushiSwap price": 8.987494203495e-06, "Duco UbeSwap price": 1.568e-05, "Duco price": 3.65e-05, "Duco price BCH": 0.0, "Duco price NANO": 0.0, "Duco price TRX": 3.135e-05, "Duco price XMG": 3.65e-05, "Duino-Coin Server API": "github.com/revoxhere/duino-coin", "Kolka": {"Banned": 6024, "Jailed": 189}, "Last block hash": "8de4bc0b3fa1580ec7f3421feb9644fc8ead02b8", "Last sync": 1724416027.266276, "Last update": "23/08/2024 12:27:07 (UTC)", "Mined blocks": 545339920768, "Miner distribution": {"All": 14600, "Arduino": 1817, "CPU": 778, "ESP32": 4870, "ESP8266": 5857, "GPU": 0, "Other": 7, "Phone": 5, "RPi": 1111, "Web": 155}, "Net energy usage": "12.2 kW", "Open threads": 28, "Pool hashrate": "1914.155 MH/s", "Registered users": 105374, "Server CPU usage": 75.0, "Server RAM usage": 95.4, "Server version": 4.0, "Top 10 richest miners": ["235374201.6505255 DUCO - coinexchange", "84473498.70122527 DUCO - bscDUCO", "35576240.569 DUCO - AlmarRido", "30855598.808 DUCO - Flowen1985", "22896923.915 DUCO - bimbasimba94", "16096358.288900001 DUCO - viviana80", "14928206.436494483 DUCO - aimbert", "14847133.194062889 DUCO - ctecrypto", "12721941.46735498 DUCO - QQ44142894", "11342517.941922858 DUCO - duinousa"], "XXHASH hashrate": "0 H/s"}