{"Active connections": 671, "All-time mined DUCO": 1114167125.8114007, "Current difficulty": 75000, "DUCO-S1 hashrate": "2.094 GH/s", "Duco FluffySwap price": 3.4789999999999996e-06, "Duco Furim price": 0.0, "Duco Node-S price": 0.0, "Duco PancakeSwap price": 7.2694e-06, "Duco SunSwap price": 0.00010202, "Duco SushiSwap price": 1.01312e-05, "Duco UbeSwap price": 2.9093097913322633e-05, "Duco price": 0.00010202, "Duco price BCH": 4.97e-06, "Duco price NANO": 1.1e-06, "Duco price TRX": 1.91e-06, "Duco price XMG": 1.563e-05, "Duino-Coin Server API": "github.com/revoxhere/duino-coin", "Kolka": {"Banned": 5654, "Jailed": 161}, "Last block hash": "8de4bc0b3fa1580ec7f3421feb9644fc8ead02b8", "Last sync": 1693641582.181177, "Last update": "02/09/2023 07:59:45 (UTC)", "Mined blocks": 444122997680, "Miner distribution": {"All": 19297, "Arduino": 2224, "CPU": 671, "ESP32": 8084, "ESP8266": 7123, "GPU": 0, "Other": 5, "Phone": 19, "RPi": 1161, "Web": 10}, "Net energy usage": "13.48 kW", "Open threads": 24, "Pool hashrate": "2094.468 MH/s", "Registered users": 95369, "Server CPU usage": 35.4, "Server RAM usage": 38.0, "Server version": 3.0, "Top 10 richest miners": ["495743830.67087966 DUCO - coinexchange", "365942215.15266997 DUCO - coinexchange", "70383919.64457695 DUCO - bscDUCO", "35298317.008099996 DUCO - AlmarRido", "26698742.939427346 DUCO - giveaways", "24485940.745 DUCO - Flowen1985", "20119947.6942 DUCO - viviana80", "12720440.559071772 DUCO - QQ44142894", "11757537.21285198 DUCO - ctecrypto", "11394221.861 DUCO - bimbasimba94"], "XXHASH hashrate": "0 H/s"}