{"Active connections": 1967, "All-time mined DUCO": 1069937361.2218667, "Current difficulty": 75000, "DUCO-S1 hashrate": "1.882 GH/s", "Duco FluffySwap price": 3.7939999999999996e-06, "Duco Furim price": 0.0, "Duco Node-S price": 0.0, "Duco PancakeSwap price": 1.08691e-05, "Duco SunSwap price": 0.00010821, "Duco SushiSwap price": 1.47585e-05, "Duco UbeSwap price": 2.7898752414944825e-05, "Duco price": 0.00010821, "Duco price BCH": 5.41e-06, "Duco price NANO": 1.12e-06, "Duco price TRX": 1.59e-06, "Duco price XMG": 0.0, "Duino-Coin Server API": "github.com/revoxhere/duino-coin", "Kolka": {"Banned": 5730, "Jailed": 144}, "Last block hash": "8de4bc0b3fa1580ec7f3421feb9644fc8ead02b8", "Last sync": 1688909083.7505467, "Last update": "09/07/2023 13:25:03 (UTC)", "Mined blocks": 425150630809, "Miner distribution": {"All": 20493, "Arduino": 2253, "CPU": 729, "ESP32": 8877, "ESP8266": 7476, "GPU": 0, "Other": 8, "Phone": 11, "RPi": 1139, "Web": 0}, "Net energy usage": "14.29 kW", "Open threads": 23, "Pool hashrate": "1882.187 MH/s", "Registered users": 94302, "Server CPU usage": 54.3, "Server RAM usage": 63.5, "Server version": 3.0, "Top 10 richest miners": ["495743830.67087966 DUCO - coinexchange", "385370868.3625502 DUCO - coinexchange", "50363867.80947695 DUCO - bscDUCO", "36165869.187 DUCO - AlmarRido", "24326348.334 DUCO - Flowen1985", "20119947.6942 DUCO - viviana80", "15115368.927099999 DUCO - Ochios", "12720440.559071772 DUCO - QQ44142894", "12715782.847703082 DUCO - duinousa", "11660438.127871724 DUCO - ctecrypto"], "XXHASH hashrate": "0 H/s"}