{"Active connections": 1122, "All-time mined DUCO": 754769821.1335348, "Current difficulty": 200000, "DUCO-S1 hashrate": "1.628 GH/s", "Duco FluffySwap price": 1.7493e-05, "Duco Furim price": 0.0, "Duco Node-S price": 0.0, "Duco PancakeSwap price": 0.0, "Duco SunSwap price": 2.391e-05, "Duco SushiSwap price": 0.0, "Duco UbeSwap price": 0.0, "Duco price": 2.499e-05, "Duco price BCH": 0.0, "Duco price NANO": 0.0, "Duco price TRX": 2.499e-05, "Duco price XMG": 2.62e-06, "Duino-Coin Server API": "github.com/revoxhere/duino-coin", "Kolka": {"Banned": 6012, "Jailed": 190}, "Last block hash": "8de4bc0b3fa1580ec7f3421feb9644fc8ead02b8", "Last sync": 1723038287.2816687, "Last update": "07/08/2024 13:44:47 (UTC)", "Mined blocks": 541589178974, "Miner distribution": {"All": 14857, "Arduino": 1922, "CPU": 775, "ESP32": 4843, "ESP8266": 5999, "GPU": 0, "Other": 11, "Phone": 19, "RPi": 1049, "Web": 239}, "Net energy usage": "12.24 kW", "Open threads": 28, "Pool hashrate": "1628.296 MH/s", "Registered users": 104872, "Server CPU usage": 59.6, "Server RAM usage": 96.6, "Server version": 4.0, "Top 10 richest miners": ["241766026.38339543 DUCO - coinexchange", "81977128.19825932 DUCO - bscDUCO", "30855598.808 DUCO - Flowen1985", "28000980.1298474 DUCO - AlmarRido", "18280977.178 DUCO - bimbasimba94", "16096358.288900001 DUCO - viviana80", "14928188.108394342 DUCO - aimbert", "14847133.194062889 DUCO - ctecrypto", "12721940.59109726 DUCO - QQ44142894", "11341906.875376314 DUCO - duinousa"], "XXHASH hashrate": "0 H/s"}