{"Active connections": 1284, "All-time mined DUCO": 155735458.09326228, "Current difficulty": 75000, "DUCO-S1 hashrate": "3.1 GH/s", "Duco FluffySwap price": 1.1731999999999999e-05, "Duco Furim price": 0.0, "Duco Node-S price": 0.0, "Duco PancakeSwap price": 5.90431e-05, "Duco SunSwap price": 4.943e-05, "Duco SushiSwap price": 1.43658e-05, "Duco UbeSwap price": 2.9003909513148663e-05, "Duco price": 5.90431e-05, "Duco price BCH": 1.676e-05, "Duco price NANO": 7.6e-06, "Duco price TRX": 5.4e-06, "Duco price XMG": 0.0, "Duino-Coin Server API": "github.com/revoxhere/duino-coin", "Kolka": {"Banned": 1161, "Jailed": 88}, "Last block hash": "8de4bc0b3fa1580ec7f3421feb9644fc8ead02b8", "Last sync": 1669722372.8901484, "Last update": "29/11/2022 11:46:20 (UTC)", "Mined blocks": 312307585462, "Miner distribution": {"All": 35613, "Arduino": 4253, "CPU": 1599, "ESP32": 13169, "ESP8266": 14609, "GPU": 0, "Other": 20, "Phone": 58, "RPi": 1734, "Web": 171}, "Net energy usage": "26.64 kW", "Open threads": 25, "Pool hashrate": "3078.81 MH/s", "Registered users": 84404, "Server CPU usage": 53.4, "Server RAM usage": 58.3, "Server version": 3.0, "Top 10 richest miners": ["38531228.63978844 DUCO - bscDUCO", "20119945.00125 DUCO - viviana80", "14965344.293607898 DUCO - Ochios", "14863482.214994665 DUCO - coinexchange", "11692429.559071772 DUCO - QQ44142894", "10759939.638689265 DUCO - fiorella71", "7470017.026 DUCO - RNGesus", "6701827.419963256 DUCO - lordachoo", "4492738.722201762 DUCO - Alessandro_Duino", "4267666.823 DUCO - Demoel"], "XXHASH hashrate": "0 H/s"}