{"Duino-Coin Server API": "github.com/revoxhere/duino-coin", "Server version": 2.7, "Active connections": 15072, "Open threads": 24, "Server CPU usage": 49.2, "Server RAM usage": 40.8, "Last update": "16/09/2021 00:06:56 (UTC)", "Net energy usage": "69.0 kW", "Pool hashrate": "1280.8287 MH/s", "DUCO-S1 hashrate": "1250.6 MH/s", "XXHASH hashrate": "30.2 MH/s", "Duco price": 0.00289206, "Duco price XMG": 0.00289206, "Duco price BCH": 0.0006522, "Duco price RVN": 0.00084352, "Duco price TRX": 0.00121069, "Duco price XRP": 0.000616, "Duco price DGB": 0.00080071, "Duco price NANO": 0.0008584, "Duco price FJC": 0.00085001, "Duco Node-S price": 0.002024, "Duco JustSwap price": 0.00108125, "Duco PancakeSwap price": 0.00176586, "Registered users": 17628, "All-time mined DUCO": 9596911.473637996, "Current difficulty": 709376, "Mined blocks": 17025148291, "Last block hash": "730b6127b9", "Kolka": {"Jailed": 21, "Banned": 641}, "Miner distribution": {"GPU": 0, "CPU": 4173, "RPi": 2247, "Phone": 0, "Web": 1112, "ESP32": 8838, "ESP8266": 11126, "Arduino": 4848, "Other": 0}, "Top 10 richest miners": ["1984080.9479616948 DUCO - bscDUCO", "520520.1555491204 DUCO - 52Pickup", "437497.70939000015 DUCO - coinexchange", "169987.95220397465 DUCO - Bacman", "120760.17863676004 DUCO - rootbori", "113387.18511437952 DUCO - amornlit", "86388.12858228467 DUCO - caancom", "60045.50720269709 DUCO - WannaCry", "53936.72902580622 DUCO - giveaways", "52169.16 DUCO - celoDUCO"]}