{"Active connections": 915, "All-time mined DUCO": 747523909.7558553, "Current difficulty": 200000, "DUCO-S1 hashrate": "1.705 GH/s", "Duco FluffySwap price": 9.002e-06, "Duco Furim price": 0.0, "Duco Node-S price": 0.0, "Duco PancakeSwap price": 8.57789e-06, "Duco SunSwap price": 0.00014464, "Duco SushiSwap price": 1.2962107682626e-05, "Duco UbeSwap price": 1.1191491992827553e-05, "Duco price": 0.00017468, "Duco price BCH": 0.00012974, "Duco price NANO": 0.00017468, "Duco price TRX": 1.284e-05, "Duco price XMG": 3.587e-05, "Duino-Coin Server API": "github.com/revoxhere/duino-coin", "Kolka": {"Banned": 5984, "Jailed": 183}, "Last block hash": "8de4bc0b3fa1580ec7f3421feb9644fc8ead02b8", "Last sync": 1720039522.6168818, "Last update": "03/07/2024 20:45:22 (UTC)", "Mined blocks": 532517957240, "Miner distribution": {"All": 18417, "Arduino": 2257, "CPU": 1022, "ESP32": 7706, "ESP8266": 6070, "GPU": 0, "Other": 10, "Phone": 26, "RPi": 1164, "Web": 162}, "Net energy usage": "15.16 kW", "Open threads": 27, "Pool hashrate": "1705.456 MH/s", "Registered users": 103745, "Server CPU usage": 58.1, "Server RAM usage": 90.4, "Server version": 4.0, "Top 10 richest miners": ["248756218.10302156 DUCO - coinexchange", "80657425.50800352 DUCO - bscDUCO", "29548849.707830127 DUCO - AlmarRido", "24635208.6964704 DUCO - Flowen1985", "22851221.472 DUCO - bimbasimba94", "20120447.6942 DUCO - viviana80", "14898397.665873677 DUCO - aimbert", "14847133.194062889 DUCO - ctecrypto", "14175789.213517074 DUCO - duinousa", "12721940.59109726 DUCO - QQ44142894"], "XXHASH hashrate": "0 H/s"}