{"Active connections": 3222, "All-time mined DUCO": 16841306.24527421, "Current difficulty": 125000, "DUCO-S1 hashrate": "0 H/s", "Duco JustSwap price": 0.00084134, "Duco Node-S price": 0.000139, "Duco PancakeSwap price": 0.000726946, "Duco SushiSwap price": 0.00102713, "Duco price": 0.00102713, "Duco price BCH": 0.0001224, "Duco price DGB": 0.0, "Duco price NANO": 0.000303, "Duco price RVN": 0.0, "Duco price TRX": 0.00031833, "Duco price XMG": 0.000629, "Duco price XRP": 0.0, "Duino-Coin Server API": "github.com/revoxhere/duino-coin", "Kolka": {"Banned": 677, "Jailed": 24}, "Last block hash": "65b3f612d0", "Last update": "03/11/2021 20:45:27 (UTC)", "Mined blocks": 37203325929, "Miner distribution": {"All": 0, "Arduino": 0, "CPU": 0, "ESP32": 0, "ESP8266": 0, "GPU": 0, "Other": 0, "Phone": 0, "RPi": 0, "Web": 0}, "Net energy usage": "0 W", "Open threads": 24, "Pool hashrate": "0 H/s", "Registered users": 22673, "Server CPU usage": 30.5, "Server RAM usage": 15.8, "Server version": 2.7, "Top 10 richest miners": ["3139500.3768241503 DUCO - bscDUCO", "739546.5200902197 DUCO - coinexchange", "587337.6039841222 DUCO - NodeSBroker", "522520.1555491204 DUCO - 52Pickup", "401078.1371153745 DUCO - James_themac", "187228.89104597003 DUCO - celoDUCO", "170241.13285850236 DUCO - Bacman", "123387.18511437952 DUCO - amornlit", "119999.99999999892 DUCO - rootbori", "112642.82794908377 DUCO - maticDUCO"], "XXHASH hashrate": "0 H/s"}