{"Active connections": 1393, "All-time mined DUCO": 85585576.998806, "Current difficulty": 75000, "DUCO-S1 hashrate": "3.2 GH/s", "Duco Furim price": 0.0, "Duco Node-S price": 0.0, "Duco PancakeSwap price": 3.4e-05, "Duco SunSwap price": 0.00017, "Duco SushiSwap price": 2.8e-05, "Duco UbeSwap price": 2.9e-05, "Duco price": 0.000352, "Duco price BCH": 4.3e-05, "Duco price NANO": 2.7e-05, "Duco price TRX": 2.8e-05, "Duco price XMG": 0.00035, "Duino-Coin Server API": "github.com/revoxhere/duino-coin", "Kolka": {"Banned": 1011, "Jailed": 80}, "Last block hash": "2eb3f8271cd947cdd6469be145558a7bcb72e0d9", "Last sync": 1662751338.6485658, "Last update": "09/09/2022 19:22:19 (UTC)", "Mined blocks": 257386263574, "Miner distribution": {"All": 38157, "Arduino": 4604, "CPU": 2142, "ESP32": 13732, "ESP8266": 16036, "GPU": 0, "Other": 16, "Phone": 46, "RPi": 1160, "Web": 421}, "Net energy usage": "30.28 kW", "Open threads": 22, "Pool hashrate": "3234.84 MH/s", "Registered users": 78234, "Server CPU usage": 40.8, "Server RAM usage": 57.9, "Server version": 3.0, "Top 10 richest miners": ["44131298.77551492 DUCO - bscDUCO", "24917019.905517552 DUCO - coinexchange", "15964250.693 DUCO - Ochios", "6974991.289071771 DUCO - QQ44142894", "2577471.6756763393 DUCO - renderman", "2443577.471017644 DUCO - ctecrypto", "2368507.0 DUCO - Brunomoyses23", "2210288.919161586 DUCO - vyrdudji", "2130757.092218376 DUCO - econnaty", "1595107.0314821827 DUCO - maticDUCO"], "XXHASH hashrate": "0 H/s"}