{"Active connections": 45232, "All-time mined DUCO": 16983078.827854753, "Current difficulty": 125000, "DUCO-S1 hashrate": "1307.9 MH/s", "Duco JustSwap price": 0.00060331, "Duco Node-S price": 5.1e-05, "Duco PancakeSwap price": 0.000726946, "Duco SushiSwap price": 0.00102713, "Duco price": 0.00102713, "Duco price BCH": 0.00012117, "Duco price DGB": 0.0, "Duco price NANO": 0.000291, "Duco price RVN": 0.0, "Duco price TRX": 0.00031845, "Duco price XMG": 0.00049522, "Duco price XRP": 0.0, "Duino-Coin Server API": "github.com/revoxhere/duino-coin", "Kolka": {"Banned": 679, "Jailed": 24}, "Last block hash": "65b3f612d0", "Last update": "05/11/2021 13:58:19 (UTC)", "Mined blocks": 38005964583, "Miner distribution": {"All": 38089, "Arduino": 6519, "CPU": 3519, "ESP32": 12888, "ESP8266": 12789, "GPU": 0, "Other": 48, "Phone": 246, "RPi": 1953, "Web": 127}, "Net energy usage": "38.45 kW", "Open threads": 24, "Pool hashrate": "1307.9 MH/s", "Registered users": 22811, "Server CPU usage": 59.7, "Server RAM usage": 41.1, "Server version": 2.7, "Top 10 richest miners": ["3195394.35169523 DUCO - bscDUCO", "771614.6000902198 DUCO - coinexchange", "587337.6039841222 DUCO - NodeSBroker", "522520.1555491204 DUCO - 52Pickup", "401086.49230699183 DUCO - James_themac", "190128.89104597003 DUCO - celoDUCO", "170241.13285850236 DUCO - Bacman", "123387.18511437952 DUCO - amornlit", "119999.99999999892 DUCO - rootbori", "112801.25542740377 DUCO - maticDUCO"], "XXHASH hashrate": "0 H/s"}