{"Active connections": 849, "All-time mined DUCO": 1118555281.4352665, "Current difficulty": 75000, "DUCO-S1 hashrate": "1.972 GH/s", "Duco FluffySwap price": 3.332e-06, "Duco Furim price": 0.0, "Duco Node-S price": 0.0, "Duco PancakeSwap price": 7.2694e-06, "Duco SunSwap price": 0.00010364, "Duco SushiSwap price": 1.01312e-05, "Duco UbeSwap price": 2.9093097913322633e-05, "Duco price": 0.00015585, "Duco price BCH": 4.76e-06, "Duco price NANO": 1.07e-06, "Duco price TRX": 1.94e-06, "Duco price XMG": 0.00015585, "Duino-Coin Server API": "github.com/revoxhere/duino-coin", "Kolka": {"Banned": 5634, "Jailed": 161}, "Last block hash": "8de4bc0b3fa1580ec7f3421feb9644fc8ead02b8", "Last sync": 1693102270.0738847, "Last update": "27/08/2023 02:11:16 (UTC)", "Mined blocks": 442055078866, "Miner distribution": {"All": 18022, "Arduino": 2166, "CPU": 672, "ESP32": 7421, "ESP8266": 6589, "GPU": 0, "Other": 9, "Phone": 8, "RPi": 1047, "Web": 110}, "Net energy usage": "12.84 kW", "Open threads": 23, "Pool hashrate": "1971.711 MH/s", "Registered users": 95200, "Server CPU usage": 32.2, "Server RAM usage": 39.7, "Server version": 3.0, "Top 10 richest miners": ["495743830.67087966 DUCO - coinexchange", "366558413.41731995 DUCO - coinexchange", "70329919.64457695 DUCO - bscDUCO", "35301943.008099996 DUCO - AlmarRido", "30607425.931 DUCO - Flowen1985", "26637971.730650388 DUCO - giveaways", "20119947.6942 DUCO - viviana80", "12720440.559071772 DUCO - QQ44142894", "11756490.91077332 DUCO - ctecrypto", "11394221.861 DUCO - bimbasimba94"], "XXHASH hashrate": "0 H/s"}