{"Duino-Coin Server API": "github.com/revoxhere/duino-coin", "Server version": 2.7, "Active connections": 9249, "Open threads": 24, "Server CPU usage": 64.3, "Server RAM usage": 31.5, "Last update": "05/09/2021 08:06:18 (UTC)", "Net energy usage": "25.83 kW", "Pool hashrate": "516.9604 MH/s", "DUCO-S1 hashrate": "512.4 MH/s", "XXHASH hashrate": "4.6 MH/s", "Duco price": 0.0049713, "Duco price XMG": 0.00398528, "Duco price BCH": 0.0010556, "Duco price TRX": 0.00101511, "Duco price XRP": 0.00125, "Duco price DGB": 0.00068246, "Duco price NANO": 0.0010125, "Duco price FJC": 0.0049713, "Duco Node-S price": 0.002119, "Duco JustSwap price": 0.00354531, "Duco PancakeSwap price": 0.0018854, "Registered users": 16578, "All-time mined DUCO": 8290137.060309571, "Current difficulty": 582442, "Mined blocks": 13978603513, "Last block hash": "730b6127b9", "Kolka": {"Jailed": 21, "Banned": 597}, "Miner distribution": {"GPU": 0, "CPU": 1343, "RPi": 654, "Phone": 0, "Web": 853, "ESP32": 4286, "ESP8266": 5447, "Arduino": 879, "Other": 96}, "Top 10 richest miners": ["1785340.5186463783 DUCO - bscDUCO", "409955.43063163676 DUCO - coinexchange", "240000.1555491204 DUCO - 52Pickup", "182759.02851122132 DUCO - WannaCry", "169937.594875061 DUCO - Bacman", "119804.38348830945 DUCO - rootbori", "113387.18511437952 DUCO - amornlit", "86282.78991884555 DUCO - caancom", "51105.32256964918 DUCO - ducodoly", "50288.45762651612 DUCO - duinocrfsh"]}