{"Active connections": 1260, "All-time mined DUCO": 87998809.33301337, "Current difficulty": 75000, "DUCO-S1 hashrate": "3.1 GH/s", "Duco Furim price": 0.0, "Duco Node-S price": 0.0, "Duco PancakeSwap price": 3.4e-05, "Duco SunSwap price": 0.000156, "Duco SushiSwap price": 2.8e-05, "Duco UbeSwap price": 2.9e-05, "Duco price": 0.000584, "Duco price BCH": 3.9e-05, "Duco price NANO": 2.6e-05, "Duco price TRX": 2.8e-05, "Duco price XMG": 0.000579, "Duino-Coin Server API": "github.com/revoxhere/duino-coin", "Kolka": {"Banned": 1001, "Jailed": 81}, "Last block hash": "2eb3f8271cd947cdd6469be145558a7bcb72e0d9", "Last sync": 1662595921.449989, "Last update": "08/09/2022 00:12:02 (UTC)", "Mined blocks": 256128041547, "Miner distribution": {"All": 37720, "Arduino": 4564, "CPU": 2089, "ESP32": 13665, "ESP8266": 15797, "GPU": 0, "Other": 16, "Phone": 62, "RPi": 1114, "Web": 413}, "Net energy usage": "29.71 kW", "Open threads": 22, "Pool hashrate": "3108.83 MH/s", "Registered users": 78084, "Server CPU usage": 38.5, "Server RAM usage": 59.7, "Server version": 3.0, "Top 10 richest miners": ["39822260.258514926 DUCO - bscDUCO", "25122858.855517548 DUCO - coinexchange", "15964250.693 DUCO - Ochios", "6974991.289071771 DUCO - QQ44142894", "4863927.517 DUCO - jules_pilot", "2443387.43191868 DUCO - ctecrypto", "2368507.0 DUCO - Brunomoyses23", "2210288.919161586 DUCO - vyrdudji", "2130666.830528357 DUCO - econnaty", "1977466.2412062443 DUCO - renderman"], "XXHASH hashrate": "0 H/s"}