{"Active connections": 789, "All-time mined DUCO": 173950355.458025, "Current difficulty": 75000, "DUCO-S1 hashrate": "2.6 GH/s", "Duco FluffySwap price": 1.7079999999999998e-06, "Duco Furim price": 0.0, "Duco Node-S price": 0.0, "Duco PancakeSwap price": 3.77244e-05, "Duco SunSwap price": 5.011e-05, "Duco SushiSwap price": 3.3404e-06, "Duco UbeSwap price": 2.8267968466536925e-05, "Duco price": 5.011e-05, "Duco price BCH": 2.44e-06, "Duco price NANO": 1.61e-06, "Duco price TRX": 4.11e-06, "Duco price XMG": 0.0, "Duino-Coin Server API": "github.com/revoxhere/duino-coin", "Kolka": {"Banned": 1226, "Jailed": 93}, "Last block hash": "8de4bc0b3fa1580ec7f3421feb9644fc8ead02b8", "Last sync": 1672463250.1080167, "Last update": "31/12/2022 05:07:34 (UTC)", "Mined blocks": 330918118525, "Miner distribution": {"All": 33170, "Arduino": 3738, "CPU": 1285, "ESP32": 12364, "ESP8266": 13810, "GPU": 0, "Other": 24, "Phone": 5, "RPi": 1587, "Web": 357}, "Net energy usage": "23.76 kW", "Open threads": 24, "Pool hashrate": "2600.86 MH/s", "Registered users": 86183, "Server CPU usage": 50.6, "Server RAM usage": 32.6, "Server version": 3.0, "Top 10 richest miners": ["40089617.73070239 DUCO - bscDUCO", "20119945.00125 DUCO - viviana80", "14965357.425395073 DUCO - Ochios", "13675334.218015814 DUCO - ctecrypto", "11692429.559071772 DUCO - QQ44142894", "10759939.638689265 DUCO - fiorella71", "8125736.123916335 DUCO - Orion_0x43b", "6808082.130575434 DUCO - lordachoo", "4267666.823 DUCO - Demoel", "2621459.966096303 DUCO - msdo1006"], "XXHASH hashrate": "0 H/s"}