{"Active connections": 1388, "All-time mined DUCO": 56648453.35168581, "Current difficulty": 1000000, "DUCO-S1 hashrate": "4.8 GH/s", "Duco Furim price": 0.0, "Duco Node-S price": 0.0, "Duco PancakeSwap price": 5.2e-05, "Duco SunSwap price": 8.7e-05, "Duco SushiSwap price": 5.9e-05, "Duco price": 9e-05, "Duco price BCH": 6e-06, "Duco price NANO": 3e-05, "Duco price TRX": 5e-06, "Duco price XMG": 0.0, "Duino-Coin Server API": "github.com/revoxhere/duino-coin", "Kolka": {"Banned": 662, "Jailed": 34}, "Last block hash": "2eb3f8271cd947cdd6469be145558a7bcb72e0d9", "Last sync": 1649300950.2717757, "Last update": "07/04/2022 03:09:11 (UTC)", "Mined blocks": 148951437793, "Miner distribution": {"All": 40955, "Arduino": 6285, "CPU": 3865, "ESP32": 13034, "ESP8266": 14820, "GPU": 0, "Other": 41, "Phone": 181, "RPi": 2240, "Web": 489}, "Net energy usage": "42.49 kW", "Open threads": 21, "Pool hashrate": "4837.57 MH/s", "Registered users": 68012, "Server CPU usage": 37.2, "Server RAM usage": 57.0, "Server version": 3.0, "Top 10 richest miners": ["23976602.97890838 DUCO - bscDUCO", "10248449.914401649 DUCO - Ochios", "5000000.269761559 DUCO - miningvir", "3789337.239313158 DUCO - coinexchange", "3250098.6952358535 DUCO - miyan001", "1562685.2994741763 DUCO - Demoel", "1209838.627673189 DUCO - James_themac", "1202407.2403401579 DUCO - juanjefraire", "1200001.40117249 DUCO - amornlit", "830257.4757288157 DUCO - xxl"], "XXHASH hashrate": "0 H/s"}