{"Duino-Coin Server API": "github.com/revoxhere/duino-coin", "Server version": 2.7, "Active connections": 7122, "Open threads": 24, "Server CPU usage": 67.2, "Server RAM usage": 39.7, "Last update": "12/09/2021 03:43:14 (UTC)", "Net energy usage": "60.15 kW", "Pool hashrate": "1172.6788 MH/s", "DUCO-S1 hashrate": "1146.3 MH/s", "XXHASH hashrate": "26.4 MH/s", "Duco price": 0.00481776, "Duco price XMG": 0.0013614, "Duco price BCH": 0.00063356, "Duco price RVN": 0.00082723, "Duco price TRX": 0.00099641, "Duco price XRP": 0.00081, "Duco price DGB": 0.00078095, "Duco price NANO": 0.00083085, "Duco price FJC": 0.00081794, "Duco Node-S price": 0.002076, "Duco JustSwap price": 0.00481776, "Duco PancakeSwap price": 0.0014763, "Registered users": 17250, "All-time mined DUCO": 9056658.6167199, "Current difficulty": 659461, "Mined blocks": 15827132026, "Last block hash": "730b6127b9", "Kolka": {"Jailed": 21, "Banned": 607}, "Miner distribution": {"GPU": 0, "CPU": 3789, "RPi": 1984, "Phone": 0, "Web": 1052, "ESP32": 6578, "ESP8266": 9165, "Arduino": 3944, "Other": 0}, "Top 10 richest miners": ["1805429.4288036248 DUCO - bscDUCO", "520520.1555491204 DUCO - 52Pickup", "466213.79939 DUCO - coinexchange", "169937.594875061 DUCO - Bacman", "119937.53509070358 DUCO - rootbori", "113387.18511437952 DUCO - amornlit", "86346.1192798258 DUCO - caancom", "53725.50306919871 DUCO - giveaways", "51565.23390666816 DUCO - ducodoly", "50288.45762651612 DUCO - duinocrfsh"]}