{"Active connections": 1114, "All-time mined DUCO": 739334944.2025578, "Current difficulty": 200000, "DUCO-S1 hashrate": "2.591 GH/s", "Duco FluffySwap price": 0.0, "Duco Furim price": 0.0, "Duco Node-S price": 0.0, "Duco PancakeSwap price": 0.0, "Duco SunSwap price": 0.0, "Duco SushiSwap price": 0.0, "Duco UbeSwap price": 0.0, "Duco price": 0.000258, "Duco price BCH": 0.00016813, "Duco price NANO": 0.000258, "Duco price TRX": 1.144e-05, "Duco price XMG": 4.259e-05, "Duino-Coin Server API": "github.com/revoxhere/duino-coin", "Kolka": {"Banned": 5949, "Jailed": 182}, "Last block hash": "8de4bc0b3fa1580ec7f3421feb9644fc8ead02b8", "Last sync": 1717600360.8136063, "Last update": "05/06/2024 15:12:40 (UTC)", "Mined blocks": 524986133234, "Miner distribution": {"All": 18400, "Arduino": 2323, "CPU": 1045, "ESP32": 7488, "ESP8266": 6109, "GPU": 0, "Other": 11, "Phone": 4, "RPi": 1223, "Web": 197}, "Net energy usage": "15.38 kW", "Open threads": 27, "Pool hashrate": "2591.2 MH/s", "Registered users": 102677, "Server CPU usage": 61.5, "Server RAM usage": 90.1, "Server version": 4.0, "Top 10 richest miners": ["79143909.78550309 DUCO - bscDUCO", "30792510.456 DUCO - Flowen1985", "30547485.689035717 DUCO - AlmarRido", "20119947.6942 DUCO - viviana80", "18545685.805999998 DUCO - bimbasimba94", "14898327.508602925 DUCO - aimbert", "14844246.414786382 DUCO - ctecrypto", "12720440.59109726 DUCO - QQ44142894", "11315843.214810176 DUCO - duinousa", "11015478.642 DUCO - Rafa2000"], "XXHASH hashrate": "0 H/s"}