{"Active connections": 1044, "All-time mined DUCO": 130210441.23570761, "Current difficulty": 75000, "DUCO-S1 hashrate": "3.2 GH/s", "Duco FluffySwap price": 0.0, "Duco Furim price": 0.0, "Duco Node-S price": 0.0, "Duco PancakeSwap price": 0.0, "Duco SunSwap price": 0.0, "Duco SushiSwap price": 0.0, "Duco UbeSwap price": 0.0, "Duco price": 1.695e-05, "Duco price BCH": 1.695e-05, "Duco price NANO": 7.18e-06, "Duco price TRX": 6.16e-06, "Duco price XMG": 0.0, "Duino-Coin Server API": "github.com/revoxhere/duino-coin", "Kolka": {"Banned": 1128, "Jailed": 89}, "Last block hash": "8de4bc0b3fa1580ec7f3421feb9644fc8ead02b8", "Last sync": 1667431685.6266162, "Last update": "02/11/2022 23:28:08 (UTC)", "Mined blocks": 293797319652, "Miner distribution": {"All": 38005, "Arduino": 4529, "CPU": 2368, "ESP32": 13111, "ESP8266": 16162, "GPU": 0, "Other": 26, "Phone": 60, "RPi": 1349, "Web": 400}, "Net energy usage": "31.81 kW", "Open threads": 23, "Pool hashrate": "3227.54 MH/s", "Registered users": 82569, "Server CPU usage": 47.0, "Server RAM usage": 44.4, "Server version": 3.0, "Top 10 richest miners": ["38406538.025158234 DUCO - bscDUCO", "21990973.983372416 DUCO - coinexchange", "16965320.67115637 DUCO - Ochios", "11692429.559071772 DUCO - QQ44142894", "4596340.674841276 DUCO - lordachoo", "4004611.60987083 DUCO - Orion_0x43b", "2368507.0 DUCO - Brunomoyses23", "2210288.919161586 DUCO - vyrdudji", "1656591.613158366 DUCO - Alessandro_Duino", "1646019.8808087118 DUCO - maticDUCO"], "XXHASH hashrate": "0 H/s"}