{"Active connections": 852, "All-time mined DUCO": 85805629.35789672, "Current difficulty": 1000000, "DUCO-S1 hashrate": "3.2 GH/s", "Duco Furim price": 0.0, "Duco Node-S price": 0.0, "Duco PancakeSwap price": 2.7e-05, "Duco SunSwap price": 4.3e-05, "Duco SushiSwap price": 1.5e-05, "Duco UbeSwap price": 2.8e-05, "Duco price": 0.000291, "Duco price BCH": 1.5e-05, "Duco price NANO": 1.1e-05, "Duco price TRX": 1.3e-05, "Duco price XMG": 0.000175, "Duino-Coin Server API": "github.com/revoxhere/duino-coin", "Kolka": {"Banned": 923, "Jailed": 56}, "Last block hash": "2eb3f8271cd947cdd6469be145558a7bcb72e0d9", "Last sync": 1656150615.4367192, "Last update": "25/06/2022 09:50:17 (UTC)", "Mined blocks": 209481842006, "Miner distribution": {"All": 37894, "Arduino": 5043, "CPU": 2436, "ESP32": 12868, "ESP8266": 15567, "GPU": 0, "Other": 86, "Phone": 57, "RPi": 1555, "Web": 282}, "Net energy usage": "32.18 kW", "Open threads": 21, "Pool hashrate": "3222.84 MH/s", "Registered users": 73006, "Server CPU usage": 35.3, "Server RAM usage": 34.7, "Server version": 3.0, "Top 10 richest miners": ["35754946.98633014 DUCO - bscDUCO", "16868016.799999997 DUCO - Ochios", "7752268.355121678 DUCO - ctecrypto", "6974991.289071771 DUCO - QQ44142894", "5775468.939212613 DUCO - renderman", "5245237.584 DUCO - Flowen1985", "4006601.034614248 DUCO - Demoel", "2368507.0 DUCO - Brunomoyses23", "2210288.9385462017 DUCO - vyrdudji", "2070152.565 DUCO - CryptSino_Exchange"], "XXHASH hashrate": "0 H/s"}