{"Duino-Coin Server API": "github.com/revoxhere/duino-coin", "Server version": 2.7, "Active connections": 21259, "Open threads": 24, "Server CPU usage": 55.7, "Server RAM usage": 37.7, "Last update": "17/09/2021 15:06:35 (UTC)", "Net energy usage": "55.5 kW", "Pool hashrate": "958.4492 MH/s", "DUCO-S1 hashrate": "931.3 MH/s", "XXHASH hashrate": "27.1 MH/s", "Duco price": 0.00176586, "Duco price XMG": 0.0009485, "Duco price BCH": 0.0006235, "Duco price RVN": 0.00079666, "Duco price TRX": 0.00079881, "Duco price XRP": 0.0005885, "Duco price DGB": 0.00076657, "Duco price NANO": 0.00078735, "Duco price FJC": 0.000857, "Duco Node-S price": 0.00044, "Duco JustSwap price": 0.00099364, "Duco PancakeSwap price": 0.00176586, "Registered users": 17807, "All-time mined DUCO": 9809017.287464067, "Current difficulty": 742703, "Mined blocks": 17825138512, "Last block hash": "730b6127b9", "Kolka": {"Jailed": 21, "Banned": 641}, "Miner distribution": {"GPU": 0, "CPU": 3145, "RPi": 1854, "Phone": 0, "Web": 0, "ESP32": 8310, "ESP8266": 10351, "Arduino": 3672, "Other": 0}, "Top 10 richest miners": ["2020824.4639631442 DUCO - bscDUCO", "521520.1555491204 DUCO - 52Pickup", "371800.8093900002 DUCO - coinexchange", "170006.2255262257 DUCO - Bacman", "120827.68354380346 DUCO - rootbori", "113387.18511437952 DUCO - amornlit", "86418.58335930217 DUCO - caancom", "70174.67356710439 DUCO - WannaCry", "55701.726797896845 DUCO - phat1979", "53936.72902580622 DUCO - giveaways"]}