{"Active connections": 946, "All-time mined DUCO": 745037924.0486481, "Current difficulty": 200000, "DUCO-S1 hashrate": "1.764 GH/s", "Duco FluffySwap price": 8.568e-06, "Duco Furim price": 0.0, "Duco Node-S price": 0.0, "Duco PancakeSwap price": 8.57789e-06, "Duco SunSwap price": 0.00013775, "Duco SushiSwap price": 1.2962107682626e-05, "Duco UbeSwap price": 1.1191491992827553e-05, "Duco price": 0.00018418, "Duco price BCH": 0.00013812, "Duco price NANO": 0.00018418, "Duco price TRX": 1.223e-05, "Duco price XMG": 3.686e-05, "Duino-Coin Server API": "github.com/revoxhere/duino-coin", "Kolka": {"Banned": 5970, "Jailed": 183}, "Last block hash": "8de4bc0b3fa1580ec7f3421feb9644fc8ead02b8", "Last sync": 1719566809.485882, "Last update": "28/06/2024 09:26:49 (UTC)", "Mined blocks": 531050306906, "Miner distribution": {"All": 18225, "Arduino": 2321, "CPU": 964, "ESP32": 7516, "ESP8266": 6017, "GPU": 0, "Other": 15, "Phone": 21, "RPi": 1149, "Web": 222}, "Net energy usage": "14.74 kW", "Open threads": 27, "Pool hashrate": "1763.771 MH/s", "Registered users": 103522, "Server CPU usage": 51.6, "Server RAM usage": 90.5, "Server version": 4.0, "Top 10 richest miners": ["248762132.04646996 DUCO - coinexchange", "79668480.50800352 DUCO - bscDUCO", "29548821.707830127 DUCO - AlmarRido", "24635208.6964704 DUCO - Flowen1985", "22851221.472 DUCO - bimbasimba94", "20120447.6942 DUCO - viviana80", "14898388.139645834 DUCO - aimbert", "14847133.194062889 DUCO - ctecrypto", "14175459.388212875 DUCO - duinousa", "12721940.59109726 DUCO - QQ44142894"], "XXHASH hashrate": "0 H/s"}