{"Active connections": 1537, "All-time mined DUCO": 17616151.649320487, "Current difficulty": 125000, "DUCO-S1 hashrate": "924.5 MH/s", "Duco JustSwap price": 0.00081363, "Duco Node-S price": 0.00013, "Duco PancakeSwap price": 0.000656946, "Duco SushiSwap price": 0.000469464, "Duco price": 0.00115057, "Duco price BCH": 0.0, "Duco price DGB": 0.0, "Duco price NANO": 0.00057, "Duco price RVN": 0.0, "Duco price TRX": 0.0, "Duco price XMG": 0.00111102, "Duco price XRP": 0.0, "Duino-Coin Server API": "github.com/revoxhere/duino-coin", "Kolka": {"Banned": 680, "Jailed": 24}, "Last block hash": "65b3f612d0", "Last update": "12/11/2021 16:17:54 (UTC)", "Mined blocks": 41212247333, "Miner distribution": {"All": 31425, "Arduino": 5557, "CPU": 2239, "ESP32": 10065, "ESP8266": 11517, "GPU": 0, "Other": 15, "Phone": 270, "RPi": 1251, "Web": 511}, "Net energy usage": "27.66 kW", "Open threads": 24, "Pool hashrate": "924.51 MH/s", "Registered users": 23553, "Server CPU usage": 52.3, "Server RAM usage": 39.4, "Server version": 2.7, "Top 10 richest miners": ["3507796.1344552534 DUCO - bscDUCO", "1310973.9700902193 DUCO - coinexchange", "591776.6081317749 DUCO - NodeSBroker", "351150.1606789791 DUCO - James_themac", "300520.1555491204 DUCO - 52Pickup", "188487.89104597003 DUCO - celoDUCO", "170241.13285850236 DUCO - Bacman", "123387.18511437952 DUCO - amornlit", "119999.99999999892 DUCO - rootbori", "117075.93777253377 DUCO - maticDUCO"], "XXHASH hashrate": "0 H/s"}