{"Active connections": 1317, "All-time mined DUCO": 60366961.58681193, "Current difficulty": 1000000, "DUCO-S1 hashrate": "4.9 GH/s", "Duco Furim price": 0.0, "Duco Node-S price": 0.0, "Duco PancakeSwap price": 5.2e-05, "Duco SunSwap price": 9.8e-05, "Duco SushiSwap price": 5.9e-05, "Duco price": 9.8e-05, "Duco price BCH": 7e-06, "Duco price NANO": 3.7e-05, "Duco price TRX": 5e-06, "Duco price XMG": 0.0, "Duino-Coin Server API": "github.com/revoxhere/duino-coin", "Kolka": {"Banned": 656, "Jailed": 34}, "Last block hash": "2eb3f8271cd947cdd6469be145558a7bcb72e0d9", "Last sync": 1649046328.4560506, "Last update": "04/04/2022 04:25:29 (UTC)", "Mined blocks": 146724420318, "Miner distribution": {"All": 40890, "Arduino": 6533, "CPU": 3890, "ESP32": 12750, "ESP8266": 14641, "GPU": 0, "Other": 42, "Phone": 182, "RPi": 2348, "Web": 504}, "Net energy usage": "42.7 kW", "Open threads": 21, "Pool hashrate": "4941.91 MH/s", "Registered users": 67594, "Server CPU usage": 34.8, "Server RAM usage": 41.6, "Server version": 3.0, "Top 10 richest miners": ["24283815.2275818 DUCO - bscDUCO", "10403449.914401649 DUCO - Ochios", "5000000.269761559 DUCO - miningvir", "3788492.939313158 DUCO - coinexchange", "3250098.6952358535 DUCO - miyan001", "1562645.3094156699 DUCO - Demoel", "1209838.627673189 DUCO - James_themac", "1202335.9631422886 DUCO - juanjefraire", "1200001.40117249 DUCO - amornlit", "1014582.1285380088 DUCO - DarYo"], "XXHASH hashrate": "0 H/s"}