{"Active connections": 1064, "All-time mined DUCO": 159197040.84014314, "Current difficulty": 75000, "DUCO-S1 hashrate": "2.4 GH/s", "Duco FluffySwap price": 2.17e-06, "Duco Furim price": 0.0, "Duco Node-S price": 0.0, "Duco PancakeSwap price": 3.71884e-05, "Duco SunSwap price": 5.625e-05, "Duco SushiSwap price": 5.78387e-06, "Duco UbeSwap price": 2.8375119743665973e-05, "Duco price": 5.625e-05, "Duco price BCH": 3.1e-06, "Duco price NANO": 1.93e-06, "Duco price TRX": 4.63e-06, "Duco price XMG": 0.0, "Duino-Coin Server API": "github.com/revoxhere/duino-coin", "Kolka": {"Banned": 1233, "Jailed": 96}, "Last block hash": "8de4bc0b3fa1580ec7f3421feb9644fc8ead02b8", "Last sync": 1674033369.8415124, "Last update": "18/01/2023 09:16:11 (UTC)", "Mined blocks": 340683885459, "Miner distribution": {"All": 33546, "Arduino": 3831, "CPU": 1315, "ESP32": 12638, "ESP8266": 13850, "GPU": 0, "Other": 19, "Phone": 6, "RPi": 1537, "Web": 350}, "Net energy usage": "24.01 kW", "Open threads": 24, "Pool hashrate": "2363.02 MH/s", "Registered users": 87150, "Server CPU usage": 54.1, "Server RAM usage": 54.2, "Server version": 3.0, "Top 10 richest miners": ["90787775.80097567 DUCO - coinexchange", "40651855.110702395 DUCO - bscDUCO", "20119946.6942 DUCO - viviana80", "11692429.559071772 DUCO - QQ44142894", "10759939.638689265 DUCO - fiorella71", "8125736.123916335 DUCO - Orion_0x43b", "6811792.003319653 DUCO - lordachoo", "4965363.69527713 DUCO - Ochios", "3951013.207 DUCO - AlmarRido", "3348646.067838713 DUCO - msdo1006"], "XXHASH hashrate": "0 H/s"}