{"Active connections": 1668, "All-time mined DUCO": 93630902.6689817, "Current difficulty": 75000, "DUCO-S1 hashrate": "3.2 GH/s", "Duco FluffySwap price": 2.0929999999999998e-05, "Duco Furim price": 0.0, "Duco Node-S price": 0.0, "Duco PancakeSwap price": 3.58391e-05, "Duco SunSwap price": 8.824e-05, "Duco SushiSwap price": 1.51461e-05, "Duco UbeSwap price": 2.9033013345820652e-05, "Duco price": 0.00011589, "Duco price BCH": 2.985e-05, "Duco price NANO": 1.238e-05, "Duco price TRX": 1.587e-05, "Duco price XMG": 0.00011589, "Duino-Coin Server API": "github.com/revoxhere/duino-coin", "Kolka": {"Banned": 1084, "Jailed": 86}, "Last block hash": "8de4bc0b3fa1580ec7f3421feb9644fc8ead02b8", "Last sync": 1665246656.4254847, "Last update": "08/10/2022 16:30:58 (UTC)", "Mined blocks": 276791344225, "Miner distribution": {"All": 38546, "Arduino": 4625, "CPU": 2117, "ESP32": 13519, "ESP8266": 16596, "GPU": 0, "Other": 16, "Phone": 52, "RPi": 1246, "Web": 375}, "Net energy usage": "30.43 kW", "Open threads": 23, "Pool hashrate": "3208.27 MH/s", "Registered users": 80622, "Server CPU usage": 42.7, "Server RAM usage": 68.0, "Server version": 3.0, "Top 10 richest miners": ["46614076.739715464 DUCO - coinexchange", "39546079.437422335 DUCO - bscDUCO", "15965314.016999999 DUCO - Ochios", "6974991.289071771 DUCO - QQ44142894", "4075220.2860000003 DUCO - AlmarRido", "2368507.0 DUCO - Brunomoyses23", "2210288.919161586 DUCO - vyrdudji", "1820078.1134660952 DUCO - giveaways", "1634175.8630387518 DUCO - maticDUCO", "1457898.898 DUCO - amornlit"], "XXHASH hashrate": "0 H/s"}