{"Active connections": 1639, "All-time mined DUCO": 16832397.274777364, "Current difficulty": 125000, "DUCO-S1 hashrate": "1201.9 MH/s", "Duco JustSwap price": 0.00082173, "Duco Node-S price": 0.000139, "Duco PancakeSwap price": 0.000726946, "Duco SushiSwap price": 0.00102713, "Duco price": 0.00102713, "Duco price BCH": 0.00011998, "Duco price DGB": 0.0, "Duco price NANO": 0.0003, "Duco price RVN": 0.0, "Duco price TRX": 0.00031091, "Duco price XMG": 0.00062208, "Duco price XRP": 0.0, "Duino-Coin Server API": "github.com/revoxhere/duino-coin", "Kolka": {"Banned": 677, "Jailed": 24}, "Last block hash": "65b3f612d0", "Last update": "03/11/2021 16:43:59 (UTC)", "Mined blocks": 37142807667, "Miner distribution": {"All": 32182, "Arduino": 6026, "CPU": 3251, "ESP32": 8652, "ESP8266": 11585, "GPU": 0, "Other": 49, "Phone": 200, "RPi": 2015, "Web": 404}, "Net energy usage": "34.76 kW", "Open threads": 24, "Pool hashrate": "1201.86 MH/s", "Registered users": 22655, "Server CPU usage": 59.2, "Server RAM usage": 34.3, "Server version": 2.7, "Top 10 richest miners": ["3138696.3768241503 DUCO - bscDUCO", "739259.3200902197 DUCO - coinexchange", "587337.6039841222 DUCO - NodeSBroker", "522520.1555491204 DUCO - 52Pickup", "401077.65186543483 DUCO - James_themac", "187228.89104597003 DUCO - celoDUCO", "170241.13285850236 DUCO - Bacman", "123387.18511437952 DUCO - amornlit", "119999.99999999892 DUCO - rootbori", "112597.82794908377 DUCO - maticDUCO"], "XXHASH hashrate": "0 H/s"}