{"Active connections": 13836, "All-time mined DUCO": 17376357.4898003, "Current difficulty": 125000, "DUCO-S1 hashrate": "1230.2 MH/s", "Duco JustSwap price": 0.00092668, "Duco Node-S price": 0.00013, "Duco PancakeSwap price": 0.000656946, "Duco SushiSwap price": 0.000469464, "Duco price": 0.00179723, "Duco price BCH": 0.00179283, "Duco price DGB": 0.0, "Duco price NANO": 0.000894, "Duco price RVN": 0.0, "Duco price TRX": 0.0, "Duco price XMG": 0.00137336, "Duco price XRP": 0.0, "Duino-Coin Server API": "github.com/revoxhere/duino-coin", "Kolka": {"Banned": 680, "Jailed": 24}, "Last block hash": "65b3f612d0", "Last update": "10/11/2021 17:38:56 (UTC)", "Mined blocks": 40487367913, "Miner distribution": {"All": 35535, "Arduino": 5832, "CPU": 3134, "ESP32": 11110, "ESP8266": 12521, "GPU": 0, "Other": 48, "Phone": 358, "RPi": 2050, "Web": 482}, "Net energy usage": "35.62 kW", "Open threads": 24, "Pool hashrate": "1230.24 MH/s", "Registered users": 23302, "Server CPU usage": 45.7, "Server RAM usage": 38.0, "Server version": 2.7, "Top 10 richest miners": ["3386389.7743938714 DUCO - bscDUCO", "1156220.9000902192 DUCO - coinexchange", "591756.6081317749 DUCO - NodeSBroker", "401137.0406236133 DUCO - James_themac", "400520.1555491204 DUCO - 52Pickup", "188487.89104597003 DUCO - celoDUCO", "170241.13285850236 DUCO - Bacman", "123387.18511437952 DUCO - amornlit", "119999.99999999892 DUCO - rootbori", "116225.88777253377 DUCO - maticDUCO"], "XXHASH hashrate": "0 H/s"}