{"Active connections": 1148, "All-time mined DUCO": 65896540.55800847, "Current difficulty": 75000, "DUCO-S1 hashrate": "2.8 GH/s", "Duco Furim price": 0.0, "Duco Node-S price": 0.0, "Duco PancakeSwap price": 3.9e-05, "Duco SunSwap price": 0.000339, "Duco SushiSwap price": 2.9e-05, "Duco UbeSwap price": 2.8e-05, "Duco price": 0.000339, "Duco price BCH": 3.5e-05, "Duco price NANO": 2.6e-05, "Duco price TRX": 2.1e-05, "Duco price XMG": 1.6e-05, "Duino-Coin Server API": "github.com/revoxhere/duino-coin", "Kolka": {"Banned": 968, "Jailed": 74}, "Last block hash": "2eb3f8271cd947cdd6469be145558a7bcb72e0d9", "Last sync": 1660724831.379964, "Last update": "17/08/2022 08:27:12 (UTC)", "Mined blocks": 243171248196, "Miner distribution": {"All": 35408, "Arduino": 4486, "CPU": 1852, "ESP32": 12301, "ESP8266": 15039, "GPU": 0, "Other": 51, "Phone": 37, "RPi": 1151, "Web": 491}, "Net energy usage": "27.43 kW", "Open threads": 22, "Pool hashrate": "2765.88 MH/s", "Registered users": 76528, "Server CPU usage": 44.1, "Server RAM usage": 47.3, "Server version": 3.0, "Top 10 richest miners": ["42252146.85504087 DUCO - bscDUCO", "35145288.49911963 DUCO - coinexchange", "6974991.289071771 DUCO - QQ44142894", "2368507.0 DUCO - Brunomoyses23", "2210288.9385462017 DUCO - vyrdudji", "2189452.3013772164 DUCO - renderman", "1461763.0084821829 DUCO - maticDUCO", "1436226.401 DUCO - amornlit", "1209839.3183971192 DUCO - James_themac", "1049000.818 DUCO - AlmarRido"], "XXHASH hashrate": "0 H/s"}