{"Active connections": 927, "All-time mined DUCO": 177714803.1029774, "Current difficulty": 75000, "DUCO-S1 hashrate": "2.5 GH/s", "Duco FluffySwap price": 0.0, "Duco Furim price": 0.0, "Duco Node-S price": 0.0, "Duco PancakeSwap price": 0.0, "Duco SunSwap price": 0.0, "Duco SushiSwap price": 0.0, "Duco UbeSwap price": 0.0, "Duco price": 1.638e-05, "Duco price BCH": 1.638e-05, "Duco price NANO": 7.67e-06, "Duco price TRX": 5.56e-06, "Duco price XMG": 0.0, "Duino-Coin Server API": "github.com/revoxhere/duino-coin", "Kolka": {"Banned": 1195, "Jailed": 93}, "Last block hash": "8de4bc0b3fa1580ec7f3421feb9644fc8ead02b8", "Last sync": 1671066295.7494955, "Last update": "15/12/2022 01:04:59 (UTC)", "Mined blocks": 321500355116, "Miner distribution": {"All": 33562, "Arduino": 3514, "CPU": 1243, "ESP32": 12659, "ESP8266": 14007, "GPU": 0, "Other": 14, "Phone": 34, "RPi": 1683, "Web": 408}, "Net energy usage": "23.9 kW", "Open threads": 27, "Pool hashrate": "2500.23 MH/s", "Registered users": 85357, "Server CPU usage": 42.7, "Server RAM usage": 50.6, "Server version": 3.0, "Top 10 richest miners": ["38751325.63978844 DUCO - bscDUCO", "20119945.00125 DUCO - viviana80", "14965353.225385074 DUCO - Ochios", "13673980.92906963 DUCO - ctecrypto", "11692429.559071772 DUCO - QQ44142894", "10759939.638689265 DUCO - fiorella71", "8125674.176655628 DUCO - Orion_0x43b", "4267666.823 DUCO - Demoel", "4094740.3669 DUCO - AlmarRido", "2415247.2359926216 DUCO - msdo1006"], "XXHASH hashrate": "0 H/s"}