{"Active connections": 738, "All-time mined DUCO": 720913404.8100786, "Current difficulty": 75000, "DUCO-S1 hashrate": "2.023 GH/s", "Duco FluffySwap price": 1.6590000000000001e-06, "Duco Furim price": 0.0, "Duco Node-S price": 0.0, "Duco PancakeSwap price": 1.18224e-05, "Duco SunSwap price": 2.37e-05, "Duco SushiSwap price": 1.21039e-05, "Duco UbeSwap price": 2.9828006500541712e-05, "Duco price": 2.9828006500541712e-05, "Duco price BCH": 2.37e-06, "Duco price NANO": 1.56e-06, "Duco price TRX": 2.43e-06, "Duco price XMG": 0.0, "Duino-Coin Server API": "github.com/revoxhere/duino-coin", "Kolka": {"Banned": 1356, "Jailed": 122}, "Last block hash": "8de4bc0b3fa1580ec7f3421feb9644fc8ead02b8", "Last sync": 1683083793.8669488, "Last update": "03/05/2023 03:16:37 (UTC)", "Mined blocks": 395709101566, "Miner distribution": {"All": 27903, "Arduino": 3368, "CPU": 945, "ESP32": 10560, "ESP8266": 11130, "GPU": 0, "Other": 27, "Phone": 43, "RPi": 1536, "Web": 294}, "Net energy usage": "19.36 kW", "Open threads": 24, "Pool hashrate": "2022.82 MH/s", "Registered users": 92340, "Server CPU usage": 49.1, "Server RAM usage": 38.7, "Server version": 3.0, "Top 10 richest miners": ["495743830.67087966 DUCO - coinexchange", "448178095.4245877 DUCO - coinexchange", "52779068.49839266 DUCO - bscDUCO", "20119947.6942 DUCO - viviana80", "15115368.927099999 DUCO - Ochios", "12720440.559071772 DUCO - QQ44142894", "10759939.638689265 DUCO - fiorella71", "8125736.123916335 DUCO - Orion_0x43b", "7200911.134702 DUCO - msdo1006", "7091817.853714391 DUCO - revox"], "XXHASH hashrate": "0 H/s"}