{"Active connections": 12070, "All-time mined DUCO": 18789479.926860906, "Current difficulty": 125000, "DUCO-S1 hashrate": "1337.7 MH/s", "Duco JustSwap price": 0.00032984, "Duco Node-S price": 5.1e-05, "Duco PancakeSwap price": 0.00080574, "Duco SushiSwap price": 0.000282931, "Duco price": 0.00080574, "Duco price BCH": 0.00027693, "Duco price DGB": 0.0, "Duco price NANO": 0.000129, "Duco price RVN": 0.0, "Duco price TRX": 0.00035801, "Duco price XMG": 0.00058931, "Duco price XRP": 0.0, "Duino-Coin Server API": "github.com/revoxhere/duino-coin", "Kolka": {"Banned": 698, "Jailed": 24}, "Last block hash": "2eb3f8271c", "Last update": "23/11/2021 08:12:00 (UTC)", "Mined blocks": 46597256555, "Miner distribution": {"All": 36598, "Arduino": 6207, "CPU": 3623, "ESP32": 11261, "ESP8266": 12565, "GPU": 0, "Other": 35, "Phone": 355, "RPi": 2050, "Web": 502}, "Net energy usage": "38.85 kW", "Open threads": 24, "Pool hashrate": "1337.67 MH/s", "Registered users": 25723, "Server CPU usage": 52.2, "Server RAM usage": 52.8, "Server version": 2.7, "Top 10 richest miners": ["3495830.257404438 DUCO - bscDUCO", "1299224.0020902192 DUCO - coinexchange", "591776.708081775 DUCO - NodeSBroker", "351150.1606789791 DUCO - James_themac", "300520.1555491204 DUCO - 52Pickup", "240290.51040429415 DUCO - bimbasimba94", "188487.89104597003 DUCO - celoDUCO", "170241.13285850236 DUCO - Bacman", "139124.01960009916 DUCO - maticDUCO", "119999.99999999892 DUCO - rootbori"], "XXHASH hashrate": "0 H/s"}