{"Active connections": 972, "All-time mined DUCO": 808668059.1168604, "Current difficulty": 75000, "DUCO-S1 hashrate": "2.318 GH/s", "Duco FluffySwap price": 2.534e-06, "Duco Furim price": 0.0, "Duco Node-S price": 0.0, "Duco PancakeSwap price": 5.62178e-06, "Duco SunSwap price": 9.453e-05, "Duco SushiSwap price": 1.40057e-05, "Duco UbeSwap price": 2.7898752414944825e-05, "Duco price": 9.453e-05, "Duco price BCH": 3.62e-06, "Duco price NANO": 1.58e-06, "Duco price TRX": 2.78e-06, "Duco price XMG": 0.0, "Duino-Coin Server API": "github.com/revoxhere/duino-coin", "Kolka": {"Banned": 5722, "Jailed": 129}, "Last block hash": "8de4bc0b3fa1580ec7f3421feb9644fc8ead02b8", "Last sync": 1686926954.581402, "Last update": "16/06/2023 14:49:29 (UTC)", "Mined blocks": 415692142364, "Miner distribution": {"All": 22691, "Arduino": 2594, "CPU": 971, "ESP32": 9678, "ESP8266": 7892, "GPU": 0, "Other": 9, "Phone": 42, "RPi": 1297, "Web": 208}, "Net energy usage": "16.89 kW", "Open threads": 23, "Pool hashrate": "2318.037 MH/s", "Registered users": 93692, "Server CPU usage": 54.4, "Server RAM usage": 30.0, "Server version": 3.0, "Top 10 richest miners": ["495743830.67087966 DUCO - coinexchange", "388087434.53103226 DUCO - coinexchange", "49333857.02939265 DUCO - bscDUCO", "20119947.6942 DUCO - viviana80", "15115368.927099999 DUCO - Ochios", "12720440.559071772 DUCO - QQ44142894", "12513500.134094983 DUCO - duinousa", "10978766.04658526 DUCO - Rafa2000", "10759939.638689265 DUCO - fiorella71", "8255475.83982257 DUCO - bimbasimba94"], "XXHASH hashrate": "0 H/s"}