{"Active connections": 1371, "All-time mined DUCO": 59870499.25835328, "Current difficulty": 1000000, "DUCO-S1 hashrate": "5.2 GH/s", "Duco Furim price": 0.0, "Duco Node-S price": 0.0, "Duco PancakeSwap price": 4.7e-05, "Duco SunSwap price": 0.00021, "Duco SushiSwap price": 7.6e-05, "Duco price": 0.000414, "Duco price BCH": 6e-06, "Duco price NANO": 2.8e-05, "Duco price TRX": 5e-06, "Duco price XMG": 1.3e-05, "Duino-Coin Server API": "github.com/revoxhere/duino-coin", "Kolka": {"Banned": 595, "Jailed": 30}, "Last block hash": "2eb3f8271cd947cdd6469be145558a7bcb72e0d9", "Last sync": 1647748001.245714, "Last update": "20/03/2022 03:46:42 (UTC)", "Mined blocks": 134566139279, "Miner distribution": {"All": 41864, "Arduino": 7138, "CPU": 3939, "ESP32": 12535, "ESP8266": 14702, "GPU": 0, "Other": 61, "Phone": 206, "RPi": 2611, "Web": 672}, "Net energy usage": "43.7 kW", "Open threads": 21, "Pool hashrate": "5232.78 MH/s", "Registered users": 65430, "Server CPU usage": 36.1, "Server RAM usage": 53.2, "Server version": 3.0, "Top 10 richest miners": ["25848657.414274927 DUCO - bscDUCO", "10000001.269761559 DUCO - miningvir", "3965348.014869814 DUCO - Ochios", "3962275.8619908057 DUCO - RNGesus", "2652450.6493082196 DUCO - coinexchange", "2453550.087773999 DUCO - ifdeduco", "1712404.8464401371 DUCO - DeVisdude", "1259857.2173552273 DUCO - T3rminator", "1209837.627673189 DUCO - James_themac", "1201845.651932718 DUCO - juanjefraire"], "XXHASH hashrate": "0 H/s"}