{"Active connections": 1349, "All-time mined DUCO": 194513322.57928294, "Current difficulty": 75000, "DUCO-S1 hashrate": "2.2 GH/s", "Duco FluffySwap price": 3.8079999999999994e-06, "Duco Furim price": 0.0, "Duco Node-S price": 0.0, "Duco PancakeSwap price": 2.92879e-05, "Duco SunSwap price": 6.349e-05, "Duco SushiSwap price": 8.32413e-06, "Duco UbeSwap price": 2.8687163822298956e-05, "Duco price": 6.349e-05, "Duco price BCH": 5.44e-06, "Duco price NANO": 3.81e-06, "Duco price TRX": 5.26e-06, "Duco price XMG": 0.0, "Duino-Coin Server API": "github.com/revoxhere/duino-coin", "Kolka": {"Banned": 1304, "Jailed": 101}, "Last block hash": "8de4bc0b3fa1580ec7f3421feb9644fc8ead02b8", "Last sync": 1676747700.907915, "Last update": "18/02/2023 19:15:07 (UTC)", "Mined blocks": 357673720378, "Miner distribution": {"All": 30865, "Arduino": 3761, "CPU": 971, "ESP32": 12046, "ESP8266": 12065, "GPU": 0, "Other": 9, "Phone": 47, "RPi": 1625, "Web": 341}, "Net energy usage": "20.87 kW", "Open threads": 24, "Pool hashrate": "2216.53 MH/s", "Registered users": 89100, "Server CPU usage": 51.2, "Server RAM usage": 61.4, "Server version": 3.0, "Top 10 richest miners": ["42487123.794576176 DUCO - bscDUCO", "20119946.6942 DUCO - viviana80", "15115363.695 DUCO - Ochios", "11692429.559071772 DUCO - QQ44142894", "11653648.27 DUCO - infternet", "10759939.638689265 DUCO - fiorella71", "10484783.449661452 DUCO - coinexchange", "8125736.123916335 DUCO - Orion_0x43b", "6819838.652388773 DUCO - lordachoo", "4486518.2670859005 DUCO - msdo1006"], "XXHASH hashrate": "0 H/s"}