{"Active connections": 1105, "All-time mined DUCO": 739347584.5572402, "Current difficulty": 200000, "DUCO-S1 hashrate": "2.441 GH/s", "Duco FluffySwap price": 8.071e-06, "Duco Furim price": 0.0, "Duco Node-S price": 0.0, "Duco PancakeSwap price": 8.57789e-06, "Duco SunSwap price": 9.355e-05, "Duco SushiSwap price": 1.2962107682626e-05, "Duco UbeSwap price": 1.1191491992827553e-05, "Duco price": 0.00026, "Duco price BCH": 0.00017297, "Duco price NANO": 0.00026, "Duco price TRX": 1.15e-05, "Duco price XMG": 4.259e-05, "Duino-Coin Server API": "github.com/revoxhere/duino-coin", "Kolka": {"Banned": 5949, "Jailed": 182}, "Last block hash": "8de4bc0b3fa1580ec7f3421feb9644fc8ead02b8", "Last sync": 1717672531.2655973, "Last update": "06/06/2024 11:15:31 (UTC)", "Mined blocks": 525205454218, "Miner distribution": {"All": 18543, "Arduino": 2346, "CPU": 980, "ESP32": 7645, "ESP8266": 6129, "GPU": 0, "Other": 15, "Phone": 7, "RPi": 1228, "Web": 193}, "Net energy usage": "15.06 kW", "Open threads": 28, "Pool hashrate": "2441.237 MH/s", "Registered users": 102712, "Server CPU usage": 59.7, "Server RAM usage": 90.2, "Server version": 4.0, "Top 10 richest miners": ["79183909.78550309 DUCO - bscDUCO", "30792510.456 DUCO - Flowen1985", "30547481.689035717 DUCO - AlmarRido", "20119947.6942 DUCO - viviana80", "18545685.805999998 DUCO - bimbasimba94", "14898327.508602925 DUCO - aimbert", "14844261.405865714 DUCO - ctecrypto", "12720440.59109726 DUCO - QQ44142894", "11315882.31515207 DUCO - duinousa", "11015478.642 DUCO - Rafa2000"], "XXHASH hashrate": "0 H/s"}