{"Duino-Coin Server API": "github.com/revoxhere/duino-coin", "Server version": 2.6, "Active connections": 10603, "Open threads": 23, "Server CPU usage": 74.3, "Server RAM usage": 55.2, "Last update": "15/08/2021 14:03:26 (UTC)", "Net energy usage": "103.61 kW", "Pool hashrate": "1.7757 GH/s", "DUCO-S1 hashrate": "1.7 GH/s", "XXHASH hashrate": "33.9 MH/s", "Duco price": 0.01860097, "Duco price XMG": 0.01860097, "Duco price BCH": 0.00170493, "Duco price TRX": 0.0018156, "Duco price XRP": 0.0022225, "Duco price DGB": 0.0018268, "Duco Node-S price": 0.003, "Duco JustSwap price": 0.0056122, "Duco PancakeSwap price": 0.00507655, "Registered users": 19861, "All-time mined DUCO": 5600387.9239400225, "Current difficulty": 444995, "Mined blocks": 10680005836, "Last block hash": "c542459d01", "Kolka": {"Jailed": 0, "Banned": 417}, "Miner distribution": {"GPU": 0, "CPU": 8241, "RPi": 1996, "ESP32": 7456, "ESP8266": 10478, "Arduino": 6081, "Other": 329}, "Top 10 richest miners": ["518688.1048570178 DUCO - bscDUCO", "169709.8694738374 DUCO - Bacman", "113075.7661136113 DUCO - amornlit", "100096.92655874562 DUCO - 52Pickup", "86141.11610647032 DUCO - caancom", "79999.99999999886 DUCO - WannaCry", "76674.91377963257 DUCO - coinexchange", "50318.33309815293 DUCO - rootbori", "50288.45762651612 DUCO - duinocrfsh", "47119.90790638301 DUCO - chipsa"]}