{"Active connections": 1128, "All-time mined DUCO": 90433339.18149482, "Current difficulty": 75000, "DUCO-S1 hashrate": "2.9 GH/s", "Duco Furim price": 0.0, "Duco Node-S price": 0.0, "Duco PancakeSwap price": 4.2e-05, "Duco SunSwap price": 0.000186, "Duco SushiSwap price": 2.8e-05, "Duco UbeSwap price": 2.9e-05, "Duco price": 0.000466, "Duco price BCH": 2.6e-05, "Duco price NANO": 1.8e-05, "Duco price TRX": 1.9e-05, "Duco price XMG": 0.000461, "Duino-Coin Server API": "github.com/revoxhere/duino-coin", "Kolka": {"Banned": 979, "Jailed": 80}, "Last block hash": "2eb3f8271cd947cdd6469be145558a7bcb72e0d9", "Last sync": 1661659424.3100884, "Last update": "28/08/2022 04:03:45 (UTC)", "Mined blocks": 249015171219, "Miner distribution": {"All": 36324, "Arduino": 4461, "CPU": 1841, "ESP32": 13339, "ESP8266": 15030, "GPU": 0, "Other": 27, "Phone": 49, "RPi": 1179, "Web": 398}, "Net energy usage": "27.72 kW", "Open threads": 22, "Pool hashrate": "2852.99 MH/s", "Registered users": 77196, "Server CPU usage": 40.4, "Server RAM usage": 58.4, "Server version": 3.0, "Top 10 richest miners": ["42137413.995394245 DUCO - bscDUCO", "27537449.765719622 DUCO - coinexchange", "15964250.693 DUCO - Ochios", "6974991.289071771 DUCO - QQ44142894", "4020905.124898796 DUCO - Demoel", "3519999.0000002678 DUCO - AlmarRido", "2368507.0 DUCO - Brunomoyses23", "2210288.919161586 DUCO - vyrdudji", "2179905.091640243 DUCO - renderman", "1508907.7084821828 DUCO - maticDUCO"], "XXHASH hashrate": "0 H/s"}