{"Active connections": 728, "All-time mined DUCO": 92793416.85780272, "Current difficulty": 1000000, "DUCO-S1 hashrate": "3.2 GH/s", "Duco Furim price": 0.0, "Duco Node-S price": 0.0, "Duco PancakeSwap price": 4e-05, "Duco SunSwap price": 4.6e-05, "Duco SushiSwap price": 1.2e-05, "Duco UbeSwap price": 2.8e-05, "Duco price": 8.7e-05, "Duco price BCH": 1.4e-05, "Duco price NANO": 1.3e-05, "Duco price TRX": 1.8e-05, "Duco price XMG": 8.7e-05, "Duino-Coin Server API": "github.com/revoxhere/duino-coin", "Kolka": {"Banned": 924, "Jailed": 58}, "Last block hash": "2eb3f8271cd947cdd6469be145558a7bcb72e0d9", "Last sync": 1657348373.8608694, "Last update": "09/07/2022 06:32:55 (UTC)", "Mined blocks": 219124736423, "Miner distribution": {"All": 36877, "Arduino": 4778, "CPU": 2310, "ESP32": 12565, "ESP8266": 15302, "GPU": 0, "Other": 81, "Phone": 82, "RPi": 1483, "Web": 276}, "Net energy usage": "30.96 kW", "Open threads": 22, "Pool hashrate": "3150.45 MH/s", "Registered users": 73902, "Server CPU usage": 31.9, "Server RAM usage": 38.6, "Server version": 3.0, "Top 10 richest miners": ["34152710.622689165 DUCO - bscDUCO", "16868017.35010215 DUCO - Ochios", "7753582.061977944 DUCO - ctecrypto", "6974991.289071771 DUCO - QQ44142894", "5819516.714805033 DUCO - renderman", "2368507.0 DUCO - Brunomoyses23", "2210288.9385462017 DUCO - vyrdudji", "2207685.4173966968 DUCO - coinexchange", "2070152.565 DUCO - CryptSino_Exchange", "1429416.5421398599 DUCO - maticDUCO"], "XXHASH hashrate": "0 H/s"}