{"Active connections": 726, "All-time mined DUCO": 753420258.6450344, "Current difficulty": 75000, "DUCO-S1 hashrate": "2.326 GH/s", "Duco FluffySwap price": 2.723e-06, "Duco Furim price": 0.0, "Duco Node-S price": 0.0, "Duco PancakeSwap price": 5.9021e-06, "Duco SunSwap price": 0.00010482, "Duco SushiSwap price": 1.6697e-05, "Duco UbeSwap price": 2.7898752414944825e-05, "Duco price": 0.00010482, "Duco price BCH": 3.9e-06, "Duco price NANO": 1.74e-06, "Duco price TRX": 3.08e-06, "Duco price XMG": 0.0, "Duino-Coin Server API": "github.com/revoxhere/duino-coin", "Kolka": {"Banned": 1414, "Jailed": 126}, "Last block hash": "8de4bc0b3fa1580ec7f3421feb9644fc8ead02b8", "Last sync": 1686160600.6125731, "Last update": "07/06/2023 17:56:43 (UTC)", "Mined blocks": 412110736694, "Miner distribution": {"All": 24002, "Arduino": 3021, "CPU": 1021, "ESP32": 9963, "ESP8266": 8311, "GPU": 0, "Other": 11, "Phone": 17, "RPi": 1387, "Web": 271}, "Net energy usage": "17.83 kW", "Open threads": 22, "Pool hashrate": "2326.2 MH/s", "Registered users": 93462, "Server CPU usage": 39.5, "Server RAM usage": 43.0, "Server version": 3.0, "Top 10 richest miners": ["495743830.67087966 DUCO - coinexchange", "404537119.0739506 DUCO - coinexchange", "52592099.04439265 DUCO - bscDUCO", "20119947.6942 DUCO - viviana80", "15115368.927099999 DUCO - Ochios", "12720440.559071772 DUCO - QQ44142894", "12318487.836781636 DUCO - Flowen1985", "10978718.142896354 DUCO - Rafa2000", "10759939.638689265 DUCO - fiorella71", "8125736.123916335 DUCO - Orion_0x43b"], "XXHASH hashrate": "0 H/s"}