{"Active connections": 1782, "All-time mined DUCO": 174087995.81496525, "Current difficulty": 75000, "DUCO-S1 hashrate": "2.5 GH/s", "Duco FluffySwap price": 1.4203e-05, "Duco Furim price": 0.0, "Duco Node-S price": 0.0, "Duco PancakeSwap price": 5.04166e-05, "Duco SunSwap price": 5e-05, "Duco SushiSwap price": 3.52565e-06, "Duco UbeSwap price": 2.8177359360084267e-05, "Duco price": 5.04166e-05, "Duco price BCH": 2.536e-05, "Duco price NANO": 1.645e-05, "Duco price TRX": 4.098e-05, "Duco price XMG": 0.0, "Duino-Coin Server API": "github.com/revoxhere/duino-coin", "Kolka": {"Banned": 1214, "Jailed": 93}, "Last block hash": "8de4bc0b3fa1580ec7f3421feb9644fc8ead02b8", "Last sync": 1671967607.6605756, "Last update": "25/12/2022 11:26:52 (UTC)", "Mined blocks": 327734296003, "Miner distribution": {"All": 33278, "Arduino": 3601, "CPU": 1290, "ESP32": 12639, "ESP8266": 13742, "GPU": 0, "Other": 18, "Phone": 21, "RPi": 1573, "Web": 394}, "Net energy usage": "23.86 kW", "Open threads": 24, "Pool hashrate": "2452.04 MH/s", "Registered users": 85878, "Server CPU usage": 43.5, "Server RAM usage": 51.8, "Server version": 3.0, "Top 10 richest miners": ["39089108.73070239 DUCO - bscDUCO", "20119945.00125 DUCO - viviana80", "14965357.425395073 DUCO - Ochios", "13674926.970950194 DUCO - ctecrypto", "11692429.559071772 DUCO - QQ44142894", "10759939.638689265 DUCO - fiorella71", "8125736.123916335 DUCO - Orion_0x43b", "6806960.839133624 DUCO - lordachoo", "4267666.823 DUCO - Demoel", "2621296.1634451183 DUCO - msdo1006"], "XXHASH hashrate": "0 H/s"}