{"Active connections": 900, "All-time mined DUCO": 179541396.69820032, "Current difficulty": 75000, "DUCO-S1 hashrate": "2.4 GH/s", "Duco FluffySwap price": 1.722e-06, "Duco Furim price": 0.0, "Duco Node-S price": 0.0, "Duco PancakeSwap price": 3.71368e-05, "Duco SunSwap price": 5.063e-05, "Duco SushiSwap price": 3.33677e-06, "Duco UbeSwap price": 2.852410137485506e-05, "Duco price": 5.063e-05, "Duco price BCH": 2.46e-06, "Duco price NANO": 1.61e-06, "Duco price TRX": 4.15e-06, "Duco price XMG": 0.0, "Duino-Coin Server API": "github.com/revoxhere/duino-coin", "Kolka": {"Banned": 1228, "Jailed": 94}, "Last block hash": "8de4bc0b3fa1580ec7f3421feb9644fc8ead02b8", "Last sync": 1672654912.9705253, "Last update": "02/01/2023 10:21:56 (UTC)", "Mined blocks": 332123687195, "Miner distribution": {"All": 32561, "Arduino": 3556, "CPU": 1336, "ESP32": 12200, "ESP8266": 13550, "GPU": 0, "Other": 25, "Phone": 9, "RPi": 1615, "Web": 270}, "Net energy usage": "23.81 kW", "Open threads": 24, "Pool hashrate": "2437.62 MH/s", "Registered users": 86276, "Server CPU usage": 42.8, "Server RAM usage": 35.6, "Server version": 3.0, "Top 10 richest miners": ["98680888.52512175 DUCO - coinexchange", "40089617.73070239 DUCO - bscDUCO", "20119945.00125 DUCO - viviana80", "14965357.425395073 DUCO - Ochios", "13675334.218015814 DUCO - ctecrypto", "11692429.559071772 DUCO - QQ44142894", "10759939.638689265 DUCO - fiorella71", "8125736.123916335 DUCO - Orion_0x43b", "6808450.877973513 DUCO - lordachoo", "5083656.4454542585 DUCO - DarYo"], "XXHASH hashrate": "0 H/s"}