{"Active connections": 1817, "All-time mined DUCO": 93017274.59840125, "Current difficulty": 75000, "DUCO-S1 hashrate": "3.1 GH/s", "Duco FluffySwap price": 2.1139999999999997e-05, "Duco Furim price": 0.0, "Duco Node-S price": 0.0, "Duco PancakeSwap price": 3.58391e-05, "Duco SunSwap price": 8.901e-05, "Duco SushiSwap price": 1.51461e-05, "Duco UbeSwap price": 2.9033013345820652e-05, "Duco price": 0.00013401, "Duco price BCH": 3.02e-05, "Duco price NANO": 1.258e-05, "Duco price TRX": 1.601e-05, "Duco price XMG": 0.00013401, "Duino-Coin Server API": "github.com/revoxhere/duino-coin", "Kolka": {"Banned": 1081, "Jailed": 86}, "Last block hash": "d8febc32d77e38e57e580c8eda2c5a464f426991", "Last sync": 1665145403.487874, "Last update": "07/10/2022 12:23:28 (UTC)", "Mined blocks": 275983679621, "Miner distribution": {"All": 39374, "Arduino": 4623, "CPU": 2250, "ESP32": 13740, "ESP8266": 16963, "GPU": 0, "Other": 146, "Phone": 54, "RPi": 1245, "Web": 353}, "Net energy usage": "31.51 kW", "Open threads": 25, "Pool hashrate": "3130.26 MH/s", "Registered users": 80528, "Server CPU usage": 41.7, "Server RAM usage": 62.1, "Server version": 3.0, "Top 10 richest miners": ["47488478.2708182 DUCO - coinexchange", "39546079.437422335 DUCO - bscDUCO", "15965314.016999999 DUCO - Ochios", "6974991.289071771 DUCO - QQ44142894", "4075220.2860000003 DUCO - AlmarRido", "2576016.8923919736 DUCO - ThePurpleMadMan", "2368507.0 DUCO - Brunomoyses23", "2210288.919161586 DUCO - vyrdudji", "1819728.1405351118 DUCO - giveaways", "1634175.8630387518 DUCO - maticDUCO"], "XXHASH hashrate": "0 H/s"}