{"Active connections": 886, "All-time mined DUCO": 82390863.2217265, "Current difficulty": 1000000, "DUCO-S1 hashrate": "3.2 GH/s", "Duco Furim price": 0.0, "Duco Node-S price": 0.0, "Duco PancakeSwap price": 2e-05, "Duco SunSwap price": 3.2e-05, "Duco SushiSwap price": 1.1e-05, "Duco UbeSwap price": 2.8e-05, "Duco price": 3.2e-05, "Duco price BCH": 2e-06, "Duco price NANO": 1.2e-05, "Duco price TRX": 7e-06, "Duco price XMG": 0.0, "Duino-Coin Server API": "github.com/revoxhere/duino-coin", "Kolka": {"Banned": 891, "Jailed": 49}, "Last block hash": "2eb3f8271cd947cdd6469be145558a7bcb72e0d9", "Last sync": 1655281238.1158798, "Last update": "15/06/2022 08:20:40 (UTC)", "Mined blocks": 202047305343, "Miner distribution": {"All": 38253, "Arduino": 4904, "CPU": 2648, "ESP32": 13013, "ESP8266": 15715, "GPU": 0, "Other": 62, "Phone": 80, "RPi": 1547, "Web": 284}, "Net energy usage": "33.6 kW", "Open threads": 21, "Pool hashrate": "3177.09 MH/s", "Registered users": 76763, "Server CPU usage": 35.4, "Server RAM usage": 28.1, "Server version": 3.0, "Top 10 richest miners": ["38879607.9766174 DUCO - bscDUCO", "16779508.4 DUCO - Ochios", "10644149.7533967 DUCO - coinexchange", "7751537.729653992 DUCO - ctecrypto", "6974991.289071771 DUCO - QQ44142894", "4476067.161475923 DUCO - renderman", "4006511.2299461174 DUCO - Demoel", "3161070.3022466493 DUCO - jules_pilot", "2210288.9385462017 DUCO - vyrdudji", "2041478.3138396414 DUCO - CryptSino_Exchange"], "XXHASH hashrate": "0 H/s"}