{"Active connections": 1254, "All-time mined DUCO": 81922858.1336912, "Current difficulty": 75000, "DUCO-S1 hashrate": "3.0 GH/s", "Duco Furim price": 0.0, "Duco Node-S price": 0.0, "Duco PancakeSwap price": 3.4e-05, "Duco SunSwap price": 0.000159, "Duco SushiSwap price": 2.8e-05, "Duco UbeSwap price": 2.9e-05, "Duco price": 0.000603, "Duco price BCH": 4.1e-05, "Duco price NANO": 2.7e-05, "Duco price TRX": 2.8e-05, "Duco price XMG": 0.000595, "Duino-Coin Server API": "github.com/revoxhere/duino-coin", "Kolka": {"Banned": 998, "Jailed": 80}, "Last block hash": "2eb3f8271cd947cdd6469be145558a7bcb72e0d9", "Last sync": 1662429635.350003, "Last update": "06/09/2022 02:00:37 (UTC)", "Mined blocks": 254782457030, "Miner distribution": {"All": 38321, "Arduino": 4684, "CPU": 2301, "ESP32": 13919, "ESP8266": 15818, "GPU": 0, "Other": 27, "Phone": 38, "RPi": 1152, "Web": 382}, "Net energy usage": "31.2 kW", "Open threads": 22, "Pool hashrate": "3007.24 MH/s", "Registered users": 77909, "Server CPU usage": 35.2, "Server RAM usage": 57.4, "Server version": 3.0, "Top 10 richest miners": ["39881546.258514926 DUCO - bscDUCO", "25907493.84355879 DUCO - coinexchange", "15964250.693 DUCO - Ochios", "6974991.289071771 DUCO - QQ44142894", "4020936.2000136883 DUCO - Demoel", "2443213.1147079035 DUCO - ctecrypto", "2368507.0 DUCO - Brunomoyses23", "2210288.919161586 DUCO - vyrdudji", "2057460.351030189 DUCO - renderman", "1546704.0314821827 DUCO - maticDUCO"], "XXHASH hashrate": "0 H/s"}