{"Active connections": 1292, "All-time mined DUCO": 17893708.036402453, "Current difficulty": 75000, "DUCO-S1 hashrate": "1543.5 MH/s", "Duco JustSwap price": 0.00013686, "Duco Node-S price": 5.7e-05, "Duco PancakeSwap price": 0.000594663, "Duco SushiSwap price": 0.000356015, "Duco price": 0.0011, "Duco price BCH": 8.148e-05, "Duco price DGB": 0.0, "Duco price NANO": 1.697e-05, "Duco price RVN": 0.0, "Duco price TRX": 0.00018159, "Duco price XMG": 0.00044915, "Duco price XRP": 0.0, "Duino-Coin Server API": "github.com/revoxhere/duino-coin", "Kolka": {"Banned": 711, "Jailed": 24}, "Last block hash": "2eb3f8271c", "Last update": "11/12/2021 21:11:50 (UTC)", "Mined blocks": 59808122768, "Miner distribution": {"All": 37746, "Arduino": 7046, "CPU": 4470, "ESP32": 10670, "ESP8266": 11533, "GPU": 0, "Other": 17, "Phone": 485, "RPi": 2594, "Web": 931}, "Net energy usage": "44.97 kW", "Open threads": 21, "Pool hashrate": "1543.55 MH/s", "Registered users": 29692, "Server CPU usage": 54.5, "Server RAM usage": 50.2, "Server version": 2.7, "Top 10 richest miners": ["4450721.910296655 DUCO - bscDUCO", "1139938.1581484298 DUCO - coinexchange", "530162.5806861913 DUCO - NodeSBroker", "397162.15067505674 DUCO - James_themac", "300520.321607231 DUCO - 52Pickup", "204244.24636007933 DUCO - miningvir", "188782.057104081 DUCO - celoDUCO", "182425.06343442114 DUCO - maticDUCO", "170241.298916613 DUCO - Bacman", "166823.1493522916 DUCO - bloomindark"], "XXHASH hashrate": "0 H/s"}