{"Active connections": 2075, "All-time mined DUCO": 20175189.063026763, "Current difficulty": 1000000, "DUCO-S1 hashrate": "2966.0 MH/s", "Duco JustSwap price": 0.00026689, "Duco Node-S price": 2.1e-05, "Duco PancakeSwap price": 0.000322114, "Duco SushiSwap price": 0.000650466, "Duco price": 0.00084736, "Duco price BCH": 2.138e-05, "Duco price NANO": 1.129e-05, "Duco price TRX": 8.656e-05, "Duco price XMG": 0.00083896, "Duino-Coin Server API": "github.com/revoxhere/duino-coin", "Kolka": {"Banned": 772, "Jailed": 28}, "Last block hash": "2eb3f8271c", "Last sync": 1642480129.1642416, "Last update": "18/01/2022 04:28:49 (UTC)", "Mined blocks": 86345093350, "Miner distribution": {"All": 36603, "Arduino": 6589, "CPU": 5074, "ESP32": 8675, "ESP8266": 11388, "GPU": 0, "Other": 9, "Phone": 333, "RPi": 2790, "Web": 1745}, "Net energy usage": "48.91 kW", "Open threads": 21, "Pool hashrate": "2966.04 MH/s", "Registered users": 47066, "Server CPU usage": 44.5, "Server RAM usage": 35.5, "Server version": 2.7, "Top 10 richest miners": ["6483485.8282709755 DUCO - bscDUCO", "532455.820632083 DUCO - NodeSBroker", "443696.7453790321 DUCO - bimbasimba94", "440009.7353972862 DUCO - miningvir", "397162.15067505674 DUCO - James_themac", "205118.79235569396 DUCO - maticDUCO", "190583.057104081 DUCO - celoDUCO", "170241.298916613 DUCO - Bacman", "131736.1195054214 DUCO - haxorcitoz", "120000.999999999 DUCO - rootbori"], "XXHASH hashrate": "0 H/s"}