{"Active connections": 1036, "All-time mined DUCO": 175938870.7725946, "Current difficulty": 75000, "DUCO-S1 hashrate": "2.7 GH/s", "Duco FluffySwap price": 1.1269999999999999e-05, "Duco Furim price": 0.0, "Duco Node-S price": 0.0, "Duco PancakeSwap price": 5.3311e-05, "Duco SunSwap price": 5.097e-05, "Duco SushiSwap price": 1.59499e-05, "Duco UbeSwap price": 2.931300785709489e-05, "Duco price": 5.3311e-05, "Duco price BCH": 1.609e-05, "Duco price NANO": 7.58e-06, "Duco price TRX": 5.57e-06, "Duco price XMG": 0.0, "Duino-Coin Server API": "github.com/revoxhere/duino-coin", "Kolka": {"Banned": 1196, "Jailed": 92}, "Last block hash": "8de4bc0b3fa1580ec7f3421feb9644fc8ead02b8", "Last sync": 1671142348.4559984, "Last update": "15/12/2022 22:12:30 (UTC)", "Mined blocks": 321999664624, "Miner distribution": {"All": 34290, "Arduino": 3592, "CPU": 1373, "ESP32": 12887, "ESP8266": 14251, "GPU": 0, "Other": 15, "Phone": 26, "RPi": 1732, "Web": 414}, "Net energy usage": "25.03 kW", "Open threads": 24, "Pool hashrate": "2660.34 MH/s", "Registered users": 85395, "Server CPU usage": 44.9, "Server RAM usage": 46.8, "Server version": 3.0, "Top 10 richest miners": ["38975664.63978844 DUCO - bscDUCO", "20119945.00125 DUCO - viviana80", "14965353.225385074 DUCO - Ochios", "13674031.754786829 DUCO - ctecrypto", "11692429.559071772 DUCO - QQ44142894", "10759939.638689265 DUCO - fiorella71", "8125711.682346187 DUCO - Orion_0x43b", "4267666.823 DUCO - Demoel", "4094239.3669 DUCO - AlmarRido", "2415272.177863322 DUCO - msdo1006"], "XXHASH hashrate": "0 H/s"}