{"Active connections": 361, "All-time mined DUCO": 784130700.5754468, "Current difficulty": 200000, "DUCO-S1 hashrate": "1.993 GH/s", "Duco FluffySwap price": 2.1867999999999998e-05, "Duco Furim price": 0.0, "Duco Node-S price": 0.0, "Duco PancakeSwap price": 1.31425e-05, "Duco SunSwap price": 2.992e-05, "Duco SushiSwap price": 8.987494203495e-06, "Duco UbeSwap price": 1.568e-05, "Duco price": 3.489e-05, "Duco price BCH": 0.0, "Duco price NANO": 0.0, "Duco price TRX": 3.128e-05, "Duco price XMG": 3.489e-05, "Duino-Coin Server API": "github.com/revoxhere/duino-coin", "Kolka": {"Banned": 6027, "Jailed": 191}, "Last block hash": "8de4bc0b3fa1580ec7f3421feb9644fc8ead02b8", "Last sync": 1725211993.6147175, "Last update": "01/09/2024 17:33:13 (UTC)", "Mined blocks": 547490284113, "Miner distribution": {"All": 14767, "Arduino": 1926, "CPU": 779, "ESP32": 4835, "ESP8266": 5884, "GPU": 0, "Other": 11, "Phone": 24, "RPi": 1097, "Web": 211}, "Net energy usage": "12.27 kW", "Open threads": 27, "Pool hashrate": "1993.385 MH/s", "Registered users": 105637, "Server CPU usage": 57.5, "Server RAM usage": 56.6, "Server version": 4.0, "Top 10 richest miners": ["234996559.7617655 DUCO - coinexchange", "85494792.52646369 DUCO - bscDUCO", "35576240.569 DUCO - AlmarRido", "30855598.808 DUCO - Flowen1985", "22896923.915 DUCO - bimbasimba94", "20160690.628000002 DUCO - viviana80", "14928224.121692607 DUCO - aimbert", "14847133.194062889 DUCO - ctecrypto", "14206454.843440933 DUCO - duinousa", "12721943.39257476 DUCO - QQ44142894"], "XXHASH hashrate": "0 H/s"}