{"Active connections": 1358, "All-time mined DUCO": 737680602.2489331, "Current difficulty": 200000, "DUCO-S1 hashrate": "2.578 GH/s", "Duco FluffySwap price": 7.728e-06, "Duco Furim price": 0.0, "Duco Node-S price": 0.0, "Duco PancakeSwap price": 8.57789e-06, "Duco SunSwap price": 8.995e-05, "Duco SushiSwap price": 1.2962107682626e-05, "Duco UbeSwap price": 1.1191491992827553e-05, "Duco price": 0.000244, "Duco price BCH": 0.0001617, "Duco price NANO": 0.000244, "Duco price TRX": 1.106e-05, "Duco price XMG": 4.032e-05, "Duino-Coin Server API": "github.com/revoxhere/duino-coin", "Kolka": {"Banned": 5949, "Jailed": 182}, "Last block hash": "8de4bc0b3fa1580ec7f3421feb9644fc8ead02b8", "Last sync": 1716922011.6198502, "Last update": "28/05/2024 18:46:51 (UTC)", "Mined blocks": 522926860471, "Miner distribution": {"All": 18354, "Arduino": 2339, "CPU": 991, "ESP32": 7453, "ESP8266": 6157, "GPU": 0, "Other": 11, "Phone": 11, "RPi": 1181, "Web": 211}, "Net energy usage": "15.0 kW", "Open threads": 27, "Pool hashrate": "2577.52 MH/s", "Registered users": 102397, "Server CPU usage": 60.5, "Server RAM usage": 91.8, "Server version": 4.0, "Top 10 richest miners": ["79233663.74889731 DUCO - bscDUCO", "30792510.456 DUCO - Flowen1985", "30547606.40829605 DUCO - AlmarRido", "20119947.6942 DUCO - viviana80", "18545685.805999998 DUCO - bimbasimba94", "14898322.16439671 DUCO - aimbert", "14843695.981319036 DUCO - ctecrypto", "12720440.585598174 DUCO - QQ44142894", "11315428.55563728 DUCO - duinousa", "10759939.638689265 DUCO - fiorella71"], "XXHASH hashrate": "0 H/s"}