{"Active connections": 1055, "All-time mined DUCO": 726393542.6703601, "Current difficulty": 75000, "DUCO-S1 hashrate": "1.832 GH/s", "Duco FluffySwap price": 1.6519999999999998e-06, "Duco Furim price": 0.0, "Duco Node-S price": 0.0, "Duco PancakeSwap price": 1.5524e-05, "Duco SunSwap price": 2.273e-05, "Duco SushiSwap price": 1.51294e-05, "Duco UbeSwap price": 2.9828006500541712e-05, "Duco price": 2.9828006500541712e-05, "Duco price BCH": 2.35e-06, "Duco price NANO": 1.6e-06, "Duco price TRX": 2.33e-06, "Duco price XMG": 0.0, "Duino-Coin Server API": "github.com/revoxhere/duino-coin", "Kolka": {"Banned": 1356, "Jailed": 122}, "Last block hash": "8de4bc0b3fa1580ec7f3421feb9644fc8ead02b8", "Last sync": 1682710819.3395846, "Last update": "28/04/2023 19:40:24 (UTC)", "Mined blocks": 393387275866, "Miner distribution": {"All": 26256, "Arduino": 3194, "CPU": 963, "ESP32": 10075, "ESP8266": 10358, "GPU": 0, "Other": 27, "Phone": 17, "RPi": 1369, "Web": 253}, "Net energy usage": "18.52 kW", "Open threads": 26, "Pool hashrate": "1832.42 MH/s", "Registered users": 92156, "Server CPU usage": 61.3, "Server RAM usage": 44.1, "Server version": 3.0, "Top 10 richest miners": ["495743830.67087966 DUCO - coinexchange", "454403879.1895878 DUCO - coinexchange", "48260744.49839266 DUCO - bscDUCO", "20119947.6942 DUCO - viviana80", "15115368.927099999 DUCO - Ochios", "12720440.559071772 DUCO - QQ44142894", "10759939.638689265 DUCO - fiorella71", "8125736.123916335 DUCO - Orion_0x43b", "7871982.841046517 DUCO - revox", "7871982.841046517 DUCO - revox"], "XXHASH hashrate": "0 H/s"}