{"Active connections": 1755, "All-time mined DUCO": 34080432.24034585, "Current difficulty": 1000000, "DUCO-S1 hashrate": "500.1 GH/s", "Duco JustSwap price": 0.00021773, "Duco Node-S price": 3.2e-05, "Duco PancakeSwap price": 9.41186e-05, "Duco SushiSwap price": 0.000209454, "Duco price": 0.00101993, "Duco price BCH": 2.73e-06, "Duco price NANO": 1.115e-05, "Duco price TRX": 7.871e-05, "Duco price XMG": 0.00100582, "Duino-Coin Server API": "github.com/revoxhere/duino-coin", "Kolka": {"Banned": 786, "Jailed": 28}, "Last block hash": "2eb3f8271c", "Last sync": 1644194463.4094126, "Last update": "07/02/2022 00:41:03 (UTC)", "Mined blocks": 105025995508, "Miner distribution": {"All": 29428, "Arduino": 5393, "CPU": 4603, "ESP32": 7170, "ESP8266": 8686, "GPU": 0, "Other": 16, "Phone": 169, "RPi": 2761, "Web": 630}, "Net energy usage": "42.56 kW", "Open threads": 21, "Pool hashrate": "500059.44 MH/s", "Registered users": 54981, "Server CPU usage": 43.5, "Server RAM usage": 27.6, "Server version": 2.7, "Top 10 richest miners": ["11723898.233126624 DUCO - bscDUCO", "9047022.021054601 DUCO - miningvir", "1428011.249644181 DUCO - bimbasimba94", "1251266.6708699139 DUCO - coinexchange", "573162.1506750567 DUCO - James_themac", "516565.59332396236 DUCO - Techno78", "356197.8636235537 DUCO - NodeSBroker", "222039.1388045149 DUCO - maticDUCO", "190624.067104081 DUCO - celoDUCO", "170241.299416613 DUCO - Bacman"], "XXHASH hashrate": "0 H/s"}