{"Active connections": 650, "All-time mined DUCO": 734456756.1382939, "Current difficulty": 200000, "DUCO-S1 hashrate": "2.232 GH/s", "Duco FluffySwap price": 0.0, "Duco Furim price": 0.0, "Duco Node-S price": 0.0, "Duco PancakeSwap price": 8.57789e-06, "Duco SunSwap price": 4.327e-05, "Duco SushiSwap price": 1.2962107682626e-05, "Duco UbeSwap price": 1.1191491992827553e-05, "Duco price": 0.000232, "Duco price BCH": 0.00016619, "Duco price NANO": 0.000232, "Duco price TRX": 1.141e-05, "Duco price XMG": 0.0, "Duino-Coin Server API": "github.com/revoxhere/duino-coin", "Kolka": {"Banned": 5900, "Jailed": 177}, "Last block hash": "8de4bc0b3fa1580ec7f3421feb9644fc8ead02b8", "Last sync": 1714035797.308159, "Last update": "25/04/2024 09:03:17 (UTC)", "Mined blocks": 514985744145, "Miner distribution": {"All": 15585, "Arduino": 2035, "CPU": 885, "ESP32": 5978, "ESP8266": 5399, "GPU": 0, "Other": 38, "Phone": 2, "RPi": 1248, "Web": 0}, "Net energy usage": "13.21 kW", "Open threads": 27, "Pool hashrate": "2232.334 MH/s", "Registered users": 101065, "Server CPU usage": 23.1, "Server RAM usage": 90.3, "Server version": 4.0, "Top 10 richest miners": ["78423359.74889731 DUCO - bscDUCO", "39491496.79265186 DUCO - AlmarRido", "24584838.687 DUCO - Flowen1985", "20119947.6942 DUCO - viviana80", "17011708.804704107 DUCO - bimbasimba94", "14868531.194595315 DUCO - aimbert", "14841874.440919967 DUCO - ctecrypto", "14142641.15138164 DUCO - duinousa", "12720440.559071772 DUCO - QQ44142894", "10759939.638689265 DUCO - fiorella71"], "XXHASH hashrate": "0 H/s"}