{"Active connections": 1766, "All-time mined DUCO": 724889021.018368, "Current difficulty": 75000, "DUCO-S1 hashrate": "2.211 GH/s", "Duco FluffySwap price": 2.8629999999999995e-06, "Duco Furim price": 0.0, "Duco Node-S price": 0.0, "Duco PancakeSwap price": 7.68828e-06, "Duco SunSwap price": 0.0001516, "Duco SushiSwap price": 1.23542e-05, "Duco UbeSwap price": 2.745467541750601e-05, "Duco price": 0.0001516, "Duco price BCH": 4.09e-06, "Duco price NANO": 1.81e-06, "Duco price TRX": 2.82e-06, "Duco price XMG": 0.0, "Duino-Coin Server API": "github.com/revoxhere/duino-coin", "Kolka": {"Banned": 1375, "Jailed": 122}, "Last block hash": "8de4bc0b3fa1580ec7f3421feb9644fc8ead02b8", "Last sync": 1684194026.8177238, "Last update": "15/05/2023 23:40:32 (UTC)", "Mined blocks": 401821371793, "Miner distribution": {"All": 24108, "Arduino": 3082, "CPU": 972, "ESP32": 10204, "ESP8266": 8091, "GPU": 0, "Other": 7, "Phone": 18, "RPi": 1439, "Web": 295}, "Net energy usage": "17.64 kW", "Open threads": 24, "Pool hashrate": "2211.488 MH/s", "Registered users": 92751, "Server CPU usage": 64.3, "Server RAM usage": 61.8, "Server version": 3.0, "Top 10 richest miners": ["495743830.67087966 DUCO - coinexchange", "428153575.59363073 DUCO - coinexchange", "55623931.04439265 DUCO - bscDUCO", "20119947.6942 DUCO - viviana80", "15115368.927099999 DUCO - Ochios", "12720440.559071772 DUCO - QQ44142894", "10759939.638689265 DUCO - fiorella71", "10363879.94163 DUCO - skymloder", "8125736.123916335 DUCO - Orion_0x43b", "7201407.738659315 DUCO - msdo1006"], "XXHASH hashrate": "0 H/s"}