{"Duino-Coin Server API": "github.com/revoxhere/duino-coin", "Server version": 2.7, "Active connections": 4440, "Open threads": 23, "Server CPU usage": 54.4, "Server RAM usage": 31.9, "Last update": "25/09/2021 12:49:08 (UTC)", "Net energy usage": "69.61 kW", "Pool hashrate": "1673.8496 MH/s", "DUCO-S1 hashrate": "1639.8 MH/s", "XXHASH hashrate": "34.1 MH/s", "Duco price": 0.00106335, "Duco price XMG": 0.00085002, "Duco price BCH": 0.00076784, "Duco price RVN": 0.00068926, "Duco price TRX": 0.00045689, "Duco price XRP": 0.00032947, "Duco price DGB": 0.00062807, "Duco price NANO": 0.00069455, "Duco price FJC": 0.00076532, "Duco Node-S price": 0.000402, "Duco JustSwap price": 0.00041579, "Duco PancakeSwap price": 0.00106335, "Duco SushiSwap price": 0.000692305, "Registered users": 18738, "All-time mined DUCO": 11905489.35166695, "Current difficulty": 916567, "Mined blocks": 21997601001, "Last block hash": "730b6127b9", "Kolka": {"Jailed": 24, "Banned": 642}, "Miner distribution": {"GPU": 3, "CPU": 3706, "RPi": 2454, "Phone": 253, "Web": 1102, "ESP32": 11108, "ESP8266": 12264, "Arduino": 7121, "Other": 103}, "Top 10 richest miners": ["2281941.2256616536 DUCO - bscDUCO", "911271.1210391982 DUCO - James_themac", "521500.1558491204 DUCO - 52Pickup", "170240.13285850236 DUCO - Bacman", "133601.10104597002 DUCO - celoDUCO", "123387.18511437952 DUCO - amornlit", "121329.2974085678 DUCO - rootbori", "100022.76075689873 DUCO - bimbasimba94", "86807.65216622775 DUCO - caancom", "57244.224247578604 DUCO - phat1979"]}