{"Active connections": 1969, "All-time mined DUCO": 21622111.813252456, "Current difficulty": 1000000, "DUCO-S1 hashrate": "5001.2 MH/s", "Duco JustSwap price": 0.00020303, "Duco Node-S price": 2.1e-05, "Duco PancakeSwap price": 0.000322114, "Duco SushiSwap price": 0.000650466, "Duco price": 0.00117882, "Duco price BCH": 1.372e-05, "Duco price NANO": 8.59e-06, "Duco price TRX": 6.8e-05, "Duco price XMG": 0.00115475, "Duino-Coin Server API": "github.com/revoxhere/duino-coin", "Kolka": {"Banned": 775, "Jailed": 26}, "Last block hash": "2eb3f8271c", "Last sync": 1643073325.3401756, "Last update": "25/01/2022 01:15:25 (UTC)", "Mined blocks": 93466617492, "Miner distribution": {"All": 41116, "Arduino": 7196, "CPU": 5246, "ESP32": 11017, "ESP8266": 12806, "GPU": 0, "Other": 71, "Phone": 419, "RPi": 2975, "Web": 1386}, "Net energy usage": "51.73 kW", "Open threads": 21, "Pool hashrate": "5001.19 MH/s", "Registered users": 50620, "Server CPU usage": 48.3, "Server RAM usage": 42.0, "Server version": 2.7, "Top 10 richest miners": ["8103134.115051807 DUCO - bscDUCO", "612576.3908694914 DUCO - coinexchange", "600502.4557927221 DUCO - bimbasimba94", "531453.0320085537 DUCO - NodeSBroker", "397162.15067505674 DUCO - James_themac", "209992.504016844 DUCO - maticDUCO", "190596.067104081 DUCO - celoDUCO", "170241.299416613 DUCO - Bacman", "170217.09940099774 DUCO - RNGesus", "140000.53560568305 DUCO - haxorcitoz"], "XXHASH hashrate": "0 H/s"}