{"Active connections": 1058, "All-time mined DUCO": 195807913.9472649, "Current difficulty": 75000, "DUCO-S1 hashrate": "2.3 GH/s", "Duco FluffySwap price": 2.38e-06, "Duco Furim price": 0.0, "Duco Node-S price": 0.0, "Duco PancakeSwap price": 3.42303e-05, "Duco SunSwap price": 5.764e-05, "Duco SushiSwap price": 5.7132e-06, "Duco UbeSwap price": 2.8918314932790766e-05, "Duco price": 5.764e-05, "Duco price BCH": 3.4e-06, "Duco price NANO": 2.08e-06, "Duco price TRX": 4.75e-06, "Duco price XMG": 0.0, "Duino-Coin Server API": "github.com/revoxhere/duino-coin", "Kolka": {"Banned": 1241, "Jailed": 98}, "Last block hash": "8de4bc0b3fa1580ec7f3421feb9644fc8ead02b8", "Last sync": 1674532707.0921004, "Last update": "24/01/2023 03:58:30 (UTC)", "Mined blocks": 343755532929, "Miner distribution": {"All": 34069, "Arduino": 4038, "CPU": 1287, "ESP32": 12864, "ESP8266": 13835, "GPU": 0, "Other": 28, "Phone": 10, "RPi": 1621, "Web": 386}, "Net energy usage": "24.14 kW", "Open threads": 24, "Pool hashrate": "2348.49 MH/s", "Registered users": 87447, "Server CPU usage": 52.3, "Server RAM usage": 52.6, "Server version": 3.0, "Top 10 richest miners": ["85450574.65020478 DUCO - coinexchange", "41060238.34345014 DUCO - bscDUCO", "20119946.6942 DUCO - viviana80", "11692429.559071772 DUCO - QQ44142894", "10759939.638689265 DUCO - fiorella71", "8125736.123916335 DUCO - Orion_0x43b", "7695798.286 DUCO - RNGesus", "6813201.607478863 DUCO - lordachoo", "6561235.024 DUCO - saikrsa", "5757639.684 DUCO - sudoerrno"], "XXHASH hashrate": "0 H/s"}