{"Active connections": 1782, "All-time mined DUCO": 62611071.62946436, "Current difficulty": 1000000, "DUCO-S1 hashrate": "5.1 GH/s", "Duco Furim price": 0.0, "Duco Node-S price": 0.0, "Duco PancakeSwap price": 6.6e-05, "Duco SunSwap price": 0.000135, "Duco SushiSwap price": 6.1e-05, "Duco price": 0.000136, "Duco price BCH": 7e-06, "Duco price NANO": 3.1e-05, "Duco price TRX": 6e-06, "Duco price XMG": 9e-06, "Duino-Coin Server API": "github.com/revoxhere/duino-coin", "Kolka": {"Banned": 637, "Jailed": 34}, "Last block hash": "2eb3f8271cd947cdd6469be145558a7bcb72e0d9", "Last sync": 1648763559.7920048, "Last update": "31/03/2022 21:52:41 (UTC)", "Mined blocks": 144282254299, "Miner distribution": {"All": 41534, "Arduino": 6831, "CPU": 3903, "ESP32": 12834, "ESP8266": 14722, "GPU": 0, "Other": 39, "Phone": 190, "RPi": 2442, "Web": 573}, "Net energy usage": "43.15 kW", "Open threads": 21, "Pool hashrate": "5126.53 MH/s", "Registered users": 67124, "Server CPU usage": 39.9, "Server RAM usage": 61.2, "Server version": 3.0, "Top 10 richest miners": ["25370781.20041564 DUCO - bscDUCO", "10504049.914401649 DUCO - Ochios", "5000000.269761559 DUCO - miningvir", "3773863.429313159 DUCO - coinexchange", "3250098.515614895 DUCO - miyan001", "2453550.7138977894 DUCO - ifdeduco", "1209838.627673189 DUCO - James_themac", "1202261.8930743544 DUCO - juanjefraire", "1200001.40117249 DUCO - amornlit", "1000325.1344973289 DUCO - econnaty"], "XXHASH hashrate": "0 H/s"}