{"Active connections": 830, "All-time mined DUCO": 736944348.4728245, "Current difficulty": 200000, "DUCO-S1 hashrate": "2.495 GH/s", "Duco FluffySwap price": 8.519e-06, "Duco Furim price": 0.0, "Duco Node-S price": 0.0, "Duco PancakeSwap price": 8.57789e-06, "Duco SunSwap price": 9.892e-05, "Duco SushiSwap price": 1.2962107682626e-05, "Duco UbeSwap price": 1.1191491992827553e-05, "Duco price": 0.000238, "Duco price BCH": 0.0001712, "Duco price NANO": 0.000238, "Duco price TRX": 1.216e-05, "Duco price XMG": 4.029e-05, "Duino-Coin Server API": "github.com/revoxhere/duino-coin", "Kolka": {"Banned": 5937, "Jailed": 182}, "Last block hash": "8de4bc0b3fa1580ec7f3421feb9644fc8ead02b8", "Last sync": 1716117430.593977, "Last update": "19/05/2024 11:17:10 (UTC)", "Mined blocks": 520521157985, "Miner distribution": {"All": 18624, "Arduino": 2186, "CPU": 1105, "ESP32": 7527, "ESP8266": 6224, "GPU": 0, "Other": 23, "Phone": 18, "RPi": 1297, "Web": 244}, "Net energy usage": "15.98 kW", "Open threads": 27, "Pool hashrate": "2495.091 MH/s", "Registered users": 102058, "Server CPU usage": 32.6, "Server RAM usage": 93.3, "Server version": 4.0, "Top 10 richest miners": ["78865233.74889731 DUCO - bscDUCO", "39493232.42763998 DUCO - AlmarRido", "30792510.456 DUCO - Flowen1985", "20119947.6942 DUCO - viviana80", "17045685.805999998 DUCO - bimbasimba94", "14868544.00058454 DUCO - aimbert", "14842955.195835346 DUCO - ctecrypto", "12720440.585598174 DUCO - QQ44142894", "11314963.272337165 DUCO - duinousa", "10759939.638689265 DUCO - fiorella71"], "XXHASH hashrate": "0 H/s"}