{"Active connections": 1016, "All-time mined DUCO": 97700130.2570321, "Current difficulty": 75000, "DUCO-S1 hashrate": "3.3 GH/s", "Duco FluffySwap price": 1.2095999999999999e-05, "Duco Furim price": 0.0, "Duco Node-S price": 0.0, "Duco PancakeSwap price": 3.73398e-05, "Duco SunSwap price": 8.196e-05, "Duco SushiSwap price": 4.69978e-05, "Duco UbeSwap price": 2.929910624286002e-05, "Duco price": 8.196e-05, "Duco price BCH": 1.73e-05, "Duco price NANO": 7.35e-06, "Duco price TRX": 6.3e-06, "Duco price XMG": 5.642e-05, "Duino-Coin Server API": "github.com/revoxhere/duino-coin", "Kolka": {"Banned": 1114, "Jailed": 85}, "Last block hash": "8de4bc0b3fa1580ec7f3421feb9644fc8ead02b8", "Last sync": 1666802417.6118982, "Last update": "26/10/2022 16:40:23 (UTC)", "Mined blocks": 288904100053, "Miner distribution": {"All": 38109, "Arduino": 4643, "CPU": 2373, "ESP32": 12978, "ESP8266": 16379, "GPU": 0, "Other": 8, "Phone": 76, "RPi": 1240, "Web": 412}, "Net energy usage": "31.74 kW", "Open threads": 23, "Pool hashrate": "3349.11 MH/s", "Registered users": 81952, "Server CPU usage": 48.5, "Server RAM usage": 46.0, "Server version": 3.0, "Top 10 richest miners": ["38401331.025158234 DUCO - bscDUCO", "29036446.122088045 DUCO - coinexchange", "15965319.80435637 DUCO - Ochios", "11692429.559071772 DUCO - QQ44142894", "4745018.9470119625 DUCO - bimbasimba94", "2384584.3502145433 DUCO - lordachoo", "2368507.0 DUCO - Brunomoyses23", "2210288.919161586 DUCO - vyrdudji", "1719605.6507565032 DUCO - Orion_0x43b", "1636475.8630387518 DUCO - maticDUCO"], "XXHASH hashrate": "0 H/s"}