{"Duino-Coin Server API": "github.com/revoxhere/duino-coin", "Server version": 2.7, "Active connections": 34424, "Open threads": 24, "Server CPU usage": 47.7, "Server RAM usage": 41.2, "Last update": "28/10/2021 01:53:43 (UTC)", "Net energy usage": "35.1 kW", "Pool hashrate": "1215.86 MH/s", "DUCO-S1 hashrate": "1215.9 MH/s", "XXHASH hashrate": "0 H/s", "Duco price": 0.000655069, "Duco price XMG": 0.00059, "Duco price BCH": 0.00021124, "Duco price RVN": 0.0, "Duco price TRX": 0.00030165, "Duco price XRP": 0.0, "Duco price DGB": 0.0, "Duco price NANO": 0.00029939, "Duco Node-S price": 5.1e-05, "Duco JustSwap price": 0.00054275, "Duco PancakeSwap price": 0.000655069, "Duco SushiSwap price": 9.95036e-05, "Registered users": 21953, "All-time mined DUCO": 16273369.122945867, "Current difficulty": 125000, "Mined blocks": 33843843451, "Last block hash": "47917e85da", "Kolka": {"Jailed": 24, "Banned": 672}, "Miner distribution": {"GPU": 0, "CPU": 3089, "RPi": 1739, "Phone": 293, "Web": 717, "ESP32": 11083, "ESP8266": 12633, "Arduino": 6062, "Other": 106, "All": 35722}, "Top 10 richest miners": ["3010392.4033887014 DUCO - bscDUCO", "676030.3700902201 DUCO - coinexchange", "586681.6039841222 DUCO - NodeSBroker", "521520.1555491204 DUCO - 52Pickup", "400964.8100679786 DUCO - James_themac", "172627.89104597003 DUCO - celoDUCO", "170240.13285850236 DUCO - Bacman", "123387.18511437952 DUCO - amornlit", "121685.90546844892 DUCO - rootbori", "88484.19341408816 DUCO - caancom"]}