{"Active connections": 643, "All-time mined DUCO": 192754053.53863266, "Current difficulty": 75000, "DUCO-S1 hashrate": "2.3 GH/s", "Duco FluffySwap price": 3.7309999999999995e-06, "Duco Furim price": 0.0, "Duco Node-S price": 0.0, "Duco PancakeSwap price": 2.19458e-05, "Duco SunSwap price": 6.31e-05, "Duco SushiSwap price": 8.77009e-06, "Duco UbeSwap price": 2.8687163822298956e-05, "Duco price": 6.31e-05, "Duco price BCH": 5.33e-06, "Duco price NANO": 3.6e-06, "Duco price TRX": 5.22e-06, "Duco price XMG": 0.0, "Duino-Coin Server API": "github.com/revoxhere/duino-coin", "Kolka": {"Banned": 1328, "Jailed": 112}, "Last block hash": "8de4bc0b3fa1580ec7f3421feb9644fc8ead02b8", "Last sync": 1677722231.2157316, "Last update": "02/03/2023 01:57:13 (UTC)", "Mined blocks": 363634475330, "Miner distribution": {"All": 30055, "Arduino": 3660, "CPU": 928, "ESP32": 11560, "ESP8266": 12010, "GPU": 0, "Other": 6, "Phone": 17, "RPi": 1540, "Web": 334}, "Net energy usage": "20.19 kW", "Open threads": 25, "Pool hashrate": "2330.85 MH/s", "Registered users": 89684, "Server CPU usage": 37.9, "Server RAM usage": 30.8, "Server version": 3.0, "Top 10 richest miners": ["508085669.42624557 DUCO - coinexchange", "41885570.794576176 DUCO - bscDUCO", "20119946.6942 DUCO - viviana80", "15115363.695 DUCO - Ochios", "12283086.27 DUCO - infternet", "11692429.559071772 DUCO - QQ44142894", "10759939.638689265 DUCO - fiorella71", "8125736.123916335 DUCO - Orion_0x43b", "6822235.280381618 DUCO - lordachoo", "5145271.109670414 DUCO - msdo1006"], "XXHASH hashrate": "0 H/s"}