{"Active connections": 953, "All-time mined DUCO": 1072182428.3643998, "Current difficulty": 75000, "DUCO-S1 hashrate": "1.706 GH/s", "Duco FluffySwap price": 3.409e-06, "Duco Furim price": 0.0, "Duco Node-S price": 0.0, "Duco PancakeSwap price": 1.12256e-05, "Duco SunSwap price": 0.00010602, "Duco SushiSwap price": 1.11128e-05, "Duco UbeSwap price": 2.7898752414944825e-05, "Duco price": 0.00010602, "Duco price BCH": 4.87e-06, "Duco price NANO": 1.08e-06, "Duco price TRX": 1.59e-06, "Duco price XMG": 0.0, "Duino-Coin Server API": "github.com/revoxhere/duino-coin", "Kolka": {"Banned": 5512, "Jailed": 144}, "Last block hash": "8de4bc0b3fa1580ec7f3421feb9644fc8ead02b8", "Last sync": 1689596995.7392933, "Last update": "17/07/2023 12:30:05 (UTC)", "Mined blocks": 428141236853, "Miner distribution": {"All": 19637, "Arduino": 2211, "CPU": 626, "ESP32": 8624, "ESP8266": 7154, "GPU": 0, "Other": 9, "Phone": 0, "RPi": 1013, "Web": 0}, "Net energy usage": "13.15 kW", "Open threads": 24, "Pool hashrate": "1706.218 MH/s", "Registered users": 94399, "Server CPU usage": 40.4, "Server RAM usage": 52.8, "Server version": 3.0, "Top 10 richest miners": ["495743830.67087966 DUCO - coinexchange", "385233880.9088502 DUCO - coinexchange", "50363867.80947695 DUCO - bscDUCO", "36165869.197 DUCO - AlmarRido", "24326348.334 DUCO - Flowen1985", "20119947.6942 DUCO - viviana80", "15110368.927099999 DUCO - Ochios", "14264497.326 DUCO - bimbasimba94", "12720440.559071772 DUCO - QQ44142894", "11661066.767301945 DUCO - ctecrypto"], "XXHASH hashrate": "0 H/s"}