{"Active connections": 696, "All-time mined DUCO": 739826903.3613851, "Current difficulty": 200000, "DUCO-S1 hashrate": "2.622 GH/s", "Duco FluffySwap price": 0.0, "Duco Furim price": 0.0, "Duco Node-S price": 0.0, "Duco PancakeSwap price": 8.57789e-06, "Duco SunSwap price": 4.557e-05, "Duco SushiSwap price": 1.2962107682626e-05, "Duco UbeSwap price": 1.1191491992827553e-05, "Duco price": 0.000236, "Duco price BCH": 0.00016197, "Duco price NANO": 0.000236, "Duco price TRX": 1.202e-05, "Duco price XMG": 0.0, "Duino-Coin Server API": "github.com/revoxhere/duino-coin", "Kolka": {"Banned": 5900, "Jailed": 177}, "Last block hash": "8de4bc0b3fa1580ec7f3421feb9644fc8ead02b8", "Last sync": 1714371273.12585, "Last update": "29/04/2024 06:14:33 (UTC)", "Mined blocks": 515884010458, "Miner distribution": {"All": 17030, "Arduino": 2633, "CPU": 1030, "ESP32": 6148, "ESP8266": 5711, "GPU": 0, "Other": 33, "Phone": 50, "RPi": 1425, "Web": 0}, "Net energy usage": "14.79 kW", "Open threads": 26, "Pool hashrate": "2622.314 MH/s", "Registered users": 101266, "Server CPU usage": 23.7, "Server RAM usage": 93.7, "Server version": 4.0, "Top 10 richest miners": ["78443788.74889731 DUCO - bscDUCO", "39491496.79265186 DUCO - AlmarRido", "30792510.456 DUCO - Flowen1985", "20119947.6942 DUCO - viviana80", "17011708.804704107 DUCO - bimbasimba94", "14868531.194595315 DUCO - aimbert", "14841874.440919967 DUCO - ctecrypto", "14142798.635954423 DUCO - duinousa", "12720440.559071772 DUCO - QQ44142894", "10759939.638689265 DUCO - fiorella71"], "XXHASH hashrate": "0 H/s"}