{"Duino-Coin Server API": "github.com/revoxhere/duino-coin", "Server version": 2.7, "Active connections": 13390, "Open threads": 23, "Server CPU usage": 42.1, "Server RAM usage": 60.3, "Last update": "14/10/2021 22:53:26 (UTC)", "Net energy usage": "37.33 kW", "Pool hashrate": "1320.85 MH/s", "DUCO-S1 hashrate": "1320.9 MH/s", "XXHASH hashrate": "0 H/s", "Duco price": 0.00346338, "Duco price XMG": 0.00346338, "Duco price BCH": 0.00054279, "Duco price RVN": 0.00067307, "Duco price TRX": 0.00067291, "Duco price XRP": 0.000225, "Duco price DGB": 0.00074582, "Duco price NANO": 0.00074723, "Duco price FJC": 0.00075, "Duco Node-S price": 5.1e-05, "Duco JustSwap price": 0.00101373, "Duco PancakeSwap price": 0.000691645, "Duco SushiSwap price": 0.000756806, "Registered users": 20484, "All-time mined DUCO": 14299217.541152708, "Current difficulty": 125000, "Mined blocks": 27813074377, "Last block hash": "b3605d3894", "Kolka": {"Jailed": 48, "Banned": 1332}, "Miner distribution": {"GPU": 0, "CPU": 3421, "RPi": 1974, "Phone": 308, "Web": 849, "ESP32": 11111, "ESP8266": 12098, "Arduino": 5398, "Other": 146, "All": 35305}, "Top 10 richest miners": ["2734757.950520558 DUCO - bscDUCO", "585975.8937961721 DUCO - NodeSBroker", "521520.1555491204 DUCO - 52Pickup", "400241.5548856 DUCO - James_themac", "366294.15591454017 DUCO - coinexchange", "170240.13285850236 DUCO - Bacman", "162599.10104597002 DUCO - celoDUCO", "123387.18511437952 DUCO - amornlit", "121685.90546844892 DUCO - rootbori", "87666.61308867084 DUCO - caancom"]}