{"Active connections": 2232, "All-time mined DUCO": 19359630.499742698, "Current difficulty": 75000, "DUCO-S1 hashrate": "2609.3 MH/s", "Duco JustSwap price": 1e-05, "Duco Node-S price": 6e-05, "Duco PancakeSwap price": 0.000257917, "Duco SushiSwap price": 0.000665206, "Duco price": 0.000665206, "Duco price BCH": 3e-05, "Duco price NANO": 1e-05, "Duco price TRX": 8e-05, "Duco price XMG": 0.00025, "Duino-Coin Server API": "github.com/revoxhere/duino-coin", "Kolka": {"Banned": 772, "Jailed": 25}, "Last block hash": "2eb3f8271c", "Last sync": 1642197077.2667267, "Last update": "14/01/2022 21:51:17 (UTC)", "Mined blocks": 84545589572, "Miner distribution": {"All": 38298, "Arduino": 6725, "CPU": 6941, "ESP32": 6736, "ESP8266": 10747, "GPU": 0, "Other": 49, "Phone": 599, "RPi": 3228, "Web": 3273}, "Net energy usage": "61.87 kW", "Open threads": 22, "Pool hashrate": "2609.32 MH/s", "Registered users": 45113, "Server CPU usage": 58.2, "Server RAM usage": 59.8, "Server version": 2.7, "Top 10 richest miners": ["6590015.0927412985 DUCO - bscDUCO", "532455.820632083 DUCO - NodeSBroker", "397162.15067505674 DUCO - James_themac", "305965.9720885371 DUCO - bimbasimba94", "204267.66301034123 DUCO - maticDUCO", "190582.057104081 DUCO - celoDUCO", "170241.298916613 DUCO - Bacman", "120000.999999999 DUCO - rootbori", "101721.54179492709 DUCO - haxorcitoz", "92983.45012467373 DUCO - caancom"], "XXHASH hashrate": "0 H/s"}