{"Active connections": 866, "All-time mined DUCO": 1060654504.425789, "Current difficulty": 75000, "DUCO-S1 hashrate": "1.983 GH/s", "Duco FluffySwap price": 3.171e-06, "Duco Furim price": 0.0, "Duco Node-S price": 0.0, "Duco PancakeSwap price": 7.2694e-06, "Duco SunSwap price": 0.0001031, "Duco SushiSwap price": 1.01312e-05, "Duco UbeSwap price": 2.9093097913322633e-05, "Duco price": 0.00011613, "Duco price BCH": 4.53e-06, "Duco price NANO": 9.9e-07, "Duco price TRX": 1.54e-06, "Duco price XMG": 0.00011613, "Duino-Coin Server API": "github.com/revoxhere/duino-coin", "Kolka": {"Banned": 5534, "Jailed": 149}, "Last block hash": "8de4bc0b3fa1580ec7f3421feb9644fc8ead02b8", "Last sync": 1691260927.8233745, "Last update": "05/08/2023 18:42:13 (UTC)", "Mined blocks": 434698360609, "Miner distribution": {"All": 19520, "Arduino": 2346, "CPU": 705, "ESP32": 8185, "ESP8266": 7209, "GPU": 0, "Other": 13, "Phone": 12, "RPi": 1015, "Web": 35}, "Net energy usage": "13.57 kW", "Open threads": 24, "Pool hashrate": "1983.461 MH/s", "Registered users": 94672, "Server CPU usage": 44.2, "Server RAM usage": 41.8, "Server version": 3.0, "Top 10 richest miners": ["495743830.67087966 DUCO - coinexchange", "383834283.14624035 DUCO - coinexchange", "70267869.64457695 DUCO - bscDUCO", "35298227.85615001 DUCO - AlmarRido", "24375487.137 DUCO - Flowen1985", "20119947.6942 DUCO - viviana80", "12720440.559071772 DUCO - QQ44142894", "11701346.141288329 DUCO - ctecrypto", "11436497.326 DUCO - bimbasimba94", "10759939.638689265 DUCO - fiorella71"], "XXHASH hashrate": "0 H/s"}