{"Active connections": 1320, "All-time mined DUCO": 17909603.85664778, "Current difficulty": 75000, "DUCO-S1 hashrate": "1557.2 MH/s", "Duco JustSwap price": 0.00013882, "Duco Node-S price": 5.7e-05, "Duco PancakeSwap price": 0.000594663, "Duco SushiSwap price": 0.000356015, "Duco price": 0.0011, "Duco price BCH": 8.273e-05, "Duco price DGB": 0.0, "Duco price NANO": 1.714e-05, "Duco price RVN": 0.0, "Duco price TRX": 0.0001842, "Duco price XMG": 0.00045754, "Duco price XRP": 0.0, "Duino-Coin Server API": "github.com/revoxhere/duino-coin", "Kolka": {"Banned": 711, "Jailed": 24}, "Last block hash": "2eb3f8271c", "Last update": "12/12/2021 00:12:43 (UTC)", "Mined blocks": 59914884105, "Miner distribution": {"All": 37579, "Arduino": 6965, "CPU": 4531, "ESP32": 10622, "ESP8266": 11443, "GPU": 0, "Other": 19, "Phone": 486, "RPi": 2601, "Web": 912}, "Net energy usage": "45.27 kW", "Open threads": 21, "Pool hashrate": "1557.23 MH/s", "Registered users": 29707, "Server CPU usage": 57.0, "Server RAM usage": 50.5, "Server version": 2.7, "Top 10 richest miners": ["4451081.614000037 DUCO - bscDUCO", "1139535.2081484299 DUCO - coinexchange", "530162.5806861913 DUCO - NodeSBroker", "397162.15067505674 DUCO - James_themac", "300520.321607231 DUCO - 52Pickup", "204333.3634552856 DUCO - miningvir", "188782.057104081 DUCO - celoDUCO", "182962.46343442114 DUCO - maticDUCO", "170241.298916613 DUCO - Bacman", "166884.66099355495 DUCO - bloomindark"], "XXHASH hashrate": "0 H/s"}