{"Active connections": 991, "All-time mined DUCO": 173938720.42094547, "Current difficulty": 75000, "DUCO-S1 hashrate": "2.3 GH/s", "Duco FluffySwap price": 1.7359999999999998e-06, "Duco Furim price": 0.0, "Duco Node-S price": 0.0, "Duco PancakeSwap price": 3.52548e-05, "Duco SunSwap price": 5.053e-05, "Duco SushiSwap price": 3.46807e-06, "Duco UbeSwap price": 2.852410137485506e-05, "Duco price": 5.053e-05, "Duco price BCH": 2.48e-06, "Duco price NANO": 1.6e-06, "Duco price TRX": 4.14e-06, "Duco price XMG": 0.0, "Duino-Coin Server API": "github.com/revoxhere/duino-coin", "Kolka": {"Banned": 1230, "Jailed": 94}, "Last block hash": "8de4bc0b3fa1580ec7f3421feb9644fc8ead02b8", "Last sync": 1672770616.2274873, "Last update": "03/01/2023 18:30:17 (UTC)", "Mined blocks": 332859191387, "Miner distribution": {"All": 33236, "Arduino": 3801, "CPU": 1185, "ESP32": 12452, "ESP8266": 13782, "GPU": 0, "Other": 22, "Phone": 28, "RPi": 1641, "Web": 325}, "Net energy usage": "23.24 kW", "Open threads": 24, "Pool hashrate": "2349.56 MH/s", "Registered users": 86366, "Server CPU usage": 44.5, "Server RAM usage": 33.7, "Server version": 3.0, "Top 10 richest miners": ["98303224.40695195 DUCO - coinexchange", "40203617.73070239 DUCO - bscDUCO", "20119945.00125 DUCO - viviana80", "14965357.425395073 DUCO - Ochios", "13675334.218015814 DUCO - ctecrypto", "11692429.559071772 DUCO - QQ44142894", "10759939.638689265 DUCO - fiorella71", "8125736.123916335 DUCO - Orion_0x43b", "6808689.094243028 DUCO - lordachoo", "4267666.823 DUCO - Demoel"], "XXHASH hashrate": "0 H/s"}