{"Active connections": 6042, "All-time mined DUCO": 17882241.327738173, "Current difficulty": 125000, "DUCO-S1 hashrate": "1120.6 MH/s", "Duco JustSwap price": 0.00049371, "Duco Node-S price": 0.00013, "Duco PancakeSwap price": 0.000656946, "Duco SushiSwap price": 0.000469464, "Duco price": 0.00139083, "Duco price BCH": 0.0, "Duco price DGB": 0.0, "Duco price NANO": 0.00045525, "Duco price RVN": 0.0, "Duco price TRX": 0.0, "Duco price XMG": 0.00112392, "Duco price XRP": 0.0, "Duino-Coin Server API": "github.com/revoxhere/duino-coin", "Kolka": {"Banned": 685, "Jailed": 24}, "Last block hash": "2eb3f8271c", "Last update": "15/11/2021 18:34:31 (UTC)", "Mined blocks": 42413315425, "Miner distribution": {"All": 33239, "Arduino": 5754, "CPU": 2768, "ESP32": 10118, "ESP8266": 11959, "GPU": 0, "Other": 23, "Phone": 451, "RPi": 1783, "Web": 383}, "Net energy usage": "32.09 kW", "Open threads": 24, "Pool hashrate": "1120.55 MH/s", "Registered users": 24177, "Server CPU usage": 45.3, "Server RAM usage": 43.7, "Server version": 2.7, "Top 10 richest miners": ["3559878.5086438693 DUCO - bscDUCO", "1290575.8000902194 DUCO - coinexchange", "591776.628131775 DUCO - NodeSBroker", "351150.1606789791 DUCO - James_themac", "300520.1555491204 DUCO - 52Pickup", "188487.89104597003 DUCO - celoDUCO", "170241.13285850236 DUCO - Bacman", "124560.10142340376 DUCO - maticDUCO", "123387.18511437952 DUCO - amornlit", "119999.99999999892 DUCO - rootbori"], "XXHASH hashrate": "0 H/s"}