{"Active connections": 920, "All-time mined DUCO": 770134609.8019956, "Current difficulty": 200000, "DUCO-S1 hashrate": "1.905 GH/s", "Duco FluffySwap price": 2.1133e-05, "Duco Furim price": 0.0, "Duco Node-S price": 0.0, "Duco PancakeSwap price": 1.31425e-05, "Duco SunSwap price": 2.884e-05, "Duco SushiSwap price": 8.987494203495e-06, "Duco UbeSwap price": 1.568e-05, "Duco price": 3.529e-05, "Duco price BCH": 0.0, "Duco price NANO": 0.0, "Duco price TRX": 3.015e-05, "Duco price XMG": 3.529e-05, "Duino-Coin Server API": "github.com/revoxhere/duino-coin", "Kolka": {"Banned": 6019, "Jailed": 189}, "Last block hash": "8de4bc0b3fa1580ec7f3421feb9644fc8ead02b8", "Last sync": 1724174272.995812, "Last update": "20/08/2024 17:17:53 (UTC)", "Mined blocks": 544691563369, "Miner distribution": {"All": 14835, "Arduino": 1941, "CPU": 706, "ESP32": 4846, "ESP8266": 6047, "GPU": 0, "Other": 8, "Phone": 0, "RPi": 1108, "Web": 179}, "Net energy usage": "11.88 kW", "Open threads": 29, "Pool hashrate": "1904.888 MH/s", "Registered users": 105283, "Server CPU usage": 67.9, "Server RAM usage": 77.4, "Server version": 4.0, "Top 10 richest miners": ["236402658.5973155 DUCO - coinexchange", "82974997.70122527 DUCO - bscDUCO", "35576240.569 DUCO - AlmarRido", "30855598.808 DUCO - Flowen1985", "18280977.178 DUCO - bimbasimba94", "16096358.288900001 DUCO - viviana80", "14928202.55328929 DUCO - aimbert", "14847133.194062889 DUCO - ctecrypto", "12721940.665481606 DUCO - QQ44142894", "11342438.339987645 DUCO - duinousa"], "XXHASH hashrate": "0 H/s"}