{"Active connections": 1022, "All-time mined DUCO": 159036150.63825494, "Current difficulty": 75000, "DUCO-S1 hashrate": "2.9 GH/s", "Duco FluffySwap price": 1.1067e-05, "Duco Furim price": 0.0, "Duco Node-S price": 0.0, "Duco PancakeSwap price": 4.92772e-05, "Duco SunSwap price": 4.718e-05, "Duco SushiSwap price": 6.41686e-05, "Duco UbeSwap price": 2.874920972947792e-05, "Duco price": 6.41686e-05, "Duco price BCH": 1.581e-05, "Duco price NANO": 6.12e-06, "Duco price TRX": 5.1e-06, "Duco price XMG": 0.0, "Duino-Coin Server API": "github.com/revoxhere/duino-coin", "Kolka": {"Banned": 1153, "Jailed": 88}, "Last block hash": "8de4bc0b3fa1580ec7f3421feb9644fc8ead02b8", "Last sync": 1668742285.8232133, "Last update": "18/11/2022 03:31:30 (UTC)", "Mined blocks": 304576124245, "Miner distribution": {"All": 38100, "Arduino": 4324, "CPU": 1782, "ESP32": 13673, "ESP8266": 16227, "GPU": 0, "Other": 31, "Phone": 64, "RPi": 1670, "Web": 329}, "Net energy usage": "28.85 kW", "Open threads": 23, "Pool hashrate": "2922.02 MH/s", "Registered users": 83750, "Server CPU usage": 55.6, "Server RAM usage": 49.4, "Server version": 3.0, "Top 10 richest miners": ["37469507.79515824 DUCO - bscDUCO", "25979573.474934153 DUCO - coinexchange", "20119945.00125 DUCO - viviana80", "14965324.871156368 DUCO - Ochios", "13469824.299372146 DUCO - ctecrypto", "11692429.559071772 DUCO - QQ44142894", "10759939.638689265 DUCO - fiorella71", "6699354.217001982 DUCO - lordachoo", "3378641.479934722 DUCO - ivanrpz", "2567742.791300181 DUCO - RNGesus"], "XXHASH hashrate": "0 H/s"}