{"Active connections": 1389, "All-time mined DUCO": 96176232.66869529, "Current difficulty": 1000000, "DUCO-S1 hashrate": "3.5 GH/s", "Duco Furim price": 0.0, "Duco Node-S price": 0.0, "Duco PancakeSwap price": 2e-05, "Duco SunSwap price": 6e-05, "Duco SushiSwap price": 1.8e-05, "Duco UbeSwap price": 2.9e-05, "Duco price": 6.2e-05, "Duco price BCH": 4e-06, "Duco price NANO": 1.8e-05, "Duco price TRX": 1.2e-05, "Duco price XMG": 0.0, "Duino-Coin Server API": "github.com/revoxhere/duino-coin", "Kolka": {"Banned": 864, "Jailed": 47}, "Last block hash": "2eb3f8271cd947cdd6469be145558a7bcb72e0d9", "Last sync": 1654669963.6439428, "Last update": "08/06/2022 06:32:45 (UTC)", "Mined blocks": 196761197902, "Miner distribution": {"All": 40120, "Arduino": 5421, "CPU": 2949, "ESP32": 13483, "ESP8266": 16196, "GPU": 0, "Other": 56, "Phone": 69, "RPi": 1640, "Web": 306}, "Net energy usage": "36.2 kW", "Open threads": 21, "Pool hashrate": "3530.19 MH/s", "Registered users": 76323, "Server CPU usage": 44.8, "Server RAM usage": 58.1, "Server version": 3.0, "Top 10 richest miners": ["39551324.97661735 DUCO - bscDUCO", "16779504.2 DUCO - Ochios", "13398571.663396722 DUCO - coinexchange", "7064711.834341279 DUCO - ctecrypto", "6974991.289071771 DUCO - QQ44142894", "4006475.365285235 DUCO - Demoel", "2946213.6075572013 DUCO - renderman", "2210288.9385462017 DUCO - vyrdudji", "2145849.6292725704 DUCO - jules_pilot", "2081979.3138396414 DUCO - CryptSino_Exchange"], "XXHASH hashrate": "0 H/s"}