{"Active connections": 1329, "All-time mined DUCO": 84220655.80444103, "Current difficulty": 1000000, "DUCO-S1 hashrate": "3.7 GH/s", "Duco Furim price": 0.0, "Duco Node-S price": 0.0, "Duco PancakeSwap price": 2.7e-05, "Duco SunSwap price": 6e-05, "Duco SushiSwap price": 3.3e-05, "Duco UbeSwap price": 2.9e-05, "Duco price": 8.8e-05, "Duco price BCH": 3e-06, "Duco price NANO": 1.5e-05, "Duco price TRX": 1.1e-05, "Duco price XMG": 8.8e-05, "Duino-Coin Server API": "github.com/revoxhere/duino-coin", "Kolka": {"Banned": 854, "Jailed": 48}, "Last block hash": "2eb3f8271cd947cdd6469be145558a7bcb72e0d9", "Last sync": 1654210759.8602228, "Last update": "02/06/2022 22:59:21 (UTC)", "Mined blocks": 192644024472, "Miner distribution": {"All": 39774, "Arduino": 5494, "CPU": 3104, "ESP32": 13233, "ESP8266": 15769, "GPU": 0, "Other": 63, "Phone": 83, "RPi": 1638, "Web": 390}, "Net energy usage": "36.95 kW", "Open threads": 21, "Pool hashrate": "3683.04 MH/s", "Registered users": 75949, "Server CPU usage": 48.0, "Server RAM usage": 57.7, "Server version": 3.0, "Top 10 richest miners": ["29605954.594722692 DUCO - bscDUCO", "17779500.0 DUCO - Ochios", "6974991.289071771 DUCO - QQ44142894", "5909236.483396724 DUCO - coinexchange", "4412818.460820614 DUCO - ctecrypto", "4007890.162049321 DUCO - Demoel", "3660031.672139856 DUCO - maticDUCO", "2210288.9385462017 DUCO - vyrdudji", "2145583.939989997 DUCO - jules_pilot", "2091979.3138396414 DUCO - CryptSino_Exchange"], "XXHASH hashrate": "0 H/s"}