{"Active connections": 798, "All-time mined DUCO": 703643442.1522102, "Current difficulty": 75000, "DUCO-S1 hashrate": "2.0 GH/s", "Duco FluffySwap price": 1.764e-06, "Duco Furim price": 0.0, "Duco Node-S price": 0.0, "Duco PancakeSwap price": 1.7081e-05, "Duco SunSwap price": 2.411e-05, "Duco SushiSwap price": 1.82031e-05, "Duco UbeSwap price": 2.996165722235418e-05, "Duco price": 2.996165722235418e-05, "Duco price BCH": 2.51e-06, "Duco price NANO": 1.95e-06, "Duco price TRX": 2.31e-06, "Duco price XMG": 0.0, "Duino-Coin Server API": "github.com/revoxhere/duino-coin", "Kolka": {"Banned": 1340, "Jailed": 117}, "Last block hash": "8de4bc0b3fa1580ec7f3421feb9644fc8ead02b8", "Last sync": 1680819553.4940414, "Last update": "06/04/2023 22:19:18 (UTC)", "Mined blocks": 381921324762, "Miner distribution": {"All": 27852, "Arduino": 3499, "CPU": 950, "ESP32": 10594, "ESP8266": 10981, "GPU": 0, "Other": 15, "Phone": 19, "RPi": 1530, "Web": 264}, "Net energy usage": "19.31 kW", "Open threads": 24, "Pool hashrate": "1967.46 MH/s", "Registered users": 91304, "Server CPU usage": 54.1, "Server RAM usage": 45.5, "Server version": 3.0, "Top 10 richest miners": ["495743830.67087966 DUCO - coinexchange", "489582922.001748 DUCO - coinexchange", "36175329.566 DUCO - bscDUCO", "20119947.6942 DUCO - viviana80", "15115364.7271 DUCO - Ochios", "12720440.559071772 DUCO - QQ44142894", "10759939.638689265 DUCO - fiorella71", "8125736.123916335 DUCO - Orion_0x43b", "6829420.385010257 DUCO - lordachoo", "6786308.749646705 DUCO - msdo1006"], "XXHASH hashrate": "0 H/s"}