{"Active connections": 808, "All-time mined DUCO": 738935105.1102045, "Current difficulty": 200000, "DUCO-S1 hashrate": "2.185 GH/s", "Duco FluffySwap price": 8.840999999999999e-06, "Duco Furim price": 0.0, "Duco Node-S price": 0.0, "Duco PancakeSwap price": 8.57789e-06, "Duco SunSwap price": 0.00010277, "Duco SushiSwap price": 1.2962107682626e-05, "Duco UbeSwap price": 1.1191491992827553e-05, "Duco price": 0.000226, "Duco price BCH": 0.00015681, "Duco price NANO": 0.000226, "Duco price TRX": 1.264e-05, "Duco price XMG": 3.75e-06, "Duino-Coin Server API": "github.com/revoxhere/duino-coin", "Kolka": {"Banned": 5912, "Jailed": 177}, "Last block hash": "8de4bc0b3fa1580ec7f3421feb9644fc8ead02b8", "Last sync": 1715269581.960845, "Last update": "09/05/2024 15:46:21 (UTC)", "Mined blocks": 518163856176, "Miner distribution": {"All": 13809, "Arduino": 1995, "CPU": 854, "ESP32": 4924, "ESP8266": 4600, "GPU": 0, "Other": 20, "Phone": 1, "RPi": 1224, "Web": 191}, "Net energy usage": "12.34 kW", "Open threads": 27, "Pool hashrate": "2184.581 MH/s", "Registered users": 101721, "Server CPU usage": 31.9, "Server RAM usage": 92.2, "Server version": 4.0, "Top 10 richest miners": ["78442380.74889731 DUCO - bscDUCO", "39491496.849239975 DUCO - AlmarRido", "30792510.456 DUCO - Flowen1985", "20119947.6942 DUCO - viviana80", "17045685.805999998 DUCO - bimbasimba94", "14868532.03680271 DUCO - aimbert", "14842335.688375544 DUCO - ctecrypto", "12720440.585598174 DUCO - QQ44142894", "11314542.525155615 DUCO - duinousa", "10759939.638689265 DUCO - fiorella71"], "XXHASH hashrate": "0 H/s"}