{"Active connections": 1208, "All-time mined DUCO": 18639453.789845124, "Current difficulty": 75000, "DUCO-S1 hashrate": "1478.7 MH/s", "Duco JustSwap price": 9.765e-05, "Duco Node-S price": 5.7e-05, "Duco PancakeSwap price": 0.000594663, "Duco SushiSwap price": 0.000356015, "Duco price": 0.000594663, "Duco price BCH": 4.36e-05, "Duco price DGB": 0.0, "Duco price NANO": 1.296e-05, "Duco price RVN": 0.0, "Duco price TRX": 9.917e-05, "Duco price XMG": 0.00024555, "Duco price XRP": 0.0, "Duino-Coin Server API": "github.com/revoxhere/duino-coin", "Kolka": {"Banned": 719, "Jailed": 24}, "Last block hash": "2eb3f8271c", "Last update": "20/12/2021 05:52:58 (UTC)", "Mined blocks": 65533816054, "Miner distribution": {"All": 38133, "Arduino": 7324, "CPU": 4113, "ESP32": 10823, "ESP8266": 11968, "GPU": 0, "Other": 21, "Phone": 514, "RPi": 2447, "Web": 923}, "Net energy usage": "42.82 kW", "Open threads": 21, "Pool hashrate": "1478.73 MH/s", "Registered users": 31110, "Server CPU usage": 50.3, "Server RAM usage": 39.7, "Server version": 2.7, "Top 10 richest miners": ["4676846.799832258 DUCO - bscDUCO", "899010.9062999707 DUCO - coinexchange", "530426.5372981913 DUCO - NodeSBroker", "397162.15067505674 DUCO - James_themac", "300520.321607231 DUCO - 52Pickup", "253726.1492193653 DUCO - bimbasimba94", "249264.804861081 DUCO - miningvir", "195330.4880409976 DUCO - maticDUCO", "188782.057104081 DUCO - celoDUCO", "170241.298916613 DUCO - Bacman"], "XXHASH hashrate": "0 H/s"}