{"Active connections": 1455, "All-time mined DUCO": 53724370.73757402, "Current difficulty": 1000000, "DUCO-S1 hashrate": "4.5 GH/s", "Duco Furim price": 0.0, "Duco Node-S price": 0.0, "Duco PancakeSwap price": 7.3e-05, "Duco SunSwap price": 5.8e-05, "Duco SushiSwap price": 1.5e-05, "Duco UbeSwap price": 9.9e-05, "Duco price": 9.9e-05, "Duco price BCH": 8e-06, "Duco price NANO": 4.1e-05, "Duco price TRX": 2e-05, "Duco price XMG": 6.1e-05, "Duino-Coin Server API": "github.com/revoxhere/duino-coin", "Kolka": {"Banned": 777, "Jailed": 47}, "Last block hash": "2eb3f8271cd947cdd6469be145558a7bcb72e0d9", "Last sync": 1651864625.9783673, "Last update": "06/05/2022 19:17:07 (UTC)", "Mined blocks": 171803517235, "Miner distribution": {"All": 40246, "Arduino": 5765, "CPU": 3477, "ESP32": 13194, "ESP8266": 15118, "GPU": 0, "Other": 80, "Phone": 172, "RPi": 1995, "Web": 445}, "Net energy usage": "39.7 kW", "Open threads": 21, "Pool hashrate": "4471.36 MH/s", "Registered users": 72789, "Server CPU usage": 33.8, "Server RAM usage": 32.8, "Server version": 3.0, "Top 10 richest miners": ["24774204.70799496 DUCO - bscDUCO", "6803499.999997091 DUCO - Ochios", "4028968.142529833 DUCO - QQ44142894", "3201581.3506896514 DUCO - ivanrpz", "2210288.9385462017 DUCO - vyrdudji", "2100804.2480456983 DUCO - varanese67", "2094006.2620304665 DUCO - coinexchange", "1457494.357733561 DUCO - maticDUCO", "1209839.3105654893 DUCO - James_themac", "1025011.1050374734 DUCO - ctecrypto"], "XXHASH hashrate": "0 H/s"}