{"Active connections": 1452, "All-time mined DUCO": 19507017.83510445, "Current difficulty": 125000, "DUCO-S1 hashrate": "1303.2 MH/s", "Duco JustSwap price": 0.00114647, "Duco Node-S price": 0.00013, "Duco PancakeSwap price": 0.000594663, "Duco SushiSwap price": 0.000356015, "Duco price": 0.00176469, "Duco price BCH": 0.00028401, "Duco price DGB": 0.0, "Duco price NANO": 4.87e-05, "Duco price RVN": 0.0, "Duco price TRX": 0.00033388, "Duco price XMG": 0.00120998, "Duco price XRP": 0.0, "Duino-Coin Server API": "github.com/revoxhere/duino-coin", "Kolka": {"Banned": 704, "Jailed": 24}, "Last block hash": "2eb3f8271c", "Last update": "29/11/2021 02:32:30 (UTC)", "Mined blocks": 50032357999, "Miner distribution": {"All": 36894, "Arduino": 6432, "CPU": 3691, "ESP32": 11092, "ESP8266": 12395, "GPU": 0, "Other": 44, "Phone": 362, "RPi": 2075, "Web": 803}, "Net energy usage": "39.51 kW", "Open threads": 21, "Pool hashrate": "1303.19 MH/s", "Registered users": 26767, "Server CPU usage": 47.6, "Server RAM usage": 41.1, "Server version": 2.7, "Top 10 richest miners": ["3853330.8911353294 DUCO - bscDUCO", "1371270.0881483299 DUCO - coinexchange", "592829.674936279 DUCO - NodeSBroker", "351150.32673709 DUCO - James_themac", "300520.321607231 DUCO - 52Pickup", "188488.057104081 DUCO - celoDUCO", "170241.298916613 DUCO - Bacman", "148353.3294705321 DUCO - maticDUCO", "119999.999999999 DUCO - rootbori", "113387.35117249 DUCO - amornlit"], "XXHASH hashrate": "0 H/s"}