{"Active connections": 934, "All-time mined DUCO": 745213390.7040564, "Current difficulty": 200000, "DUCO-S1 hashrate": "1.734 GH/s", "Duco FluffySwap price": 8.547e-06, "Duco Furim price": 0.0, "Duco Node-S price": 0.0, "Duco PancakeSwap price": 8.57789e-06, "Duco SunSwap price": 0.00013754, "Duco SushiSwap price": 1.2962107682626e-05, "Duco UbeSwap price": 1.1191491992827553e-05, "Duco price": 0.00018634, "Duco price BCH": 0.0001354, "Duco price NANO": 0.00018634, "Duco price TRX": 1.221e-05, "Duco price XMG": 3.684e-05, "Duino-Coin Server API": "github.com/revoxhere/duino-coin", "Kolka": {"Banned": 5970, "Jailed": 183}, "Last block hash": "8de4bc0b3fa1580ec7f3421feb9644fc8ead02b8", "Last sync": 1719519907.3099244, "Last update": "27/06/2024 20:25:07 (UTC)", "Mined blocks": 530906582117, "Miner distribution": {"All": 17800, "Arduino": 2324, "CPU": 961, "ESP32": 7338, "ESP8266": 5791, "GPU": 0, "Other": 16, "Phone": 20, "RPi": 1105, "Web": 245}, "Net energy usage": "14.49 kW", "Open threads": 29, "Pool hashrate": "1734.496 MH/s", "Registered users": 103506, "Server CPU usage": 57.9, "Server RAM usage": 90.8, "Server version": 4.0, "Top 10 richest miners": ["248780716.91242993 DUCO - coinexchange", "79668478.50800352 DUCO - bscDUCO", "29548821.707830127 DUCO - AlmarRido", "24635208.6964704 DUCO - Flowen1985", "22851221.472 DUCO - bimbasimba94", "20120447.6942 DUCO - viviana80", "14898386.103748439 DUCO - aimbert", "14847133.194062889 DUCO - ctecrypto", "14175433.856339235 DUCO - duinousa", "12721940.59109726 DUCO - QQ44142894"], "XXHASH hashrate": "0 H/s"}