{"Active connections": 860, "All-time mined DUCO": 738736586.7532874, "Current difficulty": 200000, "DUCO-S1 hashrate": "2.285 GH/s", "Duco FluffySwap price": 8.721999999999999e-06, "Duco Furim price": 0.0, "Duco Node-S price": 0.0, "Duco PancakeSwap price": 8.57789e-06, "Duco SunSwap price": 0.00010127, "Duco SushiSwap price": 1.2962107682626e-05, "Duco UbeSwap price": 1.1191491992827553e-05, "Duco price": 0.00024, "Duco price BCH": 0.00015959, "Duco price NANO": 0.00024, "Duco price TRX": 1.245e-05, "Duco price XMG": 3.75e-06, "Duino-Coin Server API": "github.com/revoxhere/duino-coin", "Kolka": {"Banned": 5922, "Jailed": 181}, "Last block hash": "8de4bc0b3fa1580ec7f3421feb9644fc8ead02b8", "Last sync": 1715854058.2091546, "Last update": "16/05/2024 10:07:38 (UTC)", "Mined blocks": 519769493850, "Miner distribution": {"All": 17410, "Arduino": 2083, "CPU": 985, "ESP32": 6853, "ESP8266": 5894, "GPU": 0, "Other": 17, "Phone": 29, "RPi": 1317, "Web": 232}, "Net energy usage": "14.81 kW", "Open threads": 28, "Pool hashrate": "2284.808 MH/s", "Registered users": 101946, "Server CPU usage": 31.4, "Server RAM usage": 93.4, "Server version": 4.0, "Top 10 richest miners": ["78745233.74889731 DUCO - bscDUCO", "39493232.42763998 DUCO - AlmarRido", "30792510.456 DUCO - Flowen1985", "20119947.6942 DUCO - viviana80", "17045685.805999998 DUCO - bimbasimba94", "14868542.095396996 DUCO - aimbert", "14842806.213552745 DUCO - ctecrypto", "12720440.585598174 DUCO - QQ44142894", "11314795.507415844 DUCO - duinousa", "10759939.638689265 DUCO - fiorella71"], "XXHASH hashrate": "0 H/s"}