{"Active connections": 977, "All-time mined DUCO": 19019138.245048724, "Current difficulty": 75000, "DUCO-S1 hashrate": "1406.2 MH/s", "Duco JustSwap price": 9.856e-05, "Duco Node-S price": 2.1e-05, "Duco PancakeSwap price": 0.000594663, "Duco SushiSwap price": 0.000356015, "Duco price": 0.000594663, "Duco price BCH": 4.475e-05, "Duco price DGB": 0.0, "Duco price NANO": 1.424e-05, "Duco price RVN": 0.0, "Duco price TRX": 0.00010107, "Duco price XMG": 0.00025845, "Duco price XRP": 0.0, "Duino-Coin Server API": "github.com/revoxhere/duino-coin", "Kolka": {"Banned": 721, "Jailed": 24}, "Last block hash": "2eb3f8271c", "Last update": "22/12/2021 20:25:54 (UTC)", "Mined blocks": 67489037282, "Miner distribution": {"All": 32050, "Arduino": 7140, "CPU": 4235, "ESP32": 7966, "ESP8266": 8782, "GPU": 0, "Other": 30, "Phone": 285, "RPi": 2564, "Web": 1048}, "Net energy usage": "41.08 kW", "Open threads": 21, "Pool hashrate": "1406.24 MH/s", "Registered users": 31501, "Server CPU usage": 55.3, "Server RAM usage": 44.3, "Server version": 2.7, "Top 10 richest miners": ["4680445.926725629 DUCO - bscDUCO", "867006.2662999706 DUCO - coinexchange", "530426.5372981913 DUCO - NodeSBroker", "397162.15067505674 DUCO - James_themac", "300520.321607231 DUCO - 52Pickup", "299933.04200423014 DUCO - bimbasimba94", "249264.804861081 DUCO - miningvir", "199713.64342534757 DUCO - maticDUCO", "190582.057104081 DUCO - celoDUCO", "170241.298916613 DUCO - Bacman"], "XXHASH hashrate": "0 H/s"}