{"Active connections": 1697, "All-time mined DUCO": 52242212.40202744, "Current difficulty": 1000000, "DUCO-S1 hashrate": "4.2 GH/s", "Duco Furim price": 0.0, "Duco Node-S price": 0.0, "Duco PancakeSwap price": 8.4e-05, "Duco SunSwap price": 6.5e-05, "Duco SushiSwap price": 2.4e-05, "Duco UbeSwap price": 0.000304, "Duco price": 0.000304, "Duco price BCH": 9e-06, "Duco price NANO": 5.1e-05, "Duco price TRX": 1.6e-05, "Duco price XMG": 6.4e-05, "Duino-Coin Server API": "github.com/revoxhere/duino-coin", "Kolka": {"Banned": 745, "Jailed": 47}, "Last block hash": "2eb3f8271cd947cdd6469be145558a7bcb72e0d9", "Last sync": 1650918279.9632983, "Last update": "25/04/2022 20:24:41 (UTC)", "Mined blocks": 163349918734, "Miner distribution": {"All": 41358, "Arduino": 6326, "CPU": 3635, "ESP32": 13063, "ESP8266": 15638, "GPU": 0, "Other": 94, "Phone": 166, "RPi": 2016, "Web": 420}, "Net energy usage": "41.02 kW", "Open threads": 21, "Pool hashrate": "4186.27 MH/s", "Registered users": 71263, "Server CPU usage": 38.8, "Server RAM usage": 56.3, "Server version": 3.0, "Top 10 richest miners": ["22801262.103153344 DUCO - bscDUCO", "6349649.914401649 DUCO - Ochios", "3980508.4120304678 DUCO - coinexchange", "3000191.9141249224 DUCO - varanese67", "2751689.009799896 DUCO - QQ44142894", "2210290.409037197 DUCO - vyrdudji", "1242036.392057218 DUCO - maticDUCO", "1222450.8600211316 DUCO - ivanrpz", "1209839.3043566686 DUCO - James_themac", "957612.1405893008 DUCO - econnaty"], "XXHASH hashrate": "0 H/s"}