{"Active connections": 1089, "All-time mined DUCO": 92364251.35294315, "Current difficulty": 75000, "DUCO-S1 hashrate": "3.2 GH/s", "Duco FluffySwap price": 1.1431e-05, "Duco Furim price": 0.0, "Duco Node-S price": 0.0, "Duco PancakeSwap price": 3.73398e-05, "Duco SunSwap price": 8.028e-05, "Duco SushiSwap price": 4.69978e-05, "Duco UbeSwap price": 2.929910624286002e-05, "Duco price": 8.028e-05, "Duco price BCH": 1.633e-05, "Duco price NANO": 7.13e-06, "Duco price TRX": 6.17e-06, "Duco price XMG": 5.642e-05, "Duino-Coin Server API": "github.com/revoxhere/duino-coin", "Kolka": {"Banned": 1114, "Jailed": 85}, "Last block hash": "8de4bc0b3fa1580ec7f3421feb9644fc8ead02b8", "Last sync": 1666639479.1520102, "Last update": "24/10/2022 19:24:46 (UTC)", "Mined blocks": 287688056062, "Miner distribution": {"All": 39344, "Arduino": 4797, "CPU": 2438, "ESP32": 13563, "ESP8266": 16737, "GPU": 0, "Other": 39, "Phone": 68, "RPi": 1286, "Web": 416}, "Net energy usage": "32.67 kW", "Open threads": 23, "Pool hashrate": "3197.33 MH/s", "Registered users": 81816, "Server CPU usage": 51.9, "Server RAM usage": 39.5, "Server version": 3.0, "Top 10 richest miners": ["38401231.025158234 DUCO - bscDUCO", "29779854.997088045 DUCO - coinexchange", "15965319.80435637 DUCO - Ochios", "11692429.559071772 DUCO - QQ44142894", "2384193.1418357054 DUCO - lordachoo", "2368507.0 DUCO - Brunomoyses23", "2210288.919161586 DUCO - vyrdudji", "1615510.8630387518 DUCO - maticDUCO", "1457898.898 DUCO - amornlit", "1274893.8949313895 DUCO - Skywalker"], "XXHASH hashrate": "0 H/s"}