{"Duino-Coin Server API": "github.com/revoxhere/duino-coin", "Server version": 2.7, "Active connections": 14583, "Open threads": 24, "Server CPU usage": 68.5, "Server RAM usage": 41.0, "Last update": "07/10/2021 05:43:53 (UTC)", "Net energy usage": "53.14 kW", "Pool hashrate": "1052.88 MH/s", "DUCO-S1 hashrate": "1052.9 MH/s", "XXHASH hashrate": "0 H/s", "Duco price": 0.0027405, "Duco price XMG": 0.0027405, "Duco price BCH": 0.00052133, "Duco price RVN": 0.00073971, "Duco price TRX": 0.00074549, "Duco price XRP": 0.0003, "Duco price DGB": 0.00075031, "Duco price NANO": 0.00074719, "Duco price FJC": 0.00075, "Duco Node-S price": 0.000561, "Duco JustSwap price": 0.00125964, "Duco PancakeSwap price": 0.00118747, "Duco SushiSwap price": 0.00071302, "Registered users": 19686, "All-time mined DUCO": 13101593.941872051, "Current difficulty": 1014875, "Mined blocks": 24357079326, "Last block hash": "730b6127b9", "Kolka": {"Jailed": 24, "Banned": 663}, "Miner distribution": {"GPU": 0, "CPU": 2774, "RPi": 1610, "Phone": 193, "Web": 619, "ESP32": 9595, "ESP8266": 10520, "Arduino": 4056, "Other": 65, "All": 29432}, "Top 10 richest miners": ["2447222.023044363 DUCO - bscDUCO", "911880.7902160354 DUCO - James_themac", "521520.1555491204 DUCO - 52Pickup", "172560.91591454003 DUCO - coinexchange", "170240.13285850236 DUCO - Bacman", "169533.10104597002 DUCO - celoDUCO", "123688.33024560922 DUCO - bimbasimba94", "123387.18511437952 DUCO - amornlit", "121589.544593911 DUCO - rootbori", "87124.94160749546 DUCO - caancom"]}