{"Active connections": 1310, "All-time mined DUCO": 173337596.19480288, "Current difficulty": 75000, "DUCO-S1 hashrate": "2.5 GH/s", "Duco FluffySwap price": 1.7905999999999998e-05, "Duco Furim price": 0.0, "Duco Node-S price": 0.0, "Duco PancakeSwap price": 4.72635e-05, "Duco SunSwap price": 5.014e-05, "Duco SushiSwap price": 3.49854e-06, "Duco UbeSwap price": 2.8527881779927768e-05, "Duco price": 5.014e-05, "Duco price BCH": 2.558e-05, "Duco price NANO": 1.634e-05, "Duco price TRX": 4.11e-05, "Duco price XMG": 0.0, "Duino-Coin Server API": "github.com/revoxhere/duino-coin", "Kolka": {"Banned": 1218, "Jailed": 93}, "Last block hash": "8de4bc0b3fa1580ec7f3421feb9644fc8ead02b8", "Last sync": 1672061622.50771, "Last update": "26/12/2022 13:33:48 (UTC)", "Mined blocks": 328348223240, "Miner distribution": {"All": 33318, "Arduino": 3693, "CPU": 1251, "ESP32": 12620, "ESP8266": 13798, "GPU": 0, "Other": 25, "Phone": 5, "RPi": 1570, "Web": 356}, "Net energy usage": "23.61 kW", "Open threads": 26, "Pool hashrate": "2487.66 MH/s", "Registered users": 85939, "Server CPU usage": 41.8, "Server RAM usage": 31.1, "Server version": 3.0, "Top 10 richest miners": ["39089108.73070239 DUCO - bscDUCO", "20119945.00125 DUCO - viviana80", "14965357.425395073 DUCO - Ochios", "13675069.027134433 DUCO - ctecrypto", "11692429.559071772 DUCO - QQ44142894", "10759939.638689265 DUCO - fiorella71", "8125736.123916335 DUCO - Orion_0x43b", "6807172.358751721 DUCO - lordachoo", "4267666.823 DUCO - Demoel", "2621359.7535008327 DUCO - msdo1006"], "XXHASH hashrate": "0 H/s"}