{"Active connections": 1119, "All-time mined DUCO": 176756874.51246068, "Current difficulty": 75000, "DUCO-S1 hashrate": "2.5 GH/s", "Duco FluffySwap price": 1.7962e-05, "Duco Furim price": 0.0, "Duco Node-S price": 0.0, "Duco PancakeSwap price": 4.29869e-05, "Duco SunSwap price": 4.981e-05, "Duco SushiSwap price": 3.56041e-06, "Duco UbeSwap price": 2.832057037232638e-05, "Duco price": 4.981e-05, "Duco price BCH": 2.566e-05, "Duco price NANO": 1.643e-05, "Duco price TRX": 4.083e-05, "Duco price XMG": 0.0, "Duino-Coin Server API": "github.com/revoxhere/duino-coin", "Kolka": {"Banned": 1221, "Jailed": 93}, "Last block hash": "8de4bc0b3fa1580ec7f3421feb9644fc8ead02b8", "Last sync": 1672126700.4422414, "Last update": "27/12/2022 07:38:23 (UTC)", "Mined blocks": 328780082188, "Miner distribution": {"All": 32746, "Arduino": 3602, "CPU": 1251, "ESP32": 12345, "ESP8266": 13568, "GPU": 0, "Other": 27, "Phone": 20, "RPi": 1591, "Web": 342}, "Net energy usage": "23.39 kW", "Open threads": 24, "Pool hashrate": "2524.6 MH/s", "Registered users": 85981, "Server CPU usage": 43.5, "Server RAM usage": 33.2, "Server version": 3.0, "Top 10 richest miners": ["39089108.73070239 DUCO - bscDUCO", "20119945.00125 DUCO - viviana80", "14965357.425395073 DUCO - Ochios", "13675146.474935886 DUCO - ctecrypto", "11692429.559071772 DUCO - QQ44142894", "10759939.638689265 DUCO - fiorella71", "8125736.123916335 DUCO - Orion_0x43b", "6807324.300658817 DUCO - lordachoo", "4267666.823 DUCO - Demoel", "2708019.393 DUCO - sudoerrno"], "XXHASH hashrate": "0 H/s"}