{"Active connections": 948, "All-time mined DUCO": 713897121.4637376, "Current difficulty": 75000, "DUCO-S1 hashrate": "2.1 GH/s", "Duco FluffySwap price": 1.8339999999999997e-06, "Duco Furim price": 0.0, "Duco Node-S price": 0.0, "Duco PancakeSwap price": 1.71998e-05, "Duco SunSwap price": 2.382e-05, "Duco SushiSwap price": 1.66649e-05, "Duco UbeSwap price": 2.9828006500541712e-05, "Duco price": 2.9828006500541712e-05, "Duco price BCH": 2.63e-06, "Duco price NANO": 1.83e-06, "Duco price TRX": 2.28e-06, "Duco price XMG": 0.0, "Duino-Coin Server API": "github.com/revoxhere/duino-coin", "Kolka": {"Banned": 1346, "Jailed": 123}, "Last block hash": "8de4bc0b3fa1580ec7f3421feb9644fc8ead02b8", "Last sync": 1681405983.3312113, "Last update": "13/04/2023 17:13:08 (UTC)", "Mined blocks": 385542135851, "Miner distribution": {"All": 28618, "Arduino": 3400, "CPU": 1027, "ESP32": 10886, "ESP8266": 11372, "GPU": 0, "Other": 44, "Phone": 27, "RPi": 1564, "Web": 298}, "Net energy usage": "20.18 kW", "Open threads": 24, "Pool hashrate": "2149.78 MH/s", "Registered users": 91607, "Server CPU usage": 53.9, "Server RAM usage": 45.9, "Server version": 3.0, "Top 10 richest miners": ["495743830.67087966 DUCO - coinexchange", "477865384.5389794 DUCO - coinexchange", "42861775.566 DUCO - bscDUCO", "20119947.6942 DUCO - viviana80", "15115368.927099999 DUCO - Ochios", "12720440.559071772 DUCO - QQ44142894", "10759939.638689265 DUCO - fiorella71", "8125736.123916335 DUCO - Orion_0x43b", "7200131.117279907 DUCO - msdo1006", "6831906.294419504 DUCO - lordachoo"], "XXHASH hashrate": "0 H/s"}