{"Active connections": 820, "All-time mined DUCO": 702914760.4628794, "Current difficulty": 75000, "DUCO-S1 hashrate": "2.0 GH/s", "Duco FluffySwap price": 1.7569999999999999e-06, "Duco Furim price": 0.0, "Duco Node-S price": 0.0, "Duco PancakeSwap price": 1.7081e-05, "Duco SunSwap price": 2.422e-05, "Duco SushiSwap price": 1.82031e-05, "Duco UbeSwap price": 2.996165722235418e-05, "Duco price": 2.996165722235418e-05, "Duco price BCH": 2.51e-06, "Duco price NANO": 1.83e-06, "Duco price TRX": 2.32e-06, "Duco price XMG": 0.0, "Duino-Coin Server API": "github.com/revoxhere/duino-coin", "Kolka": {"Banned": 1340, "Jailed": 117}, "Last block hash": "8de4bc0b3fa1580ec7f3421feb9644fc8ead02b8", "Last sync": 1680848511.7489913, "Last update": "07/04/2023 06:21:56 (UTC)", "Mined blocks": 382098022848, "Miner distribution": {"All": 27665, "Arduino": 3496, "CPU": 965, "ESP32": 10578, "ESP8266": 10849, "GPU": 0, "Other": 14, "Phone": 20, "RPi": 1522, "Web": 221}, "Net energy usage": "19.28 kW", "Open threads": 24, "Pool hashrate": "1970.91 MH/s", "Registered users": 91313, "Server CPU usage": 55.6, "Server RAM usage": 46.1, "Server version": 3.0, "Top 10 richest miners": ["495743830.67087966 DUCO - coinexchange", "489562924.891748 DUCO - coinexchange", "36175329.566 DUCO - bscDUCO", "20119947.6942 DUCO - viviana80", "15115364.7271 DUCO - Ochios", "12720440.559071772 DUCO - QQ44142894", "10759939.638689265 DUCO - fiorella71", "8125736.123916335 DUCO - Orion_0x43b", "6829531.044602651 DUCO - lordachoo", "6786331.040453495 DUCO - msdo1006"], "XXHASH hashrate": "0 H/s"}