{"Active connections": 794, "All-time mined DUCO": 92823025.09063509, "Current difficulty": 75000, "DUCO-S1 hashrate": "2.9 GH/s", "Duco FluffySwap price": 1.1431e-05, "Duco Furim price": 0.0, "Duco Node-S price": 0.0, "Duco PancakeSwap price": 3.45936e-05, "Duco SunSwap price": 0.000108, "Duco SushiSwap price": 3.14438e-05, "Duco UbeSwap price": 2.9098580230377713e-05, "Duco price": 0.000108, "Duco price BCH": 1.633e-05, "Duco price NANO": 7.45e-06, "Duco price TRX": 6.19e-06, "Duco price XMG": 5.756e-05, "Duino-Coin Server API": "github.com/revoxhere/duino-coin", "Kolka": {"Banned": 1092, "Jailed": 83}, "Last block hash": "8de4bc0b3fa1580ec7f3421feb9644fc8ead02b8", "Last sync": 1665896891.40613, "Last update": "16/10/2022 05:08:12 (UTC)", "Mined blocks": 281783466458, "Miner distribution": {"All": 38184, "Arduino": 4548, "CPU": 1980, "ESP32": 13762, "ESP8266": 16298, "GPU": 0, "Other": 12, "Phone": 23, "RPi": 1178, "Web": 383}, "Net energy usage": "29.39 kW", "Open threads": 23, "Pool hashrate": "2931.33 MH/s", "Registered users": 81187, "Server CPU usage": 35.6, "Server RAM usage": 30.2, "Server version": 3.0, "Top 10 richest miners": ["42186345.76812171 DUCO - coinexchange", "36546079.437422335 DUCO - bscDUCO", "15965318.216999998 DUCO - Ochios", "6974991.289071771 DUCO - QQ44142894", "4075220.2860000003 DUCO - AlmarRido", "2497584.3255890333 DUCO - goddani", "2368507.0 DUCO - Brunomoyses23", "2210288.919161586 DUCO - vyrdudji", "1904068.82457091 DUCO - giveaways", "1618176.8630387518 DUCO - maticDUCO"], "XXHASH hashrate": "0 H/s"}