{"Duino-Coin Server API": "github.com/revoxhere/duino-coin", "Server version": 2.7, "Active connections": 21390, "Open threads": 24, "Server CPU usage": 73.6, "Server RAM usage": 29.3, "Last update": "07/09/2021 19:51:39 (UTC)", "Net energy usage": "0 W", "Pool hashrate": "0 H/s", "DUCO-S1 hashrate": "0 H/s", "XXHASH hashrate": "0 H/s", "Duco price": 0.00774435, "Duco price XMG": 0.00141102, "Duco price BCH": 0.00122154, "Duco price RVN": 0.00028415, "Duco price TRX": 0.00114656, "Duco price XRP": 0.00109, "Duco price DGB": 0.00104647, "Duco price NANO": 0.0010878, "Duco price FJC": 0.00774435, "Duco Node-S price": 0, "Duco JustSwap price": 0.00413944, "Duco PancakeSwap price": 0.00194971, "Registered users": 16876, "All-time mined DUCO": 8603671.268095192, "Current difficulty": 609490, "Mined blocks": 14627754751, "Last block hash": "730b6127b9", "Kolka": {"Jailed": 21, "Banned": 595}, "Miner distribution": {"GPU": 0, "CPU": 0, "RPi": 0, "Phone": 0, "Web": 0, "ESP32": 0, "ESP8266": 0, "Arduino": 0, "Other": 0}, "Top 10 richest miners": ["1817964.7930707447 DUCO - bscDUCO", "495135.925869673 DUCO - coinexchange", "240000.1555491204 DUCO - 52Pickup", "218553.35542852155 DUCO - WannaCry", "169937.594875061 DUCO - Bacman", "119916.18666634202 DUCO - rootbori", "113387.18511437952 DUCO - amornlit", "86305.32054331023 DUCO - caancom", "51253.587965481565 DUCO - ducodoly", "50288.45762651612 DUCO - duinocrfsh"]}