{"Active connections": 1176, "All-time mined DUCO": 182009515.16194555, "Current difficulty": 75000, "DUCO-S1 hashrate": "2.5 GH/s", "Duco FluffySwap price": 1.0507e-05, "Duco Furim price": 0.0, "Duco Node-S price": 0.0, "Duco PancakeSwap price": 4.86354e-05, "Duco SunSwap price": 4.952e-05, "Duco SushiSwap price": 1.41803e-05, "Duco UbeSwap price": 2.9070350918275183e-05, "Duco price": 4.952e-05, "Duco price BCH": 1.5e-05, "Duco price NANO": 6.87e-06, "Duco price TRX": 5.41e-06, "Duco price XMG": 0.0, "Duino-Coin Server API": "github.com/revoxhere/duino-coin", "Kolka": {"Banned": 1211, "Jailed": 93}, "Last block hash": "8de4bc0b3fa1580ec7f3421feb9644fc8ead02b8", "Last sync": 1671507930.5469282, "Last update": "20/12/2022 03:45:33 (UTC)", "Mined blocks": 324559776596, "Miner distribution": {"All": 34171, "Arduino": 3755, "CPU": 1302, "ESP32": 13000, "ESP8266": 14002, "GPU": 0, "Other": 10, "Phone": 30, "RPi": 1617, "Web": 455}, "Net energy usage": "24.38 kW", "Open threads": 24, "Pool hashrate": "2540.79 MH/s", "Registered users": 85613, "Server CPU usage": 42.4, "Server RAM usage": 53.8, "Server version": 3.0, "Top 10 richest miners": ["39082807.73070239 DUCO - bscDUCO", "20119945.00125 DUCO - viviana80", "14965357.425385073 DUCO - Ochios", "13674403.026803855 DUCO - ctecrypto", "11692429.559071772 DUCO - QQ44142894", "10759939.638689265 DUCO - fiorella71", "8125736.123916335 DUCO - Orion_0x43b", "5713269.379679258 DUCO - Alessandro_Duino", "4267666.823 DUCO - Demoel", "3899000.2068999996 DUCO - AlmarRido"], "XXHASH hashrate": "0 H/s"}