{"Active connections": 1297, "All-time mined DUCO": 239566560.07841086, "Current difficulty": 75000, "DUCO-S1 hashrate": "2.4 GH/s", "Duco FluffySwap price": 3.4229999999999997e-06, "Duco Furim price": 0.0, "Duco Node-S price": 0.0, "Duco PancakeSwap price": 3.17471e-05, "Duco SunSwap price": 5.881e-05, "Duco SushiSwap price": 6.48802e-06, "Duco UbeSwap price": 2.8567641015443758e-05, "Duco price": 5.881e-05, "Duco price BCH": 4.89e-06, "Duco price NANO": 3.32e-06, "Duco price TRX": 4.87e-06, "Duco price XMG": 0.0, "Duino-Coin Server API": "github.com/revoxhere/duino-coin", "Kolka": {"Banned": 1295, "Jailed": 101}, "Last block hash": "8de4bc0b3fa1580ec7f3421feb9644fc8ead02b8", "Last sync": 1676302492.392077, "Last update": "13/02/2023 15:34:57 (UTC)", "Mined blocks": 354950474719, "Miner distribution": {"All": 30409, "Arduino": 3564, "CPU": 1212, "ESP32": 11721, "ESP8266": 11949, "GPU": 0, "Other": 9, "Phone": 38, "RPi": 1572, "Web": 344}, "Net energy usage": "22.06 kW", "Open threads": 24, "Pool hashrate": "2354.24 MH/s", "Registered users": 88808, "Server CPU usage": 52.5, "Server RAM usage": 52.9, "Server version": 3.0, "Top 10 richest miners": ["43908735.867 DUCO - AlmarRido", "41486967.794576176 DUCO - bscDUCO", "20119946.6942 DUCO - viviana80", "16046513.641486455 DUCO - coinexchange", "15115363.695 DUCO - Ochios", "11692429.559071772 DUCO - QQ44142894", "11495650.27 DUCO - infternet", "10759939.638689265 DUCO - fiorella71", "9636916.746971795 DUCO - paranoid64", "8125736.123916335 DUCO - Orion_0x43b"], "XXHASH hashrate": "0 H/s"}