{"Active connections": 1087, "All-time mined DUCO": 64725782.80966758, "Current difficulty": 75000, "DUCO-S1 hashrate": "2.8 GH/s", "Duco Furim price": 0.0, "Duco Node-S price": 0.0, "Duco PancakeSwap price": 5e-05, "Duco SunSwap price": 0.000335, "Duco SushiSwap price": 3.9e-05, "Duco UbeSwap price": 3.5e-05, "Duco price": 0.000335, "Duco price BCH": 3.4e-05, "Duco price NANO": 2.6e-05, "Duco price TRX": 2.1e-05, "Duco price XMG": 1.7e-05, "Duino-Coin Server API": "github.com/revoxhere/duino-coin", "Kolka": {"Banned": 967, "Jailed": 74}, "Last block hash": "2eb3f8271cd947cdd6469be145558a7bcb72e0d9", "Last sync": 1660641677.1900697, "Last update": "16/08/2022 09:21:18 (UTC)", "Mined blocks": 242574039614, "Miner distribution": {"All": 35975, "Arduino": 4677, "CPU": 1930, "ESP32": 12477, "ESP8266": 15235, "GPU": 0, "Other": 50, "Phone": 44, "RPi": 1168, "Web": 394}, "Net energy usage": "28.06 kW", "Open threads": 22, "Pool hashrate": "2770.21 MH/s", "Registered users": 76469, "Server CPU usage": 40.1, "Server RAM usage": 48.9, "Server version": 3.0, "Top 10 richest miners": ["41595562.85504087 DUCO - bscDUCO", "37437204.87167597 DUCO - coinexchange", "6974991.289071771 DUCO - QQ44142894", "2368507.0 DUCO - Brunomoyses23", "2210288.9385462017 DUCO - vyrdudji", "1530699.0909627243 DUCO - renderman", "1455790.878482183 DUCO - maticDUCO", "1436226.401 DUCO - amornlit", "1209839.3183971192 DUCO - James_themac", "861646.967104081 DUCO - celoDUCO"], "XXHASH hashrate": "0 H/s"}