{"Duino-Coin Server API": "github.com/revoxhere/duino-coin", "Server version": 2.6, "Active connections": 1, "Open threads": 11, "Server CPU usage": 50, "Server RAM usage": 50, "Last update": "22/08/2021 09:57:41 (UTC)", "Net energy usage": "0 W", "Pool hashrate": "0 H/s", "DUCO-S1 hashrate": "0 H/s", "XXHASH hashrate": "0 H/s", "Duco price": 0.0065, "Duco price XMG": 0.0065, "Duco price BCH": 0.0065, "Duco price TRX": 0.0065, "Duco price XRP": 0.0065, "Duco price DGB": 0.0065, "Duco price NANO": 0.0065, "Duco price FJC": 0.0065, "Duco Node-S price": 0.0065, "Duco JustSwap price": 0.0065, "Duco PancakeSwap price": 0.00420784, "Registered users": 22441, "All-time mined DUCO": 6623474.498690251, "Current difficulty": 507996, "Mined blocks": 12191890150, "Last block hash": "dec8f4a0c2", "Kolka": {"Jailed": 0, "Banned": 441}, "Miner distribution": {"GPU": 0, "CPU": 0, "RPi": 0, "ESP32": 0, "ESP8266": 0, "Arduino": 0, "Other": 0}, "Top 10 richest miners": ["635602.5416007207 DUCO - bscDUCO", "272460.83477963257 DUCO - coinexchange", "235674.89672973755 DUCO - 52Pickup", "169947.96818194303 DUCO - Bacman", "113387.18511437952 DUCO - amornlit", "106883.76488499498 DUCO - WannaCry", "93029.31003516639 DUCO - zero0", "86286.91972979225 DUCO - caancom", "50627.758813474196 DUCO - rootbori", "50288.45762651612 DUCO - duinocrfsh"], "Active workers": {}}