{"Duino-Coin Server API": "github.com/revoxhere/duino-coin", "Server version": 2.6, "Active connections": 6184, "Open threads": 21, "Server CPU usage": 66.5, "Server RAM usage": 60.5, "Last update": "14/08/2021 11:13:54 (UTC)", "Net energy usage": "86.01 kW", "Pool hashrate": "4.7492 GH/s", "DUCO-S1 hashrate": "4.6 GH/s", "XXHASH hashrate": "186.9 MH/s", "Duco price": 0.015304, "Duco price XMG": 0.01530362, "Duco price BCH": 0.00161947, "Duco price TRX": 0.00174844, "Duco price XRP": 0.00196, "Duco price DGB": 0.00183285, "Duco Node-S price": 0.015304, "Duco JustSwap price": 0.00114723, "Duco PancakeSwap price": 0.00507655, "Registered users": 19636, "All-time mined DUCO": 5380904.588885445, "Current difficulty": 425306, "Mined blocks": 10207513468, "Last block hash": "bff9f52ff3", "Kolka": {"Jailed": 0, "Banned": 417}, "Miner distribution": {"GPU": 0, "CPU": 6395, "RPi": 1913, "ESP32": 7757, "ESP8266": 10229, "Arduino": 5785, "Other": 232}, "Top 10 richest miners": ["469800.29749348783 DUCO - bscDUCO", "169557.53898905427 DUCO - Bacman", "113031.00203413918 DUCO - amornlit", "102410.76328515123 DUCO - 52Pickup", "86065.00523436807 DUCO - caancom", "80000.90636678287 DUCO - noixauvk", "69763.51377963257 DUCO - coinexchange", "50288.45762651612 DUCO - duinocrfsh", "50180.57020975371 DUCO - rootbori", "47119.90790638301 DUCO - chipsa"]}