{"Duino-Coin Server API": "github.com/revoxhere/duino-coin", "Server version": 2.6, "Active connections": 5313, "Open threads": 22, "Server CPU usage": 55.1, "Server RAM usage": 59.4, "Last update": "14/08/2021 01:52:11 (UTC)", "Net energy usage": "76.67 kW", "Pool hashrate": "2.2004 GH/s", "DUCO-S1 hashrate": "2.2 GH/s", "XXHASH hashrate": "25.6 MH/s", "Duco price": 0.015304, "Duco price XMG": 0.01530362, "Duco price BCH": 0.00164308, "Duco price TRX": 0.00178196, "Duco price XRP": 0.0019075, "Duco price DGB": 0.00190374, "Duco Node-S price": 0.015304, "Duco JustSwap price": 0.00627652, "Duco PancakeSwap price": 0.00420784, "Registered users": 19542, "All-time mined DUCO": 5278911.1822593855, "Current difficulty": 418748, "Mined blocks": 10049972626, "Last block hash": "229e29090d", "Kolka": {"Jailed": 0, "Banned": 417}, "Miner distribution": {"GPU": 0, "CPU": 5639, "RPi": 1821, "ESP32": 7482, "ESP8266": 8818, "Arduino": 5220, "Other": 223}, "Top 10 richest miners": ["469737.57156875794 DUCO - bscDUCO", "169513.68687651577 DUCO - Bacman", "113019.91094340025 DUCO - amornlit", "110459.84627974979 DUCO - 52Pickup", "86038.17009383274 DUCO - caancom", "79999.90636678287 DUCO - noixauvk", "61858.853779632576 DUCO - coinexchange", "50288.45762651612 DUCO - duinocrfsh", "50129.567026299344 DUCO - rootbori", "47119.90790638301 DUCO - chipsa"]}