{"Duino-Coin Server API": "github.com/revoxhere/duino-coin", "Server version": 2.6, "Active connections": 8418, "Open threads": 22, "Server CPU usage": 69.3, "Server RAM usage": 49.0, "Last update": "16/08/2021 15:27:59 (UTC)", "Net energy usage": "30.78 kW", "Pool hashrate": "644.747 MH/s", "DUCO-S1 hashrate": "620.1 MH/s", "XXHASH hashrate": "24.6 MH/s", "Duco price": 0.018767, "Duco price XMG": 0.01876683, "Duco price BCH": 0.00170518, "Duco price TRX": 0.0018318, "Duco price XRP": 0.002135, "Duco price DGB": 0.00209238, "Duco Node-S price": 0.018767, "Duco JustSwap price": 0.00734309, "Duco PancakeSwap price": 0.00420784, "Registered users": 19993, "All-time mined DUCO": 5724597.975971394, "Current difficulty": 449652, "Mined blocks": 10791667018, "Last block hash": "33ab5582f5", "Kolka": {"Jailed": 0, "Banned": 417}, "Miner distribution": {"GPU": 0, "CPU": 2582, "RPi": 763, "ESP32": 1531, "ESP8266": 2325, "Arduino": 790, "Other": 66}, "Top 10 richest miners": ["544867.1045703879 DUCO - bscDUCO", "169738.28114064544 DUCO - Bacman", "113110.15677782705 DUCO - amornlit", "107496.36377963255 DUCO - coinexchange", "100107.99999999886 DUCO - WannaCry", "100101.13453716449 DUCO - 52Pickup", "86151.55023636225 DUCO - caancom", "50328.93139333234 DUCO - rootbori", "50288.45762651612 DUCO - duinocrfsh", "47119.90790638301 DUCO - chipsa"]}