{"Active connections": 1027, "All-time mined DUCO": 86642185.72829404, "Current difficulty": 1000000, "DUCO-S1 hashrate": "3.0 GH/s", "Duco Furim price": 0.0, "Duco Node-S price": 0.0, "Duco PancakeSwap price": 7.1e-05, "Duco SunSwap price": 4.5e-05, "Duco SushiSwap price": 1.8e-05, "Duco UbeSwap price": 3.5e-05, "Duco price": 8.7e-05, "Duco price BCH": 1.9e-05, "Duco price NANO": 1.6e-05, "Duco price TRX": 1.4e-05, "Duco price XMG": 8.7e-05, "Duino-Coin Server API": "github.com/revoxhere/duino-coin", "Kolka": {"Banned": 925, "Jailed": 63}, "Last block hash": "2eb3f8271cd947cdd6469be145558a7bcb72e0d9", "Last sync": 1657991614.0373268, "Last update": "16/07/2022 17:13:35 (UTC)", "Mined blocks": 224317808667, "Miner distribution": {"All": 35944, "Arduino": 4544, "CPU": 2214, "ESP32": 12205, "ESP8266": 15133, "GPU": 0, "Other": 73, "Phone": 67, "RPi": 1432, "Web": 276}, "Net energy usage": "29.99 kW", "Open threads": 22, "Pool hashrate": "3012.71 MH/s", "Registered users": 74401, "Server CPU usage": 40.3, "Server RAM usage": 50.8, "Server version": 3.0, "Top 10 richest miners": ["49392680.4773967 DUCO - coinexchange", "34835619.622689165 DUCO - bscDUCO", "16868017.35010215 DUCO - Ochios", "7753908.004094394 DUCO - ctecrypto", "6974991.289071771 DUCO - QQ44142894", "5883528.981917298 DUCO - renderman", "2368507.0 DUCO - Brunomoyses23", "2210288.9385462017 DUCO - vyrdudji", "2070152.565 DUCO - CryptSino_Exchange", "1419273.5421398599 DUCO - maticDUCO"], "XXHASH hashrate": "0 H/s"}