{"Duino-Coin Server API": "github.com/revoxhere/duino-coin", "Server version": 2.6, "Active connections": 11957, "Open threads": 21, "Server CPU usage": 75.0, "Server RAM usage": 64.0, "Last update": "17/08/2021 07:57:41 (UTC)", "Net energy usage": "9.95 kW", "Pool hashrate": "76.8665 MH/s", "DUCO-S1 hashrate": "76.8 MH/s", "XXHASH hashrate": "65.5 kH/s", "Duco price": 0.018767, "Duco price XMG": 0.01876683, "Duco price BCH": 0.00169275, "Duco price TRX": 0.00177894, "Duco price XRP": 0.002065, "Duco price DGB": 0.00201351, "Duco price NANO": 0.00153, "Duco Node-S price": 0.018767, "Duco JustSwap price": 0.00713119, "Duco PancakeSwap price": 0.00420784, "Registered users": 20091, "All-time mined DUCO": 5805120.999248611, "Current difficulty": 452906, "Mined blocks": 10869754428, "Last block hash": "fadddefd13", "Kolka": {"Jailed": 0, "Banned": 417}, "Miner distribution": {"GPU": 0, "CPU": 524, "RPi": 101, "ESP32": 1813, "ESP8266": 2551, "Arduino": 554, "Other": 29}, "Top 10 richest miners": ["551854.9895859279 DUCO - bscDUCO", "169741.7419356001 DUCO - Bacman", "131356.74377963258 DUCO - coinexchange", "120106.99999999886 DUCO - WannaCry", "113119.79604042457 DUCO - amornlit", "101401.17791420905 DUCO - 52Pickup", "86158.58772899676 DUCO - caancom", "52581.00263921596 DUCO - zero0", "50328.99879275615 DUCO - rootbori", "50288.45762651612 DUCO - duinocrfsh"]}