{"Active connections": 1512, "All-time mined DUCO": 174228209.58982325, "Current difficulty": 75000, "DUCO-S1 hashrate": "2.4 GH/s", "Duco FluffySwap price": 1.4300999999999999e-05, "Duco Furim price": 0.0, "Duco Node-S price": 0.0, "Duco PancakeSwap price": 5.04166e-05, "Duco SunSwap price": 4.984e-05, "Duco SushiSwap price": 3.52565e-06, "Duco UbeSwap price": 2.8177359360084267e-05, "Duco price": 5.04166e-05, "Duco price BCH": 2.04e-05, "Duco price NANO": 1.31e-05, "Duco price TRX": 2.723e-05, "Duco price XMG": 0.0, "Duino-Coin Server API": "github.com/revoxhere/duino-coin", "Kolka": {"Banned": 1214, "Jailed": 93}, "Last block hash": "8de4bc0b3fa1580ec7f3421feb9644fc8ead02b8", "Last sync": 1671887987.5629122, "Last update": "24/12/2022 13:19:51 (UTC)", "Mined blocks": 327218461289, "Miner distribution": {"All": 33286, "Arduino": 3812, "CPU": 1243, "ESP32": 12326, "ESP8266": 13884, "GPU": 0, "Other": 19, "Phone": 10, "RPi": 1609, "Web": 383}, "Net energy usage": "23.6 kW", "Open threads": 24, "Pool hashrate": "2447.6 MH/s", "Registered users": 85846, "Server CPU usage": 42.6, "Server RAM usage": 59.0, "Server version": 3.0, "Top 10 richest miners": ["39089108.73070239 DUCO - bscDUCO", "20119945.00125 DUCO - viviana80", "14965357.425395073 DUCO - Ochios", "13674807.167683428 DUCO - ctecrypto", "11692429.559071772 DUCO - QQ44142894", "10759939.638689265 DUCO - fiorella71", "8125736.123916335 DUCO - Orion_0x43b", "6806726.06057192 DUCO - lordachoo", "4267666.823 DUCO - Demoel", "3897617.2068999996 DUCO - AlmarRido"], "XXHASH hashrate": "0 H/s"}