{"Active connections": 368, "All-time mined DUCO": 769480666.79737, "Current difficulty": 200000, "DUCO-S1 hashrate": "1.935 GH/s", "Duco FluffySwap price": 2.1014e-05, "Duco Furim price": 0.0, "Duco Node-S price": 0.0, "Duco PancakeSwap price": 1.31425e-05, "Duco SunSwap price": 2.869e-05, "Duco SushiSwap price": 8.987494203495e-06, "Duco UbeSwap price": 1.568e-05, "Duco price": 3.622e-05, "Duco price BCH": 0.0, "Duco price NANO": 0.0, "Duco price TRX": 2.999e-05, "Duco price XMG": 3.622e-05, "Duino-Coin Server API": "github.com/revoxhere/duino-coin", "Kolka": {"Banned": 6032, "Jailed": 191}, "Last block hash": "8de4bc0b3fa1580ec7f3421feb9644fc8ead02b8", "Last sync": 1726602637.7477808, "Last update": "17/09/2024 19:50:37 (UTC)", "Mined blocks": 551344039053, "Miner distribution": {"All": 14698, "Arduino": 1996, "CPU": 791, "ESP32": 4874, "ESP8266": 5775, "GPU": 0, "Other": 10, "Phone": 10, "RPi": 1118, "Web": 124}, "Net energy usage": "12.26 kW", "Open threads": 29, "Pool hashrate": "1934.539 MH/s", "Registered users": 106094, "Server CPU usage": 57.9, "Server RAM usage": 65.8, "Server version": 4.0, "Top 10 richest miners": ["235277688.93754274 DUCO - coinexchange", "85495978.52646369 DUCO - bscDUCO", "35576240.569 DUCO - AlmarRido", "30855598.808 DUCO - Flowen1985", "18317539.132 DUCO - bimbasimba94", "16128552.502000002 DUCO - viviana80", "14958491.477834022 DUCO - aimbert", "14847133.194062889 DUCO - ctecrypto", "12721943.39257476 DUCO - QQ44142894", "11365379.695634902 DUCO - duinousa"], "XXHASH hashrate": "0 H/s"}