{"Active connections": 400, "All-time mined DUCO": 770297133.1976278, "Current difficulty": 200000, "DUCO-S1 hashrate": "1.899 GH/s", "Duco FluffySwap price": 2.1153999999999998e-05, "Duco Furim price": 0.0, "Duco Node-S price": 0.0, "Duco PancakeSwap price": 1.31425e-05, "Duco SunSwap price": 2.896e-05, "Duco SushiSwap price": 8.987494203495e-06, "Duco UbeSwap price": 1.568e-05, "Duco price": 3.824e-05, "Duco price BCH": 0.0, "Duco price NANO": 0.0, "Duco price TRX": 3.028e-05, "Duco price XMG": 3.824e-05, "Duino-Coin Server API": "github.com/revoxhere/duino-coin", "Kolka": {"Banned": 6040, "Jailed": 191}, "Last block hash": "8de4bc0b3fa1580ec7f3421feb9644fc8ead02b8", "Last sync": 1727205104.3571775, "Last update": "24/09/2024 19:11:44 (UTC)", "Mined blocks": 553070635847, "Miner distribution": {"All": 14895, "Arduino": 2032, "CPU": 725, "ESP32": 4884, "ESP8266": 5917, "GPU": 0, "Other": 12, "Phone": 9, "RPi": 1147, "Web": 169}, "Net energy usage": "12.03 kW", "Open threads": 28, "Pool hashrate": "1898.676 MH/s", "Registered users": 106305, "Server CPU usage": 52.5, "Server RAM usage": 67.9, "Server version": 4.0, "Top 10 richest miners": ["237100620.96089274 DUCO - coinexchange", "85498980.52646369 DUCO - bscDUCO", "35576240.569 DUCO - AlmarRido", "30855598.808 DUCO - Flowen1985", "18317539.132 DUCO - bimbasimba94", "16128552.502000002 DUCO - viviana80", "14958514.261856776 DUCO - aimbert", "14847133.194062889 DUCO - ctecrypto", "12721943.39257476 DUCO - QQ44142894", "11365384.179663561 DUCO - duinousa"], "XXHASH hashrate": "0 H/s"}