{"Duino-Coin Server API": "github.com/revoxhere/duino-coin", "Server version": 2.6, "Active connections": 8009, "Open threads": 25, "Server CPU usage": 67.0, "Server RAM usage": 52.8, "Last update": "14/08/2021 17:51:18 (UTC)", "Net energy usage": "73.51 kW", "Pool hashrate": "3.3425 GH/s", "DUCO-S1 hashrate": "3.3 GH/s", "XXHASH hashrate": "26.4 MH/s", "Duco price": 0.019778, "Duco price XMG": 0.01977777, "Duco price BCH": 0.00167208, "Duco price TRX": 0.00182112, "Duco price XRP": 0.0021175, "Duco price DGB": 0.00188688, "Duco Node-S price": 0.019778, "Duco JustSwap price": 0.00179349, "Duco PancakeSwap price": 0.00507655, "Registered users": 19705, "All-time mined DUCO": 5437897.674087556, "Current difficulty": 430056, "Mined blocks": 10321372820, "Last block hash": "3185ff3b96", "Kolka": {"Jailed": 0, "Banned": 417}, "Miner distribution": {"GPU": 0, "CPU": 5993, "RPi": 1576, "ESP32": 5401, "ESP8266": 5449, "Arduino": 5545, "Other": 298}, "Top 10 richest miners": ["471852.33792461775 DUCO - bscDUCO", "169596.0200804945 DUCO - Bacman", "113037.82560252282 DUCO - amornlit", "102418.31188793521 DUCO - 52Pickup", "100000.0 DUCO - WannaCry", "86083.9107743837 DUCO - caancom", "69799.27377963257 DUCO - coinexchange", "50288.45762651612 DUCO - duinocrfsh", "50213.557077532736 DUCO - rootbori", "47119.90790638301 DUCO - chipsa"]}