{"Active connections": 1144, "All-time mined DUCO": 75790201.43206692, "Current difficulty": 75000, "DUCO-S1 hashrate": "2.7 GH/s", "Duco Furim price": 0.0, "Duco Node-S price": 0.0, "Duco PancakeSwap price": 4.4e-05, "Duco SunSwap price": 0.000318, "Duco SushiSwap price": 3.8e-05, "Duco UbeSwap price": 2.8e-05, "Duco price": 0.000318, "Duco price BCH": 2.3e-05, "Duco price NANO": 1.8e-05, "Duco price TRX": 2e-05, "Duco price XMG": 1.5e-05, "Duino-Coin Server API": "github.com/revoxhere/duino-coin", "Kolka": {"Banned": 973, "Jailed": 80}, "Last block hash": "2eb3f8271cd947cdd6469be145558a7bcb72e0d9", "Last sync": 1661036548.7584531, "Last update": "20/08/2022 23:02:31 (UTC)", "Mined blocks": 245286723986, "Miner distribution": {"All": 35723, "Arduino": 4361, "CPU": 1674, "ESP32": 13033, "ESP8266": 14997, "GPU": 0, "Other": 26, "Phone": 49, "RPi": 1154, "Web": 429}, "Net energy usage": "26.51 kW", "Open threads": 24, "Pool hashrate": "2719.42 MH/s", "Registered users": 76752, "Server CPU usage": 63.9, "Server RAM usage": 54.5, "Server version": 3.0, "Top 10 richest miners": ["42014381.686995566 DUCO - bscDUCO", "31771623.10241963 DUCO - coinexchange", "6974991.289071771 DUCO - QQ44142894", "4020874.7965073707 DUCO - Demoel", "3250441.256569821 DUCO - renderman", "2368507.0 DUCO - Brunomoyses23", "2210288.919161586 DUCO - vyrdudji", "1731813.628415313 DUCO - Sreeramzeno", "1499785.3077428665 DUCO - giveaways", "1487760.0084821829 DUCO - maticDUCO"], "XXHASH hashrate": "0 H/s"}