{"Duino-Coin Server API": "github.com/revoxhere/duino-coin", "Server version": 2.7, "Active connections": 6356, "Open threads": 24, "Server CPU usage": 45.9, "Server RAM usage": 37.1, "Last update": "16/09/2021 20:06:30 (UTC)", "Net energy usage": "71.36 kW", "Pool hashrate": "1360.0642 MH/s", "DUCO-S1 hashrate": "1319.4 MH/s", "XXHASH hashrate": "40.6 MH/s", "Duco price": 0.002859, "Duco price XMG": 0.002859, "Duco price BCH": 0.00064021, "Duco price RVN": 0.00082258, "Duco price TRX": 0.00087004, "Duco price XRP": 0.000605, "Duco price DGB": 0.00078847, "Duco price NANO": 0.0008236, "Duco price FJC": 0.00085588, "Duco Node-S price": 0.00044, "Duco JustSwap price": 0.00117606, "Duco PancakeSwap price": 0.00176586, "Registered users": 17736, "All-time mined DUCO": 9709067.075815108, "Current difficulty": 726964, "Mined blocks": 17447356142, "Last block hash": "730b6127b9", "Kolka": {"Jailed": 21, "Banned": 641}, "Miner distribution": {"GPU": 0, "CPU": 4408, "RPi": 2348, "Phone": 0, "Web": 1009, "ESP32": 8816, "ESP8266": 11058, "Arduino": 5145, "Other": 0}, "Top 10 richest miners": ["2005520.4392589438 DUCO - bscDUCO", "521520.1555491204 DUCO - 52Pickup", "354497.8893900002 DUCO - coinexchange", "169997.7976944151 DUCO - Bacman", "120788.73280854529 DUCO - rootbori", "113387.18511437952 DUCO - amornlit", "86402.99089390838 DUCO - caancom", "75587.2928791586 DUCO - phat1979", "70123.22686295178 DUCO - WannaCry", "53936.72902580622 DUCO - giveaways"]}