{"Active connections": 379, "All-time mined DUCO": 769487931.9987068, "Current difficulty": 200000, "DUCO-S1 hashrate": "1.773 GH/s", "Duco FluffySwap price": 2.1244999999999997e-05, "Duco Furim price": 0.0, "Duco Node-S price": 0.0, "Duco PancakeSwap price": 1.31425e-05, "Duco SunSwap price": 2.902e-05, "Duco SushiSwap price": 8.987494203495e-06, "Duco UbeSwap price": 1.568e-05, "Duco price": 3.828e-05, "Duco price BCH": 0.0, "Duco price NANO": 0.0, "Duco price TRX": 3.033e-05, "Duco price XMG": 3.828e-05, "Duino-Coin Server API": "github.com/revoxhere/duino-coin", "Kolka": {"Banned": 6040, "Jailed": 191}, "Last block hash": "8de4bc0b3fa1580ec7f3421feb9644fc8ead02b8", "Last sync": 1727071633.5169494, "Last update": "23/09/2024 06:07:13 (UTC)", "Mined blocks": 552685975319, "Miner distribution": {"All": 14633, "Arduino": 1988, "CPU": 664, "ESP32": 4970, "ESP8266": 5760, "GPU": 0, "Other": 11, "Phone": 14, "RPi": 1078, "Web": 148}, "Net energy usage": "11.45 kW", "Open threads": 31, "Pool hashrate": "1772.941 MH/s", "Registered users": 106275, "Server CPU usage": 55.6, "Server RAM usage": 67.2, "Server version": 4.0, "Top 10 richest miners": ["237167296.25089273 DUCO - coinexchange", "85498979.52646369 DUCO - bscDUCO", "35576240.569 DUCO - AlmarRido", "30855598.808 DUCO - Flowen1985", "18317539.132 DUCO - bimbasimba94", "16128552.502000002 DUCO - viviana80", "14958512.362511639 DUCO - aimbert", "14847133.194062889 DUCO - ctecrypto", "12721943.39257476 DUCO - QQ44142894", "11365384.179663561 DUCO - duinousa"], "XXHASH hashrate": "0 H/s"}