{"Active connections": 905, "All-time mined DUCO": 747826065.6590196, "Current difficulty": 200000, "DUCO-S1 hashrate": "1.759 GH/s", "Duco FluffySwap price": 8.952999999999999e-06, "Duco Furim price": 0.0, "Duco Node-S price": 0.0, "Duco PancakeSwap price": 8.57789e-06, "Duco SunSwap price": 0.00014402, "Duco SushiSwap price": 1.2962107682626e-05, "Duco UbeSwap price": 1.1191491992827553e-05, "Duco price": 0.00017184, "Duco price BCH": 0.00012676, "Duco price NANO": 0.00017184, "Duco price TRX": 1.279e-05, "Duco price XMG": 3.534e-05, "Duino-Coin Server API": "github.com/revoxhere/duino-coin", "Kolka": {"Banned": 5984, "Jailed": 183}, "Last block hash": "8de4bc0b3fa1580ec7f3421feb9644fc8ead02b8", "Last sync": 1720064788.6698318, "Last update": "04/07/2024 03:46:28 (UTC)", "Mined blocks": 532596859863, "Miner distribution": {"All": 18446, "Arduino": 2263, "CPU": 994, "ESP32": 7714, "ESP8266": 6124, "GPU": 0, "Other": 12, "Phone": 6, "RPi": 1202, "Web": 131}, "Net energy usage": "15.05 kW", "Open threads": 27, "Pool hashrate": "1758.613 MH/s", "Registered users": 103754, "Server CPU usage": 57.0, "Server RAM usage": 90.0, "Server version": 4.0, "Top 10 richest miners": ["248757520.69638476 DUCO - coinexchange", "80657425.50800352 DUCO - bscDUCO", "29548849.707830127 DUCO - AlmarRido", "24635208.6964704 DUCO - Flowen1985", "22851221.472 DUCO - bimbasimba94", "20120447.6942 DUCO - viviana80", "14898397.694451712 DUCO - aimbert", "14847133.194062889 DUCO - ctecrypto", "14175808.389717422 DUCO - duinousa", "12721940.59109726 DUCO - QQ44142894"], "XXHASH hashrate": "0 H/s"}