{"Active connections": 2191, "All-time mined DUCO": 22073491.026775107, "Current difficulty": 1000000, "DUCO-S1 hashrate": "4630.1 MH/s", "Duco JustSwap price": 0.00021468, "Duco Node-S price": 2.1e-05, "Duco PancakeSwap price": 0.000322114, "Duco SushiSwap price": 0.000650466, "Duco price": 0.00072468, "Duco price BCH": 1.331e-05, "Duco price NANO": 7.21e-06, "Duco price TRX": 5.753e-05, "Duco price XMG": 0.00071252, "Duino-Coin Server API": "github.com/revoxhere/duino-coin", "Kolka": {"Banned": 773, "Jailed": 27}, "Last block hash": "2eb3f8271c", "Last sync": 1642888908.1052775, "Last update": "22/01/2022 22:01:48 (UTC)", "Mined blocks": 91102474122, "Miner distribution": {"All": 38582, "Arduino": 6971, "CPU": 5263, "ESP32": 9158, "ESP8266": 12450, "GPU": 0, "Other": 23, "Phone": 396, "RPi": 3008, "Web": 1313}, "Net energy usage": "50.85 kW", "Open threads": 21, "Pool hashrate": "4630.11 MH/s", "Registered users": 49484, "Server CPU usage": 47.4, "Server RAM usage": 43.2, "Server version": 2.7, "Top 10 richest miners": ["6592381.154126494 DUCO - bscDUCO", "874342.2512804477 DUCO - miningvir", "539972.6108694915 DUCO - coinexchange", "531483.5206320831 DUCO - NodeSBroker", "530002.8406598223 DUCO - bimbasimba94", "397162.15067505674 DUCO - James_themac", "206886.375855694 DUCO - maticDUCO", "190585.057104081 DUCO - celoDUCO", "170241.299416613 DUCO - Bacman", "150200.0025039652 DUCO - RNGesus"], "XXHASH hashrate": "0 H/s"}