{"Active connections": 1066, "All-time mined DUCO": 740301064.2478027, "Current difficulty": 200000, "DUCO-S1 hashrate": "2.619 GH/s", "Duco FluffySwap price": 7.938e-06, "Duco Furim price": 0.0, "Duco Node-S price": 0.0, "Duco PancakeSwap price": 8.57789e-06, "Duco SunSwap price": 9.222e-05, "Duco SushiSwap price": 1.2962107682626e-05, "Duco UbeSwap price": 1.1191491992827553e-05, "Duco price": 0.00025, "Duco price BCH": 0.00016447, "Duco price NANO": 0.00025, "Duco price TRX": 1.134e-05, "Duco price XMG": 4.157e-05, "Duino-Coin Server API": "github.com/revoxhere/duino-coin", "Kolka": {"Banned": 5949, "Jailed": 182}, "Last block hash": "8de4bc0b3fa1580ec7f3421feb9644fc8ead02b8", "Last sync": 1717430781.283606, "Last update": "03/06/2024 16:06:21 (UTC)", "Mined blocks": 524468912445, "Miner distribution": {"All": 18657, "Arduino": 2311, "CPU": 1024, "ESP32": 7602, "ESP8266": 6257, "GPU": 0, "Other": 10, "Phone": 9, "RPi": 1233, "Web": 211}, "Net energy usage": "15.4 kW", "Open threads": 27, "Pool hashrate": "2619.127 MH/s", "Registered users": 102602, "Server CPU usage": 65.4, "Server RAM usage": 92.3, "Server version": 4.0, "Top 10 richest miners": ["79063409.78550309 DUCO - bscDUCO", "30792510.456 DUCO - Flowen1985", "30547609.689035717 DUCO - AlmarRido", "20119947.6942 DUCO - viviana80", "18545685.805999998 DUCO - bimbasimba94", "14898326.68842568 DUCO - aimbert", "14844159.538399776 DUCO - ctecrypto", "12720440.585598174 DUCO - QQ44142894", "11315749.848302258 DUCO - duinousa", "11015478.642 DUCO - Rafa2000"], "XXHASH hashrate": "0 H/s"}