{"Active connections": 1561, "All-time mined DUCO": 52001142.0710292, "Current difficulty": 1000000, "DUCO-S1 hashrate": "4.3 GH/s", "Duco Furim price": 0.0, "Duco Node-S price": 0.0, "Duco PancakeSwap price": 6.5e-05, "Duco SunSwap price": 6.6e-05, "Duco SushiSwap price": 2.5e-05, "Duco price": 6.6e-05, "Duco price BCH": 9e-06, "Duco price NANO": 5.2e-05, "Duco price TRX": 1.7e-05, "Duco price XMG": 6.4e-05, "Duino-Coin Server API": "github.com/revoxhere/duino-coin", "Kolka": {"Banned": 737, "Jailed": 48}, "Last block hash": "2eb3f8271cd947cdd6469be145558a7bcb72e0d9", "Last sync": 1650799105.3042324, "Last update": "24/04/2022 11:18:27 (UTC)", "Mined blocks": 162333091023, "Miner distribution": {"All": 39759, "Arduino": 5915, "CPU": 3545, "ESP32": 12611, "ESP8266": 15095, "GPU": 0, "Other": 77, "Phone": 135, "RPi": 1997, "Web": 384}, "Net energy usage": "39.84 kW", "Open threads": 21, "Pool hashrate": "4251.64 MH/s", "Registered users": 71037, "Server CPU usage": 36.9, "Server RAM usage": 52.9, "Server version": 3.0, "Top 10 richest miners": ["22801062.103153344 DUCO - bscDUCO", "7338549.914401649 DUCO - Ochios", "3977749.3220304674 DUCO - coinexchange", "3000127.1903783944 DUCO - varanese67", "2751646.6201230795 DUCO - QQ44142894", "2210292.3895262675 DUCO - vyrdudji", "1241789.242057218 DUCO - maticDUCO", "1218453.5082982911 DUCO - ivanrpz", "1209839.3040619874 DUCO - James_themac", "830257.4757288157 DUCO - xxl"], "XXHASH hashrate": "0 H/s"}