{"Active connections": 886, "All-time mined DUCO": 20123832.62944304, "Current difficulty": 125000, "DUCO-S1 hashrate": "1541.0 MH/s", "Duco JustSwap price": 0.00110187, "Duco Node-S price": 5.1e-05, "Duco PancakeSwap price": 0.000594663, "Duco SushiSwap price": 0.000356015, "Duco price": 0.0018591, "Duco price BCH": 0.0002901, "Duco price DGB": 0.0, "Duco price NANO": 5.14e-05, "Duco price RVN": 0.0, "Duco price TRX": 0.00034884, "Duco price XMG": 0.0018201, "Duco price XRP": 0.0, "Duino-Coin Server API": "github.com/revoxhere/duino-coin", "Kolka": {"Banned": 705, "Jailed": 24}, "Last block hash": "2eb3f8271c", "Last update": "01/12/2021 18:46:55 (UTC)", "Mined blocks": 51890107932, "Miner distribution": {"All": 41349, "Arduino": 6992, "CPU": 4290, "ESP32": 12110, "ESP8266": 13743, "GPU": 0, "Other": 40, "Phone": 659, "RPi": 2353, "Web": 1162}, "Net energy usage": "45.37 kW", "Open threads": 21, "Pool hashrate": "1541.04 MH/s", "Registered users": 27407, "Server CPU usage": 54.2, "Server RAM usage": 43.2, "Server version": 2.7, "Top 10 richest miners": ["3902766.253458422 DUCO - bscDUCO", "1365029.4681484296 DUCO - coinexchange", "593262.674936279 DUCO - NodeSBroker", "351162.15067505674 DUCO - James_themac", "300520.321607231 DUCO - 52Pickup", "188488.057104081 DUCO - celoDUCO", "170241.298916613 DUCO - Bacman", "155748.08298601914 DUCO - maticDUCO", "119999.999999999 DUCO - rootbori", "113387.35117249 DUCO - amornlit"], "XXHASH hashrate": "0 H/s"}