{"Duino-Coin Server API": "github.com/revoxhere/duino-coin", "Server version": 2.6, "Active connections": 9231, "Open threads": 23, "Server CPU usage": 73.2, "Server RAM usage": 66.1, "Last update": "15/08/2021 07:39:03 (UTC)", "Net energy usage": "70.29 kW", "Pool hashrate": "3.2005 GH/s", "DUCO-S1 hashrate": "3.2 GH/s", "XXHASH hashrate": "42.7 MH/s", "Duco price": 0.019778, "Duco price XMG": 0.01966032, "Duco price BCH": 0.00172308, "Duco price TRX": 0.00184304, "Duco price XRP": 0.00224, "Duco price DGB": 0.00183956, "Duco Node-S price": 0.019778, "Duco JustSwap price": 0.00569702, "Duco PancakeSwap price": 0.00507655, "Registered users": 19796, "All-time mined DUCO": 5550289.58523161, "Current difficulty": 440366, "Mined blocks": 10569092122, "Last block hash": "d0ad91b589", "Kolka": {"Jailed": 0, "Banned": 417}, "Miner distribution": {"GPU": 0, "CPU": 6227, "RPi": 1383, "ESP32": 3351, "ESP8266": 3360, "Arduino": 4975, "Other": 236}, "Top 10 richest miners": ["472181.70977461786 DUCO - bscDUCO", "169674.27755555508 DUCO - Bacman", "113056.58126206406 DUCO - amornlit", "100091.53989896727 DUCO - 52Pickup", "99999.99999999886 DUCO - WannaCry", "86123.35597433134 DUCO - caancom", "71906.43377963257 DUCO - coinexchange", "50288.45762651612 DUCO - duinocrfsh", "50286.15734849666 DUCO - rootbori", "47119.90790638301 DUCO - chipsa"]}