{"Active connections": 95869, "All-time mined DUCO": 16498320.007354109, "Current difficulty": 125000, "DUCO-S1 hashrate": "1307.0 MH/s", "Duco JustSwap price": 0.00047117, "Duco Node-S price": 0.000139, "Duco PancakeSwap price": 0.000726946, "Duco SushiSwap price": 0.00102713, "Duco price": 0.00102713, "Duco price BCH": 0.00011831, "Duco price DGB": 0.0, "Duco price NANO": 0.00032435, "Duco price RVN": 0.0, "Duco price TRX": 0.00030138, "Duco price XMG": 0.00049639, "Duco price XRP": 0.0, "Duino-Coin Server API": "github.com/revoxhere/duino-coin", "Kolka": {"Banned": 675, "Jailed": 24}, "Last block hash": "65b3f612d0", "Last update": "30/10/2021 02:14:03 (UTC)", "Mined blocks": 34870568444, "Miner distribution": {"All": 35225, "Arduino": 5670, "CPU": 3241, "ESP32": 10691, "ESP8266": 12386, "GPU": 0, "Other": 88, "Phone": 267, "RPi": 1984, "Web": 898}, "Net energy usage": "36.3 kW", "Open threads": 24, "Pool hashrate": "1306.97 MH/s", "Registered users": 22188, "Server CPU usage": 54.5, "Server RAM usage": 47.2, "Server version": 2.7, "Top 10 richest miners": ["3092321.953897791 DUCO - bscDUCO", "602193.4600902201 DUCO - coinexchange", "586781.6039841222 DUCO - NodeSBroker", "522520.1555491204 DUCO - 52Pickup", "401027.1688430535 DUCO - James_themac", "172627.89104597003 DUCO - celoDUCO", "170240.13285850236 DUCO - Bacman", "123387.18511437952 DUCO - amornlit", "119999.99999999892 DUCO - rootbori", "90137.06800378379 DUCO - maticDUCO"], "XXHASH hashrate": "0 H/s"}