{"Active connections": 935, "All-time mined DUCO": 752126845.120072, "Current difficulty": 200000, "DUCO-S1 hashrate": "1.816 GH/s", "Duco FluffySwap price": 8.638e-06, "Duco Furim price": 0.0, "Duco Node-S price": 0.0, "Duco PancakeSwap price": 8.57789e-06, "Duco SunSwap price": 0.00013895, "Duco SushiSwap price": 1.2962107682626e-05, "Duco UbeSwap price": 1.1191491992827553e-05, "Duco price": 0.00015158, "Duco price BCH": 3.041e-05, "Duco price NANO": 0.00015158, "Duco price TRX": 1.234e-05, "Duco price XMG": 3.289e-05, "Duino-Coin Server API": "github.com/revoxhere/duino-coin", "Kolka": {"Banned": 5984, "Jailed": 190}, "Last block hash": "8de4bc0b3fa1580ec7f3421feb9644fc8ead02b8", "Last sync": 1720403966.437168, "Last update": "08/07/2024 01:59:26 (UTC)", "Mined blocks": 533666544257, "Miner distribution": {"All": 18510, "Arduino": 2200, "CPU": 1079, "ESP32": 7938, "ESP8266": 5821, "GPU": 0, "Other": 8, "Phone": 32, "RPi": 1247, "Web": 185}, "Net energy usage": "15.64 kW", "Open threads": 27, "Pool hashrate": "1815.713 MH/s", "Registered users": 103895, "Server CPU usage": 54.2, "Server RAM usage": 89.9, "Server version": 4.0, "Top 10 richest miners": ["248699018.0341648 DUCO - coinexchange", "80660425.50800352 DUCO - bscDUCO", "29548843.707830127 DUCO - AlmarRido", "24635208.6964704 DUCO - Flowen1985", "22851221.472 DUCO - bimbasimba94", "20120447.6942 DUCO - viviana80", "18660221.928365607 DUCO - aimbert", "14847133.194062889 DUCO - ctecrypto", "14176083.642917521 DUCO - duinousa", "12721940.59109726 DUCO - QQ44142894"], "XXHASH hashrate": "0 H/s"}