{"Duino-Coin Server API": "github.com/revoxhere/duino-coin", "Server version": 2.6, "Active connections": 6006, "Open threads": 22, "Server CPU usage": 65.1, "Server RAM usage": 59.1, "Last update": "14/08/2021 09:39:40 (UTC)", "Net energy usage": "76.3 kW", "Pool hashrate": "3.741 GH/s", "DUCO-S1 hashrate": "3.7 GH/s", "XXHASH hashrate": "33.1 MH/s", "Duco price": 0.015304, "Duco price XMG": 0.01530362, "Duco price BCH": 0.00166498, "Duco price TRX": 0.00182956, "Duco price XRP": 0.002065, "Duco price DGB": 0.00192316, "Duco Node-S price": 0.015304, "Duco JustSwap price": 0.00120045, "Duco PancakeSwap price": 0.00507655, "Registered users": 19628, "All-time mined DUCO": 5352688.177799258, "Current difficulty": 424173, "Mined blocks": 10180162400, "Last block hash": "40c83c99af", "Kolka": {"Jailed": 0, "Banned": 417}, "Miner distribution": {"GPU": 0, "CPU": 6030, "RPi": 1697, "ESP32": 6669, "ESP8266": 6580, "Arduino": 5581, "Other": 223}, "Top 10 richest miners": ["467424.27037662786 DUCO - bscDUCO", "169548.08195544235 DUCO - Bacman", "113029.36666373118 DUCO - amornlit", "102408.83517984301 DUCO - 52Pickup", "86060.69902487815 DUCO - caancom", "80000.90636678287 DUCO - noixauvk", "69518.66377963257 DUCO - coinexchange", "50288.45762651612 DUCO - duinocrfsh", "50172.392300488485 DUCO - rootbori", "47119.90790638301 DUCO - chipsa"]}