{"Active connections": 962, "All-time mined DUCO": 751659347.2001762, "Current difficulty": 200000, "DUCO-S1 hashrate": "1.771 GH/s", "Duco FluffySwap price": 9.071999999999999e-06, "Duco Furim price": 0.0, "Duco Node-S price": 0.0, "Duco PancakeSwap price": 8.57789e-06, "Duco SunSwap price": 0.00014574, "Duco SushiSwap price": 1.2962107682626e-05, "Duco UbeSwap price": 1.1191491992827553e-05, "Duco price": 0.00015049, "Duco price BCH": 3.264e-05, "Duco price NANO": 0.00015049, "Duco price TRX": 1.294e-05, "Duco price XMG": 3.402e-05, "Duino-Coin Server API": "github.com/revoxhere/duino-coin", "Kolka": {"Banned": 5984, "Jailed": 190}, "Last block hash": "8de4bc0b3fa1580ec7f3421feb9644fc8ead02b8", "Last sync": 1720270458.968205, "Last update": "06/07/2024 12:54:18 (UTC)", "Mined blocks": 533243332854, "Miner distribution": {"All": 18666, "Arduino": 2242, "CPU": 1014, "ESP32": 7954, "ESP8266": 5998, "GPU": 0, "Other": 8, "Phone": 19, "RPi": 1250, "Web": 181}, "Net energy usage": "15.34 kW", "Open threads": 29, "Pool hashrate": "1770.909 MH/s", "Registered users": 103844, "Server CPU usage": 55.8, "Server RAM usage": 91.0, "Server version": 4.0, "Top 10 richest miners": ["248688966.5465648 DUCO - coinexchange", "80660425.50800352 DUCO - bscDUCO", "29548849.707830127 DUCO - AlmarRido", "24635208.6964704 DUCO - Flowen1985", "22851221.472 DUCO - bimbasimba94", "20120447.6942 DUCO - viviana80", "18660220.86725594 DUCO - aimbert", "14847133.194062889 DUCO - ctecrypto", "14175979.447509665 DUCO - duinousa", "12721940.59109726 DUCO - QQ44142894"], "XXHASH hashrate": "0 H/s"}