{"Active connections": 1423, "All-time mined DUCO": 1079096656.8297448, "Current difficulty": 75000, "DUCO-S1 hashrate": "2.032 GH/s", "Duco FluffySwap price": 3.8989999999999994e-06, "Duco Furim price": 0.0, "Duco Node-S price": 0.0, "Duco PancakeSwap price": 1.17467e-05, "Duco SunSwap price": 0.00010711, "Duco SushiSwap price": 1.42878e-05, "Duco UbeSwap price": 2.7898752414944825e-05, "Duco price": 0.00010711, "Duco price BCH": 5.54e-06, "Duco price NANO": 1.12e-06, "Duco price TRX": 1.57e-06, "Duco price XMG": 0.0, "Duino-Coin Server API": "github.com/revoxhere/duino-coin", "Kolka": {"Banned": 5728, "Jailed": 144}, "Last block hash": "8de4bc0b3fa1580ec7f3421feb9644fc8ead02b8", "Last sync": 1688767982.1355343, "Last update": "07/07/2023 22:13:13 (UTC)", "Mined blocks": 424486854225, "Miner distribution": {"All": 21252, "Arduino": 2428, "CPU": 787, "ESP32": 9225, "ESP8266": 7586, "GPU": 0, "Other": 12, "Phone": 8, "RPi": 1206, "Web": 0}, "Net energy usage": "15.0 kW", "Open threads": 23, "Pool hashrate": "2032.115 MH/s", "Registered users": 94277, "Server CPU usage": 48.9, "Server RAM usage": 47.5, "Server version": 3.0, "Top 10 richest miners": ["495743830.67087966 DUCO - coinexchange", "385381031.0725502 DUCO - coinexchange", "50314367.80947695 DUCO - bscDUCO", "36165869.187 DUCO - AlmarRido", "24326348.334 DUCO - Flowen1985", "20119947.6942 DUCO - viviana80", "15115368.927099999 DUCO - Ochios", "12720440.559071772 DUCO - QQ44142894", "12715619.6616216 DUCO - duinousa", "11660256.633181792 DUCO - ctecrypto"], "XXHASH hashrate": "0 H/s"}