{"Active connections": 725, "All-time mined DUCO": 744968512.4459965, "Current difficulty": 75000, "DUCO-S1 hashrate": "2.1 GH/s", "Duco FluffySwap price": 1.75e-06, "Duco Furim price": 0.0, "Duco Node-S price": 0.0, "Duco PancakeSwap price": 1.35388e-05, "Duco SunSwap price": 2.403e-05, "Duco SushiSwap price": 1.7022e-05, "Duco UbeSwap price": 2.996165722235418e-05, "Duco price": 2.996165722235418e-05, "Duco price BCH": 2.49e-06, "Duco price NANO": 1.77e-06, "Duco price TRX": 2.3e-06, "Duco price XMG": 0.0, "Duino-Coin Server API": "github.com/revoxhere/duino-coin", "Kolka": {"Banned": 1338, "Jailed": 117}, "Last block hash": "8de4bc0b3fa1580ec7f3421feb9644fc8ead02b8", "Last sync": 1680330735.0434341, "Last update": "01/04/2023 06:32:17 (UTC)", "Mined blocks": 378881896597, "Miner distribution": {"All": 28494, "Arduino": 3474, "CPU": 1020, "ESP32": 10833, "ESP8266": 11346, "GPU": 0, "Other": 10, "Phone": 10, "RPi": 1540, "Web": 261}, "Net energy usage": "20.03 kW", "Open threads": 24, "Pool hashrate": "2119.33 MH/s", "Registered users": 91045, "Server CPU usage": 55.9, "Server RAM usage": 43.3, "Server version": 3.0, "Top 10 richest miners": ["495743830.67087966 DUCO - coinexchange", "489749327.4724048 DUCO - coinexchange", "44576037.117 DUCO - AlmarRido", "36281594.566 DUCO - bscDUCO", "20119947.6942 DUCO - viviana80", "15115364.7271 DUCO - Ochios", "12720440.559071772 DUCO - QQ44142894", "10759939.638689265 DUCO - fiorella71", "8125736.123916335 DUCO - Orion_0x43b", "6828326.917925795 DUCO - lordachoo"], "XXHASH hashrate": "0 H/s"}