{"Active connections": 1037, "All-time mined DUCO": 159451579.8134108, "Current difficulty": 75000, "DUCO-S1 hashrate": "2.2 GH/s", "Duco FluffySwap price": 2.198e-06, "Duco Furim price": 0.0, "Duco Node-S price": 0.0, "Duco PancakeSwap price": 3.99675e-05, "Duco SunSwap price": 5.552e-05, "Duco SushiSwap price": 5.61982e-06, "Duco UbeSwap price": 2.8316831683168316e-05, "Duco price": 5.552e-05, "Duco price BCH": 3.14e-06, "Duco price NANO": 1.98e-06, "Duco price TRX": 4.57e-06, "Duco price XMG": 0.0, "Duino-Coin Server API": "github.com/revoxhere/duino-coin", "Kolka": {"Banned": 1254, "Jailed": 95}, "Last block hash": "8de4bc0b3fa1580ec7f3421feb9644fc8ead02b8", "Last sync": 1673732951.2101412, "Last update": "14/01/2023 21:49:15 (UTC)", "Mined blocks": 338833630551, "Miner distribution": {"All": 33114, "Arduino": 3727, "CPU": 1197, "ESP32": 12657, "ESP8266": 13492, "GPU": 0, "Other": 21, "Phone": 17, "RPi": 1568, "Web": 435}, "Net energy usage": "23.22 kW", "Open threads": 24, "Pool hashrate": "2230.3 MH/s", "Registered users": 86961, "Server CPU usage": 52.8, "Server RAM usage": 55.1, "Server version": 3.0, "Top 10 richest miners": ["92345197.35367253 DUCO - coinexchange", "40592353.73070239 DUCO - bscDUCO", "20119946.6942 DUCO - viviana80", "11692429.559071772 DUCO - QQ44142894", "10759939.638689265 DUCO - fiorella71", "8125736.123916335 DUCO - Orion_0x43b", "6810946.79102075 DUCO - lordachoo", "4965363.69527713 DUCO - Ochios", "4962514.741764886 DUCO - bimbasimba94", "4267666.823 DUCO - Demoel"], "XXHASH hashrate": "0 H/s"}