{"Active connections": 1101, "All-time mined DUCO": 732800598.091295, "Current difficulty": 75000, "DUCO-S1 hashrate": "2.017 GH/s", "Duco FluffySwap price": 1.6590000000000001e-06, "Duco Furim price": 0.0, "Duco Node-S price": 0.0, "Duco PancakeSwap price": 1.56926e-05, "Duco SunSwap price": 2.296e-05, "Duco SushiSwap price": 1.5338e-05, "Duco UbeSwap price": 2.9828006500541712e-05, "Duco price": 2.9828006500541712e-05, "Duco price BCH": 2.38e-06, "Duco price NANO": 1.63e-06, "Duco price TRX": 2.35e-06, "Duco price XMG": 0.0, "Duino-Coin Server API": "github.com/revoxhere/duino-coin", "Kolka": {"Banned": 1356, "Jailed": 122}, "Last block hash": "8de4bc0b3fa1580ec7f3421feb9644fc8ead02b8", "Last sync": 1682790611.2864077, "Last update": "29/04/2023 17:50:31 (UTC)", "Mined blocks": 393881247057, "Miner distribution": {"All": 27955, "Arduino": 3429, "CPU": 1075, "ESP32": 10658, "ESP8266": 10996, "GPU": 0, "Other": 27, "Phone": 39, "RPi": 1506, "Web": 225}, "Net energy usage": "20.04 kW", "Open threads": 24, "Pool hashrate": "2016.855 MH/s", "Registered users": 92198, "Server CPU usage": 61.7, "Server RAM usage": 45.6, "Server version": 3.0, "Top 10 richest miners": ["495743830.67087966 DUCO - coinexchange", "454207364.6295877 DUCO - coinexchange", "49429476.49839266 DUCO - bscDUCO", "20119947.6942 DUCO - viviana80", "15115368.927099999 DUCO - Ochios", "14925139.179824451 DUCO - Flowen1985", "12720440.559071772 DUCO - QQ44142894", "10759939.638689265 DUCO - fiorella71", "8125736.123916335 DUCO - Orion_0x43b", "7871982.841046517 DUCO - revox"], "XXHASH hashrate": "0 H/s"}