{"Active connections": 867, "All-time mined DUCO": 70695376.35600713, "Current difficulty": 1000000, "DUCO-S1 hashrate": "2.9 GH/s", "Duco Furim price": 0.0, "Duco Node-S price": 0.0, "Duco PancakeSwap price": 4.6e-05, "Duco SunSwap price": 4.5e-05, "Duco SushiSwap price": 2.2e-05, "Duco UbeSwap price": 3.5e-05, "Duco price": 0.000117, "Duco price BCH": 3.1e-05, "Duco price NANO": 2.2e-05, "Duco price TRX": 1.9e-05, "Duco price XMG": 0.000117, "Duino-Coin Server API": "github.com/revoxhere/duino-coin", "Kolka": {"Banned": 942, "Jailed": 68}, "Last block hash": "2eb3f8271cd947cdd6469be145558a7bcb72e0d9", "Last sync": 1659384915.6927361, "Last update": "01/08/2022 20:15:16 (UTC)", "Mined blocks": 234751465790, "Miner distribution": {"All": 35282, "Arduino": 4495, "CPU": 2314, "ESP32": 12378, "ESP8266": 14340, "GPU": 0, "Other": 56, "Phone": 70, "RPi": 1224, "Web": 405}, "Net energy usage": "30.05 kW", "Open threads": 22, "Pool hashrate": "2928.65 MH/s", "Registered users": 75433, "Server CPU usage": 40.2, "Server RAM usage": 34.9, "Server version": 3.2, "Top 10 richest miners": ["43852718.497675985 DUCO - coinexchange", "40369284.75368917 DUCO - bscDUCO", "16888321.64615 DUCO - Ochios", "7753983.318280362 DUCO - ctecrypto", "6974991.289071771 DUCO - QQ44142894", "4469711.1257493505 DUCO - bimbasimba94", "2765635.75215737 DUCO - renderman", "2368507.0 DUCO - Brunomoyses23", "2210288.9385462017 DUCO - vyrdudji", "1436226.401 DUCO - amornlit"], "XXHASH hashrate": "0 H/s"}