{"Active connections": 961, "All-time mined DUCO": 1053394175.8882154, "Current difficulty": 75000, "DUCO-S1 hashrate": "1.605 GH/s", "Duco FluffySwap price": 3.4579999999999998e-06, "Duco Furim price": 0.0, "Duco Node-S price": 0.0, "Duco PancakeSwap price": 1.12524e-05, "Duco SunSwap price": 0.00010791, "Duco SushiSwap price": 1.08572e-05, "Duco UbeSwap price": 2.7898752414944825e-05, "Duco price": 0.00010791, "Duco price BCH": 4.94e-06, "Duco price NANO": 1.04e-06, "Duco price TRX": 1.61e-06, "Duco price XMG": 0.0, "Duino-Coin Server API": "github.com/revoxhere/duino-coin", "Kolka": {"Banned": 5514, "Jailed": 144}, "Last block hash": "8de4bc0b3fa1580ec7f3421feb9644fc8ead02b8", "Last sync": 1689976324.0278559, "Last update": "21/07/2023 21:52:09 (UTC)", "Mined blocks": 429399947564, "Miner distribution": {"All": 19094, "Arduino": 2234, "CPU": 628, "ESP32": 8273, "ESP8266": 6934, "GPU": 0, "Other": 13, "Phone": 4, "RPi": 1008, "Web": 0}, "Net energy usage": "12.91 kW", "Open threads": 24, "Pool hashrate": "1605.185 MH/s", "Registered users": 94457, "Server CPU usage": 44.5, "Server RAM usage": 50.3, "Server version": 3.0, "Top 10 richest miners": ["495743830.67087966 DUCO - coinexchange", "385217283.8266602 DUCO - coinexchange", "67880670.73957695 DUCO - bscDUCO", "35164787.197 DUCO - AlmarRido", "24326348.334 DUCO - Flowen1985", "20119947.6942 DUCO - viviana80", "14264497.326 DUCO - bimbasimba94", "12720440.559071772 DUCO - QQ44142894", "11661560.556251094 DUCO - ctecrypto", "10759939.638689265 DUCO - fiorella71"], "XXHASH hashrate": "0 H/s"}