{"Active connections": 1303, "All-time mined DUCO": 233525660.73499084, "Current difficulty": 75000, "DUCO-S1 hashrate": "2.2 GH/s", "Duco FluffySwap price": 3.766e-06, "Duco Furim price": 0.0, "Duco Node-S price": 0.0, "Duco PancakeSwap price": 2.86131e-05, "Duco SunSwap price": 6.414e-05, "Duco SushiSwap price": 6.72233e-06, "Duco UbeSwap price": 2.8687163822298956e-05, "Duco price": 6.414e-05, "Duco price BCH": 5.38e-06, "Duco price NANO": 3.56e-06, "Duco price TRX": 5.31e-06, "Duco price XMG": 0.0, "Duino-Coin Server API": "github.com/revoxhere/duino-coin", "Kolka": {"Banned": 1297, "Jailed": 101}, "Last block hash": "8de4bc0b3fa1580ec7f3421feb9644fc8ead02b8", "Last sync": 1676541271.818457, "Last update": "16/02/2023 09:54:35 (UTC)", "Mined blocks": 356411456779, "Miner distribution": {"All": 30103, "Arduino": 3514, "CPU": 930, "ESP32": 11911, "ESP8266": 11771, "GPU": 0, "Other": 15, "Phone": 32, "RPi": 1608, "Web": 322}, "Net energy usage": "20.31 kW", "Open threads": 24, "Pool hashrate": "2156.63 MH/s", "Registered users": 88957, "Server CPU usage": 52.1, "Server RAM usage": 57.4, "Server version": 3.0, "Top 10 richest miners": ["43908735.867 DUCO - AlmarRido", "41486967.794576176 DUCO - bscDUCO", "20119946.6942 DUCO - viviana80", "15115363.695 DUCO - Ochios", "13726306.191486456 DUCO - coinexchange", "11692429.559071772 DUCO - QQ44142894", "11575849.27 DUCO - infternet", "10759939.638689265 DUCO - fiorella71", "8125736.123916335 DUCO - Orion_0x43b", "6819337.857090423 DUCO - lordachoo"], "XXHASH hashrate": "0 H/s"}