{"Active connections": 1283, "All-time mined DUCO": 1078021921.7338367, "Current difficulty": 75000, "DUCO-S1 hashrate": "2.02 GH/s", "Duco FluffySwap price": 3.955e-06, "Duco Furim price": 0.0, "Duco Node-S price": 0.0, "Duco PancakeSwap price": 1.13538e-05, "Duco SunSwap price": 0.00010501, "Duco SushiSwap price": 1.47317e-05, "Duco UbeSwap price": 2.7898752414944825e-05, "Duco price": 0.00010501, "Duco price BCH": 5.65e-06, "Duco price NANO": 1.07e-06, "Duco price TRX": 1.54e-06, "Duco price XMG": 0.0, "Duino-Coin Server API": "github.com/revoxhere/duino-coin", "Kolka": {"Banned": 5726, "Jailed": 144}, "Last block hash": "8de4bc0b3fa1580ec7f3421feb9644fc8ead02b8", "Last sync": 1688691904.7514596, "Last update": "07/07/2023 01:05:22 (UTC)", "Mined blocks": 424129984134, "Miner distribution": {"All": 21268, "Arduino": 2434, "CPU": 823, "ESP32": 9275, "ESP8266": 7551, "GPU": 0, "Other": 11, "Phone": 12, "RPi": 1162, "Web": 0}, "Net energy usage": "15.15 kW", "Open threads": 23, "Pool hashrate": "2020.487 MH/s", "Registered users": 94269, "Server CPU usage": 48.6, "Server RAM usage": 56.1, "Server version": 3.0, "Top 10 richest miners": ["495743830.67087966 DUCO - coinexchange", "385377156.0725502 DUCO - coinexchange", "50308867.80947695 DUCO - bscDUCO", "36165869.187 DUCO - AlmarRido", "24326348.334 DUCO - Flowen1985", "20119947.6942 DUCO - viviana80", "15115368.927099999 DUCO - Ochios", "12720440.559071772 DUCO - QQ44142894", "12715504.677136995 DUCO - duinousa", "11660119.299963292 DUCO - ctecrypto"], "XXHASH hashrate": "0 H/s"}