{"Active connections": 855, "All-time mined DUCO": 738728459.268623, "Current difficulty": 200000, "DUCO-S1 hashrate": "2.289 GH/s", "Duco FluffySwap price": 8.742999999999999e-06, "Duco Furim price": 0.0, "Duco Node-S price": 0.0, "Duco PancakeSwap price": 8.57789e-06, "Duco SunSwap price": 0.00010149, "Duco SushiSwap price": 1.2962107682626e-05, "Duco UbeSwap price": 1.1191491992827553e-05, "Duco price": 0.00024, "Duco price BCH": 0.00016023, "Duco price NANO": 0.00024, "Duco price TRX": 1.248e-05, "Duco price XMG": 3.75e-06, "Duino-Coin Server API": "github.com/revoxhere/duino-coin", "Kolka": {"Banned": 5922, "Jailed": 181}, "Last block hash": "8de4bc0b3fa1580ec7f3421feb9644fc8ead02b8", "Last sync": 1715839623.87453, "Last update": "16/05/2024 06:07:03 (UTC)", "Mined blocks": 519729195763, "Miner distribution": {"All": 17171, "Arduino": 2079, "CPU": 950, "ESP32": 6698, "ESP8266": 5859, "GPU": 0, "Other": 16, "Phone": 33, "RPi": 1342, "Web": 194}, "Net energy usage": "14.51 kW", "Open threads": 28, "Pool hashrate": "2289.304 MH/s", "Registered users": 101942, "Server CPU usage": 30.8, "Server RAM usage": 93.6, "Server version": 4.0, "Top 10 richest miners": ["78745233.74889731 DUCO - bscDUCO", "39493232.42763998 DUCO - AlmarRido", "30792510.456 DUCO - Flowen1985", "20119947.6942 DUCO - viviana80", "17045685.805999998 DUCO - bimbasimba94", "14868542.095396996 DUCO - aimbert", "14842795.990412395 DUCO - ctecrypto", "12720440.585598174 DUCO - QQ44142894", "11314787.971263437 DUCO - duinousa", "10759939.638689265 DUCO - fiorella71"], "XXHASH hashrate": "0 H/s"}