{"Active connections": 1155, "All-time mined DUCO": 233885559.23543152, "Current difficulty": 75000, "DUCO-S1 hashrate": "2.3 GH/s", "Duco FluffySwap price": 3.836e-06, "Duco Furim price": 0.0, "Duco Node-S price": 0.0, "Duco PancakeSwap price": 2.37823e-05, "Duco SunSwap price": 5.753e-05, "Duco SushiSwap price": 6.40767e-06, "Duco UbeSwap price": 2.8555338390697984e-05, "Duco price": 5.753e-05, "Duco price BCH": 5.48e-06, "Duco price NANO": 3.46e-06, "Duco price TRX": 4.76e-06, "Duco price XMG": 0.0, "Duino-Coin Server API": "github.com/revoxhere/duino-coin", "Kolka": {"Banned": 1273, "Jailed": 98}, "Last block hash": "8de4bc0b3fa1580ec7f3421feb9644fc8ead02b8", "Last sync": 1675495852.2152703, "Last update": "04/02/2023 07:30:57 (UTC)", "Mined blocks": 349922995876, "Miner distribution": {"All": 30531, "Arduino": 3805, "CPU": 1172, "ESP32": 11738, "ESP8266": 11851, "GPU": 0, "Other": 11, "Phone": 32, "RPi": 1604, "Web": 318}, "Net energy usage": "21.84 kW", "Open threads": 24, "Pool hashrate": "2269.63 MH/s", "Registered users": 88085, "Server CPU usage": 48.0, "Server RAM usage": 52.5, "Server version": 3.0, "Top 10 richest miners": ["59647029.302386284 DUCO - AlmarRido", "41834193.35752013 DUCO - bscDUCO", "20119946.6942 DUCO - viviana80", "19355054.97872999 DUCO - coinexchange", "15115363.695 DUCO - Ochios", "11692429.559071772 DUCO - QQ44142894", "10759939.638689265 DUCO - fiorella71", "8125736.123916335 DUCO - Orion_0x43b", "6816466.799654379 DUCO - lordachoo", "3349165.568388932 DUCO - msdo1006"], "XXHASH hashrate": "0 H/s"}