{"Active connections": 719, "All-time mined DUCO": 748853294.4053912, "Current difficulty": 75000, "DUCO-S1 hashrate": "2.35 GH/s", "Duco FluffySwap price": 2.737e-06, "Duco Furim price": 0.0, "Duco Node-S price": 0.0, "Duco PancakeSwap price": 5.9021e-06, "Duco SunSwap price": 0.00010538, "Duco SushiSwap price": 1.6697e-05, "Duco UbeSwap price": 2.7898752414944825e-05, "Duco price": 0.00010538, "Duco price BCH": 3.91e-06, "Duco price NANO": 1.75e-06, "Duco price TRX": 3.1e-06, "Duco price XMG": 0.0, "Duino-Coin Server API": "github.com/revoxhere/duino-coin", "Kolka": {"Banned": 1421, "Jailed": 126}, "Last block hash": "8de4bc0b3fa1580ec7f3421feb9644fc8ead02b8", "Last sync": 1686276245.4865103, "Last update": "09/06/2023 02:04:06 (UTC)", "Mined blocks": 412284485297, "Miner distribution": {"All": 23957, "Arduino": 2973, "CPU": 974, "ESP32": 10067, "ESP8266": 8220, "GPU": 0, "Other": 13, "Phone": 9, "RPi": 1450, "Web": 251}, "Net energy usage": "17.61 kW", "Open threads": 23, "Pool hashrate": "2349.952 MH/s", "Registered users": 93498, "Server CPU usage": 37.8, "Server RAM usage": 37.1, "Server version": 3.0, "Top 10 richest miners": ["495743830.67087966 DUCO - coinexchange", "403879627.8021212 DUCO - coinexchange", "52590616.04439265 DUCO - bscDUCO", "20119947.6942 DUCO - viviana80", "15115368.927099999 DUCO - Ochios", "12720440.559071772 DUCO - QQ44142894", "12318628.386431899 DUCO - Flowen1985", "10978733.483800199 DUCO - Rafa2000", "10759939.638689265 DUCO - fiorella71", "8125736.123916335 DUCO - Orion_0x43b"], "XXHASH hashrate": "0 H/s"}