{"Active connections": 1505, "All-time mined DUCO": 47845492.35075252, "Current difficulty": 1000000, "DUCO-S1 hashrate": "4.3 GH/s", "Duco Furim price": 0.0, "Duco Node-S price": 0.0, "Duco PancakeSwap price": 5.2e-05, "Duco SunSwap price": 8.5e-05, "Duco SushiSwap price": 5.9e-05, "Duco price": 8.5e-05, "Duco price BCH": 6e-06, "Duco price NANO": 3e-05, "Duco price TRX": 5e-06, "Duco price XMG": 0.0, "Duino-Coin Server API": "github.com/revoxhere/duino-coin", "Kolka": {"Banned": 671, "Jailed": 34}, "Last block hash": "2eb3f8271cd947cdd6469be145558a7bcb72e0d9", "Last sync": 1649587760.1464055, "Last update": "10/04/2022 10:49:21 (UTC)", "Mined blocks": 151614264701, "Miner distribution": {"All": 39937, "Arduino": 6368, "CPU": 3443, "ESP32": 12880, "ESP8266": 14523, "GPU": 0, "Other": 38, "Phone": 136, "RPi": 2075, "Web": 474}, "Net energy usage": "39.35 kW", "Open threads": 21, "Pool hashrate": "4252.16 MH/s", "Registered users": 68468, "Server CPU usage": 36.8, "Server RAM usage": 51.8, "Server version": 3.0, "Top 10 richest miners": ["23980607.97890838 DUCO - bscDUCO", "7330449.914401649 DUCO - Ochios", "5000000.269761559 DUCO - miningvir", "3808273.6693131584 DUCO - coinexchange", "3250098.6952358535 DUCO - miyan001", "2000063.8018622084 DUCO - varanese67", "1560255.2005248272 DUCO - Demoel", "1231275.805345549 DUCO - maticDUCO", "1209838.627673189 DUCO - James_themac", "1202555.4239567143 DUCO - juanjefraire"], "XXHASH hashrate": "0 H/s"}