{"Active connections": 926, "All-time mined DUCO": 743462905.551954, "Current difficulty": 200000, "DUCO-S1 hashrate": "1.892 GH/s", "Duco FluffySwap price": 8.519e-06, "Duco Furim price": 0.0, "Duco Node-S price": 0.0, "Duco PancakeSwap price": 8.57789e-06, "Duco SunSwap price": 0.00013667, "Duco SushiSwap price": 1.2962107682626e-05, "Duco UbeSwap price": 1.1191491992827553e-05, "Duco price": 0.00018434, "Duco price BCH": 0.000137, "Duco price NANO": 0.00018434, "Duco price TRX": 1.214e-05, "Duco price XMG": 0.0, "Duino-Coin Server API": "github.com/revoxhere/duino-coin", "Kolka": {"Banned": 5970, "Jailed": 183}, "Last block hash": "8de4bc0b3fa1580ec7f3421feb9644fc8ead02b8", "Last sync": 1719343110.6297293, "Last update": "25/06/2024 19:18:30 (UTC)", "Mined blocks": 530357026839, "Miner distribution": {"All": 18202, "Arduino": 2363, "CPU": 949, "ESP32": 7463, "ESP8266": 6096, "GPU": 0, "Other": 17, "Phone": 12, "RPi": 1143, "Web": 159}, "Net energy usage": "14.6 kW", "Open threads": 27, "Pool hashrate": "1892.001 MH/s", "Registered users": 103434, "Server CPU usage": 57.9, "Server RAM usage": 90.3, "Server version": 4.0, "Top 10 richest miners": ["248821094.39118993 DUCO - coinexchange", "80431448.78550309 DUCO - bscDUCO", "29548821.707830127 DUCO - AlmarRido", "24635208.6964704 DUCO - Flowen1985", "22851221.472 DUCO - bimbasimba94", "20120447.6942 DUCO - viviana80", "14898373.430771377 DUCO - aimbert", "14847133.194062889 DUCO - ctecrypto", "14175339.755948206 DUCO - duinousa", "12721940.59109726 DUCO - QQ44142894"], "XXHASH hashrate": "0 H/s"}