{"Duino-Coin Server API": "github.com/revoxhere/duino-coin", "Server version": 2.6, "Active connections": 10037, "Open threads": 23, "Server CPU usage": 71.9, "Server RAM usage": 59.9, "Last update": "17/08/2021 06:08:39 (UTC)", "Net energy usage": "9.52 kW", "Pool hashrate": "113.5018 MH/s", "DUCO-S1 hashrate": "113.3 MH/s", "XXHASH hashrate": "162.4 kH/s", "Duco price": 0.018767, "Duco price XMG": 0.01876683, "Duco price BCH": 0.00169778, "Duco price TRX": 0.0017863, "Duco price XRP": 0.002065, "Duco price DGB": 0.00201447, "Duco price NANO": 0.0015375, "Duco Node-S price": 0.018767, "Duco JustSwap price": 0.00716069, "Duco PancakeSwap price": 0.00420784, "Registered users": 20081, "All-time mined DUCO": 5802175.260427373, "Current difficulty": 452587, "Mined blocks": 10862083470, "Last block hash": "b2ad84d0fb", "Kolka": {"Jailed": 0, "Banned": 417}, "Miner distribution": {"GPU": 0, "CPU": 404, "RPi": 120, "ESP32": 1946, "ESP8266": 2876, "Arduino": 525, "Other": 43}, "Top 10 richest miners": ["549373.9895859279 DUCO - bscDUCO", "169741.7419356001 DUCO - Bacman", "131155.74377963258 DUCO - coinexchange", "120106.99999999886 DUCO - WannaCry", "113119.04097178557 DUCO - amornlit", "101001.1664665722 DUCO - 52Pickup", "86158.58772899676 DUCO - caancom", "52575.72449060005 DUCO - zero0", "50328.99879275615 DUCO - rootbori", "50288.45762651612 DUCO - duinocrfsh"]}