{"Active connections": 1459, "All-time mined DUCO": 99267811.00920133, "Current difficulty": 75000, "DUCO-S1 hashrate": "3.0 GH/s", "Duco FluffySwap price": 2e-05, "Duco Furim price": 0.0, "Duco Node-S price": 0.0, "Duco PancakeSwap price": 4.5e-05, "Duco SunSwap price": 0.000133, "Duco SushiSwap price": 1.7e-05, "Duco UbeSwap price": 2.9e-05, "Duco price": 0.00025, "Duco price BCH": 2.9e-05, "Duco price NANO": 1.2e-05, "Duco price TRX": 1.5e-05, "Duco price XMG": 0.000109, "Duino-Coin Server API": "github.com/revoxhere/duino-coin", "Kolka": {"Banned": 1040, "Jailed": 83}, "Last block hash": "2eb3f8271cd947cdd6469be145558a7bcb72e0d9", "Last sync": 1663530129.1905541, "Last update": "18/09/2022 19:42:12 (UTC)", "Mined blocks": 263650844293, "Miner distribution": {"All": 39340, "Arduino": 4764, "CPU": 2074, "ESP32": 14364, "ESP8266": 16362, "GPU": 0, "Other": 15, "Phone": 71, "RPi": 1241, "Web": 449}, "Net energy usage": "30.48 kW", "Open threads": 22, "Pool hashrate": "2982.64 MH/s", "Registered users": 79046, "Server CPU usage": 55.3, "Server RAM usage": 48.4, "Server version": 3.0, "Top 10 richest miners": ["40084056.99251492 DUCO - bscDUCO", "15965309.807 DUCO - Ochios", "15211316.186037146 DUCO - coinexchange", "12566264.647802398 DUCO - ctecrypto", "6974991.289071771 DUCO - QQ44142894", "2751343.434220569 DUCO - goddani", "2368507.0 DUCO - Brunomoyses23", "2210288.919161586 DUCO - vyrdudji", "1868357.0961900211 DUCO - renderman", "1694464.212422367 DUCO - giveaways"], "XXHASH hashrate": "0 H/s"}