{"Active connections": 1358, "All-time mined DUCO": 737664629.1299651, "Current difficulty": 200000, "DUCO-S1 hashrate": "2.546 GH/s", "Duco FluffySwap price": 7.77e-06, "Duco Furim price": 0.0, "Duco Node-S price": 0.0, "Duco PancakeSwap price": 8.57789e-06, "Duco SunSwap price": 9.044e-05, "Duco SushiSwap price": 1.2962107682626e-05, "Duco UbeSwap price": 1.1191491992827553e-05, "Duco price": 0.000246, "Duco price BCH": 0.00016333, "Duco price NANO": 0.000246, "Duco price TRX": 1.112e-05, "Duco price XMG": 4.075e-05, "Duino-Coin Server API": "github.com/revoxhere/duino-coin", "Kolka": {"Banned": 5949, "Jailed": 182}, "Last block hash": "8de4bc0b3fa1580ec7f3421feb9644fc8ead02b8", "Last sync": 1716911178.755786, "Last update": "28/05/2024 15:46:18 (UTC)", "Mined blocks": 522893406363, "Miner distribution": {"All": 18464, "Arduino": 2340, "CPU": 961, "ESP32": 7548, "ESP8266": 6201, "GPU": 0, "Other": 10, "Phone": 18, "RPi": 1181, "Web": 205}, "Net energy usage": "14.87 kW", "Open threads": 27, "Pool hashrate": "2545.536 MH/s", "Registered users": 102390, "Server CPU usage": 60.3, "Server RAM usage": 91.7, "Server version": 4.0, "Top 10 richest miners": ["79233663.74889731 DUCO - bscDUCO", "30792510.456 DUCO - Flowen1985", "30547606.40829605 DUCO - AlmarRido", "20119947.6942 DUCO - viviana80", "18545685.805999998 DUCO - bimbasimba94", "14898321.566239836 DUCO - aimbert", "14843685.486560144 DUCO - ctecrypto", "12720440.585598174 DUCO - QQ44142894", "11315422.782980995 DUCO - duinousa", "10759939.638689265 DUCO - fiorella71"], "XXHASH hashrate": "0 H/s"}