{"Active connections": 1060, "All-time mined DUCO": 1053011311.2572733, "Current difficulty": 75000, "DUCO-S1 hashrate": "885.484 MH/s", "Duco FluffySwap price": 3.4369999999999994e-06, "Duco Furim price": 0.0, "Duco Node-S price": 0.0, "Duco PancakeSwap price": 1.12256e-05, "Duco SunSwap price": 0.0001067, "Duco SushiSwap price": 1.11128e-05, "Duco UbeSwap price": 2.7898752414944825e-05, "Duco price": 0.0001067, "Duco price BCH": 4.91e-06, "Duco price NANO": 1.05e-06, "Duco price TRX": 1.6e-06, "Duco price XMG": 0.0, "Duino-Coin Server API": "github.com/revoxhere/duino-coin", "Kolka": {"Banned": 5512, "Jailed": 144}, "Last block hash": "8de4bc0b3fa1580ec7f3421feb9644fc8ead02b8", "Last sync": 1689770402.8715672, "Last update": "19/07/2023 12:40:08 (UTC)", "Mined blocks": 428702013518, "Miner distribution": {"All": 11117, "Arduino": 1149, "CPU": 358, "ESP32": 4949, "ESP8266": 4068, "GPU": 0, "Other": 8, "Phone": 0, "RPi": 585, "Web": 0}, "Net energy usage": "7.5 kW", "Open threads": 24, "Pool hashrate": "885.484 MH/s", "Registered users": 94420, "Server CPU usage": 44.1, "Server RAM usage": 52.8, "Server version": 3.0, "Top 10 richest miners": ["495743830.67087966 DUCO - coinexchange", "385233880.9088502 DUCO - coinexchange", "50363867.80947695 DUCO - bscDUCO", "36165869.197 DUCO - AlmarRido", "24326348.334 DUCO - Flowen1985", "20119947.6942 DUCO - viviana80", "15110368.927099999 DUCO - Ochios", "14264497.326 DUCO - bimbasimba94", "12720440.559071772 DUCO - QQ44142894", "11661066.767301945 DUCO - ctecrypto"], "XXHASH hashrate": "0 H/s"}