{"Active connections": 745, "All-time mined DUCO": 19469418.45177612, "Current difficulty": 125000, "DUCO-S1 hashrate": "1301.5 MH/s", "Duco JustSwap price": 0.00109345, "Duco Node-S price": 5.1e-05, "Duco PancakeSwap price": 0.000594663, "Duco SushiSwap price": 0.000356015, "Duco price": 0.0017108, "Duco price BCH": 0.00027544, "Duco price DGB": 0.0, "Duco price NANO": 4.6e-05, "Duco price RVN": 0.0, "Duco price TRX": 0.00031844, "Duco price XMG": 0.00169741, "Duco price XRP": 0.0, "Duino-Coin Server API": "github.com/revoxhere/duino-coin", "Kolka": {"Banned": 704, "Jailed": 24}, "Last block hash": "2eb3f8271c", "Last update": "28/11/2021 17:50:53 (UTC)", "Mined blocks": 49794243359, "Miner distribution": {"All": 36641, "Arduino": 6548, "CPU": 3610, "ESP32": 10882, "ESP8266": 12347, "GPU": 0, "Other": 34, "Phone": 271, "RPi": 2193, "Web": 756}, "Net energy usage": "39.06 kW", "Open threads": 21, "Pool hashrate": "1301.5 MH/s", "Registered users": 26714, "Server CPU usage": 56.0, "Server RAM usage": 33.1, "Server version": 2.7, "Top 10 richest miners": ["3836768.8811353296 DUCO - bscDUCO", "1368378.3281483299 DUCO - coinexchange", "592829.674936279 DUCO - NodeSBroker", "351150.32673709 DUCO - James_themac", "300520.321607231 DUCO - 52Pickup", "188488.057104081 DUCO - celoDUCO", "170241.298916613 DUCO - Bacman", "148150.3294705321 DUCO - maticDUCO", "119999.999999999 DUCO - rootbori", "113387.35117249 DUCO - amornlit"], "XXHASH hashrate": "0 H/s"}