{"Active connections": 2081, "All-time mined DUCO": 21864293.139749553, "Current difficulty": 1000000, "DUCO-S1 hashrate": "4479.0 MH/s", "Duco JustSwap price": 0.00021327, "Duco Node-S price": 8.4e-05, "Duco PancakeSwap price": 0.000322114, "Duco SushiSwap price": 0.000650466, "Duco price": 0.0012599, "Duco price BCH": 1.441e-05, "Duco price NANO": 8.89e-06, "Duco price TRX": 7.143e-05, "Duco price XMG": 0.00120682, "Duino-Coin Server API": "github.com/revoxhere/duino-coin", "Kolka": {"Banned": 775, "Jailed": 26}, "Last block hash": "2eb3f8271c", "Last sync": 1643236033.9595687, "Last update": "26/01/2022 22:27:13 (UTC)", "Mined blocks": 95578042001, "Miner distribution": {"All": 43736, "Arduino": 9052, "CPU": 4317, "ESP32": 12477, "ESP8266": 13220, "GPU": 0, "Other": 30, "Phone": 338, "RPi": 2662, "Web": 1640}, "Net energy usage": "46.78 kW", "Open threads": 21, "Pool hashrate": "4479.02 MH/s", "Registered users": 51365, "Server CPU usage": 50.0, "Server RAM usage": 43.8, "Server version": 2.7, "Top 10 richest miners": ["8259124.762515697 DUCO - bscDUCO", "676669.5008694914 DUCO - coinexchange", "600513.5739354708 DUCO - bimbasimba94", "573162.1506750567 DUCO - James_themac", "355295.23782355373 DUCO - NodeSBroker", "212019.57931306402 DUCO - maticDUCO", "190596.067104081 DUCO - celoDUCO", "190257.5157511094 DUCO - RNGesus", "170241.299416613 DUCO - Bacman", "140000.53560568305 DUCO - haxorcitoz"], "XXHASH hashrate": "0 H/s"}