{"Active connections": 1427, "All-time mined DUCO": 161562414.15305272, "Current difficulty": 75000, "DUCO-S1 hashrate": "3.0 GH/s", "Duco FluffySwap price": 1.1626999999999999e-05, "Duco Furim price": 0.0, "Duco Node-S price": 0.0, "Duco PancakeSwap price": 5.90431e-05, "Duco SunSwap price": 5.016e-05, "Duco SushiSwap price": 1.43658e-05, "Duco UbeSwap price": 2.9003909513148663e-05, "Duco price": 5.90431e-05, "Duco price BCH": 1.663e-05, "Duco price NANO": 7.49e-06, "Duco price TRX": 5.48e-06, "Duco price XMG": 0.0, "Duino-Coin Server API": "github.com/revoxhere/duino-coin", "Kolka": {"Banned": 1171, "Jailed": 88}, "Last block hash": "8de4bc0b3fa1580ec7f3421feb9644fc8ead02b8", "Last sync": 1669903525.3887506, "Last update": "01/12/2022 14:05:31 (UTC)", "Mined blocks": 313638555695, "Miner distribution": {"All": 35486, "Arduino": 4025, "CPU": 1839, "ESP32": 13077, "ESP8266": 14447, "GPU": 0, "Other": 27, "Phone": 39, "RPi": 1714, "Web": 318}, "Net energy usage": "28.08 kW", "Open threads": 24, "Pool hashrate": "2980.03 MH/s", "Registered users": 84532, "Server CPU usage": 50.5, "Server RAM usage": 48.4, "Server version": 3.0, "Top 10 richest miners": ["38531229.63978844 DUCO - bscDUCO", "20119945.00125 DUCO - viviana80", "14965348.977135073 DUCO - Ochios", "11692429.559071772 DUCO - QQ44142894", "10759939.638689265 DUCO - fiorella71", "8472852.25638824 DUCO - coinexchange", "7470017.026 DUCO - RNGesus", "6702213.362120329 DUCO - lordachoo", "4267666.823 DUCO - Demoel", "4198394.688 DUCO - AlmarRido"], "XXHASH hashrate": "0 H/s"}