{"Active connections": 1121, "All-time mined DUCO": 75837120.59357882, "Current difficulty": 75000, "DUCO-S1 hashrate": "2.7 GH/s", "Duco Furim price": 0.0, "Duco Node-S price": 0.0, "Duco PancakeSwap price": 4.4e-05, "Duco SunSwap price": 0.000318, "Duco SushiSwap price": 3.8e-05, "Duco UbeSwap price": 2.8e-05, "Duco price": 0.000319, "Duco price BCH": 2.3e-05, "Duco price NANO": 1.8e-05, "Duco price TRX": 2e-05, "Duco price XMG": 1.5e-05, "Duino-Coin Server API": "github.com/revoxhere/duino-coin", "Kolka": {"Banned": 973, "Jailed": 80}, "Last block hash": "2eb3f8271cd947cdd6469be145558a7bcb72e0d9", "Last sync": 1661047398.1899781, "Last update": "21/08/2022 02:03:19 (UTC)", "Mined blocks": 245363412648, "Miner distribution": {"All": 35918, "Arduino": 4460, "CPU": 1740, "ESP32": 13184, "ESP8266": 14946, "GPU": 0, "Other": 26, "Phone": 35, "RPi": 1115, "Web": 412}, "Net energy usage": "26.89 kW", "Open threads": 22, "Pool hashrate": "2710.15 MH/s", "Registered users": 76755, "Server CPU usage": 60.3, "Server RAM usage": 54.4, "Server version": 3.0, "Top 10 richest miners": ["42014381.686995566 DUCO - bscDUCO", "31771623.10241963 DUCO - coinexchange", "6974991.289071771 DUCO - QQ44142894", "4020874.7965073707 DUCO - Demoel", "3250441.256569821 DUCO - renderman", "2368507.0 DUCO - Brunomoyses23", "2210288.919161586 DUCO - vyrdudji", "1731813.628415313 DUCO - Sreeramzeno", "1499785.3077428665 DUCO - giveaways", "1487760.0084821829 DUCO - maticDUCO"], "XXHASH hashrate": "0 H/s"}