{"Active connections": 2045, "All-time mined DUCO": 20906008.564570524, "Current difficulty": 1000000, "DUCO-S1 hashrate": "4098.9 MH/s", "Duco JustSwap price": 0.00025631, "Duco Node-S price": 5.6e-05, "Duco PancakeSwap price": 0.000322114, "Duco SushiSwap price": 0.000650466, "Duco price": 0.00101136, "Duco price BCH": 2.231e-05, "Duco price NANO": 1.18e-05, "Duco price TRX": 8.242e-05, "Duco price XMG": 0.00100721, "Duino-Coin Server API": "github.com/revoxhere/duino-coin", "Kolka": {"Banned": 772, "Jailed": 27}, "Last block hash": "2eb3f8271c", "Last sync": 1642668419.0272734, "Last update": "20/01/2022 08:46:59 (UTC)", "Mined blocks": 88302992741, "Miner distribution": {"All": 39144, "Arduino": 7041, "CPU": 5241, "ESP32": 9777, "ESP8266": 12264, "GPU": 0, "Other": 21, "Phone": 367, "RPi": 2838, "Web": 1595}, "Net energy usage": "50.86 kW", "Open threads": 21, "Pool hashrate": "4098.86 MH/s", "Registered users": 48111, "Server CPU usage": 48.9, "Server RAM usage": 37.9, "Server version": 2.7, "Top 10 richest miners": ["6551929.319096958 DUCO - bscDUCO", "711005.6368390532 DUCO - miningvir", "532477.820632083 DUCO - NodeSBroker", "443719.56413192814 DUCO - bimbasimba94", "397162.15067505674 DUCO - James_themac", "209169.78908642897 DUCO - coinexchange", "205533.80035569397 DUCO - maticDUCO", "190583.057104081 DUCO - celoDUCO", "170241.298916613 DUCO - Bacman", "141790.9602423884 DUCO - haxorcitoz"], "XXHASH hashrate": "0 H/s"}