{"Active connections": 853, "All-time mined DUCO": 738783726.7034538, "Current difficulty": 200000, "DUCO-S1 hashrate": "2.453 GH/s", "Duco FluffySwap price": 8.778e-06, "Duco Furim price": 0.0, "Duco Node-S price": 0.0, "Duco PancakeSwap price": 8.57789e-06, "Duco SunSwap price": 0.00010189, "Duco SushiSwap price": 1.2962107682626e-05, "Duco UbeSwap price": 1.1191491992827553e-05, "Duco price": 0.0002138, "Duco price BCH": 0.00015147, "Duco price NANO": 0.0002138, "Duco price TRX": 1.253e-05, "Duco price XMG": 3.75e-06, "Duino-Coin Server API": "github.com/revoxhere/duino-coin", "Kolka": {"Banned": 5922, "Jailed": 181}, "Last block hash": "8de4bc0b3fa1580ec7f3421feb9644fc8ead02b8", "Last sync": 1715716948.668181, "Last update": "14/05/2024 20:02:28 (UTC)", "Mined blocks": 519404308949, "Miner distribution": {"All": 17522, "Arduino": 2139, "CPU": 975, "ESP32": 6827, "ESP8266": 6019, "GPU": 0, "Other": 20, "Phone": 20, "RPi": 1339, "Web": 183}, "Net energy usage": "14.79 kW", "Open threads": 27, "Pool hashrate": "2452.74 MH/s", "Registered users": 101903, "Server CPU usage": 32.0, "Server RAM usage": 92.6, "Server version": 4.0, "Top 10 richest miners": ["78665233.74889731 DUCO - bscDUCO", "39493232.42763998 DUCO - AlmarRido", "30792510.456 DUCO - Flowen1985", "20119947.6942 DUCO - viviana80", "17045685.805999998 DUCO - bimbasimba94", "14868541.457229866 DUCO - aimbert", "14842709.212640628 DUCO - ctecrypto", "12720440.585598174 DUCO - QQ44142894", "11314741.780883431 DUCO - duinousa", "10759939.638689265 DUCO - fiorella71"], "XXHASH hashrate": "0 H/s"}