{"Active connections": 1290, "All-time mined DUCO": 55511071.19885381, "Current difficulty": 1000000, "DUCO-S1 hashrate": "4.2 GH/s", "Duco Furim price": 0.0, "Duco Node-S price": 0.0, "Duco PancakeSwap price": 5.7e-05, "Duco SunSwap price": 0.000164, "Duco SushiSwap price": 1.6e-05, "Duco UbeSwap price": 0.000102, "Duco price": 0.000165, "Duco price BCH": 9e-06, "Duco price NANO": 4.3e-05, "Duco price TRX": 1.9e-05, "Duco price XMG": 6.2e-05, "Duino-Coin Server API": "github.com/revoxhere/duino-coin", "Kolka": {"Banned": 767, "Jailed": 48}, "Last block hash": "2eb3f8271cd947cdd6469be145558a7bcb72e0d9", "Last sync": 1651647825.45477, "Last update": "04/05/2022 07:03:47 (UTC)", "Mined blocks": 169874600795, "Miner distribution": {"All": 40295, "Arduino": 6028, "CPU": 3507, "ESP32": 13028, "ESP8266": 15199, "GPU": 0, "Other": 69, "Phone": 156, "RPi": 2001, "Web": 307}, "Net energy usage": "39.78 kW", "Open threads": 21, "Pool hashrate": "4194.08 MH/s", "Registered users": 72166, "Server CPU usage": 38.0, "Server RAM usage": 32.0, "Server version": 3.0, "Top 10 richest miners": ["23684212.00759496 DUCO - bscDUCO", "8803648.99999709 DUCO - Ochios", "4028876.813893016 DUCO - QQ44142894", "2663589.692030467 DUCO - coinexchange", "2210288.9385462017 DUCO - vyrdudji", "2100626.523837833 DUCO - varanese67", "1454154.3490399483 DUCO - maticDUCO", "1248594.2697615586 DUCO - miningvir", "1209839.3105654893 DUCO - James_themac", "1185940.96067409 DUCO - ivanrpz"], "XXHASH hashrate": "0 H/s"}