{"Duino-Coin Server API": "github.com/revoxhere/duino-coin", "Server version": 2.6, "Active connections": 9367, "Open threads": 23, "Server CPU usage": 65.0, "Server RAM usage": 58.1, "Last update": "17/08/2021 03:22:58 (UTC)", "Net energy usage": "27.31 kW", "Pool hashrate": "426.0823 MH/s", "DUCO-S1 hashrate": "418.1 MH/s", "XXHASH hashrate": "8.0 MH/s", "Duco price": 0.018767, "Duco price XMG": 0.01876683, "Duco price BCH": 0.00171063, "Duco price TRX": 0.00180544, "Duco price XRP": 0.0021175, "Duco price DGB": 0.00204591, "Duco price NANO": 0.001555, "Duco Node-S price": 0.018767, "Duco JustSwap price": 0.00723742, "Duco PancakeSwap price": 0.00420784, "Registered users": 20061, "All-time mined DUCO": 5797235.257199388, "Current difficulty": 452072, "Mined blocks": 10849845514, "Last block hash": "ed30bd568f", "Kolka": {"Jailed": 0, "Banned": 417}, "Miner distribution": {"GPU": 0, "CPU": 2075, "RPi": 690, "ESP32": 1927, "ESP8266": 3037, "Arduino": 1449, "Other": 75}, "Top 10 richest miners": ["548917.9895859279 DUCO - bscDUCO", "169741.7419356001 DUCO - Bacman", "128150.32377963256 DUCO - coinexchange", "120106.99999999886 DUCO - WannaCry", "113118.46791791837 DUCO - amornlit", "101001.15586840843 DUCO - 52Pickup", "86158.58772899676 DUCO - caancom", "52555.39842459688 DUCO - zero0", "50328.99879275615 DUCO - rootbori", "50288.45762651612 DUCO - duinocrfsh"]}