{"Active connections": 915, "All-time mined DUCO": 176104331.55733562, "Current difficulty": 75000, "DUCO-S1 hashrate": "2.3 GH/s", "Duco FluffySwap price": 1.7709999999999999e-06, "Duco Furim price": 0.0, "Duco Node-S price": 0.0, "Duco PancakeSwap price": 3.0989e-05, "Duco SunSwap price": 4.927e-05, "Duco SushiSwap price": 3.5268e-06, "Duco UbeSwap price": 2.8176431863067808e-05, "Duco price": 4.927e-05, "Duco price BCH": 2.53e-06, "Duco price NANO": 1.79e-06, "Duco price TRX": 4.04e-06, "Duco price XMG": 0.0, "Duino-Coin Server API": "github.com/revoxhere/duino-coin", "Kolka": {"Banned": 1233, "Jailed": 94}, "Last block hash": "8de4bc0b3fa1580ec7f3421feb9644fc8ead02b8", "Last sync": 1672969491.4067023, "Last update": "06/01/2023 01:44:54 (UTC)", "Mined blocks": 334118460977, "Miner distribution": {"All": 33625, "Arduino": 3962, "CPU": 1151, "ESP32": 12700, "ESP8266": 13719, "GPU": 0, "Other": 27, "Phone": 17, "RPi": 1650, "Web": 399}, "Net energy usage": "23.22 kW", "Open threads": 25, "Pool hashrate": "2326.47 MH/s", "Registered users": 86473, "Server CPU usage": 49.7, "Server RAM usage": 43.8, "Server version": 3.0, "Top 10 richest miners": ["98157595.90695195 DUCO - coinexchange", "40220617.73070239 DUCO - bscDUCO", "20119945.00125 DUCO - viviana80", "14965357.425395073 DUCO - Ochios", "13675334.218015814 DUCO - ctecrypto", "11692429.559071772 DUCO - QQ44142894", "10759939.638689265 DUCO - fiorella71", "8125736.123916335 DUCO - Orion_0x43b", "6809121.704301912 DUCO - lordachoo", "4267666.823 DUCO - Demoel"], "XXHASH hashrate": "0 H/s"}