{"Duino-Coin Server API": "github.com/revoxhere/duino-coin", "Server version": 2.6, "Active connections": 8321, "Open threads": 25, "Server CPU usage": 67.6, "Server RAM usage": 61.5, "Last update": "14/08/2021 23:17:22 (UTC)", "Net energy usage": "77.33 kW", "Pool hashrate": "2.2662 GH/s", "DUCO-S1 hashrate": "2.2 GH/s", "XXHASH hashrate": "40.8 MH/s", "Duco price": 0.019778, "Duco price XMG": 0.01966032, "Duco price BCH": 0.00167725, "Duco price TRX": 0.00183476, "Duco price XRP": 0.0022575, "Duco price DGB": 0.00188457, "Duco Node-S price": 0.019778, "Duco JustSwap price": 0.00264529, "Duco PancakeSwap price": 0.00507655, "Registered users": 19738, "All-time mined DUCO": 5477565.157170609, "Current difficulty": 434114, "Mined blocks": 10418926354, "Last block hash": "085ab072e9", "Kolka": {"Jailed": 0, "Banned": 417}, "Miner distribution": {"GPU": 0, "CPU": 6107, "RPi": 1727, "ESP32": 6131, "ESP8266": 6636, "Arduino": 5911, "Other": 314}, "Top 10 richest miners": ["473394.4379246177 DUCO - bscDUCO", "169625.6936718433 DUCO - Bacman", "113045.57144112472 DUCO - amornlit", "100044.19898005195 DUCO - 52Pickup", "100000.26200466887 DUCO - WannaCry", "86099.48642235769 DUCO - caancom", "71966.14377963258 DUCO - coinexchange", "50288.45762651612 DUCO - duinocrfsh", "50242.266193136646 DUCO - rootbori", "47119.90790638301 DUCO - chipsa"]}