{"Active connections": 1416, "All-time mined DUCO": 17379359.731193364, "Current difficulty": 75000, "DUCO-S1 hashrate": "1568.4 MH/s", "Duco JustSwap price": 0.00076011, "Duco Node-S price": 5.1e-05, "Duco PancakeSwap price": 0.000594663, "Duco SushiSwap price": 0.000356015, "Duco price": 0.00078066, "Duco price BCH": 0.0, "Duco price DGB": 0.0, "Duco price NANO": 4.2e-05, "Duco price RVN": 0.0, "Duco price TRX": 0.00030174, "Duco price XMG": 0.00029629, "Duco price XRP": 0.0, "Duino-Coin Server API": "github.com/revoxhere/duino-coin", "Kolka": {"Banned": 708, "Jailed": 24}, "Last block hash": "2eb3f8271c", "Last update": "05/12/2021 13:33:54 (UTC)", "Mined blocks": 54778146064, "Miner distribution": {"All": 36859, "Arduino": 6847, "CPU": 4542, "ESP32": 10490, "ESP8266": 11029, "GPU": 0, "Other": 12, "Phone": 455, "RPi": 2458, "Web": 1026}, "Net energy usage": "44.91 kW", "Open threads": 21, "Pool hashrate": "1568.45 MH/s", "Registered users": 28252, "Server CPU usage": 58.7, "Server RAM usage": 50.3, "Server version": 2.7, "Top 10 richest miners": ["4161166.847658422 DUCO - bscDUCO", "1488389.6981484294 DUCO - coinexchange", "588826.4976891754 DUCO - NodeSBroker", "351162.15067505674 DUCO - James_themac", "300520.321607231 DUCO - 52Pickup", "188488.057104081 DUCO - celoDUCO", "170241.298916613 DUCO - Bacman", "170076.34189109458 DUCO - maticDUCO", "119999.999999999 DUCO - rootbori", "101286.92861328465 DUCO - haxorcitoz"], "XXHASH hashrate": "0 H/s"}