{"Active connections": 1074, "All-time mined DUCO": 1102647117.398975, "Current difficulty": 75000, "DUCO-S1 hashrate": "1.913 GH/s", "Duco FluffySwap price": 3.99e-06, "Duco Furim price": 0.0, "Duco Node-S price": 0.0, "Duco PancakeSwap price": 7.2694e-06, "Duco SunSwap price": 0.00010247, "Duco SushiSwap price": 1.01312e-05, "Duco UbeSwap price": 2.9093097913322633e-05, "Duco price": 0.00035034, "Duco price BCH": 5.7e-06, "Duco price NANO": 1.08e-06, "Duco price TRX": 1.92e-06, "Duco price XMG": 0.00035034, "Duino-Coin Server API": "github.com/revoxhere/duino-coin", "Kolka": {"Banned": 5576, "Jailed": 152}, "Last block hash": "8de4bc0b3fa1580ec7f3421feb9644fc8ead02b8", "Last sync": 1692160948.8346848, "Last update": "16/08/2023 04:42:37 (UTC)", "Mined blocks": 438666688828, "Miner distribution": {"All": 19564, "Arduino": 2247, "CPU": 650, "ESP32": 8130, "ESP8266": 7283, "GPU": 0, "Other": 6, "Phone": 19, "RPi": 1123, "Web": 106}, "Net energy usage": "13.48 kW", "Open threads": 25, "Pool hashrate": "1913.044 MH/s", "Registered users": 94916, "Server CPU usage": 49.1, "Server RAM usage": 56.1, "Server version": 3.0, "Top 10 richest miners": ["495743830.67087966 DUCO - coinexchange", "382372236.7812404 DUCO - coinexchange", "70267869.64457695 DUCO - bscDUCO", "35298227.85615001 DUCO - AlmarRido", "24375487.137 DUCO - Flowen1985", "20119947.6942 DUCO - viviana80", "12720440.559071772 DUCO - QQ44142894", "11701433.102280406 DUCO - ctecrypto", "11436497.326 DUCO - bimbasimba94", "10759939.638689265 DUCO - fiorella71"], "XXHASH hashrate": "0 H/s"}