{"Duino-Coin Server API": "github.com/revoxhere/duino-coin", "Server version": 2.6, "Active connections": 9353, "Open threads": 21, "Server CPU usage": 63.6, "Server RAM usage": 57.7, "Last update": "17/08/2021 03:01:58 (UTC)", "Net energy usage": "8.39 kW", "Pool hashrate": "139.4909 MH/s", "DUCO-S1 hashrate": "138.3 MH/s", "XXHASH hashrate": "1.2 MH/s", "Duco price": 0.018767, "Duco price XMG": 0.01876683, "Duco price BCH": 0.00170787, "Duco price TRX": 0.0018073, "Duco price XRP": 0.0021175, "Duco price DGB": 0.00204567, "Duco price NANO": 0.0015525, "Duco Node-S price": 0.018767, "Duco JustSwap price": 0.00724487, "Duco PancakeSwap price": 0.00420784, "Registered users": 20058, "All-time mined DUCO": 5796413.030762031, "Current difficulty": 451996, "Mined blocks": 10847921478, "Last block hash": "ea8acd6922", "Kolka": {"Jailed": 0, "Banned": 417}, "Miner distribution": {"GPU": 0, "CPU": 286, "RPi": 113, "ESP32": 1922, "ESP8266": 2811, "Arduino": 490, "Other": 56}, "Top 10 richest miners": ["548917.9895859279 DUCO - bscDUCO", "169741.7419356001 DUCO - Bacman", "128150.32377963256 DUCO - coinexchange", "120106.99999999886 DUCO - WannaCry", "113118.30325392983 DUCO - amornlit", "101001.15586840843 DUCO - 52Pickup", "86158.58772899676 DUCO - caancom", "52551.951175738905 DUCO - zero0", "50328.99879275615 DUCO - rootbori", "50288.45762651612 DUCO - duinocrfsh"]}