{"Active connections": 1447, "All-time mined DUCO": 99238815.3017063, "Current difficulty": 75000, "DUCO-S1 hashrate": "3.0 GH/s", "Duco FluffySwap price": 2e-05, "Duco Furim price": 0.0, "Duco Node-S price": 0.0, "Duco PancakeSwap price": 4.5e-05, "Duco SunSwap price": 0.000133, "Duco SushiSwap price": 1.7e-05, "Duco UbeSwap price": 2.9e-05, "Duco price": 0.000134, "Duco price BCH": 2.9e-05, "Duco price NANO": 1.2e-05, "Duco price TRX": 1.5e-05, "Duco price XMG": 0.000109, "Duino-Coin Server API": "github.com/revoxhere/duino-coin", "Kolka": {"Banned": 1038, "Jailed": 83}, "Last block hash": "2eb3f8271cd947cdd6469be145558a7bcb72e0d9", "Last sync": 1663522889.979987, "Last update": "18/09/2022 17:41:32 (UTC)", "Mined blocks": 263597606472, "Miner distribution": {"All": 38865, "Arduino": 4708, "CPU": 2020, "ESP32": 14161, "ESP8266": 16257, "GPU": 0, "Other": 10, "Phone": 61, "RPi": 1243, "Web": 405}, "Net energy usage": "29.96 kW", "Open threads": 22, "Pool hashrate": "3031.54 MH/s", "Registered users": 79030, "Server CPU usage": 52.8, "Server RAM usage": 59.7, "Server version": 3.0, "Top 10 richest miners": ["40941601.99251492 DUCO - bscDUCO", "15965309.807 DUCO - Ochios", "15933227.829598684 DUCO - coinexchange", "11708709.534592757 DUCO - ctecrypto", "6974991.289071771 DUCO - QQ44142894", "2751337.060389378 DUCO - goddani", "2368507.0 DUCO - Brunomoyses23", "2210288.919161586 DUCO - vyrdudji", "1868356.76815432 DUCO - renderman", "1694216.3367654292 DUCO - giveaways"], "XXHASH hashrate": "0 H/s"}