{"Active connections": 1128, "All-time mined DUCO": 1053160698.9888936, "Current difficulty": 75000, "DUCO-S1 hashrate": "1.662 GH/s", "Duco FluffySwap price": 3.325e-06, "Duco Furim price": 0.0, "Duco Node-S price": 0.0, "Duco PancakeSwap price": 7.20733e-06, "Duco SunSwap price": 0.00010951, "Duco SushiSwap price": 1.03082e-05, "Duco UbeSwap price": 2.9093097913322633e-05, "Duco price": 0.00010951, "Duco price BCH": 4.74e-06, "Duco price NANO": 1.04e-06, "Duco price TRX": 1.64e-06, "Duco price XMG": 0.0, "Duino-Coin Server API": "github.com/revoxhere/duino-coin", "Kolka": {"Banned": 5512, "Jailed": 144}, "Last block hash": "8de4bc0b3fa1580ec7f3421feb9644fc8ead02b8", "Last sync": 1690330464.1860232, "Last update": "26/07/2023 00:14:33 (UTC)", "Mined blocks": 430871011152, "Miner distribution": {"All": 19385, "Arduino": 2319, "CPU": 601, "ESP32": 8321, "ESP8266": 7130, "GPU": 0, "Other": 13, "Phone": 7, "RPi": 994, "Web": 0}, "Net energy usage": "12.85 kW", "Open threads": 24, "Pool hashrate": "1662.236 MH/s", "Registered users": 94513, "Server CPU usage": 49.3, "Server RAM usage": 58.3, "Server version": 3.0, "Top 10 richest miners": ["495743830.67087966 DUCO - coinexchange", "384981752.7864603 DUCO - coinexchange", "69671267.73957695 DUCO - bscDUCO", "35439957.657000005 DUCO - AlmarRido", "24375487.137 DUCO - Flowen1985", "20119947.6942 DUCO - viviana80", "14654856.70292719 DUCO - ctecrypto", "12720440.559071772 DUCO - QQ44142894", "11436497.326 DUCO - bimbasimba94", "10759939.638689265 DUCO - fiorella71"], "XXHASH hashrate": "0 H/s"}