{"Active connections": 922, "All-time mined DUCO": 35296156.56206777, "Current difficulty": 1000000, "DUCO-S1 hashrate": "102.3 GH/s", "Duco JustSwap price": 0.00022628, "Duco Node-S price": 0, "Duco PancakeSwap price": 9.41186e-05, "Duco SushiSwap price": 0.000209454, "Duco price": 0.00106483, "Duco price BCH": 2.86e-06, "Duco price NANO": 1.16e-05, "Duco price TRX": 8.179e-05, "Duco price XMG": 0.00106466, "Duino-Coin Server API": "github.com/revoxhere/duino-coin", "Kolka": {"Banned": 787, "Jailed": 27}, "Last block hash": "2eb3f8271c", "Last sync": 1644354192.3440528, "Last update": "08/02/2022 21:03:12 (UTC)", "Mined blocks": 105425477797, "Miner distribution": {"All": 9802, "Arduino": 1856, "CPU": 1510, "ESP32": 580, "ESP8266": 4071, "GPU": 0, "Other": 18, "Phone": 57, "RPi": 1035, "Web": 675}, "Net energy usage": "14.58 kW", "Open threads": 21, "Pool hashrate": "102295.36 MH/s", "Registered users": 55403, "Server CPU usage": 25.2, "Server RAM usage": 27.8, "Server version": 2.7, "Top 10 richest miners": ["12670384.233136624 DUCO - bscDUCO", "9990030.115278136 DUCO - miningvir", "1474505.5408699138 DUCO - coinexchange", "1428029.484616557 DUCO - bimbasimba94", "573162.1506750567 DUCO - James_themac", "515589.12677090423 DUCO - Techno78", "356199.8636235537 DUCO - NodeSBroker", "223084.1388045149 DUCO - maticDUCO", "190624.067104081 DUCO - celoDUCO", "170241.299416613 DUCO - Bacman"], "XXHASH hashrate": "0 H/s"}