{"Active connections": 1996, "All-time mined DUCO": 17475491.934146333, "Current difficulty": 75000, "DUCO-S1 hashrate": "1539.5 MH/s", "Duco JustSwap price": 0.00013189, "Duco Node-S price": 5.1e-05, "Duco PancakeSwap price": 0.000594663, "Duco SushiSwap price": 0.000356015, "Duco price": 0.00078066, "Duco price BCH": 0.0, "Duco price DGB": 0.0, "Duco price NANO": 3.65e-05, "Duco price RVN": 0.0, "Duco price TRX": 0.00029937, "Duco price XMG": 0.00029116, "Duco price XRP": 0.0, "Duino-Coin Server API": "github.com/revoxhere/duino-coin", "Kolka": {"Banned": 708, "Jailed": 24}, "Last block hash": "2eb3f8271c", "Last update": "06/12/2021 13:39:20 (UTC)", "Mined blocks": 55582522300, "Miner distribution": {"All": 37511, "Arduino": 6997, "CPU": 4685, "ESP32": 10730, "ESP8266": 11052, "GPU": 0, "Other": 4, "Phone": 507, "RPi": 2534, "Web": 1002}, "Net energy usage": "46.06 kW", "Open threads": 21, "Pool hashrate": "1539.5 MH/s", "Registered users": 28494, "Server CPU usage": 55.6, "Server RAM usage": 47.6, "Server version": 2.7, "Top 10 richest miners": ["4187416.7476584218 DUCO - bscDUCO", "1502896.4681484294 DUCO - coinexchange", "588949.0732451914 DUCO - NodeSBroker", "351162.15067505674 DUCO - James_themac", "300520.321607231 DUCO - 52Pickup", "188488.057104081 DUCO - celoDUCO", "174589.92691112455 DUCO - maticDUCO", "170241.298916613 DUCO - Bacman", "119999.999999999 DUCO - rootbori", "101321.55689385235 DUCO - haxorcitoz"], "XXHASH hashrate": "0 H/s"}