{"Active connections": 644, "All-time mined DUCO": 1101856280.4198363, "Current difficulty": 75000, "DUCO-S1 hashrate": "2.239 GH/s", "Duco FluffySwap price": 3.647e-06, "Duco Furim price": 0.0, "Duco Node-S price": 0.0, "Duco PancakeSwap price": 7.2694e-06, "Duco SunSwap price": 0.0001, "Duco SushiSwap price": 1.01312e-05, "Duco UbeSwap price": 2.9093097913322633e-05, "Duco price": 0.00035034, "Duco price BCH": 5.19e-06, "Duco price NANO": 1.08e-06, "Duco price TRX": 1.87e-06, "Duco price XMG": 0.00035034, "Duino-Coin Server API": "github.com/revoxhere/duino-coin", "Kolka": {"Banned": 5606, "Jailed": 152}, "Last block hash": "8de4bc0b3fa1580ec7f3421feb9644fc8ead02b8", "Last sync": 1692272355.9237697, "Last update": "17/08/2023 11:39:23 (UTC)", "Mined blocks": 439160016637, "Miner distribution": {"All": 20036, "Arduino": 2342, "CPU": 778, "ESP32": 8196, "ESP8266": 7430, "GPU": 0, "Other": 9, "Phone": 5, "RPi": 1130, "Web": 146}, "Net energy usage": "14.45 kW", "Open threads": 24, "Pool hashrate": "2239.108 MH/s", "Registered users": 94953, "Server CPU usage": 36.1, "Server RAM usage": 33.1, "Server version": 3.0, "Top 10 richest miners": ["495743830.67087966 DUCO - coinexchange", "371694975.9273801 DUCO - coinexchange", "70320419.64457695 DUCO - bscDUCO", "35303177.008099996 DUCO - AlmarRido", "26397090.986169368 DUCO - giveaways", "24375488.137 DUCO - Flowen1985", "20119947.6942 DUCO - viviana80", "12720440.559071772 DUCO - QQ44142894", "11754851.19541673 DUCO - ctecrypto", "11394221.861 DUCO - bimbasimba94"], "XXHASH hashrate": "0 H/s"}