{"Active connections": 937, "All-time mined DUCO": 745025149.5144029, "Current difficulty": 200000, "DUCO-S1 hashrate": "1.744 GH/s", "Duco FluffySwap price": 8.54e-06, "Duco Furim price": 0.0, "Duco Node-S price": 0.0, "Duco PancakeSwap price": 8.57789e-06, "Duco SunSwap price": 0.00013726, "Duco SushiSwap price": 1.2962107682626e-05, "Duco UbeSwap price": 1.1191491992827553e-05, "Duco price": 0.00018412, "Duco price BCH": 0.00013778, "Duco price NANO": 0.00018412, "Duco price TRX": 1.219e-05, "Duco price XMG": 0.0, "Duino-Coin Server API": "github.com/revoxhere/duino-coin", "Kolka": {"Banned": 5970, "Jailed": 183}, "Last block hash": "8de4bc0b3fa1580ec7f3421feb9644fc8ead02b8", "Last sync": 1719559594.3291252, "Last update": "28/06/2024 07:26:34 (UTC)", "Mined blocks": 531027775449, "Miner distribution": {"All": 18204, "Arduino": 2349, "CPU": 955, "ESP32": 7446, "ESP8266": 6010, "GPU": 0, "Other": 16, "Phone": 14, "RPi": 1152, "Web": 262}, "Net energy usage": "14.7 kW", "Open threads": 28, "Pool hashrate": "1743.648 MH/s", "Registered users": 103516, "Server CPU usage": 57.0, "Server RAM usage": 90.8, "Server version": 4.0, "Top 10 richest miners": ["248760419.04646996 DUCO - coinexchange", "79668480.50800352 DUCO - bscDUCO", "29548821.707830127 DUCO - AlmarRido", "24635208.6964704 DUCO - Flowen1985", "22851221.472 DUCO - bimbasimba94", "20120447.6942 DUCO - viviana80", "14898387.513265638 DUCO - aimbert", "14847133.194062889 DUCO - ctecrypto", "14175455.534130467 DUCO - duinousa", "12721940.59109726 DUCO - QQ44142894"], "XXHASH hashrate": "0 H/s"}