{"Duino-Coin Server API": "github.com/revoxhere/duino-coin", "Server version": 2.6, "Active connections": 8621, "Open threads": 25, "Server CPU usage": 68.8, "Server RAM usage": 64.7, "Last update": "15/08/2021 01:07:37 (UTC)", "Net energy usage": "91.05 kW", "Pool hashrate": "3.9015 GH/s", "DUCO-S1 hashrate": "3.9 GH/s", "XXHASH hashrate": "43.1 MH/s", "Duco price": 0.019778, "Duco price XMG": 0.01966032, "Duco price BCH": 0.001742, "Duco price TRX": 0.00188374, "Duco price XRP": 0.002275, "Duco price DGB": 0.00188952, "Duco Node-S price": 0.019778, "Duco JustSwap price": 0.00582283, "Duco PancakeSwap price": 0.00507655, "Registered users": 19752, "All-time mined DUCO": 5493599.297729243, "Current difficulty": 435469, "Mined blocks": 10451508004, "Last block hash": "f7c9f4da74", "Kolka": {"Jailed": 0, "Banned": 417}, "Miner distribution": {"GPU": 0, "CPU": 6884, "RPi": 1923, "ESP32": 8020, "ESP8266": 10085, "Arduino": 5954, "Other": 346}, "Top 10 richest miners": ["473769.4379246177 DUCO - bscDUCO", "169636.66311696835 DUCO - Bacman", "113048.18432818068 DUCO - amornlit", "100045.78546438197 DUCO - 52Pickup", "99999.99999999886 DUCO - WannaCry", "86104.75015083437 DUCO - caancom", "71960.01377963257 DUCO - coinexchange", "50288.45762651612 DUCO - duinocrfsh", "50251.98975359786 DUCO - rootbori", "47119.90790638301 DUCO - chipsa"]}