{"Active connections": 991, "All-time mined DUCO": 67694695.93797456, "Current difficulty": 75000, "DUCO-S1 hashrate": "2.3 GH/s", "Duco Furim price": 0.0, "Duco Node-S price": 0.0, "Duco PancakeSwap price": 4.1e-05, "Duco SunSwap price": 0.000343, "Duco SushiSwap price": 8e-06, "Duco UbeSwap price": 3.5e-05, "Duco price": 0.000347, "Duco price BCH": 3.3e-05, "Duco price NANO": 2.6e-05, "Duco price TRX": 2.1e-05, "Duco price XMG": 0.000248, "Duino-Coin Server API": "github.com/revoxhere/duino-coin", "Kolka": {"Banned": 959, "Jailed": 70}, "Last block hash": "2eb3f8271cd947cdd6469be145558a7bcb72e0d9", "Last sync": 1660106218.147924, "Last update": "10/08/2022 04:37:00 (UTC)", "Mined blocks": 239271852287, "Miner distribution": {"All": 33219, "Arduino": 4122, "CPU": 1576, "ESP32": 11091, "ESP8266": 14972, "GPU": 0, "Other": 48, "Phone": 26, "RPi": 1018, "Web": 366}, "Net energy usage": "24.75 kW", "Open threads": 22, "Pool hashrate": "2340.17 MH/s", "Registered users": 76027, "Server CPU usage": 34.5, "Server RAM usage": 46.3, "Server version": 3.0, "Top 10 richest miners": ["39754048.96167598 DUCO - coinexchange", "39585872.79868917 DUCO - bscDUCO", "6974991.289071771 DUCO - QQ44142894", "5202162.806346853 DUCO - DeVisdude", "2859790.499778229 DUCO - renderman", "2368507.0 DUCO - Brunomoyses23", "2210288.9385462017 DUCO - vyrdudji", "1556172.7428140556 DUCO - maticDUCO", "1436226.401 DUCO - amornlit", "1209839.3183971192 DUCO - James_themac"], "XXHASH hashrate": "0 H/s"}