{"Active connections": 1030, "All-time mined DUCO": 726402434.1096876, "Current difficulty": 75000, "DUCO-S1 hashrate": "2.03 GH/s", "Duco FluffySwap price": 1.638e-06, "Duco Furim price": 0.0, "Duco Node-S price": 0.0, "Duco PancakeSwap price": 1.5524e-05, "Duco SunSwap price": 2.263e-05, "Duco SushiSwap price": 1.51294e-05, "Duco UbeSwap price": 2.9828006500541712e-05, "Duco price": 2.9828006500541712e-05, "Duco price BCH": 2.34e-06, "Duco price NANO": 1.6e-06, "Duco price TRX": 2.32e-06, "Duco price XMG": 0.0, "Duino-Coin Server API": "github.com/revoxhere/duino-coin", "Kolka": {"Banned": 1356, "Jailed": 122}, "Last block hash": "8de4bc0b3fa1580ec7f3421feb9644fc8ead02b8", "Last sync": 1682703559.9860885, "Last update": "28/04/2023 17:39:27 (UTC)", "Mined blocks": 393342532668, "Miner distribution": {"All": 28025, "Arduino": 3417, "CPU": 1042, "ESP32": 10696, "ESP8266": 11094, "GPU": 0, "Other": 29, "Phone": 32, "RPi": 1476, "Web": 239}, "Net energy usage": "19.85 kW", "Open threads": 24, "Pool hashrate": "2029.828 MH/s", "Registered users": 92153, "Server CPU usage": 61.8, "Server RAM usage": 43.4, "Server version": 3.0, "Top 10 richest miners": ["495743830.67087966 DUCO - coinexchange", "454403879.1895878 DUCO - coinexchange", "48260744.49839266 DUCO - bscDUCO", "20119947.6942 DUCO - viviana80", "15115368.927099999 DUCO - Ochios", "12720440.559071772 DUCO - QQ44142894", "10759939.638689265 DUCO - fiorella71", "8125736.123916335 DUCO - Orion_0x43b", "7871982.841046517 DUCO - revox", "7871982.841046517 DUCO - revox"], "XXHASH hashrate": "0 H/s"}