{"Active connections": 1397, "All-time mined DUCO": 51836511.32642648, "Current difficulty": 1000000, "DUCO-S1 hashrate": "4.6 GH/s", "Duco Furim price": 0.0, "Duco Node-S price": 0.0, "Duco PancakeSwap price": 5.9e-05, "Duco SunSwap price": 5.6e-05, "Duco SushiSwap price": 1.4e-05, "Duco UbeSwap price": 0.0001, "Duco price": 0.0001, "Duco price BCH": 7e-06, "Duco price NANO": 3.7e-05, "Duco price TRX": 2e-05, "Duco price XMG": 5.3e-05, "Duino-Coin Server API": "github.com/revoxhere/duino-coin", "Kolka": {"Banned": 779, "Jailed": 47}, "Last block hash": "2eb3f8271cd947cdd6469be145558a7bcb72e0d9", "Last sync": 1652099461.1537814, "Last update": "09/05/2022 12:31:01 (UTC)", "Mined blocks": 173971203536, "Miner distribution": {"All": 40440, "Arduino": 5970, "CPU": 3420, "ESP32": 13137, "ESP8266": 15286, "GPU": 0, "Other": 68, "Phone": 127, "RPi": 1973, "Web": 459}, "Net energy usage": "39.41 kW", "Open threads": 21, "Pool hashrate": "4572.03 MH/s", "Registered users": 73298, "Server CPU usage": 32.2, "Server RAM usage": 41.8, "Server version": 3.0, "Top 10 richest miners": ["27236277.70799496 DUCO - bscDUCO", "6803499.999997091 DUCO - Ochios", "3729065.9801544636 DUCO - QQ44142894", "2210288.9385462017 DUCO - vyrdudji", "2100947.3857661597 DUCO - varanese67", "1597259.6020304663 DUCO - coinexchange", "1458545.307733561 DUCO - maticDUCO", "1209839.3105654893 DUCO - James_themac", "1150617.7002611258 DUCO - ctecrypto", "958270.9169424996 DUCO - econnaty"], "XXHASH hashrate": "0 H/s"}