{"Active connections": 1076, "All-time mined DUCO": 163220245.5754144, "Current difficulty": 75000, "DUCO-S1 hashrate": "2.3 GH/s", "Duco FluffySwap price": 2.135e-06, "Duco Furim price": 0.0, "Duco Node-S price": 0.0, "Duco PancakeSwap price": 3.25041e-05, "Duco SunSwap price": 5.193e-05, "Duco SushiSwap price": 3.60836e-06, "Duco UbeSwap price": 2.8244677344934413e-05, "Duco price": 5.193e-05, "Duco price BCH": 3.05e-06, "Duco price NANO": 1.89e-06, "Duco price TRX": 4.28e-06, "Duco price XMG": 0.0, "Duino-Coin Server API": "github.com/revoxhere/duino-coin", "Kolka": {"Banned": 1250, "Jailed": 95}, "Last block hash": "8de4bc0b3fa1580ec7f3421feb9644fc8ead02b8", "Last sync": 1673551956.6404674, "Last update": "12/01/2023 19:32:42 (UTC)", "Mined blocks": 337716018312, "Miner distribution": {"All": 33557, "Arduino": 3791, "CPU": 1191, "ESP32": 12751, "ESP8266": 13769, "GPU": 0, "Other": 24, "Phone": 15, "RPi": 1562, "Web": 454}, "Net energy usage": "23.38 kW", "Open threads": 24, "Pool hashrate": "2345.76 MH/s", "Registered users": 86858, "Server CPU usage": 57.2, "Server RAM usage": 52.1, "Server version": 3.0, "Top 10 richest miners": ["93994682.66867253 DUCO - coinexchange", "40382852.73070239 DUCO - bscDUCO", "20119946.6942 DUCO - viviana80", "11692429.559071772 DUCO - QQ44142894", "10759939.638689265 DUCO - fiorella71", "8125736.123916335 DUCO - Orion_0x43b", "6810566.643651442 DUCO - lordachoo", "4965362.69527713 DUCO - Ochios", "4962501.627630896 DUCO - bimbasimba94", "4267666.823 DUCO - Demoel"], "XXHASH hashrate": "0 H/s"}