{"Active connections": 1139, "All-time mined DUCO": 157959570.8345048, "Current difficulty": 75000, "DUCO-S1 hashrate": "2.7 GH/s", "Duco FluffySwap price": 1.1451999999999998e-05, "Duco Furim price": 0.0, "Duco Node-S price": 0.0, "Duco PancakeSwap price": 5.3311e-05, "Duco SunSwap price": 4.99e-05, "Duco SushiSwap price": 1.59499e-05, "Duco UbeSwap price": 2.931300785709489e-05, "Duco price": 5.3311e-05, "Duco price BCH": 1.636e-05, "Duco price NANO": 7.59e-06, "Duco price TRX": 5.45e-06, "Duco price XMG": 0.0, "Duino-Coin Server API": "github.com/revoxhere/duino-coin", "Kolka": {"Banned": 1184, "Jailed": 90}, "Last block hash": "8de4bc0b3fa1580ec7f3421feb9644fc8ead02b8", "Last sync": 1670758639.7974496, "Last update": "11/12/2022 11:37:21 (UTC)", "Mined blocks": 319350217013, "Miner distribution": {"All": 33793, "Arduino": 3944, "CPU": 1407, "ESP32": 12471, "ESP8266": 13856, "GPU": 0, "Other": 19, "Phone": 23, "RPi": 1688, "Web": 385}, "Net energy usage": "24.84 kW", "Open threads": 24, "Pool hashrate": "2747.17 MH/s", "Registered users": 85155, "Server CPU usage": 45.4, "Server RAM usage": 43.2, "Server version": 3.0, "Top 10 richest miners": ["38531229.63978844 DUCO - bscDUCO", "20119945.00125 DUCO - viviana80", "14965353.225385074 DUCO - Ochios", "11692429.559071772 DUCO - QQ44142894", "10759939.638689265 DUCO - fiorella71", "8125653.455711943 DUCO - Orion_0x43b", "5577824.730567928 DUCO - coinexchange", "4267666.823 DUCO - Demoel", "4194745.3669 DUCO - AlmarRido", "2368507.0 DUCO - Brunomoyses23"], "XXHASH hashrate": "0 H/s"}