{"Active connections": 1012, "All-time mined DUCO": 173311726.10094035, "Current difficulty": 75000, "DUCO-S1 hashrate": "2.5 GH/s", "Duco FluffySwap price": 1.7429999999999999e-06, "Duco Furim price": 0.0, "Duco Node-S price": 0.0, "Duco PancakeSwap price": 3.08548e-05, "Duco SunSwap price": 4.729e-05, "Duco SushiSwap price": 3.43818e-06, "Duco UbeSwap price": 2.7980974249630965e-05, "Duco price": 4.729e-05, "Duco price BCH": 2.49e-06, "Duco price NANO": 1.72e-06, "Duco price TRX": 3.88e-06, "Duco price XMG": 0.0, "Duino-Coin Server API": "github.com/revoxhere/duino-coin", "Kolka": {"Banned": 1233, "Jailed": 96}, "Last block hash": "8de4bc0b3fa1580ec7f3421feb9644fc8ead02b8", "Last sync": 1673027372.0801332, "Last update": "06/01/2023 17:49:38 (UTC)", "Mined blocks": 334468712540, "Miner distribution": {"All": 33868, "Arduino": 4045, "CPU": 1218, "ESP32": 12745, "ESP8266": 13723, "GPU": 0, "Other": 24, "Phone": 18, "RPi": 1663, "Web": 432}, "Net energy usage": "23.73 kW", "Open threads": 24, "Pool hashrate": "2470.18 MH/s", "Registered users": 86511, "Server CPU usage": 54.1, "Server RAM usage": 44.4, "Server version": 3.0, "Top 10 richest miners": ["98096607.12607694 DUCO - coinexchange", "40220617.73070239 DUCO - bscDUCO", "20119945.00125 DUCO - viviana80", "14965357.425395073 DUCO - Ochios", "13675334.218015814 DUCO - ctecrypto", "11692429.559071772 DUCO - QQ44142894", "10759939.638689265 DUCO - fiorella71", "8125736.123916335 DUCO - Orion_0x43b", "6809261.641202616 DUCO - lordachoo", "4267666.823 DUCO - Demoel"], "XXHASH hashrate": "0 H/s"}