{"Active connections": 1151, "All-time mined DUCO": 233844858.7677519, "Current difficulty": 75000, "DUCO-S1 hashrate": "2.3 GH/s", "Duco FluffySwap price": 3.829e-06, "Duco Furim price": 0.0, "Duco Node-S price": 0.0, "Duco PancakeSwap price": 2.37823e-05, "Duco SunSwap price": 5.74e-05, "Duco SushiSwap price": 6.40767e-06, "Duco UbeSwap price": 2.8555338390697984e-05, "Duco price": 5.74e-05, "Duco price BCH": 5.47e-06, "Duco price NANO": 3.45e-06, "Duco price TRX": 4.75e-06, "Duco price XMG": 0.0, "Duino-Coin Server API": "github.com/revoxhere/duino-coin", "Kolka": {"Banned": 1273, "Jailed": 98}, "Last block hash": "8de4bc0b3fa1580ec7f3421feb9644fc8ead02b8", "Last sync": 1675492237.8167825, "Last update": "04/02/2023 06:30:40 (UTC)", "Mined blocks": 349899271080, "Miner distribution": {"All": 30427, "Arduino": 3822, "CPU": 1189, "ESP32": 11625, "ESP8266": 11855, "GPU": 0, "Other": 8, "Phone": 17, "RPi": 1590, "Web": 321}, "Net energy usage": "21.88 kW", "Open threads": 24, "Pool hashrate": "2266.7 MH/s", "Registered users": 88084, "Server CPU usage": 49.6, "Server RAM usage": 51.9, "Server version": 3.0, "Top 10 richest miners": ["59647029.302386284 DUCO - AlmarRido", "41834193.35752013 DUCO - bscDUCO", "20119946.6942 DUCO - viviana80", "19355054.97872999 DUCO - coinexchange", "15115363.695 DUCO - Ochios", "11692429.559071772 DUCO - QQ44142894", "10759939.638689265 DUCO - fiorella71", "8125736.123916335 DUCO - Orion_0x43b", "6816466.799654379 DUCO - lordachoo", "3349165.568388932 DUCO - msdo1006"], "XXHASH hashrate": "0 H/s"}