{"Duino-Coin Server API": "github.com/revoxhere/duino-coin", "Server version": 2.7, "Active connections": 13543, "Open threads": 24, "Server CPU usage": 66.6, "Server RAM usage": 39.8, "Last update": "07/10/2021 04:43:38 (UTC)", "Net energy usage": "52.85 kW", "Pool hashrate": "1026.99 MH/s", "DUCO-S1 hashrate": "1027.0 MH/s", "XXHASH hashrate": "0 H/s", "Duco price": 0.00276305, "Duco price XMG": 0.00276305, "Duco price BCH": 0.00052955, "Duco price RVN": 0.00076032, "Duco price TRX": 0.0007552, "Duco price XRP": 0.00030283, "Duco price DGB": 0.00075842, "Duco price NANO": 0.00076434, "Duco price FJC": 0.00075, "Duco Node-S price": 0.000561, "Duco JustSwap price": 0.00126659, "Duco PancakeSwap price": 0.00118747, "Duco SushiSwap price": 0.00071302, "Registered users": 19684, "All-time mined DUCO": 13095659.027188495, "Current difficulty": 1014209, "Mined blocks": 24341049205, "Last block hash": "730b6127b9", "Kolka": {"Jailed": 24, "Banned": 663}, "Miner distribution": {"GPU": 0, "CPU": 2741, "RPi": 1648, "Phone": 190, "Web": 645, "ESP32": 9406, "ESP8266": 10491, "Arduino": 4059, "Other": 66, "All": 29246}, "Top 10 richest miners": ["2447095.175537773 DUCO - bscDUCO", "911877.6233110288 DUCO - James_themac", "521520.1555491204 DUCO - 52Pickup", "172363.91591454003 DUCO - coinexchange", "170240.13285850236 DUCO - Bacman", "169533.10104597002 DUCO - celoDUCO", "123688.01529671709 DUCO - bimbasimba94", "123387.18511437952 DUCO - amornlit", "121586.4963916328 DUCO - rootbori", "87124.94160749546 DUCO - caancom"]}