{"Active connections": 15063, "All-time mined DUCO": 18386824.660657547, "Current difficulty": 125000, "DUCO-S1 hashrate": "1221.1 MH/s", "Duco JustSwap price": 0.00033654, "Duco Node-S price": 5.1e-05, "Duco PancakeSwap price": 0.000656946, "Duco SushiSwap price": 0.000469464, "Duco price": 0.00082519, "Duco price BCH": 0.00028917, "Duco price DGB": 0.0, "Duco price NANO": 0.0001967, "Duco price RVN": 0.0, "Duco price TRX": 0.00036528, "Duco price XMG": 0.0008195, "Duco price XRP": 0.0, "Duino-Coin Server API": "github.com/revoxhere/duino-coin", "Kolka": {"Banned": 691, "Jailed": 24}, "Last block hash": "2eb3f8271c", "Last update": "20/11/2021 00:55:38 (UTC)", "Mined blocks": 44781575863, "Miner distribution": {"All": 34636, "Arduino": 6016, "CPU": 3292, "ESP32": 10342, "ESP8266": 12282, "GPU": 0, "Other": 36, "Phone": 301, "RPi": 1920, "Web": 447}, "Net energy usage": "35.94 kW", "Open threads": 24, "Pool hashrate": "1221.06 MH/s", "Registered users": 25083, "Server CPU usage": 42.4, "Server RAM usage": 44.2, "Server version": 2.7, "Top 10 richest miners": ["3404968.718895882 DUCO - bscDUCO", "1296535.2020902191 DUCO - coinexchange", "591776.703081775 DUCO - NodeSBroker", "351150.1606789791 DUCO - James_themac", "300520.1555491204 DUCO - 52Pickup", "240223.33851218777 DUCO - bimbasimba94", "188487.89104597003 DUCO - celoDUCO", "170241.13285850236 DUCO - Bacman", "129704.52039028866 DUCO - maticDUCO", "123387.18511437952 DUCO - amornlit"], "XXHASH hashrate": "0 H/s"}