{"Active connections": 1381, "All-time mined DUCO": 102841727.1873964, "Current difficulty": 75000, "DUCO-S1 hashrate": "3.0 GH/s", "Duco FluffySwap price": 2e-05, "Duco Furim price": 0.0, "Duco Node-S price": 0.0, "Duco PancakeSwap price": 3.9e-05, "Duco SunSwap price": 0.00013, "Duco SushiSwap price": 1.5e-05, "Duco UbeSwap price": 2.9e-05, "Duco price": 0.00013, "Duco price BCH": 2.8e-05, "Duco price NANO": 1.2e-05, "Duco price TRX": 1.5e-05, "Duco price XMG": 0.000109, "Duino-Coin Server API": "github.com/revoxhere/duino-coin", "Kolka": {"Banned": 1006, "Jailed": 83}, "Last block hash": "2eb3f8271cd947cdd6469be145558a7bcb72e0d9", "Last sync": 1663674802.225099, "Last update": "20/09/2022 11:53:26 (UTC)", "Mined blocks": 264850859913, "Miner distribution": {"All": 39385, "Arduino": 4861, "CPU": 2135, "ESP32": 14540, "ESP8266": 15948, "GPU": 0, "Other": 48, "Phone": 69, "RPi": 1259, "Web": 525}, "Net energy usage": "30.85 kW", "Open threads": 22, "Pool hashrate": "2960.12 MH/s", "Registered users": 79191, "Server CPU usage": 51.3, "Server RAM usage": 48.2, "Server version": 3.0, "Top 10 richest miners": ["40098948.26552233 DUCO - bscDUCO", "15965309.807 DUCO - Ochios", "12566401.385809386 DUCO - ctecrypto", "11768409.028439209 DUCO - coinexchange", "6974991.289071771 DUCO - QQ44142894", "2649910.540242616 DUCO - goddani", "2573995.039422214 DUCO - ThePurpleMadMan", "2368507.0 DUCO - Brunomoyses23", "2210288.919161586 DUCO - vyrdudji", "1868361.5442643664 DUCO - renderman"], "XXHASH hashrate": "0 H/s"}