{"Active connections": 1153, "All-time mined DUCO": 154990199.10931477, "Current difficulty": 75000, "DUCO-S1 hashrate": "3.0 GH/s", "Duco FluffySwap price": 0.0, "Duco Furim price": 0.0, "Duco Node-S price": 0.0, "Duco PancakeSwap price": 0.0, "Duco SunSwap price": 0.0, "Duco SushiSwap price": 0.0, "Duco UbeSwap price": 0.0, "Duco price": 1.73e-05, "Duco price BCH": 1.73e-05, "Duco price NANO": 8.22e-06, "Duco price TRX": 5.31e-06, "Duco price XMG": 0.0, "Duino-Coin Server API": "github.com/revoxhere/duino-coin", "Kolka": {"Banned": 1181, "Jailed": 88}, "Last block hash": "8de4bc0b3fa1580ec7f3421feb9644fc8ead02b8", "Last sync": 1669374783.501485, "Last update": "25/11/2022 11:13:07 (UTC)", "Mined blocks": 309995087850, "Miner distribution": {"All": 37124, "Arduino": 4400, "CPU": 1596, "ESP32": 13396, "ESP8266": 15544, "GPU": 0, "Other": 26, "Phone": 60, "RPi": 1760, "Web": 342}, "Net energy usage": "27.42 kW", "Open threads": 23, "Pool hashrate": "2967.28 MH/s", "Registered users": 84178, "Server CPU usage": 48.9, "Server RAM usage": 40.3, "Server version": 3.0, "Top 10 richest miners": ["38516298.43978844 DUCO - bscDUCO", "21456110.693997227 DUCO - coinexchange", "20119945.00125 DUCO - viviana80", "14965341.634141278 DUCO - Ochios", "11692429.559071772 DUCO - QQ44142894", "10759939.638689265 DUCO - fiorella71", "6700948.552655494 DUCO - lordachoo", "2567742.791300181 DUCO - RNGesus", "2368507.0 DUCO - Brunomoyses23", "2210288.919161586 DUCO - vyrdudji"], "XXHASH hashrate": "0 H/s"}