{"Active connections": 2131, "All-time mined DUCO": 21970241.41158229, "Current difficulty": 1000000, "DUCO-S1 hashrate": "4632.3 MH/s", "Duco JustSwap price": 0.00022269, "Duco Node-S price": 2.1e-05, "Duco PancakeSwap price": 0.000322114, "Duco SushiSwap price": 0.000650466, "Duco price": 0.00074234, "Duco price BCH": 1.404e-05, "Duco price NANO": 7.84e-06, "Duco price TRX": 5.967e-05, "Duco price XMG": 0.00071904, "Duino-Coin Server API": "github.com/revoxhere/duino-coin", "Kolka": {"Banned": 773, "Jailed": 27}, "Last block hash": "2eb3f8271c", "Last sync": 1642805789.228148, "Last update": "21/01/2022 22:56:29 (UTC)", "Mined blocks": 90017543916, "Miner distribution": {"All": 40334, "Arduino": 7057, "CPU": 5266, "ESP32": 10346, "ESP8266": 12593, "GPU": 0, "Other": 59, "Phone": 352, "RPi": 2931, "Web": 1730}, "Net energy usage": "51.71 kW", "Open threads": 21, "Pool hashrate": "4632.29 MH/s", "Registered users": 48956, "Server CPU usage": 50.8, "Server RAM usage": 41.1, "Server version": 2.7, "Top 10 richest miners": ["6580442.046126494 DUCO - bscDUCO", "874307.6740213382 DUCO - miningvir", "551009.7407694914 DUCO - coinexchange", "533211.7684065702 DUCO - bimbasimba94", "532488.220632083 DUCO - NodeSBroker", "397162.15067505674 DUCO - James_themac", "206422.15375569402 DUCO - maticDUCO", "190583.057104081 DUCO - celoDUCO", "170241.299416613 DUCO - Bacman", "150200.0000717483 DUCO - RNGesus"], "XXHASH hashrate": "0 H/s"}