{"Active connections": 1062, "All-time mined DUCO": 19453403.43347501, "Current difficulty": 125000, "DUCO-S1 hashrate": "1326.6 MH/s", "Duco JustSwap price": 0.00110308, "Duco Node-S price": 0.00013, "Duco PancakeSwap price": 0.000594663, "Duco SushiSwap price": 0.000356015, "Duco price": 0.00110512, "Duco price BCH": 0.00027615, "Duco price DGB": 0.0, "Duco price NANO": 4.78e-05, "Duco price RVN": 0.0, "Duco price TRX": 0.00032124, "Duco price XMG": 0.00094983, "Duco price XRP": 0.0, "Duino-Coin Server API": "github.com/revoxhere/duino-coin", "Kolka": {"Banned": 704, "Jailed": 24}, "Last block hash": "2eb3f8271c", "Last update": "28/11/2021 14:18:31 (UTC)", "Mined blocks": 49696769088, "Miner distribution": {"All": 37401, "Arduino": 6519, "CPU": 3802, "ESP32": 11107, "ESP8266": 12635, "GPU": 0, "Other": 37, "Phone": 395, "RPi": 2134, "Web": 772}, "Net energy usage": "40.43 kW", "Open threads": 24, "Pool hashrate": "1326.64 MH/s", "Registered users": 26676, "Server CPU usage": 48.2, "Server RAM usage": 33.2, "Server version": 2.7, "Top 10 richest miners": ["3835631.8811353296 DUCO - bscDUCO", "1368378.3281483299 DUCO - coinexchange", "592829.674936279 DUCO - NodeSBroker", "351150.32673709 DUCO - James_themac", "300520.321607231 DUCO - 52Pickup", "188488.057104081 DUCO - celoDUCO", "170241.298916613 DUCO - Bacman", "147403.36947053208 DUCO - maticDUCO", "119999.999999999 DUCO - rootbori", "113387.35117249 DUCO - amornlit"], "XXHASH hashrate": "0 H/s"}