{"Active connections": 359, "All-time mined DUCO": 778937218.657507, "Current difficulty": 200000, "DUCO-S1 hashrate": "1.901 GH/s", "Duco FluffySwap price": 2.1020999999999997e-05, "Duco Furim price": 0.0, "Duco Node-S price": 0.0, "Duco PancakeSwap price": 1.31425e-05, "Duco SunSwap price": 2.875e-05, "Duco SushiSwap price": 8.987494203495e-06, "Duco UbeSwap price": 1.568e-05, "Duco price": 3.369e-05, "Duco price BCH": 0.0, "Duco price NANO": 0.0, "Duco price TRX": 3.005e-05, "Duco price XMG": 3.369e-05, "Duino-Coin Server API": "github.com/revoxhere/duino-coin", "Kolka": {"Banned": 6027, "Jailed": 191}, "Last block hash": "8de4bc0b3fa1580ec7f3421feb9644fc8ead02b8", "Last sync": 1725554738.9967098, "Last update": "05/09/2024 16:45:39 (UTC)", "Mined blocks": 548444840740, "Miner distribution": {"All": 14784, "Arduino": 1908, "CPU": 813, "ESP32": 4815, "ESP8266": 5955, "GPU": 0, "Other": 10, "Phone": 12, "RPi": 1075, "Web": 196}, "Net energy usage": "12.45 kW", "Open threads": 30, "Pool hashrate": "1901.292 MH/s", "Registered users": 105745, "Server CPU usage": 40.2, "Server RAM usage": 60.6, "Server version": 4.0, "Top 10 richest miners": ["235435414.30169314 DUCO - coinexchange", "85495877.52646369 DUCO - bscDUCO", "35576240.569 DUCO - AlmarRido", "30855598.808 DUCO - Flowen1985", "20160690.628000002 DUCO - viviana80", "18317539.132 DUCO - bimbasimba94", "14928730.572481686 DUCO - aimbert", "14847133.194062889 DUCO - ctecrypto", "14206566.032130998 DUCO - duinousa", "12721943.39257476 DUCO - QQ44142894"], "XXHASH hashrate": "0 H/s"}