{"Active connections": 1017, "All-time mined DUCO": 758308286.8183925, "Current difficulty": 200000, "DUCO-S1 hashrate": "1.854 GH/s", "Duco FluffySwap price": 1.7871e-05, "Duco Furim price": 0.0, "Duco Node-S price": 0.0, "Duco PancakeSwap price": 1.34905e-05, "Duco SunSwap price": 2.438e-05, "Duco SushiSwap price": 8.331891935491e-06, "Duco UbeSwap price": 1.642e-05, "Duco price": 2.548e-05, "Duco price BCH": 0.0, "Duco price NANO": 0.0, "Duco price TRX": 2.548e-05, "Duco price XMG": 2.379e-05, "Duino-Coin Server API": "github.com/revoxhere/duino-coin", "Kolka": {"Banned": 6014, "Jailed": 190}, "Last block hash": "8de4bc0b3fa1580ec7f3421feb9644fc8ead02b8", "Last sync": 1723564557.1796653, "Last update": "13/08/2024 15:55:57 (UTC)", "Mined blocks": 543047325460, "Miner distribution": {"All": 14679, "Arduino": 1846, "CPU": 867, "ESP32": 4859, "ESP8266": 5903, "GPU": 0, "Other": 7, "Phone": 0, "RPi": 1054, "Web": 143}, "Net energy usage": "12.67 kW", "Open threads": 28, "Pool hashrate": "1853.743 MH/s", "Registered users": 105071, "Server CPU usage": 69.7, "Server RAM usage": 86.3, "Server version": 4.0, "Top 10 richest miners": ["238661765.3457555 DUCO - coinexchange", "81979480.19825932 DUCO - bscDUCO", "30855598.808 DUCO - Flowen1985", "28000980.1298474 DUCO - AlmarRido", "18280977.178 DUCO - bimbasimba94", "16096358.288900001 DUCO - viviana80", "14928193.172802944 DUCO - aimbert", "14847133.194062889 DUCO - ctecrypto", "12721940.59109726 DUCO - QQ44142894", "11342186.266407982 DUCO - duinousa"], "XXHASH hashrate": "0 H/s"}