{"Active connections": 1028, "All-time mined DUCO": 744932408.0074614, "Current difficulty": 200000, "DUCO-S1 hashrate": "1.58 GH/s", "Duco FluffySwap price": 9.373e-06, "Duco Furim price": 0.0, "Duco Node-S price": 0.0, "Duco PancakeSwap price": 8.57789e-06, "Duco SunSwap price": 0.00015064, "Duco SushiSwap price": 1.2962107682626e-05, "Duco UbeSwap price": 1.1191491992827553e-05, "Duco price": 0.00015064, "Duco price BCH": 0.0, "Duco price NANO": 0.0, "Duco price TRX": 1.338e-05, "Duco price XMG": 1.31e-06, "Duino-Coin Server API": "github.com/revoxhere/duino-coin", "Kolka": {"Banned": 5991, "Jailed": 191}, "Last block hash": "8de4bc0b3fa1580ec7f3421feb9644fc8ead02b8", "Last sync": 1721291690.438085, "Last update": "18/07/2024 08:34:50 (UTC)", "Mined blocks": 536444096698, "Miner distribution": {"All": 18298, "Arduino": 2218, "CPU": 866, "ESP32": 7883, "ESP8266": 6013, "GPU": 0, "Other": 12, "Phone": 20, "RPi": 1162, "Web": 124}, "Net energy usage": "14.18 kW", "Open threads": 27, "Pool hashrate": "1580.25 MH/s", "Registered users": 104233, "Server CPU usage": 67.8, "Server RAM usage": 91.0, "Server version": 4.0, "Top 10 richest miners": ["247604363.04993472 DUCO - coinexchange", "81473387.50800352 DUCO - bscDUCO", "30000991.1298474 DUCO - AlmarRido", "24635208.6964704 DUCO - Flowen1985", "18660226.832638856 DUCO - aimbert", "18280977.178 DUCO - bimbasimba94", "16096358.288900001 DUCO - viviana80", "14847133.194062889 DUCO - ctecrypto", "12721940.59109726 DUCO - QQ44142894", "11341155.314084254 DUCO - duinousa"], "XXHASH hashrate": "0 H/s"}