{"Active connections": 909, "All-time mined DUCO": 86995111.36923784, "Current difficulty": 1000000, "DUCO-S1 hashrate": "2.8 GH/s", "Duco Furim price": 0.0, "Duco Node-S price": 0.0, "Duco PancakeSwap price": 7.1e-05, "Duco SunSwap price": 4.4e-05, "Duco SushiSwap price": 1.8e-05, "Duco UbeSwap price": 3.5e-05, "Duco price": 0.001474, "Duco price BCH": 1.8e-05, "Duco price NANO": 1.6e-05, "Duco price TRX": 1.3e-05, "Duco price XMG": 3.3e-05, "Duino-Coin Server API": "github.com/revoxhere/duino-coin", "Kolka": {"Banned": 925, "Jailed": 64}, "Last block hash": "2eb3f8271cd947cdd6469be145558a7bcb72e0d9", "Last sync": 1657908502.5226152, "Last update": "15/07/2022 18:08:24 (UTC)", "Mined blocks": 223660662262, "Miner distribution": {"All": 35552, "Arduino": 4515, "CPU": 2069, "ESP32": 12066, "ESP8266": 15076, "GPU": 0, "Other": 66, "Phone": 64, "RPi": 1471, "Web": 225}, "Net energy usage": "29.01 kW", "Open threads": 22, "Pool hashrate": "2831.57 MH/s", "Registered users": 74342, "Server CPU usage": 36.0, "Server RAM usage": 47.1, "Server version": 3.0, "Top 10 richest miners": ["49614811.2973967 DUCO - coinexchange", "34099770.622689165 DUCO - bscDUCO", "16868017.35010215 DUCO - Ochios", "7753888.659314361 DUCO - ctecrypto", "6974991.289071771 DUCO - QQ44142894", "5883514.739695524 DUCO - renderman", "2368507.0 DUCO - Brunomoyses23", "2210288.9385462017 DUCO - vyrdudji", "2070152.565 DUCO - CryptSino_Exchange", "1415064.5421398599 DUCO - maticDUCO"], "XXHASH hashrate": "0 H/s"}