{"Active connections": 1117, "All-time mined DUCO": 201112737.31654748, "Current difficulty": 75000, "DUCO-S1 hashrate": "2.4 GH/s", "Duco FluffySwap price": 3.864e-06, "Duco Furim price": 0.0, "Duco Node-S price": 0.0, "Duco PancakeSwap price": 2.79369e-05, "Duco SunSwap price": 5.866e-05, "Duco SushiSwap price": 6.23366e-06, "Duco UbeSwap price": 2.891638595203949e-05, "Duco price": 5.866e-05, "Duco price BCH": 5.52e-06, "Duco price NANO": 3.43e-06, "Duco price TRX": 4.86e-06, "Duco price XMG": 0.0, "Duino-Coin Server API": "github.com/revoxhere/duino-coin", "Kolka": {"Banned": 1270, "Jailed": 98}, "Last block hash": "8de4bc0b3fa1580ec7f3421feb9644fc8ead02b8", "Last sync": 1675405434.3148913, "Last update": "03/02/2023 06:23:59 (UTC)", "Mined blocks": 349346532950, "Miner distribution": {"All": 30857, "Arduino": 3776, "CPU": 1293, "ESP32": 11667, "ESP8266": 12081, "GPU": 0, "Other": 22, "Phone": 20, "RPi": 1631, "Web": 367}, "Net energy usage": "22.77 kW", "Open threads": 25, "Pool hashrate": "2380.22 MH/s", "Registered users": 88035, "Server CPU usage": 50.9, "Server RAM usage": 50.9, "Server version": 3.0, "Top 10 richest miners": ["79914871.56411625 DUCO - coinexchange", "41833693.35752013 DUCO - bscDUCO", "20119946.6942 DUCO - viviana80", "15115363.695 DUCO - Ochios", "11692429.559071772 DUCO - QQ44142894", "10759939.638689265 DUCO - fiorella71", "8125736.123916335 DUCO - Orion_0x43b", "6816159.843373897 DUCO - lordachoo", "6687139.684 DUCO - sudoerrno", "3349154.6188914855 DUCO - msdo1006"], "XXHASH hashrate": "0 H/s"}