{"Active connections": 1262, "All-time mined DUCO": 60058337.906691626, "Current difficulty": 1000000, "DUCO-S1 hashrate": "4.0 GH/s", "Duco Furim price": 0.0, "Duco Node-S price": 0.0, "Duco PancakeSwap price": 3.9e-05, "Duco SunSwap price": 5.2e-05, "Duco SushiSwap price": 2.1e-05, "Duco UbeSwap price": 2.7e-05, "Duco price": 5.3e-05, "Duco price BCH": 6e-06, "Duco price NANO": 2.9e-05, "Duco price TRX": 1.8e-05, "Duco price XMG": 4.9e-05, "Duino-Coin Server API": "github.com/revoxhere/duino-coin", "Kolka": {"Banned": 810, "Jailed": 47}, "Last block hash": "2eb3f8271cd947cdd6469be145558a7bcb72e0d9", "Last sync": 1652829685.3896992, "Last update": "17/05/2022 23:21:26 (UTC)", "Mined blocks": 180472975340, "Miner distribution": {"All": 40506, "Arduino": 5713, "CPU": 3315, "ESP32": 13383, "ESP8266": 15722, "GPU": 0, "Other": 66, "Phone": 131, "RPi": 1841, "Web": 335}, "Net energy usage": "38.67 kW", "Open threads": 21, "Pool hashrate": "4008.56 MH/s", "Registered users": 74578, "Server CPU usage": 34.0, "Server RAM usage": 53.3, "Server version": 3.0, "Top 10 richest miners": ["26642061.33443735 DUCO - bscDUCO", "11803505.085032174 DUCO - Ochios", "4919754.416515254 DUCO - QQ44142894", "4007495.7029078435 DUCO - Demoel", "2283243.1571445116 DUCO - ctecrypto", "2210288.9385462017 DUCO - vyrdudji", "1470916.3482914057 DUCO - maticDUCO", "1415001.401 DUCO - amornlit", "1303834.880030466 DUCO - coinexchange", "1209839.3105654893 DUCO - James_themac"], "XXHASH hashrate": "0 H/s"}