{"Duino-Coin Server API": "github.com/revoxhere/duino-coin", "Server version": 2.6, "Active connections": 10525, "Open threads": 22, "Server CPU usage": 73.6, "Server RAM usage": 49.7, "Last update": "15/08/2021 13:58:01 (UTC)", "Net energy usage": "99.89 kW", "Pool hashrate": "2.4953 GH/s", "DUCO-S1 hashrate": "2.5 GH/s", "XXHASH hashrate": "40.8 MH/s", "Duco price": 0.019778, "Duco price XMG": 0.01860553, "Duco price BCH": 0.00169988, "Duco price TRX": 0.00181196, "Duco price XRP": 0.002205, "Duco price DGB": 0.00182342, "Duco Node-S price": 0.019778, "Duco JustSwap price": 0.00560095, "Duco PancakeSwap price": 0.00507655, "Registered users": 19861, "All-time mined DUCO": 5599600.12680882, "Current difficulty": 444934, "Mined blocks": 10678406500, "Last block hash": "659ae55aaf", "Kolka": {"Jailed": 0, "Banned": 417}, "Miner distribution": {"GPU": 0, "CPU": 7911, "RPi": 1952, "ESP32": 7476, "ESP8266": 9904, "Arduino": 6064, "Other": 362}, "Top 10 richest miners": ["518682.1048570178 DUCO - bscDUCO", "169709.3510304849 DUCO - Bacman", "113075.36417673253 DUCO - amornlit", "100096.8462198872 DUCO - 52Pickup", "86140.86376952392 DUCO - caancom", "79999.99999999886 DUCO - WannaCry", "76674.91377963257 DUCO - coinexchange", "50317.865911310066 DUCO - rootbori", "50288.45762651612 DUCO - duinocrfsh", "47119.90790638301 DUCO - chipsa"]}