{"Active connections": 398, "All-time mined DUCO": 771192900.3983812, "Current difficulty": 200000, "DUCO-S1 hashrate": "1.881 GH/s", "Duco FluffySwap price": 2.1266e-05, "Duco Furim price": 0.0, "Duco Node-S price": 0.0, "Duco PancakeSwap price": 1.31425e-05, "Duco SunSwap price": 2.906e-05, "Duco SushiSwap price": 8.987494203495e-06, "Duco UbeSwap price": 1.568e-05, "Duco price": 3.038e-05, "Duco price BCH": 0.0, "Duco price NANO": 0.0, "Duco price TRX": 3.038e-05, "Duco price XMG": 0.0, "Duino-Coin Server API": "github.com/revoxhere/duino-coin", "Kolka": {"Banned": 6040, "Jailed": 191}, "Last block hash": "8de4bc0b3fa1580ec7f3421feb9644fc8ead02b8", "Last sync": 1727161819.6410816, "Last update": "24/09/2024 07:10:19 (UTC)", "Mined blocks": 552945467363, "Miner distribution": {"All": 14731, "Arduino": 2019, "CPU": 720, "ESP32": 4860, "ESP8266": 5838, "GPU": 0, "Other": 11, "Phone": 26, "RPi": 1095, "Web": 162}, "Net energy usage": "11.85 kW", "Open threads": 28, "Pool hashrate": "1880.544 MH/s", "Registered users": 106295, "Server CPU usage": 57.9, "Server RAM usage": 68.2, "Server version": 4.0, "Top 10 richest miners": ["237115084.90089273 DUCO - coinexchange", "85498979.52646369 DUCO - bscDUCO", "35576240.569 DUCO - AlmarRido", "30855598.808 DUCO - Flowen1985", "18317539.132 DUCO - bimbasimba94", "16128552.502000002 DUCO - viviana80", "14958513.473948477 DUCO - aimbert", "14847133.194062889 DUCO - ctecrypto", "12721943.39257476 DUCO - QQ44142894", "11365384.179663561 DUCO - duinousa"], "XXHASH hashrate": "0 H/s"}