{"Active connections": 1021, "All-time mined DUCO": 68068354.01570989, "Current difficulty": 75000, "DUCO-S1 hashrate": "2.6 GH/s", "Duco Furim price": 0.0, "Duco Node-S price": 0.0, "Duco PancakeSwap price": 3.6e-05, "Duco SunSwap price": 0.000355, "Duco SushiSwap price": 8e-06, "Duco UbeSwap price": 3.5e-05, "Duco price": 0.000356, "Duco price BCH": 3.7e-05, "Duco price NANO": 2.7e-05, "Duco price TRX": 2.1e-05, "Duco price XMG": 0.000253, "Duino-Coin Server API": "github.com/revoxhere/duino-coin", "Kolka": {"Banned": 959, "Jailed": 70}, "Last block hash": "2eb3f8271cd947cdd6469be145558a7bcb72e0d9", "Last sync": 1659954344.4669144, "Last update": "08/08/2022 10:25:46 (UTC)", "Mined blocks": 238213127548, "Miner distribution": {"All": 32225, "Arduino": 4185, "CPU": 1586, "ESP32": 10193, "ESP8266": 14750, "GPU": 0, "Other": 45, "Phone": 15, "RPi": 1064, "Web": 387}, "Net energy usage": "24.45 kW", "Open threads": 22, "Pool hashrate": "2564.33 MH/s", "Registered users": 75868, "Server CPU usage": 48.7, "Server RAM usage": 42.9, "Server version": 3.0, "Top 10 richest miners": ["40377467.79868917 DUCO - bscDUCO", "39983845.94167598 DUCO - coinexchange", "6974991.289071771 DUCO - QQ44142894", "2865728.888615179 DUCO - renderman", "2368507.0 DUCO - Brunomoyses23", "2210288.9385462017 DUCO - vyrdudji", "1543478.074878601 DUCO - maticDUCO", "1436226.401 DUCO - amornlit", "1209839.3183971192 DUCO - James_themac", "1077034.4418852862 DUCO - DarYo"], "XXHASH hashrate": "0 H/s"}