{"Active connections": 715, "All-time mined DUCO": 742014828.0500311, "Current difficulty": 200000, "DUCO-S1 hashrate": "2.432 GH/s", "Duco FluffySwap price": 8.476999999999999e-06, "Duco Furim price": 0.0, "Duco Node-S price": 0.0, "Duco PancakeSwap price": 8.57789e-06, "Duco SunSwap price": 9.85e-05, "Duco SushiSwap price": 1.2962107682626e-05, "Duco UbeSwap price": 1.1191491992827553e-05, "Duco price": 0.000248, "Duco price BCH": 0.00016299, "Duco price NANO": 0.000248, "Duco price TRX": 1.211e-05, "Duco price XMG": 3.75e-06, "Duino-Coin Server API": "github.com/revoxhere/duino-coin", "Kolka": {"Banned": 5910, "Jailed": 177}, "Last block hash": "8de4bc0b3fa1580ec7f3421feb9644fc8ead02b8", "Last sync": 1714934076.9146688, "Last update": "05/05/2024 18:34:36 (UTC)", "Mined blocks": 517306954712, "Miner distribution": {"All": 14503, "Arduino": 2136, "CPU": 1003, "ESP32": 5205, "ESP8266": 4620, "GPU": 0, "Other": 25, "Phone": 2, "RPi": 1335, "Web": 177}, "Net energy usage": "13.6 kW", "Open threads": 28, "Pool hashrate": "2432.308 MH/s", "Registered users": 101559, "Server CPU usage": 28.0, "Server RAM usage": 80.7, "Server version": 4.0, "Top 10 richest miners": ["78442379.74889731 DUCO - bscDUCO", "39491496.79265186 DUCO - AlmarRido", "30792510.456 DUCO - Flowen1985", "21307107.257 DUCO - bimbasimba94", "20119947.6942 DUCO - viviana80", "14868531.197133405 DUCO - aimbert", "14842035.091080165 DUCO - ctecrypto", "12720440.559071772 DUCO - QQ44142894", "11314400.327807587 DUCO - duinousa", "10759939.638689265 DUCO - fiorella71"], "XXHASH hashrate": "0 H/s"}