{"Active connections": 795, "All-time mined DUCO": 716834134.7240949, "Current difficulty": 75000, "DUCO-S1 hashrate": "1.966 GH/s", "Duco FluffySwap price": 1.6590000000000001e-06, "Duco Furim price": 0.0, "Duco Node-S price": 0.0, "Duco PancakeSwap price": 1.0124e-05, "Duco SunSwap price": 2.383e-05, "Duco SushiSwap price": 1.25634e-05, "Duco UbeSwap price": 2.9828006500541712e-05, "Duco price": 2.9828006500541712e-05, "Duco price BCH": 2.37e-06, "Duco price NANO": 1.58e-06, "Duco price TRX": 2.44e-06, "Duco price XMG": 0.0, "Duino-Coin Server API": "github.com/revoxhere/duino-coin", "Kolka": {"Banned": 1357, "Jailed": 121}, "Last block hash": "8de4bc0b3fa1580ec7f3421feb9644fc8ead02b8", "Last sync": 1683254005.8844545, "Last update": "05/05/2023 02:33:28 (UTC)", "Mined blocks": 396766167212, "Miner distribution": {"All": 27787, "Arduino": 3292, "CPU": 902, "ESP32": 10611, "ESP8266": 11161, "GPU": 0, "Other": 28, "Phone": 31, "RPi": 1505, "Web": 257}, "Net energy usage": "19.02 kW", "Open threads": 24, "Pool hashrate": "1966.465 MH/s", "Registered users": 92384, "Server CPU usage": 54.4, "Server RAM usage": 41.8, "Server version": 3.0, "Top 10 richest miners": ["495743830.67087966 DUCO - coinexchange", "448142973.23458767 DUCO - coinexchange", "55097814.49839266 DUCO - bscDUCO", "20119947.6942 DUCO - viviana80", "15115368.927099999 DUCO - Ochios", "12720440.559071772 DUCO - QQ44142894", "10759939.638689265 DUCO - fiorella71", "8125736.123916335 DUCO - Orion_0x43b", "7200976.612096821 DUCO - msdo1006", "7091918.861709836 DUCO - revox"], "XXHASH hashrate": "0 H/s"}