{"Active connections": 771, "All-time mined DUCO": 19562074.83001002, "Current difficulty": 125000, "DUCO-S1 hashrate": "1398.2 MH/s", "Duco JustSwap price": 0.00115022, "Duco Node-S price": 5.1e-05, "Duco PancakeSwap price": 0.000594663, "Duco SushiSwap price": 0.000356015, "Duco price": 0.00120788, "Duco price BCH": 0.00028493, "Duco price DGB": 0.0, "Duco price NANO": 4.98e-05, "Duco price RVN": 0.0, "Duco price TRX": 0.00033497, "Duco price XMG": 0.00119666, "Duco price XRP": 0.0, "Duino-Coin Server API": "github.com/revoxhere/duino-coin", "Kolka": {"Banned": 704, "Jailed": 24}, "Last block hash": "2eb3f8271c", "Last update": "29/11/2021 15:35:48 (UTC)", "Mined blocks": 50370585471, "Miner distribution": {"All": 38131, "Arduino": 6683, "CPU": 3840, "ESP32": 11112, "ESP8266": 13037, "GPU": 0, "Other": 36, "Phone": 369, "RPi": 2231, "Web": 823}, "Net energy usage": "41.12 kW", "Open threads": 21, "Pool hashrate": "1398.17 MH/s", "Registered users": 26877, "Server CPU usage": 50.5, "Server RAM usage": 42.7, "Server version": 2.7, "Top 10 richest miners": ["3863148.807338383 DUCO - bscDUCO", "1344919.9881483298 DUCO - coinexchange", "592839.674936279 DUCO - NodeSBroker", "351150.5711987878 DUCO - James_themac", "300520.321607231 DUCO - 52Pickup", "188488.057104081 DUCO - celoDUCO", "170241.298916613 DUCO - Bacman", "148748.25097129212 DUCO - maticDUCO", "119999.999999999 DUCO - rootbori", "113387.35117249 DUCO - amornlit"], "XXHASH hashrate": "0 H/s"}