{"Active connections": 1509, "All-time mined DUCO": 60456258.47226766, "Current difficulty": 1000000, "DUCO-S1 hashrate": "5.8 GH/s", "Duco Furim price": 0.0, "Duco Node-S price": 0.0, "Duco PancakeSwap price": 4.7e-05, "Duco SunSwap price": 0.000313, "Duco SushiSwap price": 7.6e-05, "Duco price": 0.000315, "Duco price BCH": 4e-06, "Duco price NANO": 2.7e-05, "Duco price TRX": 3e-06, "Duco price XMG": 6e-06, "Duino-Coin Server API": "github.com/revoxhere/duino-coin", "Kolka": {"Banned": 538, "Jailed": 29}, "Last block hash": "2eb3f8271cd947cdd6469be145558a7bcb72e0d9", "Last sync": 1647516726.7309337, "Last update": "17/03/2022 11:32:09 (UTC)", "Mined blocks": 132345684471, "Miner distribution": {"All": 44357, "Arduino": 7578, "CPU": 4427, "ESP32": 13502, "ESP8266": 14813, "GPU": 0, "Other": 52, "Phone": 225, "RPi": 2853, "Web": 907}, "Net energy usage": "47.95 kW", "Open threads": 21, "Pool hashrate": "5809.94 MH/s", "Registered users": 64953, "Server CPU usage": 40.9, "Server RAM usage": 48.7, "Server version": 3.0, "Top 10 richest miners": ["25997976.673074927 DUCO - bscDUCO", "10000000.269761559 DUCO - miningvir", "3965348.014869814 DUCO - Ochios", "3962275.8619908057 DUCO - RNGesus", "2634078.94930822 DUCO - coinexchange", "2453550.087773999 DUCO - ifdeduco", "1712299.3176107123 DUCO - DeVisdude", "1554190.6906425718 DUCO - Demoel", "1259831.6619840364 DUCO - T3rminator", "1209837.627673189 DUCO - James_themac"], "XXHASH hashrate": "0 H/s"}