{"Active connections": 14035, "All-time mined DUCO": 18320847.87310912, "Current difficulty": 125000, "DUCO-S1 hashrate": "1195.7 MH/s", "Duco JustSwap price": 0.00040231, "Duco Node-S price": 5.1e-05, "Duco PancakeSwap price": 0.000656946, "Duco SushiSwap price": 0.000469464, "Duco price": 0.00081815, "Duco price BCH": 0.00028063, "Duco price DGB": 0.0, "Duco price NANO": 0.00019355, "Duco price RVN": 0.0, "Duco price TRX": 0.00035844, "Duco price XMG": 0.00079752, "Duco price XRP": 0.0, "Duino-Coin Server API": "github.com/revoxhere/duino-coin", "Kolka": {"Banned": 685, "Jailed": 24}, "Last block hash": "2eb3f8271c", "Last update": "19/11/2021 11:53:02 (UTC)", "Mined blocks": 44465517387, "Miner distribution": {"All": 34247, "Arduino": 6071, "CPU": 3235, "ESP32": 10509, "ESP8266": 12163, "GPU": 0, "Other": 36, "Phone": 331, "RPi": 1902, "Web": 0}, "Net energy usage": "35.13 kW", "Open threads": 24, "Pool hashrate": "1195.68 MH/s", "Registered users": 24978, "Server CPU usage": 45.2, "Server RAM usage": 44.7, "Server version": 2.7, "Top 10 richest miners": ["3371926.648895882 DUCO - bscDUCO", "1291727.5420902192 DUCO - coinexchange", "591776.703081775 DUCO - NodeSBroker", "351150.1606789791 DUCO - James_themac", "300520.1555491204 DUCO - 52Pickup", "240217.00267963958 DUCO - bimbasimba94", "188487.89104597003 DUCO - celoDUCO", "170241.13285850236 DUCO - Bacman", "127843.71039028866 DUCO - maticDUCO", "123387.18511437952 DUCO - amornlit"], "XXHASH hashrate": "0 H/s"}