{"Active connections": 1068, "All-time mined DUCO": 740277342.7461541, "Current difficulty": 200000, "DUCO-S1 hashrate": "2.514 GH/s", "Duco FluffySwap price": 7.959e-06, "Duco Furim price": 0.0, "Duco Node-S price": 0.0, "Duco PancakeSwap price": 8.57789e-06, "Duco SunSwap price": 9.251e-05, "Duco SushiSwap price": 1.2962107682626e-05, "Duco UbeSwap price": 1.1191491992827553e-05, "Duco price": 0.000246, "Duco price BCH": 0.00016336, "Duco price NANO": 0.000246, "Duco price TRX": 1.137e-05, "Duco price XMG": 3.54e-06, "Duino-Coin Server API": "github.com/revoxhere/duino-coin", "Kolka": {"Banned": 5949, "Jailed": 182}, "Last block hash": "8de4bc0b3fa1580ec7f3421feb9644fc8ead02b8", "Last sync": 1717456034.1484993, "Last update": "03/06/2024 23:07:14 (UTC)", "Mined blocks": 524546566488, "Miner distribution": {"All": 18181, "Arduino": 2284, "CPU": 966, "ESP32": 7349, "ESP8266": 6172, "GPU": 0, "Other": 13, "Phone": 23, "RPi": 1197, "Web": 177}, "Net energy usage": "14.8 kW", "Open threads": 27, "Pool hashrate": "2513.559 MH/s", "Registered users": 102612, "Server CPU usage": 74.1, "Server RAM usage": 92.0, "Server version": 4.0, "Top 10 richest miners": ["79103409.78550309 DUCO - bscDUCO", "30792510.456 DUCO - Flowen1985", "30547609.689035717 DUCO - AlmarRido", "20119947.6942 DUCO - viviana80", "18545685.805999998 DUCO - bimbasimba94", "14898326.68842568 DUCO - aimbert", "14844177.901407242 DUCO - ctecrypto", "12720440.585598174 DUCO - QQ44142894", "11315764.102843983 DUCO - duinousa", "11015478.642 DUCO - Rafa2000"], "XXHASH hashrate": "0 H/s"}