{"Active connections": 845, "All-time mined DUCO": 739076097.0599962, "Current difficulty": 200000, "DUCO-S1 hashrate": "2.552 GH/s", "Duco FluffySwap price": 8.833999999999999e-06, "Duco Furim price": 0.0, "Duco Node-S price": 0.0, "Duco PancakeSwap price": 8.57789e-06, "Duco SunSwap price": 0.00010261, "Duco SushiSwap price": 1.2962107682626e-05, "Duco UbeSwap price": 1.1191491992827553e-05, "Duco price": 0.000224, "Duco price BCH": 0.0001546, "Duco price NANO": 0.000224, "Duco price TRX": 1.262e-05, "Duco price XMG": 3.75e-06, "Duino-Coin Server API": "github.com/revoxhere/duino-coin", "Kolka": {"Banned": 5922, "Jailed": 181}, "Last block hash": "8de4bc0b3fa1580ec7f3421feb9644fc8ead02b8", "Last sync": 1715605094.9440904, "Last update": "13/05/2024 12:58:14 (UTC)", "Mined blocks": 519088278079, "Miner distribution": {"All": 17204, "Arduino": 2192, "CPU": 1032, "ESP32": 6450, "ESP8266": 5943, "GPU": 0, "Other": 22, "Phone": 0, "RPi": 1336, "Web": 229}, "Net energy usage": "15.01 kW", "Open threads": 27, "Pool hashrate": "2551.816 MH/s", "Registered users": 101856, "Server CPU usage": 32.9, "Server RAM usage": 93.3, "Server version": 4.0, "Top 10 richest miners": ["78625233.74889731 DUCO - bscDUCO", "39493232.42763998 DUCO - AlmarRido", "30792510.456 DUCO - Flowen1985", "20119947.6942 DUCO - viviana80", "17045685.805999998 DUCO - bimbasimba94", "14868541.301073562 DUCO - aimbert", "14842630.52559043 DUCO - ctecrypto", "12720440.585598174 DUCO - QQ44142894", "11314699.938306414 DUCO - duinousa", "10759939.638689265 DUCO - fiorella71"], "XXHASH hashrate": "0 H/s"}