{"Active connections": 1434, "All-time mined DUCO": 17485178.75391493, "Current difficulty": 75000, "DUCO-S1 hashrate": "1549.9 MH/s", "Duco JustSwap price": 0.00013144, "Duco Node-S price": 5.1e-05, "Duco PancakeSwap price": 0.000594663, "Duco SushiSwap price": 0.000356015, "Duco price": 0.00078066, "Duco price BCH": 8.916e-05, "Duco price DGB": 0.0, "Duco price NANO": 1.89e-05, "Duco price RVN": 0.0, "Duco price TRX": 0.0002131, "Duco price XMG": 0.00029402, "Duco price XRP": 0.0, "Duino-Coin Server API": "github.com/revoxhere/duino-coin", "Kolka": {"Banned": 708, "Jailed": 24}, "Last block hash": "2eb3f8271c", "Last update": "06/12/2021 15:40:04 (UTC)", "Mined blocks": 55650516309, "Miner distribution": {"All": 37798, "Arduino": 7046, "CPU": 4609, "ESP32": 10784, "ESP8266": 11135, "GPU": 0, "Other": 5, "Phone": 579, "RPi": 2600, "Web": 1040}, "Net energy usage": "45.83 kW", "Open threads": 21, "Pool hashrate": "1549.88 MH/s", "Registered users": 28536, "Server CPU usage": 58.7, "Server RAM usage": 47.9, "Server version": 2.7, "Top 10 richest miners": ["4188215.7476584218 DUCO - bscDUCO", "1505492.8381484295 DUCO - coinexchange", "588951.0732451914 DUCO - NodeSBroker", "351162.15067505674 DUCO - James_themac", "300520.321607231 DUCO - 52Pickup", "188488.057104081 DUCO - celoDUCO", "175084.92691112455 DUCO - maticDUCO", "170241.298916613 DUCO - Bacman", "119999.999999999 DUCO - rootbori", "101321.61109440913 DUCO - haxorcitoz"], "XXHASH hashrate": "0 H/s"}