{"Active connections": 1035, "All-time mined DUCO": 97162694.47456089, "Current difficulty": 75000, "DUCO-S1 hashrate": "3.3 GH/s", "Duco FluffySwap price": 1.2165999999999998e-05, "Duco Furim price": 0.0, "Duco Node-S price": 0.0, "Duco PancakeSwap price": 3.73398e-05, "Duco SunSwap price": 8.194e-05, "Duco SushiSwap price": 4.69978e-05, "Duco UbeSwap price": 2.929910624286002e-05, "Duco price": 8.194e-05, "Duco price BCH": 1.737e-05, "Duco price NANO": 7.34e-06, "Duco price TRX": 6.3e-06, "Duco price XMG": 5.642e-05, "Duino-Coin Server API": "github.com/revoxhere/duino-coin", "Kolka": {"Banned": 1114, "Jailed": 85}, "Last block hash": "8de4bc0b3fa1580ec7f3421feb9644fc8ead02b8", "Last sync": 1666784111.8040586, "Last update": "26/10/2022 11:35:17 (UTC)", "Mined blocks": 288795964318, "Miner distribution": {"All": 38446, "Arduino": 4702, "CPU": 2336, "ESP32": 13232, "ESP8266": 16378, "GPU": 0, "Other": 32, "Phone": 82, "RPi": 1292, "Web": 392}, "Net energy usage": "31.7 kW", "Open threads": 23, "Pool hashrate": "3285.84 MH/s", "Registered users": 81941, "Server CPU usage": 48.0, "Server RAM usage": 51.5, "Server version": 3.0, "Top 10 richest miners": ["38401231.025158234 DUCO - bscDUCO", "29779854.997088045 DUCO - coinexchange", "15965319.80435637 DUCO - Ochios", "11692429.559071772 DUCO - QQ44142894", "2384193.1418357054 DUCO - lordachoo", "2368507.0 DUCO - Brunomoyses23", "2210288.919161586 DUCO - vyrdudji", "1615510.8630387518 DUCO - maticDUCO", "1457898.898 DUCO - amornlit", "1274893.8949313895 DUCO - Skywalker"], "XXHASH hashrate": "0 H/s"}