{"Active connections": 797, "All-time mined DUCO": 1130110862.5553544, "Current difficulty": 75000, "DUCO-S1 hashrate": "2.212 GH/s", "Duco FluffySwap price": 3.7939999999999996e-06, "Duco Furim price": 0.0, "Duco Node-S price": 0.0, "Duco PancakeSwap price": 7.2694e-06, "Duco SunSwap price": 8.431e-05, "Duco SushiSwap price": 1.01312e-05, "Duco UbeSwap price": 2.9093097913322633e-05, "Duco price": 8.431e-05, "Duco price BCH": 5.42e-06, "Duco price NANO": 1.08e-06, "Duco price TRX": 2.1e-06, "Duco price XMG": 1.603e-05, "Duino-Coin Server API": "github.com/revoxhere/duino-coin", "Kolka": {"Banned": 5673, "Jailed": 168}, "Last block hash": "8de4bc0b3fa1580ec7f3421feb9644fc8ead02b8", "Last sync": 1695064714.2334049, "Last update": "18/09/2023 19:18:40 (UTC)", "Mined blocks": 450370976778, "Miner distribution": {"All": 20406, "Arduino": 2211, "CPU": 772, "ESP32": 8502, "ESP8266": 7561, "GPU": 0, "Other": 19, "Phone": 6, "RPi": 1274, "Web": 61}, "Net energy usage": "14.74 kW", "Open threads": 23, "Pool hashrate": "2212.441 MH/s", "Registered users": 95874, "Server CPU usage": 43.8, "Server RAM usage": 46.0, "Server version": 3.0, "Top 10 richest miners": ["495743830.67087966 DUCO - coinexchange", "352897369.0152304 DUCO - coinexchange", "70930831.64457695 DUCO - bscDUCO", "39628683.974 DUCO - AlmarRido", "26715205.756351646 DUCO - giveaways", "24485940.745 DUCO - Flowen1985", "20119947.6942 DUCO - viviana80", "14729329.442133553 DUCO - ctecrypto", "12720440.559071772 DUCO - QQ44142894", "11425090.305 DUCO - bimbasimba94"], "XXHASH hashrate": "0 H/s"}