{"Active connections": 1258, "All-time mined DUCO": 188276121.4614435, "Current difficulty": 75000, "DUCO-S1 hashrate": "2.2 GH/s", "Duco FluffySwap price": 3.5979999999999997e-06, "Duco Furim price": 0.0, "Duco Node-S price": 0.0, "Duco PancakeSwap price": 2.86131e-05, "Duco SunSwap price": 6.086e-05, "Duco SushiSwap price": 6.72233e-06, "Duco UbeSwap price": 2.8687163822298956e-05, "Duco price": 6.086e-05, "Duco price BCH": 5.13e-06, "Duco price NANO": 3.64e-06, "Duco price TRX": 5.04e-06, "Duco price XMG": 0.0, "Duino-Coin Server API": "github.com/revoxhere/duino-coin", "Kolka": {"Banned": 1300, "Jailed": 101}, "Last block hash": "8de4bc0b3fa1580ec7f3421feb9644fc8ead02b8", "Last sync": 1676591957.2833636, "Last update": "16/02/2023 23:59:20 (UTC)", "Mined blocks": 356720563577, "Miner distribution": {"All": 30259, "Arduino": 3619, "CPU": 923, "ESP32": 11781, "ESP8266": 11913, "GPU": 0, "Other": 8, "Phone": 40, "RPi": 1620, "Web": 355}, "Net energy usage": "20.36 kW", "Open threads": 23, "Pool hashrate": "2206.47 MH/s", "Registered users": 88996, "Server CPU usage": 49.5, "Server RAM usage": 59.3, "Server version": 3.0, "Top 10 richest miners": ["43908735.867 DUCO - AlmarRido", "41487523.794576176 DUCO - bscDUCO", "20119946.6942 DUCO - viviana80", "15115363.695 DUCO - Ochios", "13043285.401486455 DUCO - coinexchange", "11692429.559071772 DUCO - QQ44142894", "11575849.27 DUCO - infternet", "10759939.638689265 DUCO - fiorella71", "8125736.123916335 DUCO - Orion_0x43b", "6819455.537716926 DUCO - lordachoo"], "XXHASH hashrate": "0 H/s"}