{"Active connections": 1288, "All-time mined DUCO": 191393538.44413722, "Current difficulty": 75000, "DUCO-S1 hashrate": "2.3 GH/s", "Duco FluffySwap price": 4.171999999999999e-06, "Duco Furim price": 0.0, "Duco Node-S price": 0.0, "Duco PancakeSwap price": 2.92879e-05, "Duco SunSwap price": 6.476e-05, "Duco SushiSwap price": 8.32413e-06, "Duco UbeSwap price": 2.8687163822298956e-05, "Duco price": 6.476e-05, "Duco price BCH": 5.94e-06, "Duco price NANO": 3.97e-06, "Duco price TRX": 5.36e-06, "Duco price XMG": 0.0, "Duino-Coin Server API": "github.com/revoxhere/duino-coin", "Kolka": {"Banned": 1310, "Jailed": 112}, "Last block hash": "8de4bc0b3fa1580ec7f3421feb9644fc8ead02b8", "Last sync": 1676943231.4878871, "Last update": "21/02/2023 01:33:53 (UTC)", "Mined blocks": 358900552257, "Miner distribution": {"All": 30461, "Arduino": 3771, "CPU": 995, "ESP32": 11730, "ESP8266": 11983, "GPU": 0, "Other": 10, "Phone": 29, "RPi": 1578, "Web": 365}, "Net energy usage": "20.79 kW", "Open threads": 24, "Pool hashrate": "2346.43 MH/s", "Registered users": 89223, "Server CPU usage": 45.8, "Server RAM usage": 52.8, "Server version": 3.0, "Top 10 richest miners": ["42487864.794576176 DUCO - bscDUCO", "20119946.6942 DUCO - viviana80", "15115363.695 DUCO - Ochios", "12043702.27 DUCO - infternet", "11692429.559071772 DUCO - QQ44142894", "10759939.638689265 DUCO - fiorella71", "9288637.054911453 DUCO - coinexchange", "8125736.123916335 DUCO - Orion_0x43b", "6820288.5360854855 DUCO - lordachoo", "4486559.067115079 DUCO - msdo1006"], "XXHASH hashrate": "0 H/s"}