{"Active connections": 1365, "All-time mined DUCO": 58516291.12351304, "Current difficulty": 1000000, "DUCO-S1 hashrate": "4.1 GH/s", "Duco Furim price": 0.0, "Duco Node-S price": 0.0, "Duco PancakeSwap price": 2.6e-05, "Duco SunSwap price": 5.3e-05, "Duco SushiSwap price": 9e-06, "Duco UbeSwap price": 9.7e-05, "Duco price": 9.7e-05, "Duco price BCH": 6e-06, "Duco price NANO": 2.7e-05, "Duco price TRX": 1.9e-05, "Duco price XMG": 4.6e-05, "Duino-Coin Server API": "github.com/revoxhere/duino-coin", "Kolka": {"Banned": 799, "Jailed": 47}, "Last block hash": "2eb3f8271cd947cdd6469be145558a7bcb72e0d9", "Last sync": 1652522092.3746693, "Last update": "14/05/2022 09:54:53 (UTC)", "Mined blocks": 177771437038, "Miner distribution": {"All": 39608, "Arduino": 5590, "CPU": 3193, "ESP32": 13013, "ESP8266": 15334, "GPU": 0, "Other": 60, "Phone": 142, "RPi": 1886, "Web": 390}, "Net energy usage": "37.67 kW", "Open threads": 21, "Pool hashrate": "4109.0 MH/s", "Registered users": 74175, "Server CPU usage": 35.7, "Server RAM usage": 65.8, "Server version": 3.0, "Top 10 richest miners": ["27786421.59167957 DUCO - bscDUCO", "11803452.000002448 DUCO - Ochios", "4127176.966092826 DUCO - QQ44142894", "4007374.731614875 DUCO - Demoel", "2210288.9385462017 DUCO - vyrdudji", "1954944.4748726906 DUCO - ctecrypto", "1684532.6000304662 DUCO - coinexchange", "1468259.557963561 DUCO - maticDUCO", "1209839.3105654893 DUCO - James_themac", "958649.7446592255 DUCO - econnaty"], "XXHASH hashrate": "0 H/s"}