{"Duino-Coin Server API": "github.com/revoxhere/duino-coin", "Server version": 2.6, "Active connections": 11294, "Open threads": 21, "Server CPU usage": 75.0, "Server RAM usage": 56.8, "Last update": "17/08/2021 13:00:50 (UTC)", "Net energy usage": "39.47 kW", "Pool hashrate": "874.6677 MH/s", "DUCO-S1 hashrate": "846.5 MH/s", "XXHASH hashrate": "28.1 MH/s", "Duco price": 0.018767, "Duco price XMG": 0.01876683, "Duco price BCH": 0.00171425, "Duco price TRX": 0.00182318, "Duco price XRP": 0.0021, "Duco price DGB": 0.00210774, "Duco price NANO": 0.001585, "Duco Node-S price": 0.018767, "Duco JustSwap price": 0.00730853, "Duco PancakeSwap price": 0.00420784, "Registered users": 20129, "All-time mined DUCO": 5816386.1844580155, "Current difficulty": 454033, "Mined blocks": 10896799208, "Last block hash": "2e6b01c828", "Kolka": {"Jailed": 0, "Banned": 417}, "Miner distribution": {"GPU": 3, "CPU": 3358, "RPi": 893, "ESP32": 1050, "ESP8266": 3014, "Arduino": 2494, "Other": 97}, "Top 10 richest miners": ["551932.5895859279 DUCO - bscDUCO", "169741.96241166894 DUCO - Bacman", "132924.29377963257 DUCO - coinexchange", "120106.99999999886 DUCO - WannaCry", "113139.48390453758 DUCO - amornlit", "101401.20958189153 DUCO - 52Pickup", "86158.59131869892 DUCO - caancom", "52603.32586585577 DUCO - zero0", "50329.69409217259 DUCO - rootbori", "50288.45762651612 DUCO - duinocrfsh"]}