{"Duino-Coin Server API": "github.com/revoxhere/duino-coin", "Server version": 2.7, "Active connections": 22014, "Open threads": 23, "Server CPU usage": 44.3, "Server RAM usage": 66.8, "Last update": "24/10/2021 02:09:02 (UTC)", "Net energy usage": "36.26 kW", "Pool hashrate": "1348.33 MH/s", "DUCO-S1 hashrate": "1348.3 MH/s", "XXHASH hashrate": "0 H/s", "Duco price": 0.00120663, "Duco price XMG": 0.00036722, "Duco price BCH": 0.00037777, "Duco price RVN": 0.00048069, "Duco price TRX": 0.00035812, "Duco price XRP": 0.00018, "Duco price DGB": 0.00059801, "Duco price NANO": 0.0006011, "Duco price FJC": 0.0006565, "Duco Node-S price": 0.000108, "Duco JustSwap price": 0.00120663, "Duco PancakeSwap price": 0.000891066, "Duco SushiSwap price": 0.000938335, "Registered users": 21477, "All-time mined DUCO": 15705968.901298393, "Current difficulty": 125000, "Mined blocks": 32288915793, "Last block hash": "da056be4b8", "Kolka": {"Jailed": 48, "Banned": 1343}, "Miner distribution": {"GPU": 0, "CPU": 3315, "RPi": 1973, "Phone": 266, "Web": 570, "ESP32": 10817, "ESP8266": 11871, "Arduino": 5957, "Other": 165, "All": 34934}, "Top 10 richest miners": ["2939629.3021603785 DUCO - bscDUCO", "586542.3539601222 DUCO - NodeSBroker", "540801.1300902199 DUCO - coinexchange", "521520.1555491204 DUCO - 52Pickup", "400838.4642832874 DUCO - James_themac", "173540.89104597003 DUCO - celoDUCO", "170240.13285850236 DUCO - Bacman", "123387.18511437952 DUCO - amornlit", "121685.90546844892 DUCO - rootbori", "88303.49595179857 DUCO - caancom"]}