{"Active connections": 1007, "All-time mined DUCO": 66281971.477246076, "Current difficulty": 75000, "DUCO-S1 hashrate": "2.3 GH/s", "Duco Furim price": 0.0, "Duco Node-S price": 0.0, "Duco PancakeSwap price": 4.8e-05, "Duco SunSwap price": 0.000356, "Duco SushiSwap price": 7e-06, "Duco UbeSwap price": 3.5e-05, "Duco price": 0.021514, "Duco price BCH": 3.6e-05, "Duco price NANO": 2.7e-05, "Duco price TRX": 2.1e-05, "Duco price XMG": 0.0215, "Duino-Coin Server API": "github.com/revoxhere/duino-coin", "Kolka": {"Banned": 959, "Jailed": 70}, "Last block hash": "2eb3f8271cd947cdd6469be145558a7bcb72e0d9", "Last sync": 1660189585.156492, "Last update": "11/08/2022 03:46:29 (UTC)", "Mined blocks": 239799659875, "Miner distribution": {"All": 33248, "Arduino": 4040, "CPU": 1588, "ESP32": 11444, "ESP8266": 14679, "GPU": 0, "Other": 50, "Phone": 31, "RPi": 1056, "Web": 360}, "Net energy usage": "24.87 kW", "Open threads": 23, "Pool hashrate": "2296.88 MH/s", "Registered users": 76127, "Server CPU usage": 30.6, "Server RAM usage": 49.7, "Server version": 3.0, "Top 10 richest miners": ["39573550.17167598 DUCO - coinexchange", "39300372.79868917 DUCO - bscDUCO", "6974991.289071771 DUCO - QQ44142894", "2879827.0605396526 DUCO - renderman", "2368507.0 DUCO - Brunomoyses23", "2210288.9385462017 DUCO - vyrdudji", "1557278.7428140556 DUCO - maticDUCO", "1436226.401 DUCO - amornlit", "1209839.3183971192 DUCO - James_themac", "980004.222400001 DUCO - Ochios"], "XXHASH hashrate": "0 H/s"}