{"Active connections": 780, "All-time mined DUCO": 19176908.343997847, "Current difficulty": 75000, "DUCO-S1 hashrate": "1381.8 MH/s", "Duco JustSwap price": 0.00010071, "Duco Node-S price": 2.1e-05, "Duco PancakeSwap price": 0.000594663, "Duco SushiSwap price": 0.000356015, "Duco price": 0.000594663, "Duco price BCH": 4.557e-05, "Duco price DGB": 0.0, "Duco price NANO": 1.48e-05, "Duco price RVN": 0.0, "Duco price TRX": 0.00010328, "Duco price XMG": 0.00026662, "Duco price XRP": 0.0, "Duino-Coin Server API": "github.com/revoxhere/duino-coin", "Kolka": {"Banned": 723, "Jailed": 24}, "Last block hash": "2eb3f8271c", "Last update": "23/12/2021 23:40:36 (UTC)", "Mined blocks": 68332014730, "Miner distribution": {"All": 31267, "Arduino": 7083, "CPU": 4128, "ESP32": 7732, "ESP8266": 8530, "GPU": 0, "Other": 27, "Phone": 292, "RPi": 2469, "Web": 1006}, "Net energy usage": "39.97 kW", "Open threads": 21, "Pool hashrate": "1381.78 MH/s", "Registered users": 31649, "Server CPU usage": 51.8, "Server RAM usage": 44.3, "Server version": 2.7, "Top 10 richest miners": ["4691437.578174308 DUCO - bscDUCO", "867780.2662999706 DUCO - coinexchange", "530426.5372981913 DUCO - NodeSBroker", "397162.15067505674 DUCO - James_themac", "300520.321607231 DUCO - 52Pickup", "299950.4695798415 DUCO - bimbasimba94", "249264.804861081 DUCO - miningvir", "201056.64342534757 DUCO - maticDUCO", "190582.057104081 DUCO - celoDUCO", "170241.298916613 DUCO - Bacman"], "XXHASH hashrate": "0 H/s"}