{"Active connections": 1245, "All-time mined DUCO": 91633897.22627844, "Current difficulty": 75000, "DUCO-S1 hashrate": "3.0 GH/s", "Duco FluffySwap price": 1.1368e-05, "Duco Furim price": 0.0, "Duco Node-S price": 0.0, "Duco PancakeSwap price": 3.45936e-05, "Duco SunSwap price": 0.00011163, "Duco SushiSwap price": 3.14438e-05, "Duco UbeSwap price": 2.9098580230377713e-05, "Duco price": 0.00011163, "Duco price BCH": 1.624e-05, "Duco price NANO": 7.42e-06, "Duco price TRX": 6.4e-06, "Duco price XMG": 5.756e-05, "Duino-Coin Server API": "github.com/revoxhere/duino-coin", "Kolka": {"Banned": 1098, "Jailed": 83}, "Last block hash": "8de4bc0b3fa1580ec7f3421feb9644fc8ead02b8", "Last sync": 1665813799.456272, "Last update": "15/10/2022 06:03:21 (UTC)", "Mined blocks": 281102110984, "Miner distribution": {"All": 37456, "Arduino": 4364, "CPU": 2012, "ESP32": 13440, "ESP8266": 16106, "GPU": 0, "Other": 8, "Phone": 18, "RPi": 1170, "Web": 338}, "Net energy usage": "29.27 kW", "Open threads": 23, "Pool hashrate": "3037.58 MH/s", "Registered users": 81110, "Server CPU usage": 32.4, "Server RAM usage": 32.1, "Server version": 3.0, "Top 10 richest miners": ["42445773.522537336 DUCO - coinexchange", "36546079.437422335 DUCO - bscDUCO", "15965318.216999998 DUCO - Ochios", "6974991.289071771 DUCO - QQ44142894", "6798180.390097843 DUCO - varanese67", "4075220.2860000003 DUCO - AlmarRido", "2497429.1886469666 DUCO - goddani", "2368507.0 DUCO - Brunomoyses23", "2210288.919161586 DUCO - vyrdudji", "1903769.171731094 DUCO - giveaways"], "XXHASH hashrate": "0 H/s"}