{"Duino-Coin Server API": "github.com/revoxhere/duino-coin", "Server version": 2.7, "Active connections": 16878, "Open threads": 23, "Server CPU usage": 68.6, "Server RAM usage": 59.0, "Last update": "13/10/2021 09:43:15 (UTC)", "Net energy usage": "36.84 kW", "Pool hashrate": "1272.7 MH/s", "DUCO-S1 hashrate": "1272.7 MH/s", "XXHASH hashrate": "0 H/s", "Duco price": 0.00329358, "Duco price XMG": 0.00329358, "Duco price BCH": 0.0005447, "Duco price RVN": 0.00067725, "Duco price TRX": 0.0006773, "Duco price XRP": 0.000225, "Duco price DGB": 0.00074974, "Duco price NANO": 0.00075299, "Duco price FJC": 0.00075, "Duco Node-S price": 5.5e-05, "Duco JustSwap price": 0.00163716, "Duco PancakeSwap price": 0.000691645, "Duco SushiSwap price": 0.000756806, "Registered users": 20307, "All-time mined DUCO": 14023825.647618145, "Current difficulty": 125000, "Mined blocks": 27056481026, "Last block hash": "d53a7a74fb", "Kolka": {"Jailed": 48, "Banned": 1332}, "Miner distribution": {"GPU": 0, "CPU": 3386, "RPi": 1930, "Phone": 187, "Web": 632, "ESP32": 11253, "ESP8266": 12127, "Arduino": 5302, "Other": 157, "All": 34974}, "Top 10 richest miners": ["2693126.582355607 DUCO - bscDUCO", "574935.8937961721 DUCO - NodeSBroker", "521520.1555491204 DUCO - 52Pickup", "400093.50185492914 DUCO - James_themac", "336746.71591454017 DUCO - coinexchange", "170240.13285850236 DUCO - Bacman", "170226.10104597002 DUCO - celoDUCO", "123387.18511437952 DUCO - amornlit", "121685.90546844892 DUCO - rootbori", "87452.3841543014 DUCO - caancom"]}