{"Active connections": 1244, "All-time mined DUCO": 717857188.1691494, "Current difficulty": 75000, "DUCO-S1 hashrate": "2.575 GH/s", "Duco FluffySwap price": 2.7859999999999997e-06, "Duco Furim price": 0.0, "Duco Node-S price": 0.0, "Duco PancakeSwap price": 6.47259e-06, "Duco SunSwap price": 0.0001118, "Duco SushiSwap price": 1.23194e-05, "Duco UbeSwap price": 2.745467541750601e-05, "Duco price": 0.0001118, "Duco price BCH": 3.99e-06, "Duco price NANO": 1.82e-06, "Duco price TRX": 2.82e-06, "Duco price XMG": 0.0, "Duino-Coin Server API": "github.com/revoxhere/duino-coin", "Kolka": {"Banned": 1383, "Jailed": 128}, "Last block hash": "8de4bc0b3fa1580ec7f3421feb9644fc8ead02b8", "Last sync": 1684441009.1006646, "Last update": "18/05/2023 20:16:53 (UTC)", "Mined blocks": 403115306140, "Miner distribution": {"All": 24087, "Arduino": 3004, "CPU": 1094, "ESP32": 10006, "ESP8266": 8154, "GPU": 0, "Other": 12, "Phone": 14, "RPi": 1463, "Web": 340}, "Net energy usage": "18.42 kW", "Open threads": 24, "Pool hashrate": "2574.94 MH/s", "Registered users": 92860, "Server CPU usage": 55.1, "Server RAM usage": 49.8, "Server version": 3.0, "Top 10 richest miners": ["495743830.67087966 DUCO - coinexchange", "425462936.302841 DUCO - coinexchange", "55628933.04439265 DUCO - bscDUCO", "20119947.6942 DUCO - viviana80", "15115368.927099999 DUCO - Ochios", "12720440.559071772 DUCO - QQ44142894", "10759939.638689265 DUCO - fiorella71", "8125736.123916335 DUCO - Orion_0x43b", "7201646.68466164 DUCO - msdo1006", "6837249.223868006 DUCO - lordachoo"], "XXHASH hashrate": "0 H/s"}