{"Active connections": 2280, "All-time mined DUCO": 19352265.31613429, "Current difficulty": 75000, "DUCO-S1 hashrate": "2527.3 MH/s", "Duco JustSwap price": 1e-05, "Duco Node-S price": 6e-05, "Duco PancakeSwap price": 0.000257917, "Duco SushiSwap price": 0.000665206, "Duco price": 0.000665206, "Duco price BCH": 3e-05, "Duco price NANO": 1e-05, "Duco price TRX": 8e-05, "Duco price XMG": 0.00025, "Duino-Coin Server API": "github.com/revoxhere/duino-coin", "Kolka": {"Banned": 772, "Jailed": 25}, "Last block hash": "2eb3f8271c", "Last sync": 1642178506.0832891, "Last update": "14/01/2022 16:41:46 (UTC)", "Mined blocks": 84439037041, "Miner distribution": {"All": 37138, "Arduino": 6404, "CPU": 6577, "ESP32": 7154, "ESP8266": 10217, "GPU": 3, "Other": 43, "Phone": 728, "RPi": 2998, "Web": 3014}, "Net energy usage": "58.95 kW", "Open threads": 20, "Pool hashrate": "2527.35 MH/s", "Registered users": 44957, "Server CPU usage": 49.0, "Server RAM usage": 46.4, "Server version": 2.7, "Top 10 richest miners": ["6589678.855145538 DUCO - bscDUCO", "532455.820632083 DUCO - NodeSBroker", "397162.15067505674 DUCO - James_themac", "305965.30778177414 DUCO - bimbasimba94", "203924.0330053212 DUCO - maticDUCO", "190582.057104081 DUCO - celoDUCO", "170241.298916613 DUCO - Bacman", "120000.999999999 DUCO - rootbori", "101719.79746683844 DUCO - haxorcitoz", "92983.45012467373 DUCO - caancom"], "XXHASH hashrate": "0 H/s"}