{"Active connections": 976, "All-time mined DUCO": 75389140.2315503, "Current difficulty": 75000, "DUCO-S1 hashrate": "2.4 GH/s", "Duco Furim price": 0.0, "Duco Node-S price": 0.0, "Duco PancakeSwap price": 3.5e-05, "Duco SunSwap price": 0.000569, "Duco SushiSwap price": 8e-06, "Duco UbeSwap price": 3.5e-05, "Duco price": 0.00057, "Duco price BCH": 3.2e-05, "Duco price NANO": 2.4e-05, "Duco price TRX": 1.9e-05, "Duco price XMG": 0.000165, "Duino-Coin Server API": "github.com/revoxhere/duino-coin", "Kolka": {"Banned": 957, "Jailed": 70}, "Last block hash": "2eb3f8271cd947cdd6469be145558a7bcb72e0d9", "Last sync": 1659889217.133946, "Last update": "07/08/2022 16:20:21 (UTC)", "Mined blocks": 237918117075, "Miner distribution": {"All": 31411, "Arduino": 4172, "CPU": 1445, "ESP32": 9349, "ESP8266": 14875, "GPU": 0, "Other": 41, "Phone": 31, "RPi": 1138, "Web": 360}, "Net energy usage": "23.4 kW", "Open threads": 22, "Pool hashrate": "2425.95 MH/s", "Registered users": 75801, "Server CPU usage": 53.4, "Server RAM usage": 39.0, "Server version": 3.0, "Top 10 richest miners": ["40396635.75368917 DUCO - bscDUCO", "40259363.03167598 DUCO - coinexchange", "7753983.318280362 DUCO - ctecrypto", "6974991.289071771 DUCO - QQ44142894", "3670891.880942673 DUCO - siberia21", "2865693.0260567344 DUCO - renderman", "2368507.0 DUCO - Brunomoyses23", "2210288.9385462017 DUCO - vyrdudji", "1528797.074878601 DUCO - maticDUCO", "1436226.401 DUCO - amornlit"], "XXHASH hashrate": "0 H/s"}