{"Active connections": 3234, "All-time mined DUCO": 19456459.301787585, "Current difficulty": 75000, "DUCO-S1 hashrate": "0 H/s", "Duco JustSwap price": 0.00012015, "Duco Node-S price": 0, "Duco PancakeSwap price": 0.000471918, "Duco SushiSwap price": 0.000116574, "Duco price": 0.000471918, "Duco price BCH": 1.904e-05, "Duco price NANO": 1.159e-05, "Duco price TRX": 6.731e-05, "Duco price XMG": 0.00029942, "Duino-Coin Server API": "github.com/revoxhere/duino-coin", "Kolka": {"Banned": 771, "Jailed": 24}, "Last block hash": "2eb3f8271c", "Last sync": 1641758564.4053442, "Last update": "09/01/2022 20:02:44 (UTC)", "Mined blocks": 81116641345, "Miner distribution": {"All": 0, "Arduino": 0, "CPU": 0, "ESP32": 0, "ESP8266": 0, "GPU": 0, "Other": 0, "Phone": 0, "RPi": 0, "Web": 0}, "Net energy usage": "0 W", "Open threads": 21, "Pool hashrate": "0 H/s", "Registered users": 41615, "Server CPU usage": 53.2, "Server RAM usage": 43.3, "Server version": 2.7, "Top 10 richest miners": ["6094468.163497099 DUCO - bscDUCO", "530815.5436772958 DUCO - NodeSBroker", "397162.15067505674 DUCO - James_themac", "305942.6631272846 DUCO - bimbasimba94", "300520.321607231 DUCO - 52Pickup", "200831.52451555766 DUCO - maticDUCO", "190582.057104081 DUCO - celoDUCO", "170241.298916613 DUCO - Bacman", "120000.999999999 DUCO - rootbori", "108883.02805967878 DUCO - miningvir"], "XXHASH hashrate": "0 H/s"}