{"Active connections": 839, "All-time mined DUCO": 205575542.18263337, "Current difficulty": 75000, "DUCO-S1 hashrate": "2.2 GH/s", "Duco FluffySwap price": 1.848e-06, "Duco Furim price": 0.0, "Duco Node-S price": 0.0, "Duco PancakeSwap price": 2.58901e-05, "Duco SunSwap price": 2.448e-05, "Duco SushiSwap price": 3.29103e-05, "Duco UbeSwap price": 2.8687163822298956e-05, "Duco price": 3.29103e-05, "Duco price BCH": 2.64e-06, "Duco price NANO": 1.72e-06, "Duco price TRX": 2.35e-06, "Duco price XMG": 0.0, "Duino-Coin Server API": "github.com/revoxhere/duino-coin", "Kolka": {"Banned": 1337, "Jailed": 116}, "Last block hash": "8de4bc0b3fa1580ec7f3421feb9644fc8ead02b8", "Last sync": 1679060720.5794895, "Last update": "17/03/2023 13:45:22 (UTC)", "Mined blocks": 371537186118, "Miner distribution": {"All": 29868, "Arduino": 3643, "CPU": 989, "ESP32": 11520, "ESP8266": 11788, "GPU": 0, "Other": 22, "Phone": 24, "RPi": 1638, "Web": 244}, "Net energy usage": "20.53 kW", "Open threads": 24, "Pool hashrate": "2243.67 MH/s", "Registered users": 90398, "Server CPU usage": 44.0, "Server RAM usage": 46.7, "Server version": 3.0, "Top 10 richest miners": ["500593124.9250832 DUCO - coinexchange", "31813310.928276174 DUCO - bscDUCO", "20119946.6942 DUCO - viviana80", "15115364.7271 DUCO - Ochios", "11692429.559071772 DUCO - QQ44142894", "10759939.638689265 DUCO - fiorella71", "8125736.123916335 DUCO - Orion_0x43b", "6825370.2802243 DUCO - lordachoo", "5856718.304644848 DUCO - msdo1006", "5808222.08661312 DUCO - revox"], "XXHASH hashrate": "0 H/s"}