{"Active connections": 726, "All-time mined DUCO": 745589928.3504081, "Current difficulty": 75000, "DUCO-S1 hashrate": "2.1 GH/s", "Duco FluffySwap price": 1.75e-06, "Duco Furim price": 0.0, "Duco Node-S price": 0.0, "Duco PancakeSwap price": 1.35388e-05, "Duco SunSwap price": 0.0, "Duco SushiSwap price": 1.7022e-05, "Duco UbeSwap price": 2.996165722235418e-05, "Duco price": 2.996165722235418e-05, "Duco price BCH": 2.5e-06, "Duco price NANO": 1.78e-06, "Duco price TRX": 2.32e-06, "Duco price XMG": 0.0, "Duino-Coin Server API": "github.com/revoxhere/duino-coin", "Kolka": {"Banned": 1338, "Jailed": 117}, "Last block hash": "8de4bc0b3fa1580ec7f3421feb9644fc8ead02b8", "Last sync": 1680327114.6742442, "Last update": "01/04/2023 05:31:59 (UTC)", "Mined blocks": 378859321372, "Miner distribution": {"All": 28645, "Arduino": 3508, "CPU": 1008, "ESP32": 10875, "ESP8266": 11376, "GPU": 0, "Other": 16, "Phone": 15, "RPi": 1553, "Web": 294}, "Net energy usage": "20.06 kW", "Open threads": 24, "Pool hashrate": "2117.3 MH/s", "Registered users": 91043, "Server CPU usage": 49.6, "Server RAM usage": 58.1, "Server version": 3.0, "Top 10 richest miners": ["495743830.67087966 DUCO - coinexchange", "490232613.1930498 DUCO - coinexchange", "44576037.117 DUCO - AlmarRido", "36281594.566 DUCO - bscDUCO", "20119947.6942 DUCO - viviana80", "15115364.7271 DUCO - Ochios", "12720440.559071772 DUCO - QQ44142894", "10759939.638689265 DUCO - fiorella71", "8125736.123916335 DUCO - Orion_0x43b", "6828214.157465583 DUCO - lordachoo"], "XXHASH hashrate": "0 H/s"}