{"Active connections": 1069, "All-time mined DUCO": 745720133.715913, "Current difficulty": 200000, "DUCO-S1 hashrate": "1.464 GH/s", "Duco FluffySwap price": 9.492e-06, "Duco Furim price": 0.0, "Duco Node-S price": 0.0, "Duco PancakeSwap price": 8.57789e-06, "Duco SunSwap price": 2.595e-05, "Duco SushiSwap price": 1.2962107682626e-05, "Duco UbeSwap price": 1.1191491992827553e-05, "Duco price": 2.595e-05, "Duco price BCH": 0.0, "Duco price NANO": 0.0, "Duco price TRX": 1.356e-05, "Duco price XMG": 1.31e-06, "Duino-Coin Server API": "github.com/revoxhere/duino-coin", "Kolka": {"Banned": 5991, "Jailed": 191}, "Last block hash": "8de4bc0b3fa1580ec7f3421feb9644fc8ead02b8", "Last sync": 1721930434.3899007, "Last update": "25/07/2024 18:00:34 (UTC)", "Mined blocks": 538358309697, "Miner distribution": {"All": 15889, "Arduino": 1916, "CPU": 882, "ESP32": 6136, "ESP8266": 5701, "GPU": 0, "Other": 10, "Phone": 8, "RPi": 1044, "Web": 192}, "Net energy usage": "13.22 kW", "Open threads": 27, "Pool hashrate": "1464.2 MH/s", "Registered users": 104454, "Server CPU usage": 66.2, "Server RAM usage": 91.3, "Server version": 4.0, "Top 10 richest miners": ["246288655.65596542 DUCO - coinexchange", "81473387.50800352 DUCO - bscDUCO", "30000980.1298474 DUCO - AlmarRido", "24635208.6964704 DUCO - Flowen1985", "18660231.07599834 DUCO - aimbert", "18280977.178 DUCO - bimbasimba94", "16096358.288900001 DUCO - viviana80", "14847133.194062889 DUCO - ctecrypto", "12721940.59109726 DUCO - QQ44142894", "11341386.68135135 DUCO - duinousa"], "XXHASH hashrate": "0 H/s"}