{"Active connections": 980, "All-time mined DUCO": 95346380.88891524, "Current difficulty": 75000, "DUCO-S1 hashrate": "3.2 GH/s", "Duco FluffySwap price": 0.0, "Duco Furim price": 0.0, "Duco Node-S price": 0.0, "Duco PancakeSwap price": 0.0, "Duco SunSwap price": 0.0, "Duco SushiSwap price": 0.0, "Duco UbeSwap price": 0.0, "Duco price": 5.642e-05, "Duco price BCH": 1.688e-05, "Duco price NANO": 7.35e-06, "Duco price TRX": 6.29e-06, "Duco price XMG": 5.642e-05, "Duino-Coin Server API": "github.com/revoxhere/duino-coin", "Kolka": {"Banned": 1117, "Jailed": 88}, "Last block hash": "8de4bc0b3fa1580ec7f3421feb9644fc8ead02b8", "Last sync": 1666941982.497079, "Last update": "28/10/2022 07:26:26 (UTC)", "Mined blocks": 289969137162, "Miner distribution": {"All": 37573, "Arduino": 4456, "CPU": 2299, "ESP32": 12741, "ESP8266": 16315, "GPU": 0, "Other": 21, "Phone": 54, "RPi": 1268, "Web": 419}, "Net energy usage": "31.17 kW", "Open threads": 23, "Pool hashrate": "3244.3 MH/s", "Registered users": 82060, "Server CPU usage": 44.4, "Server RAM usage": 52.3, "Server version": 3.0, "Top 10 richest miners": ["38403031.025158234 DUCO - bscDUCO", "26830660.178350545 DUCO - coinexchange", "15965319.80435637 DUCO - Ochios", "11692429.559071772 DUCO - QQ44142894", "4745029.962493889 DUCO - bimbasimba94", "2384712.7399245105 DUCO - lordachoo", "2368507.0 DUCO - Brunomoyses23", "2210288.919161586 DUCO - vyrdudji", "1719651.8692999317 DUCO - Orion_0x43b", "1636658.8630387518 DUCO - maticDUCO"], "XXHASH hashrate": "0 H/s"}