{"Duino-Coin Server API": "github.com/revoxhere/duino-coin", "Server version": 2.6, "Active connections": 9040, "Open threads": 27, "Server CPU usage": 71.5, "Server RAM usage": 63.1, "Last update": "15/08/2021 04:22:03 (UTC)", "Net energy usage": "90.07 kW", "Pool hashrate": "2.0974 GH/s", "DUCO-S1 hashrate": "2.0 GH/s", "XXHASH hashrate": "48.8 MH/s", "Duco price": 0.019778, "Duco price XMG": 0.01966032, "Duco price BCH": 0.00172833, "Duco price TRX": 0.0018507, "Duco price XRP": 0.0022575, "Duco price DGB": 0.00185652, "Duco Node-S price": 0.019778, "Duco JustSwap price": 0.0057207, "Duco PancakeSwap price": 0.00507655, "Registered users": 19772, "All-time mined DUCO": 5522014.148211315, "Current difficulty": 437883, "Mined blocks": 10509356124, "Last block hash": "0d0adb3e63", "Kolka": {"Jailed": 0, "Banned": 417}, "Miner distribution": {"GPU": 0, "CPU": 6878, "RPi": 1876, "ESP32": 8143, "ESP8266": 9687, "Arduino": 5762, "Other": 290}, "Top 10 richest miners": ["456883.63792461774 DUCO - bscDUCO", "169655.66909544767 DUCO - Bacman", "113052.6014245131 DUCO - amornlit", "100078.56724933609 DUCO - 52Pickup", "99999.99999999886 DUCO - WannaCry", "86114.00083518327 DUCO - caancom", "71924.64377963258 DUCO - coinexchange", "50288.45762651612 DUCO - duinocrfsh", "50269.32761617979 DUCO - rootbori", "47119.90790638301 DUCO - chipsa"]}