{"Active connections": 736, "All-time mined DUCO": 771684600.6023006, "Current difficulty": 75000, "DUCO-S1 hashrate": "2.004 GH/s", "Duco FluffySwap price": 1.6799999999999998e-06, "Duco Furim price": 0.0, "Duco Node-S price": 0.0, "Duco PancakeSwap price": 1.92341e-05, "Duco SunSwap price": 2.263e-05, "Duco SushiSwap price": 1.54125e-05, "Duco UbeSwap price": 2.9828006500541712e-05, "Duco price": 2.9828006500541712e-05, "Duco price BCH": 2.4e-06, "Duco price NANO": 1.63e-06, "Duco price TRX": 2.32e-06, "Duco price XMG": 0.0, "Duino-Coin Server API": "github.com/revoxhere/duino-coin", "Kolka": {"Banned": 1355, "Jailed": 122}, "Last block hash": "8de4bc0b3fa1580ec7f3421feb9644fc8ead02b8", "Last sync": 1682319637.9143906, "Last update": "24/04/2023 07:00:43 (UTC)", "Mined blocks": 390958542686, "Miner distribution": {"All": 27986, "Arduino": 3482, "CPU": 1019, "ESP32": 10698, "ESP8266": 10955, "GPU": 0, "Other": 25, "Phone": 15, "RPi": 1552, "Web": 240}, "Net energy usage": "19.78 kW", "Open threads": 24, "Pool hashrate": "2004.447 MH/s", "Registered users": 91998, "Server CPU usage": 52.3, "Server RAM usage": 34.8, "Server version": 3.0, "Top 10 richest miners": ["495743830.67087966 DUCO - coinexchange", "460142991.1195877 DUCO - coinexchange", "47185544.49839266 DUCO - bscDUCO", "20119947.6942 DUCO - viviana80", "15115368.927099999 DUCO - Ochios", "12720440.559071772 DUCO - QQ44142894", "10759939.638689265 DUCO - fiorella71", "8125736.123916335 DUCO - Orion_0x43b", "7871872.805962789 DUCO - revox", "7871872.805962789 DUCO - revox"], "XXHASH hashrate": "0 H/s"}