{"Active connections": 878, "All-time mined DUCO": 717573745.6221757, "Current difficulty": 75000, "DUCO-S1 hashrate": "1.93 GH/s", "Duco FluffySwap price": 1.6519999999999998e-06, "Duco Furim price": 0.0, "Duco Node-S price": 0.0, "Duco PancakeSwap price": 1.00646e-05, "Duco SunSwap price": 2.403e-05, "Duco SushiSwap price": 1.24512e-05, "Duco UbeSwap price": 2.9828006500541712e-05, "Duco price": 2.9828006500541712e-05, "Duco price BCH": 2.36e-06, "Duco price NANO": 1.57e-06, "Duco price TRX": 2.46e-06, "Duco price XMG": 0.0, "Duino-Coin Server API": "github.com/revoxhere/duino-coin", "Kolka": {"Banned": 1357, "Jailed": 121}, "Last block hash": "8de4bc0b3fa1580ec7f3421feb9644fc8ead02b8", "Last sync": 1683293835.8740473, "Last update": "05/05/2023 13:37:21 (UTC)", "Mined blocks": 397013788849, "Miner distribution": {"All": 27598, "Arduino": 3362, "CPU": 930, "ESP32": 10574, "ESP8266": 11018, "GPU": 0, "Other": 31, "Phone": 27, "RPi": 1430, "Web": 226}, "Net energy usage": "18.96 kW", "Open threads": 24, "Pool hashrate": "1929.52 MH/s", "Registered users": 92404, "Server CPU usage": 56.9, "Server RAM usage": 40.0, "Server version": 3.0, "Top 10 richest miners": ["495743830.67087966 DUCO - coinexchange", "447093473.23458767 DUCO - coinexchange", "55097814.49839266 DUCO - bscDUCO", "20119947.6942 DUCO - viviana80", "15115368.927099999 DUCO - Ochios", "12720440.559071772 DUCO - QQ44142894", "10759939.638689265 DUCO - fiorella71", "8125736.123916335 DUCO - Orion_0x43b", "7200997.6526444 DUCO - msdo1006", "7091918.861709836 DUCO - revox"], "XXHASH hashrate": "0 H/s"}