{"Active connections": 1234, "All-time mined DUCO": 55590085.61237873, "Current difficulty": 1000000, "DUCO-S1 hashrate": "4.2 GH/s", "Duco Furim price": 0.0, "Duco Node-S price": 0.0, "Duco PancakeSwap price": 5.3e-05, "Duco SunSwap price": 5.3e-05, "Duco SushiSwap price": 1.4e-05, "Duco UbeSwap price": 0.0001, "Duco price": 0.0001, "Duco price BCH": 7e-06, "Duco price NANO": 3.1e-05, "Duco price TRX": 1.9e-05, "Duco price XMG": 4.8e-05, "Duino-Coin Server API": "github.com/revoxhere/duino-coin", "Kolka": {"Banned": 782, "Jailed": 46}, "Last block hash": "2eb3f8271cd947cdd6469be145558a7bcb72e0d9", "Last sync": 1652254795.343816, "Last update": "11/05/2022 07:39:56 (UTC)", "Mined blocks": 175376163728, "Miner distribution": {"All": 40573, "Arduino": 5589, "CPU": 3311, "ESP32": 13458, "ESP8266": 15670, "GPU": 0, "Other": 69, "Phone": 190, "RPi": 1897, "Web": 389}, "Net energy usage": "38.79 kW", "Open threads": 21, "Pool hashrate": "4198.36 MH/s", "Registered users": 73581, "Server CPU usage": 33.3, "Server RAM usage": 43.0, "Server version": 3.0, "Top 10 richest miners": ["27069598.78897829 DUCO - bscDUCO", "9303501.000002448 DUCO - Ochios", "4127108.3463585814 DUCO - QQ44142894", "4007254.4472261327 DUCO - Demoel", "2210288.9385462017 DUCO - vyrdudji", "1662291.6700304663 DUCO - coinexchange", "1518735.688960454 DUCO - ctecrypto", "1459364.554433561 DUCO - maticDUCO", "1209839.3105654893 DUCO - James_themac", "958406.3416540142 DUCO - econnaty"], "XXHASH hashrate": "0 H/s"}