{"Active connections": 1999, "All-time mined DUCO": 1069751288.6843237, "Current difficulty": 75000, "DUCO-S1 hashrate": "1.6 GH/s", "Duco FluffySwap price": 3.8429999999999995e-06, "Duco Furim price": 0.0, "Duco Node-S price": 0.0, "Duco PancakeSwap price": 1.14421e-05, "Duco SunSwap price": 0.00010496, "Duco SushiSwap price": 1.60519e-05, "Duco UbeSwap price": 2.7898752414944825e-05, "Duco price": 0.00010496, "Duco price BCH": 5.49e-06, "Duco price NANO": 1.09e-06, "Duco price TRX": 1.54e-06, "Duco price XMG": 0.0, "Duino-Coin Server API": "github.com/revoxhere/duino-coin", "Kolka": {"Banned": 5733, "Jailed": 144}, "Last block hash": "8de4bc0b3fa1580ec7f3421feb9644fc8ead02b8", "Last sync": 1689075719.9131587, "Last update": "11/07/2023 11:42:11 (UTC)", "Mined blocks": 425914464262, "Miner distribution": {"All": 20376, "Arduino": 2220, "CPU": 654, "ESP32": 9017, "ESP8266": 7412, "GPU": 0, "Other": 10, "Phone": 4, "RPi": 1059, "Web": 0}, "Net energy usage": "13.7 kW", "Open threads": 23, "Pool hashrate": "1600.364 MH/s", "Registered users": 94328, "Server CPU usage": 56.4, "Server RAM usage": 54.2, "Server version": 3.0, "Top 10 richest miners": ["495743830.67087966 DUCO - coinexchange", "385443864.45255023 DUCO - coinexchange", "50363867.80947695 DUCO - bscDUCO", "36165869.187 DUCO - AlmarRido", "24326348.334 DUCO - Flowen1985", "20119947.6942 DUCO - viviana80", "15115368.927099999 DUCO - Ochios", "12720440.559071772 DUCO - QQ44142894", "12715980.496786602 DUCO - duinousa", "11660664.561427785 DUCO - ctecrypto"], "XXHASH hashrate": "0 H/s"}