{"Active connections": 372, "All-time mined DUCO": 773752632.0473864, "Current difficulty": 200000, "DUCO-S1 hashrate": "1.812 GH/s", "Duco FluffySwap price": 2.1e-05, "Duco Furim price": 0.0, "Duco Node-S price": 0.0, "Duco PancakeSwap price": 1.31425e-05, "Duco SunSwap price": 2.871e-05, "Duco SushiSwap price": 8.987494203495e-06, "Duco UbeSwap price": 1.568e-05, "Duco price": 3.553e-05, "Duco price BCH": 0.0, "Duco price NANO": 0.0, "Duco price TRX": 3.002e-05, "Duco price XMG": 3.553e-05, "Duino-Coin Server API": "github.com/revoxhere/duino-coin", "Kolka": {"Banned": 6032, "Jailed": 191}, "Last block hash": "8de4bc0b3fa1580ec7f3421feb9644fc8ead02b8", "Last sync": 1726577390.592943, "Last update": "17/09/2024 12:49:50 (UTC)", "Mined blocks": 551272033367, "Miner distribution": {"All": 14821, "Arduino": 1982, "CPU": 759, "ESP32": 5002, "ESP8266": 5840, "GPU": 0, "Other": 12, "Phone": 31, "RPi": 1053, "Web": 142}, "Net energy usage": "12.05 kW", "Open threads": 27, "Pool hashrate": "1811.67 MH/s", "Registered users": 106082, "Server CPU usage": 57.5, "Server RAM usage": 65.6, "Server version": 4.0, "Top 10 richest miners": ["235277188.93754274 DUCO - coinexchange", "85495978.52646369 DUCO - bscDUCO", "35576240.569 DUCO - AlmarRido", "30855598.808 DUCO - Flowen1985", "20160690.628000002 DUCO - viviana80", "18317539.132 DUCO - bimbasimba94", "14958491.363422452 DUCO - aimbert", "14847133.194062889 DUCO - ctecrypto", "12721943.39257476 DUCO - QQ44142894", "11365379.108615391 DUCO - duinousa"], "XXHASH hashrate": "0 H/s"}