{"Active connections": 1040, "All-time mined DUCO": 758784181.1102647, "Current difficulty": 200000, "DUCO-S1 hashrate": "1.807 GH/s", "Duco FluffySwap price": 1.8683e-05, "Duco Furim price": 0.0, "Duco Node-S price": 0.0, "Duco PancakeSwap price": 1.31425e-05, "Duco SunSwap price": 2.555e-05, "Duco SushiSwap price": 8.987494203495e-06, "Duco UbeSwap price": 1.568e-05, "Duco price": 3.596e-05, "Duco price BCH": 0.0, "Duco price NANO": 0.0, "Duco price TRX": 2.671e-05, "Duco price XMG": 3.596e-05, "Duino-Coin Server API": "github.com/revoxhere/duino-coin", "Kolka": {"Banned": 6018, "Jailed": 189}, "Last block hash": "8de4bc0b3fa1580ec7f3421feb9644fc8ead02b8", "Last sync": 1723979446.239905, "Last update": "18/08/2024 11:10:46 (UTC)", "Mined blocks": 544168738569, "Miner distribution": {"All": 14754, "Arduino": 1885, "CPU": 707, "ESP32": 4860, "ESP8266": 6007, "GPU": 0, "Other": 7, "Phone": 8, "RPi": 1142, "Web": 138}, "Net energy usage": "11.88 kW", "Open threads": 28, "Pool hashrate": "1806.905 MH/s", "Registered users": 105207, "Server CPU usage": 70.4, "Server RAM usage": 89.1, "Server version": 4.0, "Top 10 richest miners": ["237465740.56008548 DUCO - coinexchange", "82994398.19825932 DUCO - bscDUCO", "30855598.808 DUCO - Flowen1985", "28000980.1298474 DUCO - AlmarRido", "18280977.178 DUCO - bimbasimba94", "16096358.288900001 DUCO - viviana80", "14928198.212976752 DUCO - aimbert", "14847133.194062889 DUCO - ctecrypto", "12721940.665481606 DUCO - QQ44142894", "11342365.443468833 DUCO - duinousa"], "XXHASH hashrate": "0 H/s"}