{"Active connections": 759, "All-time mined DUCO": 704351117.2019732, "Current difficulty": 75000, "DUCO-S1 hashrate": "2.0 GH/s", "Duco FluffySwap price": 1.785e-06, "Duco Furim price": 0.0, "Duco Node-S price": 0.0, "Duco PancakeSwap price": 1.52187e-05, "Duco SunSwap price": 2.409e-05, "Duco SushiSwap price": 1.92636e-05, "Duco UbeSwap price": 2.996165722235418e-05, "Duco price": 2.996165722235418e-05, "Duco price BCH": 2.55e-06, "Duco price NANO": 1.78e-06, "Duco price TRX": 2.31e-06, "Duco price XMG": 0.0, "Duino-Coin Server API": "github.com/revoxhere/duino-coin", "Kolka": {"Banned": 1340, "Jailed": 117}, "Last block hash": "8de4bc0b3fa1580ec7f3421feb9644fc8ead02b8", "Last sync": 1680649395.979085, "Last update": "04/04/2023 23:03:19 (UTC)", "Mined blocks": 380858841074, "Miner distribution": {"All": 28383, "Arduino": 3490, "CPU": 987, "ESP32": 10927, "ESP8266": 11265, "GPU": 0, "Other": 12, "Phone": 20, "RPi": 1453, "Web": 229}, "Net energy usage": "19.65 kW", "Open threads": 25, "Pool hashrate": "1980.55 MH/s", "Registered users": 91223, "Server CPU usage": 49.7, "Server RAM usage": 42.0, "Server version": 3.0, "Top 10 richest miners": ["495743830.67087966 DUCO - coinexchange", "489575658.01174814 DUCO - coinexchange", "36095329.566 DUCO - bscDUCO", "20119947.6942 DUCO - viviana80", "15115364.7271 DUCO - Ochios", "12720440.559071772 DUCO - QQ44142894", "10759939.638689265 DUCO - fiorella71", "8125736.123916335 DUCO - Orion_0x43b", "6829058.450363217 DUCO - lordachoo", "6786236.8379893955 DUCO - msdo1006"], "XXHASH hashrate": "0 H/s"}