{"Active connections": 959, "All-time mined DUCO": 174569298.26824972, "Current difficulty": 75000, "DUCO-S1 hashrate": "2.4 GH/s", "Duco FluffySwap price": 1.7359999999999998e-06, "Duco Furim price": 0.0, "Duco Node-S price": 0.0, "Duco PancakeSwap price": 3.52548e-05, "Duco SunSwap price": 5.053e-05, "Duco SushiSwap price": 3.46807e-06, "Duco UbeSwap price": 2.852410137485506e-05, "Duco price": 5.053e-05, "Duco price BCH": 2.48e-06, "Duco price NANO": 1.61e-06, "Duco price TRX": 4.14e-06, "Duco price XMG": 0.0, "Duino-Coin Server API": "github.com/revoxhere/duino-coin", "Kolka": {"Banned": 1228, "Jailed": 94}, "Last block hash": "8de4bc0b3fa1580ec7f3421feb9644fc8ead02b8", "Last sync": 1672701932.2003372, "Last update": "02/01/2023 23:25:34 (UTC)", "Mined blocks": 332420695639, "Miner distribution": {"All": 33156, "Arduino": 3755, "CPU": 1269, "ESP32": 12342, "ESP8266": 13824, "GPU": 0, "Other": 19, "Phone": 7, "RPi": 1639, "Web": 301}, "Net energy usage": "23.7 kW", "Open threads": 24, "Pool hashrate": "2436.95 MH/s", "Registered users": 86310, "Server CPU usage": 42.0, "Server RAM usage": 36.2, "Server version": 3.0, "Top 10 richest miners": ["98670021.04262175 DUCO - coinexchange", "40199117.73070239 DUCO - bscDUCO", "20119945.00125 DUCO - viviana80", "14965357.425395073 DUCO - Ochios", "13675334.218015814 DUCO - ctecrypto", "11692429.559071772 DUCO - QQ44142894", "10759939.638689265 DUCO - fiorella71", "8125736.123916335 DUCO - Orion_0x43b", "6808527.696447369 DUCO - lordachoo", "5083676.291679942 DUCO - DarYo"], "XXHASH hashrate": "0 H/s"}