{"Active connections": 983, "All-time mined DUCO": 95250428.22567305, "Current difficulty": 75000, "DUCO-S1 hashrate": "3.2 GH/s", "Duco FluffySwap price": 1.2439e-05, "Duco Furim price": 0.0, "Duco Node-S price": 0.0, "Duco PancakeSwap price": 3.73398e-05, "Duco SunSwap price": 5.152e-05, "Duco SushiSwap price": 4.69978e-05, "Duco UbeSwap price": 2.929910624286002e-05, "Duco price": 6.215e-05, "Duco price BCH": 1.776e-05, "Duco price NANO": 7.49e-06, "Duco price TRX": 6.42e-06, "Duco price XMG": 6.215e-05, "Duino-Coin Server API": "github.com/revoxhere/duino-coin", "Kolka": {"Banned": 1122, "Jailed": 88}, "Last block hash": "8de4bc0b3fa1580ec7f3421feb9644fc8ead02b8", "Last sync": 1667106049.2378802, "Last update": "30/10/2022 05:00:59 (UTC)", "Mined blocks": 291236992411, "Miner distribution": {"All": 38150, "Arduino": 4427, "CPU": 2335, "ESP32": 13443, "ESP8266": 16165, "GPU": 0, "Other": 41, "Phone": 67, "RPi": 1259, "Web": 413}, "Net energy usage": "31.57 kW", "Open threads": 23, "Pool hashrate": "3184.17 MH/s", "Registered users": 82206, "Server CPU usage": 46.1, "Server RAM usage": 51.7, "Server version": 3.0, "Top 10 richest miners": ["38403031.025158234 DUCO - bscDUCO", "26776373.75858492 DUCO - coinexchange", "15965319.80435637 DUCO - Ochios", "11692429.559071772 DUCO - QQ44142894", "2384971.1229908727 DUCO - lordachoo", "2368507.0 DUCO - Brunomoyses23", "2210288.919161586 DUCO - vyrdudji", "2195606.8888942716 DUCO - econnaty", "1719737.820831567 DUCO - Orion_0x43b", "1637008.8630387518 DUCO - maticDUCO"], "XXHASH hashrate": "0 H/s"}