{"Active connections": 1, "All-time mined DUCO": 172250247.93750522, "Current difficulty": 75000, "DUCO-S1 hashrate": "2.8 GH/s", "Duco FluffySwap price": 1.7457999999999998e-05, "Duco Furim price": 0.0, "Duco Node-S price": 0.0, "Duco PancakeSwap price": 4.29869e-05, "Duco SunSwap price": 4.927e-05, "Duco SushiSwap price": 3.56041e-06, "Duco UbeSwap price": 2.832057037232638e-05, "Duco price": 4.927e-05, "Duco price BCH": 2.494e-05, "Duco price NANO": 1.586e-05, "Duco price TRX": 4.039e-05, "Duco price XMG": 0.0, "Duino-Coin Server API": "github.com/revoxhere/duino-coin", "Kolka": {"Banned": 1222, "Jailed": 93}, "Last block hash": "8de4bc0b3fa1580ec7f3421feb9644fc8ead02b8", "Last sync": 1672220710.39499, "Last update": "28/12/2022 09:45:14 (UTC)", "Mined blocks": 329405710402, "Miner distribution": {"All": 33481, "Arduino": 3803, "CPU": 1328, "ESP32": 12352, "ESP8266": 13928, "GPU": 0, "Other": 31, "Phone": 36, "RPi": 1633, "Web": 370}, "Net energy usage": "24.2 kW", "Open threads": 24, "Pool hashrate": "2758.64 MH/s", "Registered users": 86041, "Server CPU usage": 1, "Server RAM usage": 1, "Server version": 3.0, "Top 10 richest miners": ["39089708.73070239 DUCO - bscDUCO", "20119945.00125 DUCO - viviana80", "14965357.425395073 DUCO - Ochios", "13675250.826992648 DUCO - ctecrypto", "11692429.559071772 DUCO - QQ44142894", "10759939.638689265 DUCO - fiorella71", "8125736.123916335 DUCO - Orion_0x43b", "6807526.620368248 DUCO - lordachoo", "4267666.823 DUCO - Demoel", "2621406.5609582844 DUCO - msdo1006"], "XXHASH hashrate": "0 H/s"}