{"Active connections": 680, "All-time mined DUCO": 1129309610.9036953, "Current difficulty": 75000, "DUCO-S1 hashrate": "2.304 GH/s", "Duco FluffySwap price": 3.3949999999999997e-06, "Duco Furim price": 0.0, "Duco Node-S price": 0.0, "Duco PancakeSwap price": 7.2694e-06, "Duco SunSwap price": 0.00010434, "Duco SushiSwap price": 1.01312e-05, "Duco UbeSwap price": 2.9093097913322633e-05, "Duco price": 0.00010434, "Duco price BCH": 4.83e-06, "Duco price NANO": 1.09e-06, "Duco price TRX": 1.95e-06, "Duco price XMG": 1.563e-05, "Duino-Coin Server API": "github.com/revoxhere/duino-coin", "Kolka": {"Banned": 5661, "Jailed": 161}, "Last block hash": "8de4bc0b3fa1580ec7f3421feb9644fc8ead02b8", "Last sync": 1694024310.3752575, "Last update": "06/09/2023 18:18:36 (UTC)", "Mined blocks": 445836612957, "Miner distribution": {"All": 19760, "Arduino": 2249, "CPU": 811, "ESP32": 8205, "ESP8266": 7279, "GPU": 0, "Other": 11, "Phone": 13, "RPi": 1173, "Web": 19}, "Net energy usage": "14.52 kW", "Open threads": 24, "Pool hashrate": "2304.326 MH/s", "Registered users": 95483, "Server CPU usage": 38.5, "Server RAM usage": 43.1, "Server version": 3.0, "Top 10 richest miners": ["495743830.67087966 DUCO - coinexchange", "364660821.32267 DUCO - coinexchange", "70408419.64457695 DUCO - bscDUCO", "44222470.968 DUCO - AlmarRido", "26700861.881426554 DUCO - giveaways", "24485940.745 DUCO - Flowen1985", "20119947.6942 DUCO - viviana80", "14281362.881 DUCO - bimbasimba94", "12720440.559071772 DUCO - QQ44142894", "11758322.739780247 DUCO - ctecrypto"], "XXHASH hashrate": "0 H/s"}