{"Active connections": 1011, "All-time mined DUCO": 758288012.198465, "Current difficulty": 200000, "DUCO-S1 hashrate": "1.69 GH/s", "Duco FluffySwap price": 1.8038999999999998e-05, "Duco Furim price": 0.0, "Duco Node-S price": 0.0, "Duco PancakeSwap price": 1.34905e-05, "Duco SunSwap price": 2.465e-05, "Duco SushiSwap price": 8.331891935491e-06, "Duco UbeSwap price": 1.642e-05, "Duco price": 2.577e-05, "Duco price BCH": 0.0, "Duco price NANO": 0.0, "Duco price TRX": 2.577e-05, "Duco price XMG": 2.418e-05, "Duino-Coin Server API": "github.com/revoxhere/duino-coin", "Kolka": {"Banned": 6013, "Jailed": 190}, "Last block hash": "8de4bc0b3fa1580ec7f3421feb9644fc8ead02b8", "Last sync": 1723269256.6635005, "Last update": "10/08/2024 05:54:16 (UTC)", "Mined blocks": 542241518246, "Miner distribution": {"All": 14477, "Arduino": 1856, "CPU": 806, "ESP32": 4615, "ESP8266": 5948, "GPU": 0, "Other": 8, "Phone": 8, "RPi": 1091, "Web": 145}, "Net energy usage": "12.28 kW", "Open threads": 27, "Pool hashrate": "1690.148 MH/s", "Registered users": 104959, "Server CPU usage": 54.7, "Server RAM usage": 96.1, "Server version": 4.0, "Top 10 richest miners": ["238625049.80579543 DUCO - coinexchange", "81978729.19825932 DUCO - bscDUCO", "30855598.808 DUCO - Flowen1985", "28000980.1298474 DUCO - AlmarRido", "18280977.178 DUCO - bimbasimba94", "16096358.288900001 DUCO - viviana80", "14928190.429341203 DUCO - aimbert", "14847133.194062889 DUCO - ctecrypto", "12721940.59109726 DUCO - QQ44142894", "11342000.695612224 DUCO - duinousa"], "XXHASH hashrate": "0 H/s"}