{"Active connections": 911, "All-time mined DUCO": 88213600.66695498, "Current difficulty": 1000000, "DUCO-S1 hashrate": "3.1 GH/s", "Duco Furim price": 0.0, "Duco Node-S price": 0.0, "Duco PancakeSwap price": 2.7e-05, "Duco SunSwap price": 4.5e-05, "Duco SushiSwap price": 1.5e-05, "Duco UbeSwap price": 2.8e-05, "Duco price": 0.000175, "Duco price BCH": 1.4e-05, "Duco price NANO": 1.1e-05, "Duco price TRX": 1.4e-05, "Duco price XMG": 0.000175, "Duino-Coin Server API": "github.com/revoxhere/duino-coin", "Kolka": {"Banned": 924, "Jailed": 56}, "Last block hash": "2eb3f8271cd947cdd6469be145558a7bcb72e0d9", "Last sync": 1656313257.061756, "Last update": "27/06/2022 07:01:00 (UTC)", "Mined blocks": 210892955177, "Miner distribution": {"All": 38060, "Arduino": 4998, "CPU": 2438, "ESP32": 13033, "ESP8266": 15607, "GPU": 0, "Other": 87, "Phone": 78, "RPi": 1548, "Web": 271}, "Net energy usage": "32.25 kW", "Open threads": 21, "Pool hashrate": "3128.57 MH/s", "Registered users": 73140, "Server CPU usage": 37.0, "Server RAM usage": 37.3, "Server version": 3.0, "Top 10 richest miners": ["35754946.98633014 DUCO - bscDUCO", "16868017.310383838 DUCO - Ochios", "7752503.7730397 DUCO - ctecrypto", "6974991.289071771 DUCO - QQ44142894", "5770582.762426449 DUCO - renderman", "4006637.134791039 DUCO - Demoel", "2368507.0 DUCO - Brunomoyses23", "2210288.9385462017 DUCO - vyrdudji", "2070152.565 DUCO - CryptSino_Exchange", "1414779.5421398599 DUCO - maticDUCO"], "XXHASH hashrate": "0 H/s"}