{"Active connections": 1502, "All-time mined DUCO": 193887043.19642997, "Current difficulty": 75000, "DUCO-S1 hashrate": "2.5 GH/s", "Duco FluffySwap price": 2.254e-06, "Duco Furim price": 0.0, "Duco Node-S price": 0.0, "Duco PancakeSwap price": 3.75121e-05, "Duco SunSwap price": 5.52e-05, "Duco SushiSwap price": 5.15042e-06, "Duco UbeSwap price": 2.8444797248131242e-05, "Duco price": 5.52e-05, "Duco price BCH": 3.22e-06, "Duco price NANO": 1.95e-06, "Duco price TRX": 4.57e-06, "Duco price XMG": 0.0, "Duino-Coin Server API": "github.com/revoxhere/duino-coin", "Kolka": {"Banned": 1242, "Jailed": 98}, "Last block hash": "8de4bc0b3fa1580ec7f3421feb9644fc8ead02b8", "Last sync": 1674667325.8297713, "Last update": "25/01/2023 17:22:08 (UTC)", "Mined blocks": 344590777262, "Miner distribution": {"All": 34041, "Arduino": 4237, "CPU": 1345, "ESP32": 12835, "ESP8266": 13600, "GPU": 0, "Other": 26, "Phone": 17, "RPi": 1616, "Web": 365}, "Net energy usage": "24.38 kW", "Open threads": 24, "Pool hashrate": "2469.03 MH/s", "Registered users": 87534, "Server CPU usage": 51.6, "Server RAM usage": 56.0, "Server version": 3.0, "Top 10 richest miners": ["82843251.11646728 DUCO - coinexchange", "41217107.34345014 DUCO - bscDUCO", "20119946.6942 DUCO - viviana80", "11692429.559071772 DUCO - QQ44142894", "10759939.638689265 DUCO - fiorella71", "8125736.123916335 DUCO - Orion_0x43b", "7695798.286 DUCO - RNGesus", "6813521.591580966 DUCO - lordachoo", "6561235.024 DUCO - saikrsa", "5637139.684 DUCO - sudoerrno"], "XXHASH hashrate": "0 H/s"}