{"Active connections": 4667, "All-time mined DUCO": 18595222.859940775, "Current difficulty": 125000, "DUCO-S1 hashrate": "1302.0 MH/s", "Duco JustSwap price": 0.00034675, "Duco Node-S price": 0.00013, "Duco PancakeSwap price": 0.000656946, "Duco SushiSwap price": 0.000469464, "Duco price": 0.00105098, "Duco price BCH": 0.00028802, "Duco price DGB": 0.0, "Duco price NANO": 0.00019565, "Duco price RVN": 0.0, "Duco price TRX": 0.00037637, "Duco price XMG": 0.00062277, "Duco price XRP": 0.0, "Duino-Coin Server API": "github.com/revoxhere/duino-coin", "Kolka": {"Banned": 697, "Jailed": 24}, "Last block hash": "2eb3f8271c", "Last update": "21/11/2021 15:03:40 (UTC)", "Mined blocks": 45653014054, "Miner distribution": {"All": 36699, "Arduino": 6439, "CPU": 3540, "ESP32": 11013, "ESP8266": 12590, "GPU": 0, "Other": 33, "Phone": 466, "RPi": 2134, "Web": 484}, "Net energy usage": "38.45 kW", "Open threads": 24, "Pool hashrate": "1302.04 MH/s", "Registered users": 25384, "Server CPU usage": 54.1, "Server RAM usage": 50.7, "Server version": 2.7, "Top 10 richest miners": ["3456956.4678958817 DUCO - bscDUCO", "1282376.2120902191 DUCO - coinexchange", "591776.703081775 DUCO - NodeSBroker", "351150.1606789791 DUCO - James_themac", "300520.1555491204 DUCO - 52Pickup", "240241.5978615097 DUCO - bimbasimba94", "188487.89104597003 DUCO - celoDUCO", "170241.13285850236 DUCO - Bacman", "131475.91901238917 DUCO - maticDUCO", "123387.18511437952 DUCO - amornlit"], "XXHASH hashrate": "0 H/s"}