{"Active connections": 68519, "All-time mined DUCO": 17011281.296899382, "Current difficulty": 125000, "DUCO-S1 hashrate": "1184.0 MH/s", "Duco JustSwap price": 0.00056724, "Duco Node-S price": 0.000139, "Duco PancakeSwap price": 0.000726946, "Duco SushiSwap price": 0.00102713, "Duco price": 0.00102713, "Duco price BCH": 0.0001199, "Duco price DGB": 0.0, "Duco price NANO": 0.0002875, "Duco price RVN": 0.0, "Duco price TRX": 0.00031086, "Duco price XMG": 0.00049074, "Duco price XRP": 0.0, "Duino-Coin Server API": "github.com/revoxhere/duino-coin", "Kolka": {"Banned": 679, "Jailed": 24}, "Last block hash": "65b3f612d0", "Last update": "05/11/2021 22:48:47 (UTC)", "Mined blocks": 38173373890, "Miner distribution": {"All": 34065, "Arduino": 5824, "CPU": 3188, "ESP32": 10180, "ESP8266": 12610, "GPU": 0, "Other": 57, "Phone": 238, "RPi": 1913, "Web": 55}, "Net energy usage": "34.93 kW", "Open threads": 24, "Pool hashrate": "1184.02 MH/s", "Registered users": 22849, "Server CPU usage": 65.1, "Server RAM usage": 42.1, "Server version": 2.7, "Top 10 richest miners": ["3195840.63169523 DUCO - bscDUCO", "773890.9100902197 DUCO - coinexchange", "587337.6039841222 DUCO - NodeSBroker", "522520.1555491204 DUCO - 52Pickup", "401087.99687768385 DUCO - James_themac", "190128.89104597003 DUCO - celoDUCO", "170241.13285850236 DUCO - Bacman", "123387.18511437952 DUCO - amornlit", "119999.99999999892 DUCO - rootbori", "113016.25542740377 DUCO - maticDUCO"], "XXHASH hashrate": "0 H/s"}