{"Duino-Coin Server API": "github.com/revoxhere/duino-coin", "Server version": 2.6, "Active connections": 6482, "Open threads": 21, "Server CPU usage": 38.4, "Server RAM usage": 22.6, "Last update": "25/08/2021 02:39:21 (UTC)", "Net energy usage": "0 W", "Pool hashrate": "0 H/s", "DUCO-S1 hashrate": "0 H/s", "XXHASH hashrate": "0 H/s", "Duco price": 0.00305973, "Duco price XMG": 0.00241135, "Duco price BCH": 0.0012925, "Duco price TRX": 0.00042944, "Duco price XRP": 0.00116, "Duco price DGB": 0.00070764, "Duco price NANO": 0.000644, "Duco price FJC": 0.00048056, "Duco Node-S price": 0, "Duco JustSwap price": 0.00305973, "Duco PancakeSwap price": 0.00251652, "Registered users": 15046, "All-time mined DUCO": 7061948.08500436, "Current difficulty": 505631, "Mined blocks": 12135130436, "Last block hash": "dec8f4a0c2", "Kolka": {"Jailed": 0, "Banned": 440}, "Miner distribution": {"GPU": 0, "CPU": 0, "RPi": 0, "ESP32": 0, "ESP8266": 0, "Arduino": 0, "Other": 0}, "Top 10 richest miners": ["1197678.6163057652 DUCO - bscDUCO", "288512.8547796326 DUCO - coinexchange", "282168.1555491204 DUCO - 52Pickup", "169937.594875061 DUCO - Bacman", "113387.18511437952 DUCO - amornlit", "86278.56927084453 DUCO - caancom", "80882.76488499498 DUCO - WannaCry", "50288.45762651612 DUCO - duinocrfsh", "47119.90790638301 DUCO - chipsa", "45796.95067334399 DUCO - NodeSBroker"], "Active workers": {}}