{"Active connections": 627, "All-time mined DUCO": 1114055252.1327686, "Current difficulty": 75000, "DUCO-S1 hashrate": "1.987 GH/s", "Duco FluffySwap price": 3.4929999999999994e-06, "Duco Furim price": 0.0, "Duco Node-S price": 0.0, "Duco PancakeSwap price": 7.2694e-06, "Duco SunSwap price": 0.00010168, "Duco SushiSwap price": 1.01312e-05, "Duco UbeSwap price": 2.9093097913322633e-05, "Duco price": 0.00010168, "Duco price BCH": 4.99e-06, "Duco price NANO": 1.1e-06, "Duco price TRX": 1.9e-06, "Duco price XMG": 1.563e-05, "Duino-Coin Server API": "github.com/revoxhere/duino-coin", "Kolka": {"Banned": 5654, "Jailed": 161}, "Last block hash": "8de4bc0b3fa1580ec7f3421feb9644fc8ead02b8", "Last sync": 1693612708.9109662, "Last update": "01/09/2023 23:58:33 (UTC)", "Mined blocks": 443995690228, "Miner distribution": {"All": 19092, "Arduino": 2201, "CPU": 644, "ESP32": 8053, "ESP8266": 7026, "GPU": 0, "Other": 7, "Phone": 23, "RPi": 1132, "Web": 6}, "Net energy usage": "13.19 kW", "Open threads": 24, "Pool hashrate": "1987.495 MH/s", "Registered users": 95366, "Server CPU usage": 35.6, "Server RAM usage": 40.4, "Server version": 3.0, "Top 10 richest miners": ["495743830.67087966 DUCO - coinexchange", "365942215.15266997 DUCO - coinexchange", "70383919.64457695 DUCO - bscDUCO", "35298317.008099996 DUCO - AlmarRido", "26698742.939427346 DUCO - giveaways", "24485940.745 DUCO - Flowen1985", "20119947.6942 DUCO - viviana80", "12720440.559071772 DUCO - QQ44142894", "11757537.21285198 DUCO - ctecrypto", "11394221.861 DUCO - bimbasimba94"], "XXHASH hashrate": "0 H/s"}