{"Active connections": 901, "All-time mined DUCO": 747797880.9703065, "Current difficulty": 200000, "DUCO-S1 hashrate": "1.667 GH/s", "Duco FluffySwap price": 9.03e-06, "Duco Furim price": 0.0, "Duco Node-S price": 0.0, "Duco PancakeSwap price": 8.57789e-06, "Duco SunSwap price": 0.0001452, "Duco SushiSwap price": 1.2962107682626e-05, "Duco UbeSwap price": 1.1191491992827553e-05, "Duco price": 0.00017658, "Duco price BCH": 0.0001306, "Duco price NANO": 0.00017658, "Duco price TRX": 1.289e-05, "Duco price XMG": 3.612e-05, "Duino-Coin Server API": "github.com/revoxhere/duino-coin", "Kolka": {"Banned": 5984, "Jailed": 183}, "Last block hash": "8de4bc0b3fa1580ec7f3421feb9644fc8ead02b8", "Last sync": 1720046736.512519, "Last update": "03/07/2024 22:45:36 (UTC)", "Mined blocks": 532540476932, "Miner distribution": {"All": 18316, "Arduino": 2227, "CPU": 996, "ESP32": 7691, "ESP8266": 6068, "GPU": 0, "Other": 10, "Phone": 15, "RPi": 1153, "Web": 156}, "Net energy usage": "14.96 kW", "Open threads": 28, "Pool hashrate": "1667.428 MH/s", "Registered users": 103747, "Server CPU usage": 57.2, "Server RAM usage": 89.8, "Server version": 4.0, "Top 10 richest miners": ["248756971.69292155 DUCO - coinexchange", "80657425.50800352 DUCO - bscDUCO", "29548849.707830127 DUCO - AlmarRido", "24635208.6964704 DUCO - Flowen1985", "22851221.472 DUCO - bimbasimba94", "20120447.6942 DUCO - viviana80", "14898397.684164984 DUCO - aimbert", "14847133.194062889 DUCO - ctecrypto", "14175794.550445681 DUCO - duinousa", "12721940.59109726 DUCO - QQ44142894"], "XXHASH hashrate": "0 H/s"}