{"Active connections": 1238, "All-time mined DUCO": 97190710.17355847, "Current difficulty": 1000000, "DUCO-S1 hashrate": "3.8 GH/s", "Duco Furim price": 0.0, "Duco Node-S price": 0.0, "Duco PancakeSwap price": 2.7e-05, "Duco SunSwap price": 6.1e-05, "Duco SushiSwap price": 3.2e-05, "Duco UbeSwap price": 2.9e-05, "Duco price": 0.000175, "Duco price BCH": 4e-06, "Duco price NANO": 1.7e-05, "Duco price TRX": 1.2e-05, "Duco price XMG": 0.0, "Duino-Coin Server API": "github.com/revoxhere/duino-coin", "Kolka": {"Banned": 855, "Jailed": 47}, "Last block hash": "2eb3f8271cd947cdd6469be145558a7bcb72e0d9", "Last sync": 1654474725.9253724, "Last update": "06/06/2022 00:18:47 (UTC)", "Mined blocks": 195019771149, "Miner distribution": {"All": 40711, "Arduino": 5462, "CPU": 3293, "ESP32": 13673, "ESP8266": 16072, "GPU": 0, "Other": 77, "Phone": 129, "RPi": 1661, "Web": 344}, "Net energy usage": "38.46 kW", "Open threads": 21, "Pool hashrate": "3751.41 MH/s", "Registered users": 76159, "Server CPU usage": 32.8, "Server RAM usage": 60.3, "Server version": 3.0, "Top 10 richest miners": ["39540851.074735165 DUCO - bscDUCO", "16779504.2 DUCO - Ochios", "13621686.193396721 DUCO - coinexchange", "7064548.962926519 DUCO - ctecrypto", "6974991.289071771 DUCO - QQ44142894", "4007970.8836220535 DUCO - Demoel", "2846201.0650324295 DUCO - renderman", "2210288.9385462017 DUCO - vyrdudji", "2145767.4737028396 DUCO - jules_pilot", "2091979.3138396414 DUCO - CryptSino_Exchange"], "XXHASH hashrate": "0 H/s"}