{"Active connections": 1278, "All-time mined DUCO": 188278456.61871013, "Current difficulty": 75000, "DUCO-S1 hashrate": "2.2 GH/s", "Duco FluffySwap price": 0.0, "Duco Furim price": 0.0, "Duco Node-S price": 0.0, "Duco PancakeSwap price": 0.0, "Duco SunSwap price": 0.0, "Duco SushiSwap price": 0.0, "Duco UbeSwap price": 0.0, "Duco price": 5.19e-06, "Duco price BCH": 5.19e-06, "Duco price NANO": 3.66e-06, "Duco price TRX": 5.04e-06, "Duco price XMG": 0.0, "Duino-Coin Server API": "github.com/revoxhere/duino-coin", "Kolka": {"Banned": 1300, "Jailed": 101}, "Last block hash": "8de4bc0b3fa1580ec7f3421feb9644fc8ead02b8", "Last sync": 1676588338.320099, "Last update": "16/02/2023 22:59:01 (UTC)", "Mined blocks": 356696419952, "Miner distribution": {"All": 30189, "Arduino": 3635, "CPU": 908, "ESP32": 11700, "ESP8266": 11885, "GPU": 0, "Other": 7, "Phone": 30, "RPi": 1634, "Web": 390}, "Net energy usage": "20.28 kW", "Open threads": 23, "Pool hashrate": "2187.7 MH/s", "Registered users": 88994, "Server CPU usage": 51.3, "Server RAM usage": 58.8, "Server version": 3.0, "Top 10 richest miners": ["43908735.867 DUCO - AlmarRido", "41487523.794576176 DUCO - bscDUCO", "20119946.6942 DUCO - viviana80", "15115363.695 DUCO - Ochios", "13043285.401486455 DUCO - coinexchange", "11692429.559071772 DUCO - QQ44142894", "11575849.27 DUCO - infternet", "10759939.638689265 DUCO - fiorella71", "8125736.123916335 DUCO - Orion_0x43b", "6819455.537716926 DUCO - lordachoo"], "XXHASH hashrate": "0 H/s"}