{"Active connections": 1243, "All-time mined DUCO": 20845501.49234815, "Current difficulty": 125000, "DUCO-S1 hashrate": "1538.5 MH/s", "Duco JustSwap price": 0.00086156, "Duco Node-S price": 6.7e-05, "Duco PancakeSwap price": 0.000594663, "Duco SushiSwap price": 0.000356015, "Duco price": 0.00086688, "Duco price BCH": 0.00027979, "Duco price DGB": 0.0, "Duco price NANO": 5e-05, "Duco price RVN": 0.0, "Duco price TRX": 0.00034202, "Duco price XMG": 0.0007904, "Duco price XRP": 0.0, "Duino-Coin Server API": "github.com/revoxhere/duino-coin", "Kolka": {"Banned": 707, "Jailed": 24}, "Last block hash": "2eb3f8271c", "Last update": "03/12/2021 01:54:11 (UTC)", "Mined blocks": 52843817447, "Miner distribution": {"All": 39854, "Arduino": 6867, "CPU": 4382, "ESP32": 11775, "ESP8266": 13359, "GPU": 0, "Other": 50, "Phone": 527, "RPi": 2411, "Web": 483}, "Net energy usage": "44.98 kW", "Open threads": 21, "Pool hashrate": "1538.5 MH/s", "Registered users": 27682, "Server CPU usage": 51.8, "Server RAM usage": 46.9, "Server version": 2.7, "Top 10 richest miners": ["3953985.7465584218 DUCO - bscDUCO", "1422364.7981484295 DUCO - coinexchange", "588819.4976891754 DUCO - NodeSBroker", "351162.15067505674 DUCO - James_themac", "300520.321607231 DUCO - 52Pickup", "188488.057104081 DUCO - celoDUCO", "170241.298916613 DUCO - Bacman", "160386.89257073734 DUCO - maticDUCO", "119999.999999999 DUCO - rootbori", "113387.35117249 DUCO - amornlit"], "XXHASH hashrate": "0 H/s"}