{"Active connections": 939, "All-time mined DUCO": 203864241.47636008, "Current difficulty": 75000, "DUCO-S1 hashrate": "2.2 GH/s", "Duco FluffySwap price": 1.8409999999999998e-06, "Duco Furim price": 0.0, "Duco Node-S price": 0.0, "Duco PancakeSwap price": 3.06705e-05, "Duco SunSwap price": 2.45e-05, "Duco SushiSwap price": 7.15042e-06, "Duco UbeSwap price": 2.949693582059398e-05, "Duco price": 3.06705e-05, "Duco price BCH": 2.63e-06, "Duco price NANO": 1.74e-06, "Duco price TRX": 2.35e-06, "Duco price XMG": 0.0, "Duino-Coin Server API": "github.com/revoxhere/duino-coin", "Kolka": {"Banned": 1326, "Jailed": 114}, "Last block hash": "8de4bc0b3fa1580ec7f3421feb9644fc8ead02b8", "Last sync": 1679505649.2624953, "Last update": "22/03/2023 17:20:51 (UTC)", "Mined blocks": 374172030100, "Miner distribution": {"All": 29635, "Arduino": 3698, "CPU": 1023, "ESP32": 11206, "ESP8266": 11687, "GPU": 0, "Other": 16, "Phone": 30, "RPi": 1661, "Web": 314}, "Net energy usage": "20.69 kW", "Open threads": 24, "Pool hashrate": "2188.43 MH/s", "Registered users": 90617, "Server CPU usage": 47.2, "Server RAM usage": 46.6, "Server version": 3.0, "Top 10 richest miners": ["497843463.51508325 DUCO - coinexchange", "32345219.708276175 DUCO - bscDUCO", "20119946.6942 DUCO - viviana80", "15115364.7271 DUCO - Ochios", "12720440.559071772 DUCO - QQ44142894", "10759939.638689265 DUCO - fiorella71", "8125736.123916335 DUCO - Orion_0x43b", "6826427.519573246 DUCO - lordachoo", "5857053.330515584 DUCO - msdo1006", "5808223.416929584 DUCO - revox"], "XXHASH hashrate": "0 H/s"}