{"Duino-Coin Server API": "github.com/revoxhere/duino-coin", "Server version": 2.7, "Active connections": 15079, "Open threads": 23, "Server CPU usage": 49.7, "Server RAM usage": 38.1, "Last update": "25/09/2021 00:37:48 (UTC)", "Net energy usage": "69.54 kW", "Pool hashrate": "1366.3505 MH/s", "DUCO-S1 hashrate": "1336.0 MH/s", "XXHASH hashrate": "30.4 MH/s", "Duco price": 0.00105341, "Duco price XMG": 0.00085918, "Duco price BCH": 0.00077463, "Duco price RVN": 0.00069868, "Duco price TRX": 0.00046788, "Duco price XRP": 0.00033103, "Duco price DGB": 0.00064049, "Duco price NANO": 0.00069165, "Duco price FJC": 0.00076532, "Duco Node-S price": 0.000392, "Duco JustSwap price": 0.0004258, "Duco PancakeSwap price": 0.00105341, "Duco SushiSwap price": 0.000693224, "Registered users": 18687, "All-time mined DUCO": 11793234.641756004, "Current difficulty": 903810, "Mined blocks": 21691837752, "Last block hash": "730b6127b9", "Kolka": {"Jailed": 24, "Banned": 642}, "Miner distribution": {"GPU": 1, "CPU": 3768, "RPi": 2372, "Phone": 289, "Web": 1085, "ESP32": 11066, "ESP8266": 12192, "Arduino": 6626, "Other": 95}, "Top 10 richest miners": ["2271233.3434616537 DUCO - bscDUCO", "931391.3167405621 DUCO - James_themac", "521500.1558491204 DUCO - 52Pickup", "170240.13285850236 DUCO - Bacman", "133599.40000000002 DUCO - celoDUCO", "123387.18511437952 DUCO - amornlit", "121284.32015934213 DUCO - rootbori", "100016.12700891898 DUCO - bimbasimba94", "86737.59323919573 DUCO - caancom", "67049.7853744245 DUCO - giveaways"]}