{"Active connections": 1176, "All-time mined DUCO": 65204863.73089428, "Current difficulty": 75000, "DUCO-S1 hashrate": "2.7 GH/s", "Duco Furim price": 0.0, "Duco Node-S price": 0.0, "Duco PancakeSwap price": 4.6e-05, "Duco SunSwap price": 0.000337, "Duco SushiSwap price": 3.7e-05, "Duco UbeSwap price": 3.5e-05, "Duco price": 0.001291, "Duco price BCH": 3.5e-05, "Duco price NANO": 2.7e-05, "Duco price TRX": 2.1e-05, "Duco price XMG": 0.000255, "Duino-Coin Server API": "github.com/revoxhere/duino-coin", "Kolka": {"Banned": 960, "Jailed": 70}, "Last block hash": "2eb3f8271cd947cdd6469be145558a7bcb72e0d9", "Last sync": 1660308874.6201608, "Last update": "12/08/2022 12:54:36 (UTC)", "Mined blocks": 240378268856, "Miner distribution": {"All": 33442, "Arduino": 4399, "CPU": 1582, "ESP32": 11399, "ESP8266": 14623, "GPU": 0, "Other": 47, "Phone": 31, "RPi": 1040, "Web": 321}, "Net energy usage": "24.79 kW", "Open threads": 22, "Pool hashrate": "2707.96 MH/s", "Registered users": 76225, "Server CPU usage": 41.4, "Server RAM usage": 49.2, "Server version": 3.0, "Top 10 richest miners": ["39594823.90167598 DUCO - coinexchange", "39300772.79868917 DUCO - bscDUCO", "6974991.289071771 DUCO - QQ44142894", "2869802.5677047675 DUCO - renderman", "2368507.0 DUCO - Brunomoyses23", "2210288.9385462017 DUCO - vyrdudji", "1554480.7428140556 DUCO - maticDUCO", "1436226.401 DUCO - amornlit", "1209839.3183971192 DUCO - James_themac", "980004.222400001 DUCO - Ochios"], "XXHASH hashrate": "0 H/s"}