{"Active connections": 826, "All-time mined DUCO": 736739898.6424546, "Current difficulty": 200000, "DUCO-S1 hashrate": "2.404 GH/s", "Duco FluffySwap price": 8.504999999999999e-06, "Duco Furim price": 0.0, "Duco Node-S price": 0.0, "Duco PancakeSwap price": 8.57789e-06, "Duco SunSwap price": 9.881e-05, "Duco SushiSwap price": 1.2962107682626e-05, "Duco UbeSwap price": 1.1191491992827553e-05, "Duco price": 0.000236, "Duco price BCH": 0.0001689, "Duco price NANO": 0.000236, "Duco price TRX": 1.215e-05, "Duco price XMG": 4.005e-05, "Duino-Coin Server API": "github.com/revoxhere/duino-coin", "Kolka": {"Banned": 5937, "Jailed": 182}, "Last block hash": "8de4bc0b3fa1580ec7f3421feb9644fc8ead02b8", "Last sync": 1716178766.6824036, "Last update": "20/05/2024 04:19:26 (UTC)", "Mined blocks": 520701664877, "Miner distribution": {"All": 18212, "Arduino": 2280, "CPU": 1056, "ESP32": 7321, "ESP8266": 6024, "GPU": 0, "Other": 22, "Phone": 18, "RPi": 1269, "Web": 222}, "Net energy usage": "15.44 kW", "Open threads": 27, "Pool hashrate": "2403.677 MH/s", "Registered users": 102088, "Server CPU usage": 30.3, "Server RAM usage": 93.3, "Server version": 4.0, "Top 10 richest miners": ["78867233.74889731 DUCO - bscDUCO", "39368542.54345614 DUCO - AlmarRido", "30792510.456 DUCO - Flowen1985", "20119947.6942 DUCO - viviana80", "18545685.805999998 DUCO - bimbasimba94", "14868544.790025763 DUCO - aimbert", "14843032.61320531 DUCO - ctecrypto", "12720440.585598174 DUCO - QQ44142894", "11315004.872056039 DUCO - duinousa", "10759939.638689265 DUCO - fiorella71"], "XXHASH hashrate": "0 H/s"}