{"Active connections": 659, "All-time mined DUCO": 1125765787.5258641, "Current difficulty": 75000, "DUCO-S1 hashrate": "2.22 GH/s", "Duco FluffySwap price": 3.3529999999999995e-06, "Duco Furim price": 0.0, "Duco Node-S price": 0.0, "Duco PancakeSwap price": 7.2694e-06, "Duco SunSwap price": 0.00010482, "Duco SushiSwap price": 1.01312e-05, "Duco UbeSwap price": 2.9093097913322633e-05, "Duco price": 0.00010482, "Duco price BCH": 4.79e-06, "Duco price NANO": 1.1e-06, "Duco price TRX": 1.96e-06, "Duco price XMG": 1.563e-05, "Duino-Coin Server API": "github.com/revoxhere/duino-coin", "Kolka": {"Banned": 5661, "Jailed": 161}, "Last block hash": "8de4bc0b3fa1580ec7f3421feb9644fc8ead02b8", "Last sync": 1694175951.3752732, "Last update": "08/09/2023 12:25:54 (UTC)", "Mined blocks": 446525309035, "Miner distribution": {"All": 20047, "Arduino": 2305, "CPU": 789, "ESP32": 8339, "ESP8266": 7396, "GPU": 0, "Other": 13, "Phone": 11, "RPi": 1180, "Web": 14}, "Net energy usage": "14.51 kW", "Open threads": 24, "Pool hashrate": "2220.352 MH/s", "Registered users": 95517, "Server CPU usage": 39.7, "Server RAM usage": 41.9, "Server version": 3.0, "Top 10 richest miners": ["495743830.67087966 DUCO - coinexchange", "364660821.32267 DUCO - coinexchange", "70408419.64457695 DUCO - bscDUCO", "44222470.968 DUCO - AlmarRido", "26700861.881426554 DUCO - giveaways", "24485940.745 DUCO - Flowen1985", "20119947.6942 DUCO - viviana80", "14281362.881 DUCO - bimbasimba94", "12720440.559071772 DUCO - QQ44142894", "11758322.739780247 DUCO - ctecrypto"], "XXHASH hashrate": "0 H/s"}