{"Active connections": 1174, "All-time mined DUCO": 240440832.74395606, "Current difficulty": 75000, "DUCO-S1 hashrate": "2.4 GH/s", "Duco FluffySwap price": 3.871e-06, "Duco Furim price": 0.0, "Duco Node-S price": 0.0, "Duco PancakeSwap price": 2.37823e-05, "Duco SunSwap price": 5.788e-05, "Duco SushiSwap price": 6.40767e-06, "Duco UbeSwap price": 2.8555338390697984e-05, "Duco price": 5.788e-05, "Duco price BCH": 5.53e-06, "Duco price NANO": 3.47e-06, "Duco price TRX": 4.79e-06, "Duco price XMG": 0.0, "Duino-Coin Server API": "github.com/revoxhere/duino-coin", "Kolka": {"Banned": 1272, "Jailed": 98}, "Last block hash": "8de4bc0b3fa1580ec7f3421feb9644fc8ead02b8", "Last sync": 1675448846.4939713, "Last update": "03/02/2023 18:27:28 (UTC)", "Mined blocks": 349612606119, "Miner distribution": {"All": 31182, "Arduino": 3867, "CPU": 1310, "ESP32": 11857, "ESP8266": 12106, "GPU": 0, "Other": 9, "Phone": 36, "RPi": 1619, "Web": 378}, "Net energy usage": "22.98 kW", "Open threads": 24, "Pool hashrate": "2387.38 MH/s", "Registered users": 88070, "Server CPU usage": 48.9, "Server RAM usage": 51.3, "Server version": 3.0, "Top 10 richest miners": ["59647029.302386284 DUCO - AlmarRido", "41834193.35752013 DUCO - bscDUCO", "20696399.22872999 DUCO - coinexchange", "20119946.6942 DUCO - viviana80", "15115363.695 DUCO - Ochios", "11692429.559071772 DUCO - QQ44142894", "10759939.638689265 DUCO - fiorella71", "8125736.123916335 DUCO - Orion_0x43b", "6816328.696011418 DUCO - lordachoo", "6687139.684 DUCO - sudoerrno"], "XXHASH hashrate": "0 H/s"}