{"Active connections": 801, "All-time mined DUCO": 226887838.43958503, "Current difficulty": 75000, "DUCO-S1 hashrate": "2.3 GH/s", "Duco FluffySwap price": 3.2199999999999997e-06, "Duco Furim price": 0.0, "Duco Node-S price": 0.0, "Duco PancakeSwap price": 2.40502e-05, "Duco SunSwap price": 2.391e-05, "Duco SushiSwap price": 7.79183e-06, "Duco UbeSwap price": 2.8687163822298956e-05, "Duco price": 2.8687163822298956e-05, "Duco price BCH": 4.59e-06, "Duco price NANO": 3.29e-06, "Duco price TRX": 4.91e-06, "Duco price XMG": 0.0, "Duino-Coin Server API": "github.com/revoxhere/duino-coin", "Kolka": {"Banned": 1332, "Jailed": 114}, "Last block hash": "8de4bc0b3fa1580ec7f3421feb9644fc8ead02b8", "Last sync": 1678387892.071239, "Last update": "09/03/2023 18:51:36 (UTC)", "Mined blocks": 367707140348, "Miner distribution": {"All": 30046, "Arduino": 3590, "CPU": 995, "ESP32": 11553, "ESP8266": 12050, "GPU": 0, "Other": 9, "Phone": 25, "RPi": 1529, "Web": 295}, "Net energy usage": "20.56 kW", "Open threads": 25, "Pool hashrate": "2299.72 MH/s", "Registered users": 90026, "Server CPU usage": 45.8, "Server RAM usage": 39.6, "Server version": 3.0, "Top 10 richest miners": ["502802945.8074081 DUCO - coinexchange", "44567366.892 DUCO - AlmarRido", "41895071.794576176 DUCO - bscDUCO", "20119946.6942 DUCO - viviana80", "15115364.7271 DUCO - Ochios", "14092529.382 DUCO - ctecrypto", "11692429.559071772 DUCO - QQ44142894", "10759939.638689265 DUCO - fiorella71", "8125736.123916335 DUCO - Orion_0x43b", "6823708.333184852 DUCO - lordachoo"], "XXHASH hashrate": "0 H/s"}