{"Active connections": 726, "All-time mined DUCO": 204629097.01478574, "Current difficulty": 75000, "DUCO-S1 hashrate": "2.2 GH/s", "Duco FluffySwap price": 1.862e-06, "Duco Furim price": 0.0, "Duco Node-S price": 0.0, "Duco PancakeSwap price": 2.58901e-05, "Duco SunSwap price": 2.461e-05, "Duco SushiSwap price": 3.29103e-05, "Duco UbeSwap price": 2.8687163822298956e-05, "Duco price": 3.29103e-05, "Duco price BCH": 2.66e-06, "Duco price NANO": 1.78e-06, "Duco price TRX": 2.36e-06, "Duco price XMG": 0.0, "Duino-Coin Server API": "github.com/revoxhere/duino-coin", "Kolka": {"Banned": 1334, "Jailed": 115}, "Last block hash": "8de4bc0b3fa1580ec7f3421feb9644fc8ead02b8", "Last sync": 1678854508.076223, "Last update": "15/03/2023 04:28:32 (UTC)", "Mined blocks": 370305626555, "Miner distribution": {"All": 29479, "Arduino": 3504, "CPU": 894, "ESP32": 11277, "ESP8266": 11900, "GPU": 0, "Other": 11, "Phone": 28, "RPi": 1594, "Web": 271}, "Net energy usage": "19.82 kW", "Open threads": 24, "Pool hashrate": "2190.15 MH/s", "Registered users": 90286, "Server CPU usage": 40.8, "Server RAM usage": 45.0, "Server version": 3.0, "Top 10 richest miners": ["501722672.7255831 DUCO - coinexchange", "31812010.928276174 DUCO - bscDUCO", "20119946.6942 DUCO - viviana80", "15115364.7271 DUCO - Ochios", "11692429.559071772 DUCO - QQ44142894", "10759939.638689265 DUCO - fiorella71", "8125736.123916335 DUCO - Orion_0x43b", "6824877.738346857 DUCO - lordachoo", "5856560.641240726 DUCO - msdo1006", "5818220.703747232 DUCO - revox"], "XXHASH hashrate": "0 H/s"}