{"Active connections": 715, "All-time mined DUCO": 92756038.49395049, "Current difficulty": 75000, "DUCO-S1 hashrate": "3.0 GH/s", "Duco FluffySwap price": 1.1473e-05, "Duco Furim price": 0.0, "Duco Node-S price": 0.0, "Duco PancakeSwap price": 3.41383e-05, "Duco SunSwap price": 0.0001075, "Duco SushiSwap price": 3.06371e-05, "Duco UbeSwap price": 2.9098580230377713e-05, "Duco price": 0.0001075, "Duco price BCH": 1.645e-05, "Duco price NANO": 7.53e-06, "Duco price TRX": 6.16e-06, "Duco price XMG": 5.756e-05, "Duino-Coin Server API": "github.com/revoxhere/duino-coin", "Kolka": {"Banned": 1096, "Jailed": 83}, "Last block hash": "8de4bc0b3fa1580ec7f3421feb9644fc8ead02b8", "Last sync": 1665958608.576998, "Last update": "16/10/2022 22:16:50 (UTC)", "Mined blocks": 282240689167, "Miner distribution": {"All": 37327, "Arduino": 4390, "CPU": 2001, "ESP32": 13120, "ESP8266": 16173, "GPU": 0, "Other": 7, "Phone": 25, "RPi": 1212, "Web": 399}, "Net energy usage": "29.25 kW", "Open threads": 23, "Pool hashrate": "2988.26 MH/s", "Registered users": 81239, "Server CPU usage": 35.9, "Server RAM usage": 25.2, "Server version": 3.0, "Top 10 richest miners": ["42171981.00412171 DUCO - coinexchange", "35756709.437422335 DUCO - bscDUCO", "15965318.216999998 DUCO - Ochios", "6974991.289071771 DUCO - QQ44142894", "4075220.2860000003 DUCO - AlmarRido", "2497726.2767465087 DUCO - goddani", "2368507.0 DUCO - Brunomoyses23", "2210288.919161586 DUCO - vyrdudji", "1904257.690188147 DUCO - giveaways", "1618176.8630387518 DUCO - maticDUCO"], "XXHASH hashrate": "0 H/s"}