{"Active connections": 1065, "All-time mined DUCO": 715395870.3421211, "Current difficulty": 75000, "DUCO-S1 hashrate": "2.023 GH/s", "Duco FluffySwap price": 2.338e-06, "Duco Furim price": 0.0, "Duco Node-S price": 0.0, "Duco PancakeSwap price": 9.02929e-06, "Duco SunSwap price": 0.00016056, "Duco SushiSwap price": 1.17738e-05, "Duco UbeSwap price": 2.9828006500541712e-05, "Duco price": 0.00016056, "Duco price BCH": 3.34e-06, "Duco price NANO": 1.83e-06, "Duco price TRX": 2.74e-06, "Duco price XMG": 0.0, "Duino-Coin Server API": "github.com/revoxhere/duino-coin", "Kolka": {"Banned": 1357, "Jailed": 121}, "Last block hash": "8de4bc0b3fa1580ec7f3421feb9644fc8ead02b8", "Last sync": 1683598585.0081525, "Last update": "09/05/2023 02:16:30 (UTC)", "Mined blocks": 398671402952, "Miner distribution": {"All": 24634, "Arduino": 3048, "CPU": 918, "ESP32": 10687, "ESP8266": 8158, "GPU": 0, "Other": 12, "Phone": 24, "RPi": 1561, "Web": 226}, "Net energy usage": "17.66 kW", "Open threads": 24, "Pool hashrate": "2023.126 MH/s", "Registered users": 92543, "Server CPU usage": 60.0, "Server RAM usage": 52.4, "Server version": 3.0, "Top 10 richest miners": ["495743830.67087966 DUCO - coinexchange", "443737696.0995877 DUCO - coinexchange", "54938403.49839266 DUCO - bscDUCO", "20119947.6942 DUCO - viviana80", "15115368.927099999 DUCO - Ochios", "12720440.559071772 DUCO - QQ44142894", "10759939.638689265 DUCO - fiorella71", "8125736.123916335 DUCO - Orion_0x43b", "7201097.180167824 DUCO - msdo1006", "6835941.551746591 DUCO - lordachoo"], "XXHASH hashrate": "0 H/s"}