{"Active connections": 1262, "All-time mined DUCO": 182481743.68414947, "Current difficulty": 75000, "DUCO-S1 hashrate": "2.6 GH/s", "Duco FluffySwap price": 3.7939999999999996e-06, "Duco Furim price": 0.0, "Duco Node-S price": 0.0, "Duco PancakeSwap price": 3.40281e-05, "Duco SunSwap price": 5.745e-05, "Duco SushiSwap price": 5.89572e-06, "Duco UbeSwap price": 2.891638595203949e-05, "Duco price": 5.745e-05, "Duco price BCH": 5.42e-06, "Duco price NANO": 3.34e-06, "Duco price TRX": 4.76e-06, "Duco price XMG": 0.0, "Duino-Coin Server API": "github.com/revoxhere/duino-coin", "Kolka": {"Banned": 1265, "Jailed": 98}, "Last block hash": "8de4bc0b3fa1580ec7f3421feb9644fc8ead02b8", "Last sync": 1675058062.536651, "Last update": "30/01/2023 05:54:26 (UTC)", "Mined blocks": 347135324190, "Miner distribution": {"All": 33988, "Arduino": 3953, "CPU": 1399, "ESP32": 12856, "ESP8266": 13719, "GPU": 0, "Other": 21, "Phone": 21, "RPi": 1641, "Web": 378}, "Net energy usage": "24.79 kW", "Open threads": 24, "Pool hashrate": "2620.73 MH/s", "Registered users": 87804, "Server CPU usage": 54.7, "Server RAM usage": 61.3, "Server version": 3.0, "Top 10 richest miners": ["82370838.6064673 DUCO - coinexchange", "41220007.34345014 DUCO - bscDUCO", "20119946.6942 DUCO - viviana80", "11692429.559071772 DUCO - QQ44142894", "10759939.638689265 DUCO - fiorella71", "8125736.123916335 DUCO - Orion_0x43b", "7695798.286 DUCO - RNGesus", "6814787.863776532 DUCO - lordachoo", "5637139.684 DUCO - sudoerrno", "4965363.69527713 DUCO - Ochios"], "XXHASH hashrate": "0 H/s"}