{"Active connections": 1093, "All-time mined DUCO": 739723540.467658, "Current difficulty": 200000, "DUCO-S1 hashrate": "2.619 GH/s", "Duco FluffySwap price": 7.882e-06, "Duco Furim price": 0.0, "Duco Node-S price": 0.0, "Duco PancakeSwap price": 8.57789e-06, "Duco SunSwap price": 9.161e-05, "Duco SushiSwap price": 1.2962107682626e-05, "Duco UbeSwap price": 1.1191491992827553e-05, "Duco price": 0.00024, "Duco price BCH": 0.00016852, "Duco price NANO": 0.00024, "Duco price TRX": 1.126e-05, "Duco price XMG": 3.93e-06, "Duino-Coin Server API": "github.com/revoxhere/duino-coin", "Kolka": {"Banned": 5949, "Jailed": 182}, "Last block hash": "8de4bc0b3fa1580ec7f3421feb9644fc8ead02b8", "Last sync": 1717798804.875188, "Last update": "07/06/2024 22:20:04 (UTC)", "Mined blocks": 525592787334, "Miner distribution": {"All": 18349, "Arduino": 2294, "CPU": 1023, "ESP32": 7552, "ESP8266": 6000, "GPU": 0, "Other": 14, "Phone": 4, "RPi": 1259, "Web": 203}, "Net energy usage": "15.28 kW", "Open threads": 29, "Pool hashrate": "2619.141 MH/s", "Registered users": 102773, "Server CPU usage": 55.6, "Server RAM usage": 89.9, "Server version": 4.0, "Top 10 richest miners": ["79226409.78550309 DUCO - bscDUCO", "30792510.456 DUCO - Flowen1985", "30547106.689035717 DUCO - AlmarRido", "20119947.6942 DUCO - viviana80", "18545685.805999998 DUCO - bimbasimba94", "14898328.425562495 DUCO - aimbert", "14844354.582806751 DUCO - ctecrypto", "12720440.59109726 DUCO - QQ44142894", "11315951.60146291 DUCO - duinousa", "11015478.642 DUCO - Rafa2000"], "XXHASH hashrate": "0 H/s"}