{"Active connections": 1074, "All-time mined DUCO": 1072364147.2093107, "Current difficulty": 75000, "DUCO-S1 hashrate": "1.991 GH/s", "Duco FluffySwap price": 4.144e-06, "Duco Furim price": 0.0, "Duco Node-S price": 0.0, "Duco PancakeSwap price": 7.2694e-06, "Duco SunSwap price": 0.0001021, "Duco SushiSwap price": 1.01312e-05, "Duco UbeSwap price": 2.9093097913322633e-05, "Duco price": 0.00023812, "Duco price BCH": 5.94e-06, "Duco price NANO": 1.16e-06, "Duco price TRX": 1.91e-06, "Duco price XMG": 0.00023812, "Duino-Coin Server API": "github.com/revoxhere/duino-coin", "Kolka": {"Banned": 5534, "Jailed": 149}, "Last block hash": "8de4bc0b3fa1580ec7f3421feb9644fc8ead02b8", "Last sync": 1691597119.150792, "Last update": "09/08/2023 16:05:28 (UTC)", "Mined blocks": 436190154453, "Miner distribution": {"All": 19888, "Arduino": 2334, "CPU": 665, "ESP32": 8388, "ESP8266": 7281, "GPU": 0, "Other": 7, "Phone": 20, "RPi": 1097, "Web": 96}, "Net energy usage": "13.64 kW", "Open threads": 24, "Pool hashrate": "1990.743 MH/s", "Registered users": 94775, "Server CPU usage": 50.6, "Server RAM usage": 56.2, "Server version": 3.0, "Top 10 richest miners": ["495743830.67087966 DUCO - coinexchange", "382372236.7812404 DUCO - coinexchange", "70267869.64457695 DUCO - bscDUCO", "35298227.85615001 DUCO - AlmarRido", "24375487.137 DUCO - Flowen1985", "20119947.6942 DUCO - viviana80", "12720440.559071772 DUCO - QQ44142894", "11701433.102280406 DUCO - ctecrypto", "11436497.326 DUCO - bimbasimba94", "10759939.638689265 DUCO - fiorella71"], "XXHASH hashrate": "0 H/s"}