{"Active connections": 1049, "All-time mined DUCO": 745146979.2410119, "Current difficulty": 200000, "DUCO-S1 hashrate": "1.617 GH/s", "Duco FluffySwap price": 9.401e-06, "Duco Furim price": 0.0, "Duco Node-S price": 0.0, "Duco PancakeSwap price": 8.57789e-06, "Duco SunSwap price": 0.0001512, "Duco SushiSwap price": 1.2962107682626e-05, "Duco UbeSwap price": 1.1191491992827553e-05, "Duco price": 0.0001512, "Duco price BCH": 0.0, "Duco price NANO": 0.0, "Duco price TRX": 1.343e-05, "Duco price XMG": 1.148e-05, "Duino-Coin Server API": "github.com/revoxhere/duino-coin", "Kolka": {"Banned": 5987, "Jailed": 192}, "Last block hash": "8de4bc0b3fa1580ec7f3421feb9644fc8ead02b8", "Last sync": 1720743172.181428, "Last update": "12/07/2024 00:12:52 (UTC)", "Mined blocks": 534732039279, "Miner distribution": {"All": 18120, "Arduino": 2156, "CPU": 854, "ESP32": 7888, "ESP8266": 5881, "GPU": 0, "Other": 9, "Phone": 13, "RPi": 1146, "Web": 173}, "Net energy usage": "14.05 kW", "Open threads": 29, "Pool hashrate": "1616.648 MH/s", "Registered users": 104037, "Server CPU usage": 65.0, "Server RAM usage": 90.3, "Server version": 4.0, "Top 10 richest miners": ["248125652.48474476 DUCO - coinexchange", "81472607.50800352 DUCO - bscDUCO", "30001031.442 DUCO - AlmarRido", "24635208.6964704 DUCO - Flowen1985", "18660226.316003926 DUCO - aimbert", "18280977.178 DUCO - bimbasimba94", "16096358.288900001 DUCO - viviana80", "14847133.194062889 DUCO - ctecrypto", "14176236.91178415 DUCO - duinousa", "12721940.59109726 DUCO - QQ44142894"], "XXHASH hashrate": "0 H/s"}