{"Active connections": 1133, "All-time mined DUCO": 869653603.6178689, "Current difficulty": 75000, "DUCO-S1 hashrate": "2.231 GH/s", "Duco FluffySwap price": 3.1779999999999995e-06, "Duco Furim price": 0.0, "Duco Node-S price": 0.0, "Duco PancakeSwap price": 9.64002e-06, "Duco SunSwap price": 9.635e-05, "Duco SushiSwap price": 1.40271e-05, "Duco UbeSwap price": 2.7898752414944825e-05, "Duco price": 9.635e-05, "Duco price BCH": 4.52e-06, "Duco price NANO": 1.67e-06, "Duco price TRX": 2.83e-06, "Duco price XMG": 0.0, "Duino-Coin Server API": "github.com/revoxhere/duino-coin", "Kolka": {"Banned": 5722, "Jailed": 129}, "Last block hash": "8de4bc0b3fa1580ec7f3421feb9644fc8ead02b8", "Last sync": 1687350244.2381885, "Last update": "21/06/2023 12:24:20 (UTC)", "Mined blocks": 417839823166, "Miner distribution": {"All": 22605, "Arduino": 2814, "CPU": 960, "ESP32": 9652, "ESP8266": 7702, "GPU": 0, "Other": 9, "Phone": 15, "RPi": 1284, "Web": 169}, "Net energy usage": "16.69 kW", "Open threads": 23, "Pool hashrate": "2231.064 MH/s", "Registered users": 93824, "Server CPU usage": 52.7, "Server RAM usage": 35.6, "Server version": 3.0, "Top 10 richest miners": ["495743830.67087966 DUCO - coinexchange", "388108467.1505878 DUCO - coinexchange", "49333857.02939265 DUCO - bscDUCO", "20119947.6942 DUCO - viviana80", "15115368.927099999 DUCO - Ochios", "14236205.10155512 DUCO - bimbasimba94", "12720440.559071772 DUCO - QQ44142894", "12261804.653656257 DUCO - duinousa", "11242340.806316342 DUCO - paranoid64", "10978766.04658526 DUCO - Rafa2000"], "XXHASH hashrate": "0 H/s"}