{"Active connections": 1923, "All-time mined DUCO": 60639386.63955305, "Current difficulty": 1000000, "DUCO-S1 hashrate": "3.8 GH/s", "Duco Furim price": 0.0, "Duco Node-S price": 0.0, "Duco PancakeSwap price": 5.2e-05, "Duco SunSwap price": 9.7e-05, "Duco SushiSwap price": 5.9e-05, "Duco price": 9.7e-05, "Duco price BCH": 7e-06, "Duco price NANO": 4e-05, "Duco price TRX": 6e-06, "Duco price XMG": 0.0, "Duino-Coin Server API": "github.com/revoxhere/duino-coin", "Kolka": {"Banned": 682, "Jailed": 34}, "Last block hash": "2eb3f8271cd947cdd6469be145558a7bcb72e0d9", "Last sync": 1649943103.1352994, "Last update": "14/04/2022 13:31:45 (UTC)", "Mined blocks": 154779382012, "Miner distribution": {"All": 39883, "Arduino": 6239, "CPU": 3379, "ESP32": 13117, "ESP8266": 14584, "GPU": 0, "Other": 52, "Phone": 127, "RPi": 1928, "Web": 457}, "Net energy usage": "38.77 kW", "Open threads": 21, "Pool hashrate": "3848.45 MH/s", "Registered users": 69087, "Server CPU usage": 50.7, "Server RAM usage": 64.5, "Server version": 3.0, "Top 10 richest miners": ["23117648.20590838 DUCO - bscDUCO", "7649049.914401649 DUCO - Ochios", "3830767.192030468 DUCO - coinexchange", "3507852.04835132 DUCO - Demoel", "3250098.6952358535 DUCO - miyan001", "3000000.2697615586 DUCO - miningvir", "2205836.340039401 DUCO - Flowen1985", "2000258.480788787 DUCO - varanese67", "1935311.857183202 DUCO - QQ44142894", "1236098.1316057178 DUCO - maticDUCO"], "XXHASH hashrate": "0 H/s"}