{"Active connections": 988, "All-time mined DUCO": 19205009.179373037, "Current difficulty": 75000, "DUCO-S1 hashrate": "1912.8 MH/s", "Duco JustSwap price": 8.661e-05, "Duco Node-S price": 2.1e-05, "Duco PancakeSwap price": 0.000471918, "Duco SushiSwap price": 0.000116574, "Duco price": 0.000471918, "Duco price BCH": 2.184e-05, "Duco price NANO": 1.429e-05, "Duco price TRX": 7.81e-05, "Duco price XMG": 0.00032946, "Duino-Coin Server API": "github.com/revoxhere/duino-coin", "Kolka": {"Banned": 770, "Jailed": 24}, "Last block hash": "2eb3f8271c", "Last sync": 1641305352.2378342, "Last update": "04/01/2022 14:09:12 (UTC)", "Mined blocks": 77212854794, "Miner distribution": {"All": 34313, "Arduino": 7049, "CPU": 5255, "ESP32": 8018, "ESP8266": 8960, "GPU": 0, "Other": 34, "Phone": 457, "RPi": 2479, "Web": 2061}, "Net energy usage": "48.45 kW", "Open threads": 21, "Pool hashrate": "1912.84 MH/s", "Registered users": 37114, "Server CPU usage": 62.0, "Server RAM usage": 40.6, "Server version": 2.7, "Top 10 richest miners": ["6027634.352131509 DUCO - bscDUCO", "530806.5372981913 DUCO - NodeSBroker", "397162.15067505674 DUCO - James_themac", "305901.3414586729 DUCO - bimbasimba94", "300520.321607231 DUCO - 52Pickup", "204875.64124778754 DUCO - maticDUCO", "190582.057104081 DUCO - celoDUCO", "170241.298916613 DUCO - Bacman", "120000.999999999 DUCO - rootbori", "101524.62946926682 DUCO - haxorcitoz"], "XXHASH hashrate": "0 H/s"}