{"Active connections": 839, "All-time mined DUCO": 739008357.126396, "Current difficulty": 200000, "DUCO-S1 hashrate": "2.242 GH/s", "Duco FluffySwap price": 8.141e-06, "Duco Furim price": 0.0, "Duco Node-S price": 0.0, "Duco PancakeSwap price": 8.57789e-06, "Duco SunSwap price": 9.492e-05, "Duco SushiSwap price": 1.2962107682626e-05, "Duco UbeSwap price": 1.1191491992827553e-05, "Duco price": 0.000222, "Duco price BCH": 0.00015922, "Duco price NANO": 0.000222, "Duco price TRX": 1.167e-05, "Duco price XMG": 0.00020416, "Duino-Coin Server API": "github.com/revoxhere/duino-coin", "Kolka": {"Banned": 5967, "Jailed": 182}, "Last block hash": "8de4bc0b3fa1580ec7f3421feb9644fc8ead02b8", "Last sync": 1718239004.6312609, "Last update": "13/06/2024 00:36:44 (UTC)", "Mined blocks": 526959355616, "Miner distribution": {"All": 16942, "Arduino": 2305, "CPU": 916, "ESP32": 6759, "ESP8266": 5549, "GPU": 0, "Other": 12, "Phone": 4, "RPi": 1217, "Web": 180}, "Net energy usage": "13.97 kW", "Open threads": 27, "Pool hashrate": "2241.762 MH/s", "Registered users": 102982, "Server CPU usage": 54.1, "Server RAM usage": 87.7, "Server version": 4.0, "Top 10 richest miners": ["250740656.84945 DUCO - coinexchange", "79430419.78550309 DUCO - bscDUCO", "30792510.456 DUCO - Flowen1985", "29547232.707830127 DUCO - AlmarRido", "20119947.6942 DUCO - viviana80", "18545685.805999998 DUCO - bimbasimba94", "14898329.789253118 DUCO - aimbert", "14846238.791500468 DUCO - ctecrypto", "12720440.59109726 DUCO - QQ44142894", "11316242.2550583 DUCO - duinousa"], "XXHASH hashrate": "0 H/s"}