{"Active connections": 1316, "All-time mined DUCO": 61495200.558093145, "Current difficulty": 1000000, "DUCO-S1 hashrate": "5.1 GH/s", "Duco Furim price": 0.0, "Duco Node-S price": 0.0, "Duco PancakeSwap price": 4.7e-05, "Duco SunSwap price": 0.00012, "Duco SushiSwap price": 7.6e-05, "Duco price": 0.000133, "Duco price BCH": 6e-06, "Duco price NANO": 2.9e-05, "Duco price TRX": 5e-06, "Duco price XMG": 1.3e-05, "Duino-Coin Server API": "github.com/revoxhere/duino-coin", "Kolka": {"Banned": 599, "Jailed": 31}, "Last block hash": "2eb3f8271cd947cdd6469be145558a7bcb72e0d9", "Last sync": 1648174523.877208, "Last update": "25/03/2022 02:15:25 (UTC)", "Mined blocks": 138700945301, "Miner distribution": {"All": 41998, "Arduino": 7049, "CPU": 4086, "ESP32": 12626, "ESP8266": 15005, "GPU": 0, "Other": 26, "Phone": 140, "RPi": 2481, "Web": 585}, "Net energy usage": "44.46 kW", "Open threads": 21, "Pool hashrate": "5123.73 MH/s", "Registered users": 66154, "Server CPU usage": 36.5, "Server RAM usage": 59.7, "Server version": 3.0, "Top 10 richest miners": ["24895700.302638073 DUCO - bscDUCO", "10450003.269761559 DUCO - miningvir", "4752848.215869813 DUCO - Ochios", "3962275.8619908057 DUCO - RNGesus", "2764390.18931316 DUCO - coinexchange", "2453550.087773999 DUCO - ifdeduco", "2245229.6473646485 DUCO - miyan001", "1209837.627673189 DUCO - James_themac", "1202032.6249720948 DUCO - juanjefraire", "1200000.35117249 DUCO - amornlit"], "XXHASH hashrate": "0 H/s"}