{"Active connections": 7606, "All-time mined DUCO": 17144862.959435146, "Current difficulty": 125000, "DUCO-S1 hashrate": "1196.0 MH/s", "Duco JustSwap price": 0.00263385, "Duco Node-S price": 5.1e-05, "Duco PancakeSwap price": 0.000656946, "Duco SushiSwap price": 0.000469464, "Duco price": 0.00904204, "Duco price BCH": 0.00011912, "Duco price DGB": 0.0, "Duco price NANO": 0.0004275, "Duco price RVN": 0.0, "Duco price TRX": 0.00031333, "Duco price XMG": 0.00099298, "Duco price XRP": 0.0, "Duino-Coin Server API": "github.com/revoxhere/duino-coin", "Kolka": {"Banned": 680, "Jailed": 24}, "Last block hash": "65b3f612d0", "Last update": "07/11/2021 15:53:11 (UTC)", "Mined blocks": 38902034073, "Miner distribution": {"All": 33695, "Arduino": 6020, "CPU": 3241, "ESP32": 9641, "ESP8266": 12072, "GPU": 0, "Other": 47, "Phone": 228, "RPi": 1925, "Web": 521}, "Net energy usage": "35.3 kW", "Open threads": 24, "Pool hashrate": "1196.01 MH/s", "Registered users": 23004, "Server CPU usage": 47.5, "Server RAM usage": 36.7, "Server version": 2.7, "Top 10 richest miners": ["3297270.209468667 DUCO - bscDUCO", "825955.4300902196 DUCO - coinexchange", "587357.6039841222 DUCO - NodeSBroker", "522520.1555491204 DUCO - 52Pickup", "401093.64623236714 DUCO - James_themac", "195997.89104597003 DUCO - celoDUCO", "170241.13285850236 DUCO - Bacman", "123387.18511437952 DUCO - amornlit", "119999.99999999892 DUCO - rootbori", "110514.72984238376 DUCO - maticDUCO"], "XXHASH hashrate": "0 H/s"}