{"Active connections": 886, "All-time mined DUCO": 174227759.423711, "Current difficulty": 75000, "DUCO-S1 hashrate": "2.3 GH/s", "Duco FluffySwap price": 1.7429999999999999e-06, "Duco Furim price": 0.0, "Duco Node-S price": 0.0, "Duco PancakeSwap price": 3.52548e-05, "Duco SunSwap price": 5.031e-05, "Duco SushiSwap price": 3.46807e-06, "Duco UbeSwap price": 2.852410137485506e-05, "Duco price": 5.031e-05, "Duco price BCH": 2.49e-06, "Duco price NANO": 1.6e-06, "Duco price TRX": 4.12e-06, "Duco price XMG": 0.0, "Duino-Coin Server API": "github.com/revoxhere/duino-coin", "Kolka": {"Banned": 1230, "Jailed": 94}, "Last block hash": "8de4bc0b3fa1580ec7f3421feb9644fc8ead02b8", "Last sync": 1672792298.9767115, "Last update": "04/01/2023 00:31:41 (UTC)", "Mined blocks": 333007817689, "Miner distribution": {"All": 32912, "Arduino": 3755, "CPU": 1197, "ESP32": 12227, "ESP8266": 13716, "GPU": 0, "Other": 19, "Phone": 36, "RPi": 1618, "Web": 344}, "Net energy usage": "23.17 kW", "Open threads": 24, "Pool hashrate": "2349.05 MH/s", "Registered users": 86375, "Server CPU usage": 41.2, "Server RAM usage": 38.5, "Server version": 3.0, "Top 10 richest miners": ["98303224.40695195 DUCO - coinexchange", "40203617.73070239 DUCO - bscDUCO", "20119945.00125 DUCO - viviana80", "14965357.425395073 DUCO - Ochios", "13675334.218015814 DUCO - ctecrypto", "11692429.559071772 DUCO - QQ44142894", "10759939.638689265 DUCO - fiorella71", "8125736.123916335 DUCO - Orion_0x43b", "6808689.094243028 DUCO - lordachoo", "4267666.823 DUCO - Demoel"], "XXHASH hashrate": "0 H/s"}