{"Active connections": 942, "All-time mined DUCO": 93183280.870646, "Current difficulty": 75000, "DUCO-S1 hashrate": "3.1 GH/s", "Duco FluffySwap price": 1.1381999999999999e-05, "Duco Furim price": 0.0, "Duco Node-S price": 0.0, "Duco PancakeSwap price": 3.73398e-05, "Duco SunSwap price": 8.004e-05, "Duco SushiSwap price": 4.69978e-05, "Duco UbeSwap price": 2.929910624286002e-05, "Duco price": 8.004e-05, "Duco price BCH": 1.628e-05, "Duco price NANO": 7.15e-06, "Duco price TRX": 6.16e-06, "Duco price XMG": 5.642e-05, "Duino-Coin Server API": "github.com/revoxhere/duino-coin", "Kolka": {"Banned": 1114, "Jailed": 85}, "Last block hash": "8de4bc0b3fa1580ec7f3421feb9644fc8ead02b8", "Last sync": 1666668417.5433564, "Last update": "25/10/2022 03:27:02 (UTC)", "Mined blocks": 287933989975, "Miner distribution": {"All": 38642, "Arduino": 4577, "CPU": 2356, "ESP32": 13597, "ESP8266": 16343, "GPU": 0, "Other": 32, "Phone": 63, "RPi": 1268, "Web": 406}, "Net energy usage": "31.89 kW", "Open threads": 23, "Pool hashrate": "3149.9 MH/s", "Registered users": 81839, "Server CPU usage": 45.5, "Server RAM usage": 47.1, "Server version": 3.0, "Top 10 richest miners": ["38401231.025158234 DUCO - bscDUCO", "29779854.997088045 DUCO - coinexchange", "15965319.80435637 DUCO - Ochios", "11692429.559071772 DUCO - QQ44142894", "2384193.1418357054 DUCO - lordachoo", "2368507.0 DUCO - Brunomoyses23", "2210288.919161586 DUCO - vyrdudji", "1615510.8630387518 DUCO - maticDUCO", "1457898.898 DUCO - amornlit", "1274893.8949313895 DUCO - Skywalker"], "XXHASH hashrate": "0 H/s"}