{"Active connections": 2311, "All-time mined DUCO": 20335873.72422208, "Current difficulty": 125000, "DUCO-S1 hashrate": "974.0 MH/s", "Duco JustSwap price": 0.00099866, "Duco Node-S price": 0.00013, "Duco PancakeSwap price": 0.000594663, "Duco SushiSwap price": 0.000356015, "Duco price": 0.00181982, "Duco price BCH": 0.00028005, "Duco price DGB": 0.0, "Duco price NANO": 4.83e-05, "Duco price RVN": 0.0, "Duco price TRX": 0.00033491, "Duco price XMG": 0.00176479, "Duco price XRP": 0.0, "Duino-Coin Server API": "github.com/revoxhere/duino-coin", "Kolka": {"Banned": 706, "Jailed": 24}, "Last block hash": "2eb3f8271c", "Last update": "02/12/2021 03:49:03 (UTC)", "Mined blocks": 52153434609, "Miner distribution": {"All": 28978, "Arduino": 6123, "CPU": 2899, "ESP32": 6814, "ESP8266": 11284, "GPU": 0, "Other": 19, "Phone": 303, "RPi": 1536, "Web": 0}, "Net energy usage": "30.47 kW", "Open threads": 21, "Pool hashrate": "974.02 MH/s", "Registered users": 27493, "Server CPU usage": 55.2, "Server RAM usage": 48.5, "Server version": 2.7, "Top 10 richest miners": ["3919578.0695584225 DUCO - bscDUCO", "1364416.8881484296 DUCO - coinexchange", "593662.674936279 DUCO - NodeSBroker", "351162.15067505674 DUCO - James_themac", "300520.321607231 DUCO - 52Pickup", "188488.057104081 DUCO - celoDUCO", "170241.298916613 DUCO - Bacman", "156605.40719944696 DUCO - maticDUCO", "119999.999999999 DUCO - rootbori", "113387.35117249 DUCO - amornlit"], "XXHASH hashrate": "0 H/s"}