{"Active connections": 1128, "All-time mined DUCO": 18034277.23235464, "Current difficulty": 75000, "DUCO-S1 hashrate": "1345.5 MH/s", "Duco JustSwap price": 4.678e-05, "Duco Node-S price": 7.5e-05, "Duco PancakeSwap price": 0.000594663, "Duco SushiSwap price": 0.000356015, "Duco price": 0.000594663, "Duco price BCH": 4.799e-05, "Duco price DGB": 0.0, "Duco price NANO": 1.571e-05, "Duco price RVN": 0.0, "Duco price TRX": 0.00013053, "Duco price XMG": 0.00035743, "Duco price XRP": 0.0, "Duino-Coin Server API": "github.com/revoxhere/duino-coin", "Kolka": {"Banned": 712, "Jailed": 24}, "Last block hash": "2eb3f8271c", "Last update": "14/12/2021 23:32:04 (UTC)", "Mined blocks": 62264549994, "Miner distribution": {"All": 37237, "Arduino": 7117, "CPU": 3850, "ESP32": 10945, "ESP8266": 11769, "GPU": 0, "Other": 17, "Phone": 586, "RPi": 2209, "Web": 744}, "Net energy usage": "40.5 kW", "Open threads": 21, "Pool hashrate": "1345.51 MH/s", "Registered users": 30260, "Server CPU usage": 54.7, "Server RAM usage": 58.0, "Server version": 2.7, "Top 10 richest miners": ["4713982.884499606 DUCO - bscDUCO", "949388.2362999708 DUCO - coinexchange", "530812.5806861913 DUCO - NodeSBroker", "397162.15067505674 DUCO - James_themac", "300520.321607231 DUCO - 52Pickup", "247668.39774214537 DUCO - miningvir", "189266.2025893788 DUCO - maticDUCO", "188782.057104081 DUCO - celoDUCO", "170241.298916613 DUCO - Bacman", "119999.999999999 DUCO - rootbori"], "XXHASH hashrate": "0 H/s"}