{"Active connections": 1357, "All-time mined DUCO": 233290894.6903149, "Current difficulty": 75000, "DUCO-S1 hashrate": "2.1 GH/s", "Duco FluffySwap price": 3.7449999999999993e-06, "Duco Furim price": 0.0, "Duco Node-S price": 0.0, "Duco PancakeSwap price": 2.86131e-05, "Duco SunSwap price": 6.212e-05, "Duco SushiSwap price": 6.72233e-06, "Duco UbeSwap price": 2.8687163822298956e-05, "Duco price": 6.212e-05, "Duco price BCH": 5.36e-06, "Duco price NANO": 3.61e-06, "Duco price TRX": 5.14e-06, "Duco price XMG": 0.0, "Duino-Coin Server API": "github.com/revoxhere/duino-coin", "Kolka": {"Banned": 1297, "Jailed": 101}, "Last block hash": "8de4bc0b3fa1580ec7f3421feb9644fc8ead02b8", "Last sync": 1676562996.0695863, "Last update": "16/02/2023 15:56:42 (UTC)", "Mined blocks": 356545305854, "Miner distribution": {"All": 30055, "Arduino": 3604, "CPU": 948, "ESP32": 11682, "ESP8266": 11836, "GPU": 0, "Other": 9, "Phone": 28, "RPi": 1589, "Web": 359}, "Net energy usage": "20.38 kW", "Open threads": 24, "Pool hashrate": "2147.84 MH/s", "Registered users": 88973, "Server CPU usage": 52.6, "Server RAM usage": 59.7, "Server version": 3.0, "Top 10 richest miners": ["43908735.867 DUCO - AlmarRido", "41486967.794576176 DUCO - bscDUCO", "20119946.6942 DUCO - viviana80", "15115363.695 DUCO - Ochios", "13726306.191486456 DUCO - coinexchange", "11692429.559071772 DUCO - QQ44142894", "11575849.27 DUCO - infternet", "10759939.638689265 DUCO - fiorella71", "8125736.123916335 DUCO - Orion_0x43b", "6819337.857090423 DUCO - lordachoo"], "XXHASH hashrate": "0 H/s"}