{"Active connections": 2737, "All-time mined DUCO": 19493634.40337226, "Current difficulty": 75000, "DUCO-S1 hashrate": "2556.6 MH/s", "Duco JustSwap price": 0.00011284, "Duco Node-S price": 2.1e-05, "Duco PancakeSwap price": 0.000536344, "Duco SushiSwap price": 0.000615972, "Duco price": 0.000615972, "Duco price BCH": 1.789e-05, "Duco price NANO": 1.095e-05, "Duco price TRX": 6.321e-05, "Duco price XMG": 0.00029126, "Duino-Coin Server API": "github.com/revoxhere/duino-coin", "Kolka": {"Banned": 771, "Jailed": 24}, "Last block hash": "2eb3f8271c", "Last sync": 1641840462.0260575, "Last update": "10/01/2022 18:47:42 (UTC)", "Mined blocks": 81843390549, "Miner distribution": {"All": 37980, "Arduino": 6975, "CPU": 7308, "ESP32": 6880, "ESP8266": 10124, "GPU": 0, "Other": 23, "Phone": 550, "RPi": 3036, "Web": 3084}, "Net energy usage": "63.42 kW", "Open threads": 20, "Pool hashrate": "2556.56 MH/s", "Registered users": 42412, "Server CPU usage": 50.9, "Server RAM usage": 45.8, "Server version": 2.7, "Top 10 richest miners": ["6119594.236057383 DUCO - bscDUCO", "530855.820632083 DUCO - NodeSBroker", "397162.15067505674 DUCO - James_themac", "305948.9793506982 DUCO - bimbasimba94", "300520.321607231 DUCO - 52Pickup", "200914.92924613765 DUCO - maticDUCO", "190582.057104081 DUCO - celoDUCO", "170241.298916613 DUCO - Bacman", "120000.999999999 DUCO - rootbori", "109132.02880877237 DUCO - miningvir"], "XXHASH hashrate": "0 H/s"}