{"Active connections": 620, "All-time mined DUCO": 1114394989.7391691, "Current difficulty": 75000, "DUCO-S1 hashrate": "1.91 GH/s", "Duco FluffySwap price": 3.64e-06, "Duco Furim price": 0.0, "Duco Node-S price": 0.0, "Duco PancakeSwap price": 7.2694e-06, "Duco SunSwap price": 0.00010308, "Duco SushiSwap price": 1.01312e-05, "Duco UbeSwap price": 2.9093097913322633e-05, "Duco price": 0.00010308, "Duco price BCH": 5.22e-06, "Duco price NANO": 1.11e-06, "Duco price TRX": 1.93e-06, "Duco price XMG": 1.563e-05, "Duino-Coin Server API": "github.com/revoxhere/duino-coin", "Kolka": {"Banned": 5654, "Jailed": 161}, "Last block hash": "8de4bc0b3fa1580ec7f3421feb9644fc8ead02b8", "Last sync": 1693536889.4666376, "Last update": "01/09/2023 02:54:57 (UTC)", "Mined blocks": 443657970626, "Miner distribution": {"All": 19264, "Arduino": 2258, "CPU": 689, "ESP32": 8117, "ESP8266": 7031, "GPU": 0, "Other": 6, "Phone": 9, "RPi": 1141, "Web": 13}, "Net energy usage": "13.53 kW", "Open threads": 24, "Pool hashrate": "1910.423 MH/s", "Registered users": 95349, "Server CPU usage": 35.2, "Server RAM usage": 40.3, "Server version": 3.0, "Top 10 richest miners": ["495743830.67087966 DUCO - coinexchange", "365942215.15266997 DUCO - coinexchange", "70383919.64457695 DUCO - bscDUCO", "35298317.008099996 DUCO - AlmarRido", "26698742.939427346 DUCO - giveaways", "24485940.745 DUCO - Flowen1985", "20119947.6942 DUCO - viviana80", "12720440.559071772 DUCO - QQ44142894", "11757537.21285198 DUCO - ctecrypto", "11394221.861 DUCO - bimbasimba94"], "XXHASH hashrate": "0 H/s"}