{"Active connections": 1666, "All-time mined DUCO": 19320596.638044752, "Current difficulty": 75000, "DUCO-S1 hashrate": "1774.0 MH/s", "Duco JustSwap price": 8.546e-05, "Duco Node-S price": 2.1e-05, "Duco PancakeSwap price": 0.000471918, "Duco SushiSwap price": 0.000116574, "Duco price": 0.000471918, "Duco price BCH": 2.187e-05, "Duco price NANO": 1.369e-05, "Duco price TRX": 7.706e-05, "Duco price XMG": 0.00032556, "Duino-Coin Server API": "github.com/revoxhere/duino-coin", "Kolka": {"Banned": 766, "Jailed": 24}, "Last block hash": "2eb3f8271c", "Last sync": 1641240149.1232226, "Last update": "03/01/2022 20:02:29 (UTC)", "Mined blocks": 76623690580, "Miner distribution": {"All": 33358, "Arduino": 6937, "CPU": 4733, "ESP32": 7916, "ESP8266": 9053, "GPU": 0, "Other": 31, "Phone": 343, "RPi": 2404, "Web": 1941}, "Net energy usage": "44.9 kW", "Open threads": 21, "Pool hashrate": "1774.03 MH/s", "Registered users": 36540, "Server CPU usage": 67.6, "Server RAM usage": 35.0, "Server version": 2.7, "Top 10 richest miners": ["5873284.428818329 DUCO - bscDUCO", "530779.5372981913 DUCO - NodeSBroker", "397162.15067505674 DUCO - James_themac", "305895.7277005512 DUCO - bimbasimba94", "300520.321607231 DUCO - 52Pickup", "203769.54124778754 DUCO - maticDUCO", "190582.057104081 DUCO - celoDUCO", "170241.298916613 DUCO - Bacman", "149350.00092954366 DUCO - bloomindark", "120000.999999999 DUCO - rootbori"], "XXHASH hashrate": "0 H/s"}