{"Active connections": 1108, "All-time mined DUCO": 739152326.8747094, "Current difficulty": 200000, "DUCO-S1 hashrate": "2.471 GH/s", "Duco FluffySwap price": 8.183e-06, "Duco Furim price": 0.0, "Duco Node-S price": 0.0, "Duco PancakeSwap price": 8.57789e-06, "Duco SunSwap price": 9.5e-05, "Duco SushiSwap price": 1.2962107682626e-05, "Duco UbeSwap price": 1.1191491992827553e-05, "Duco price": 0.000228, "Duco price BCH": 0.00016604, "Duco price NANO": 0.000228, "Duco price TRX": 1.168e-05, "Duco price XMG": 0.00020905, "Duino-Coin Server API": "github.com/revoxhere/duino-coin", "Kolka": {"Banned": 5949, "Jailed": 182}, "Last block hash": "8de4bc0b3fa1580ec7f3421feb9644fc8ead02b8", "Last sync": 1717971997.5120454, "Last update": "09/06/2024 22:26:37 (UTC)", "Mined blocks": 526128790098, "Miner distribution": {"All": 18438, "Arduino": 2256, "CPU": 973, "ESP32": 7656, "ESP8266": 6178, "GPU": 0, "Other": 19, "Phone": 4, "RPi": 1200, "Web": 152}, "Net energy usage": "14.94 kW", "Open threads": 27, "Pool hashrate": "2470.954 MH/s", "Registered users": 102874, "Server CPU usage": 57.7, "Server RAM usage": 90.2, "Server version": 4.0, "Top 10 richest miners": ["79266419.78550309 DUCO - bscDUCO", "30792510.456 DUCO - Flowen1985", "30547233.689035717 DUCO - AlmarRido", "20119947.6942 DUCO - viviana80", "18545685.805999998 DUCO - bimbasimba94", "14898329.52230701 DUCO - aimbert", "14844540.926802782 DUCO - ctecrypto", "12720440.59109726 DUCO - QQ44142894", "11316095.158621931 DUCO - duinousa", "11015478.642 DUCO - Rafa2000"], "XXHASH hashrate": "0 H/s"}