{"Duino-Coin Server API": "github.com/revoxhere/duino-coin", "Server version": 2.7, "Active connections": 81853, "Open threads": 23, "Server CPU usage": 53.1, "Server RAM usage": 72.0, "Last update": "20/10/2021 17:19:09 (UTC)", "Net energy usage": "37.99 kW", "Pool hashrate": "1287.45 MH/s", "DUCO-S1 hashrate": "1287.4 MH/s", "XXHASH hashrate": "0 H/s", "Duco price": 0.0011967, "Duco price XMG": 0.00039924, "Duco price BCH": 0.00051516, "Duco price RVN": 0.00056432, "Duco price TRX": 0.00050937, "Duco price XRP": 0.00021026, "Duco price DGB": 0.00070647, "Duco price NANO": 0.0007136, "Duco price FJC": 0.000707, "Duco Node-S price": 5.1e-05, "Duco JustSwap price": 0.00068458, "Duco PancakeSwap price": 0.0011967, "Duco SushiSwap price": 0.000863903, "Registered users": 21074, "All-time mined DUCO": 15238241.26306613, "Current difficulty": 125000, "Mined blocks": 30651757404, "Last block hash": "9cac369b6f", "Kolka": {"Jailed": 48, "Banned": 1342}, "Miner distribution": {"GPU": 0, "CPU": 3538, "RPi": 1954, "Phone": 138, "Web": 493, "ESP32": 10930, "ESP8266": 12684, "Arduino": 6089, "Other": 155, "All": 35981}, "Top 10 richest miners": ["2876860.1029857276 DUCO - bscDUCO", "586839.3539601222 DUCO - NodeSBroker", "521520.1555491204 DUCO - 52Pickup", "502458.91009022016 DUCO - coinexchange", "400677.96058226546 DUCO - James_themac", "173558.10104597002 DUCO - celoDUCO", "170240.13285850236 DUCO - Bacman", "123387.18511437952 DUCO - amornlit", "121685.90546844892 DUCO - rootbori", "88124.62839100884 DUCO - caancom"]}