{"Active connections": 4630, "All-time mined DUCO": 194933197.09291446, "Current difficulty": 75000, "DUCO-S1 hashrate": "2.3 GH/s", "Duco FluffySwap price": 2.2399999999999997e-06, "Duco Furim price": 0.0, "Duco Node-S price": 0.0, "Duco PancakeSwap price": 3.31473e-05, "Duco SunSwap price": 5.49e-05, "Duco SushiSwap price": 5.41926e-06, "Duco UbeSwap price": 2.8444797248131242e-05, "Duco price": 5.49e-05, "Duco price BCH": 3.2e-06, "Duco price NANO": 1.94e-06, "Duco price TRX": 4.54e-06, "Duco price XMG": 0.0, "Duino-Coin Server API": "github.com/revoxhere/duino-coin", "Kolka": {"Banned": 1242, "Jailed": 98}, "Last block hash": "8de4bc0b3fa1580ec7f3421feb9644fc8ead02b8", "Last sync": 1674620141.708771, "Last update": "25/01/2023 04:15:46 (UTC)", "Mined blocks": 344309732973, "Miner distribution": {"All": 27691, "Arduino": 4112, "CPU": 1357, "ESP32": 8377, "ESP8266": 11756, "GPU": 0, "Other": 19, "Phone": 17, "RPi": 1608, "Web": 445}, "Net energy usage": "21.8 kW", "Open threads": 24, "Pool hashrate": "2261.22 MH/s", "Registered users": 87509, "Server CPU usage": 73.2, "Server RAM usage": 56.4, "Server version": 3.0, "Top 10 richest miners": ["82843252.57646728 DUCO - coinexchange", "41217107.34345014 DUCO - bscDUCO", "20119946.6942 DUCO - viviana80", "11692429.559071772 DUCO - QQ44142894", "10759939.638689265 DUCO - fiorella71", "8125736.123916335 DUCO - Orion_0x43b", "7695798.286 DUCO - RNGesus", "6813442.792496256 DUCO - lordachoo", "6561235.024 DUCO - saikrsa", "5637139.684 DUCO - sudoerrno"], "XXHASH hashrate": "0 H/s"}