{"Duino-Coin Server API": "github.com/revoxhere/duino-coin", "Server version": 2.7, "Active connections": 5487, "Open threads": 24, "Server CPU usage": 58.4, "Server RAM usage": 35.3, "Last update": "06/09/2021 02:08:49 (UTC)", "Net energy usage": "54.94 kW", "Pool hashrate": "1061.2471 MH/s", "DUCO-S1 hashrate": "1037.2 MH/s", "XXHASH hashrate": "24.0 MH/s", "Duco price": 0.00760005, "Duco price XMG": 0.00155298, "Duco price BCH": 0.00138889, "Duco price RVN": 7.477e-05, "Duco price TRX": 0.00140308, "Duco price XRP": 0.0023275, "Duco price DGB": 0.00124334, "Duco price NANO": 0.00133015, "Duco price FJC": 0.00760005, "Duco Node-S price": 0.002114, "Duco JustSwap price": 0.00362986, "Duco PancakeSwap price": 0.00194971, "Registered users": 16653, "All-time mined DUCO": 8361920.810924842, "Current difficulty": 591458, "Mined blocks": 14194990675, "Last block hash": "730b6127b9", "Kolka": {"Jailed": 21, "Banned": 595}, "Miner distribution": {"GPU": 0, "CPU": 3427, "RPi": 1721, "Phone": 0, "Web": 834, "ESP32": 6777, "ESP8266": 8586, "Arduino": 2313, "Other": 228}, "Top 10 richest miners": ["1790992.4980510252 DUCO - bscDUCO", "419647.77976936306 DUCO - coinexchange", "240000.1555491204 DUCO - 52Pickup", "182810.3118744621 DUCO - WannaCry", "169937.594875061 DUCO - Bacman", "119845.58442303253 DUCO - rootbori", "113387.18511437952 DUCO - amornlit", "86284.43223655499 DUCO - caancom", "51158.02449134627 DUCO - ducodoly", "50288.45762651612 DUCO - duinocrfsh"]}