{"Active connections": 3807, "All-time mined DUCO": 17214856.56072932, "Current difficulty": 125000, "DUCO-S1 hashrate": "1251.3 MH/s", "Duco JustSwap price": 0.00104659, "Duco Node-S price": 5.1e-05, "Duco PancakeSwap price": 0.000656946, "Duco SushiSwap price": 0.000469464, "Duco price": 0.0045, "Duco price BCH": 0.00029749, "Duco price DGB": 0.0, "Duco price NANO": 0.004485, "Duco price RVN": 0.0, "Duco price TRX": 0.00110199, "Duco price XMG": 0.00169397, "Duco price XRP": 0.0, "Duino-Coin Server API": "github.com/revoxhere/duino-coin", "Kolka": {"Banned": 680, "Jailed": 24}, "Last block hash": "65b3f612d0", "Last update": "09/11/2021 02:42:40 (UTC)", "Mined blocks": 39614806917, "Miner distribution": {"All": 34869, "Arduino": 6072, "CPU": 3446, "ESP32": 10499, "ESP8266": 12127, "GPU": 0, "Other": 40, "Phone": 195, "RPi": 1993, "Web": 497}, "Net energy usage": "37.05 kW", "Open threads": 24, "Pool hashrate": "1251.3 MH/s", "Registered users": 23149, "Server CPU usage": 44.5, "Server RAM usage": 38.0, "Server version": 2.7, "Top 10 richest miners": ["3304406.8949265815 DUCO - bscDUCO", "863375.8300902195 DUCO - coinexchange", "587441.6081317749 DUCO - NodeSBroker", "522520.1555491204 DUCO - 52Pickup", "401100.6698303165 DUCO - James_themac", "195997.89104597003 DUCO - celoDUCO", "170241.13285850236 DUCO - Bacman", "128752.19777253376 DUCO - maticDUCO", "123387.18511437952 DUCO - amornlit", "119999.99999999892 DUCO - rootbori"], "XXHASH hashrate": "0 H/s"}