{"Duino-Coin Server API": "github.com/revoxhere/duino-coin", "Server version": 2.7, "Active connections": 5462, "Open threads": 21, "Server CPU usage": 69.0, "Server RAM usage": 28.9, "Last update": "03/09/2021 17:07:33 (UTC)", "Net energy usage": "31.73 kW", "Pool hashrate": "583.7478 MH/s", "DUCO-S1 hashrate": "570.4 MH/s", "XXHASH hashrate": "13.3 MH/s", "Duco price": 0.0048641, "Duco price XMG": 0.0020206, "Duco price BCH": 0.00105638, "Duco price TRX": 0.00102913, "Duco price XRP": 0.0013, "Duco price DGB": 0.00067908, "Duco price NANO": 0.0010215, "Duco price FJC": 0.0048641, "Duco Node-S price": 0.002709, "Duco JustSwap price": 0.00359428, "Duco PancakeSwap price": 0.0018854, "Registered users": 16453, "All-time mined DUCO": 8198421.047599681, "Current difficulty": 573548, "Mined blocks": 13765186155, "Last block hash": "730b6127b9", "Kolka": {"Jailed": 21, "Banned": 597}, "Miner distribution": {"GPU": 0, "CPU": 2120, "RPi": 1106, "Phone": 0, "Web": 428, "ESP32": 3594, "ESP8266": 4081, "Arduino": 378, "Other": 35}, "Top 10 richest miners": ["1729430.5287112782 DUCO - bscDUCO", "528488.6268551067 DUCO - coinexchange", "240000.1555491204 DUCO - 52Pickup", "169937.594875061 DUCO - Bacman", "152265.29728595645 DUCO - WannaCry", "119727.52421670259 DUCO - rootbori", "113387.18511437952 DUCO - amornlit", "86282.3829499439 DUCO - caancom", "51078.018092029946 DUCO - ducodoly", "50288.45762651612 DUCO - duinocrfsh"]}