{"Duino-Coin Server API": "github.com/revoxhere/duino-coin", "Server version": 2.7, "Active connections": 19006, "Open threads": 23, "Server CPU usage": 46.3, "Server RAM usage": 60.5, "Last update": "15/10/2021 17:58:03 (UTC)", "Net energy usage": "29.94 kW", "Pool hashrate": "995.58 MH/s", "DUCO-S1 hashrate": "995.6 MH/s", "XXHASH hashrate": "0 H/s", "Duco price": 0.00372204, "Duco price XMG": 0.00372204, "Duco price BCH": 0.00054451, "Duco price RVN": 0.00067722, "Duco price TRX": 0.00067306, "Duco price XRP": 0.000225, "Duco price DGB": 0.00075172, "Duco price NANO": 0.00074042, "Duco price FJC": 0.00075, "Duco Node-S price": 5.4e-05, "Duco JustSwap price": 0.00069072, "Duco PancakeSwap price": 0.000691645, "Duco SushiSwap price": 0.000756806, "Registered users": 20567, "All-time mined DUCO": 14437145.380592681, "Current difficulty": 125000, "Mined blocks": 28237580440, "Last block hash": "607e171187", "Kolka": {"Jailed": 48, "Banned": 1332}, "Miner distribution": {"GPU": 0, "CPU": 2550, "RPi": 1341, "Phone": 163, "Web": 772, "ESP32": 10367, "ESP8266": 11495, "Arduino": 4720, "Other": 161, "All": 31569}, "Top 10 richest miners": ["2762055.7872877275 DUCO - bscDUCO", "587324.8937961721 DUCO - NodeSBroker", "521520.1555491204 DUCO - 52Pickup", "400307.9444317608 DUCO - James_themac", "394336.7559145402 DUCO - coinexchange", "170240.13285850236 DUCO - Bacman", "163344.10104597002 DUCO - celoDUCO", "123387.18511437952 DUCO - amornlit", "121685.90546844892 DUCO - rootbori", "87733.36401638431 DUCO - caancom"]}