{"Active connections": 1326, "All-time mined DUCO": 82105897.45929797, "Current difficulty": 75000, "DUCO-S1 hashrate": "3.1 GH/s", "Duco Furim price": 0.0, "Duco Node-S price": 0.0, "Duco PancakeSwap price": 3.4e-05, "Duco SunSwap price": 0.000161, "Duco SushiSwap price": 2.8e-05, "Duco UbeSwap price": 2.9e-05, "Duco price": 0.000603, "Duco price BCH": 4.1e-05, "Duco price NANO": 2.7e-05, "Duco price TRX": 2.9e-05, "Duco price XMG": 0.000597, "Duino-Coin Server API": "github.com/revoxhere/duino-coin", "Kolka": {"Banned": 998, "Jailed": 80}, "Last block hash": "2eb3f8271cd947cdd6469be145558a7bcb72e0d9", "Last sync": 1662465789.4872527, "Last update": "06/09/2022 12:03:13 (UTC)", "Mined blocks": 255080723369, "Miner distribution": {"All": 38414, "Arduino": 4702, "CPU": 2309, "ESP32": 13916, "ESP8266": 15888, "GPU": 0, "Other": 23, "Phone": 36, "RPi": 1158, "Web": 382}, "Net energy usage": "31.3 kW", "Open threads": 22, "Pool hashrate": "3072.77 MH/s", "Registered users": 77948, "Server CPU usage": 39.9, "Server RAM usage": 57.8, "Server version": 3.0, "Top 10 richest miners": ["39881546.258514926 DUCO - bscDUCO", "25907493.84355879 DUCO - coinexchange", "15964250.693 DUCO - Ochios", "6974991.289071771 DUCO - QQ44142894", "4020936.2000136883 DUCO - Demoel", "2443213.1147079035 DUCO - ctecrypto", "2368507.0 DUCO - Brunomoyses23", "2210288.919161586 DUCO - vyrdudji", "2057460.351030189 DUCO - renderman", "1546704.0314821827 DUCO - maticDUCO"], "XXHASH hashrate": "0 H/s"}