{"Active connections": 1438, "All-time mined DUCO": 55479186.749603935, "Current difficulty": 1000000, "DUCO-S1 hashrate": "5.1 GH/s", "Duco Furim price": 0.0, "Duco JustSwap price": 8.308e-05, "Duco Node-S price": 0.0, "Duco PancakeSwap price": 3.72448e-05, "Duco SushiSwap price": 8.29325e-05, "Duco price": 8.319e-05, "Duco price BCH": 4.38e-06, "Duco price NANO": 1.72e-05, "Duco price TRX": 0.0, "Duco price XMG": 5.87e-06, "Duino-Coin Server API": "github.com/revoxhere/duino-coin", "Kolka": {"Banned": 514, "Jailed": 29}, "Last block hash": "2eb3f8271cd947cdd6469be145558a7bcb72e0d9", "Last sync": 1647087640.1119835, "Last update": "12/03/2022 12:20:41 (UTC)", "Mined blocks": 128899523828, "Miner distribution": {"All": 40240, "Arduino": 6699, "CPU": 4065, "ESP32": 11821, "ESP8266": 14082, "GPU": 0, "Other": 49, "Phone": 216, "RPi": 2630, "Web": 678}, "Net energy usage": "43.85 kW", "Open threads": 21, "Pool hashrate": "5082.93 MH/s", "Registered users": 63034, "Server CPU usage": 38.0, "Server RAM usage": 33.5, "Server version": 2.7, "Top 10 richest miners": ["21401128.212190636 DUCO - bscDUCO", "4710445.912583939 DUCO - Ochios", "4045000.0 DUCO - RNGesus", "4000060.054761558 DUCO - miningvir", "2611902.30930822 DUCO - coinexchange", "2453550.087773999 DUCO - ifdeduco", "1401841.7118368682 DUCO - Demoel", "1340913.8296130951 DUCO - naderi57", "1259786.6448954998 DUCO - T3rminator", "1209837.627673189 DUCO - James_themac"], "XXHASH hashrate": "0 H/s"}