{"Active connections": 1915, "All-time mined DUCO": 20928159.46110078, "Current difficulty": 1000000, "DUCO-S1 hashrate": "4076.6 MH/s", "Duco JustSwap price": 0.00025007, "Duco Node-S price": 2.1e-05, "Duco PancakeSwap price": 0.000322114, "Duco SushiSwap price": 0.000650466, "Duco price": 0.0010207, "Duco price BCH": 2.061e-05, "Duco price NANO": 1.104e-05, "Duco price TRX": 8.041e-05, "Duco price XMG": 0.0009355, "Duino-Coin Server API": "github.com/revoxhere/duino-coin", "Kolka": {"Banned": 773, "Jailed": 27}, "Last block hash": "2eb3f8271c", "Last sync": 1642744327.7556052, "Last update": "21/01/2022 05:52:07 (UTC)", "Mined blocks": 89238739376, "Miner distribution": {"All": 39140, "Arduino": 6701, "CPU": 5144, "ESP32": 10432, "ESP8266": 12229, "GPU": 0, "Other": 24, "Phone": 312, "RPi": 2816, "Web": 1482}, "Net energy usage": "50.27 kW", "Open threads": 21, "Pool hashrate": "4076.6 MH/s", "Registered users": 48560, "Server CPU usage": 46.1, "Server RAM usage": 39.2, "Server version": 2.7, "Top 10 richest miners": ["6631162.521326494 DUCO - bscDUCO", "532488.220632083 DUCO - NodeSBroker", "500037.08044826845 DUCO - miningvir", "443729.10691089276 DUCO - bimbasimba94", "397162.15067505674 DUCO - James_themac", "206194.05275569402 DUCO - maticDUCO", "190583.057104081 DUCO - celoDUCO", "170241.298916613 DUCO - Bacman", "150200.00006320333 DUCO - RNGesus", "141826.0159121267 DUCO - haxorcitoz"], "XXHASH hashrate": "0 H/s"}