{"Active connections": 1102, "All-time mined DUCO": 18587688.952713378, "Current difficulty": 75000, "DUCO-S1 hashrate": "1513.8 MH/s", "Duco JustSwap price": 9.884e-05, "Duco Node-S price": 2.1e-05, "Duco PancakeSwap price": 0.000594663, "Duco SushiSwap price": 0.000356015, "Duco price": 0.000594663, "Duco price BCH": 4.368e-05, "Duco price DGB": 0.0, "Duco price NANO": 1.324e-05, "Duco price RVN": 0.0, "Duco price TRX": 0.00010038, "Duco price XMG": 0.00024697, "Duco price XRP": 0.0, "Duino-Coin Server API": "github.com/revoxhere/duino-coin", "Kolka": {"Banned": 717, "Jailed": 24}, "Last block hash": "2eb3f8271c", "Last update": "19/12/2021 18:50:17 (UTC)", "Mined blocks": 65221151570, "Miner distribution": {"All": 38016, "Arduino": 7240, "CPU": 4079, "ESP32": 11086, "ESP8266": 11908, "GPU": 0, "Other": 16, "Phone": 451, "RPi": 2430, "Web": 806}, "Net energy usage": "42.5 kW", "Open threads": 21, "Pool hashrate": "1513.83 MH/s", "Registered users": 31042, "Server CPU usage": 51.3, "Server RAM usage": 36.8, "Server version": 2.7, "Top 10 richest miners": ["4669702.299832258 DUCO - bscDUCO", "898425.6362999707 DUCO - coinexchange", "530426.5372981913 DUCO - NodeSBroker", "397162.15067505674 DUCO - James_themac", "300520.321607231 DUCO - 52Pickup", "253719.35383944577 DUCO - bimbasimba94", "249264.804861081 DUCO - miningvir", "195250.0880409976 DUCO - maticDUCO", "188782.057104081 DUCO - celoDUCO", "170241.298916613 DUCO - Bacman"], "XXHASH hashrate": "0 H/s"}