{"Active connections": 948, "All-time mined DUCO": 748145147.0887142, "Current difficulty": 200000, "DUCO-S1 hashrate": "1.72 GH/s", "Duco FluffySwap price": 8.883e-06, "Duco Furim price": 0.0, "Duco Node-S price": 0.0, "Duco PancakeSwap price": 8.57789e-06, "Duco SunSwap price": 0.00014298, "Duco SushiSwap price": 1.2962107682626e-05, "Duco UbeSwap price": 1.1191491992827553e-05, "Duco price": 0.0001508, "Duco price BCH": 3.246e-05, "Duco price NANO": 0.0001508, "Duco price TRX": 1.27e-05, "Duco price XMG": 3.404e-05, "Duino-Coin Server API": "github.com/revoxhere/duino-coin", "Kolka": {"Banned": 5984, "Jailed": 190}, "Last block hash": "8de4bc0b3fa1580ec7f3421feb9644fc8ead02b8", "Last sync": 1720209123.1417546, "Last update": "05/07/2024 19:52:03 (UTC)", "Mined blocks": 533051083200, "Miner distribution": {"All": 18625, "Arduino": 2286, "CPU": 1105, "ESP32": 7849, "ESP8266": 5968, "GPU": 0, "Other": 13, "Phone": 20, "RPi": 1184, "Web": 200}, "Net energy usage": "15.76 kW", "Open threads": 27, "Pool hashrate": "1719.955 MH/s", "Registered users": 103824, "Server CPU usage": 58.3, "Server RAM usage": 90.5, "Server version": 4.0, "Top 10 richest miners": ["248718968.7462648 DUCO - coinexchange", "80660425.50800352 DUCO - bscDUCO", "29548849.707830127 DUCO - AlmarRido", "24635208.6964704 DUCO - Flowen1985", "22851221.472 DUCO - bimbasimba94", "20120447.6942 DUCO - viviana80", "14898397.762770202 DUCO - aimbert", "14847133.194062889 DUCO - ctecrypto", "14175917.216173997 DUCO - duinousa", "12721940.59109726 DUCO - QQ44142894"], "XXHASH hashrate": "0 H/s"}