{"Active connections": 896, "All-time mined DUCO": 88502846.44790715, "Current difficulty": 75000, "DUCO-S1 hashrate": "3.2 GH/s", "Duco FluffySwap price": 1.1592e-05, "Duco Furim price": 0.0, "Duco Node-S price": 0.0, "Duco PancakeSwap price": 3.41383e-05, "Duco SunSwap price": 0.0001086, "Duco SushiSwap price": 3.06371e-05, "Duco UbeSwap price": 2.9098580230377713e-05, "Duco price": 0.0001086, "Duco price BCH": 1.655e-05, "Duco price NANO": 7.49e-06, "Duco price TRX": 6.23e-06, "Duco price XMG": 5.756e-05, "Duino-Coin Server API": "github.com/revoxhere/duino-coin", "Kolka": {"Banned": 1096, "Jailed": 83}, "Last block hash": "8de4bc0b3fa1580ec7f3421feb9644fc8ead02b8", "Last sync": 1666023685.9398153, "Last update": "17/10/2022 16:21:28 (UTC)", "Mined blocks": 282777153385, "Miner distribution": {"All": 37281, "Arduino": 4458, "CPU": 2169, "ESP32": 13056, "ESP8266": 15938, "GPU": 0, "Other": 15, "Phone": 26, "RPi": 1211, "Web": 408}, "Net energy usage": "30.17 kW", "Open threads": 23, "Pool hashrate": "3233.17 MH/s", "Registered users": 81297, "Server CPU usage": 41.1, "Server RAM usage": 26.8, "Server version": 3.0, "Top 10 richest miners": ["42171981.00412171 DUCO - coinexchange", "35756709.437422335 DUCO - bscDUCO", "15965318.216999998 DUCO - Ochios", "6974991.289071771 DUCO - QQ44142894", "4075220.2860000003 DUCO - AlmarRido", "2497726.2767465087 DUCO - goddani", "2368507.0 DUCO - Brunomoyses23", "2210288.919161586 DUCO - vyrdudji", "1904257.690188147 DUCO - giveaways", "1618176.8630387518 DUCO - maticDUCO"], "XXHASH hashrate": "0 H/s"}