{"Active connections": 1305, "All-time mined DUCO": 103021045.4004335, "Current difficulty": 1000000, "DUCO-S1 hashrate": "3.8 GH/s", "Duco Furim price": 0.0, "Duco Node-S price": 0.0, "Duco PancakeSwap price": 2.9e-05, "Duco SunSwap price": 6.1e-05, "Duco SushiSwap price": 3.3e-05, "Duco UbeSwap price": 2.9e-05, "Duco price": 8.6e-05, "Duco price BCH": 3e-06, "Duco price NANO": 1.5e-05, "Duco price TRX": 1e-05, "Duco price XMG": 8.6e-05, "Duino-Coin Server API": "github.com/revoxhere/duino-coin", "Kolka": {"Banned": 855, "Jailed": 47}, "Last block hash": "2eb3f8271cd947cdd6469be145558a7bcb72e0d9", "Last sync": 1654369929.6603615, "Last update": "04/06/2022 19:12:12 (UTC)", "Mined blocks": 194080239494, "Miner distribution": {"All": 40362, "Arduino": 5454, "CPU": 3273, "ESP32": 13513, "ESP8266": 15944, "GPU": 0, "Other": 72, "Phone": 96, "RPi": 1648, "Web": 362}, "Net energy usage": "38.19 kW", "Open threads": 21, "Pool hashrate": "3768.95 MH/s", "Registered users": 76061, "Server CPU usage": 42.3, "Server RAM usage": 51.9, "Server version": 3.0, "Top 10 richest miners": ["35989380.59472269 DUCO - bscDUCO", "17779504.2 DUCO - Ochios", "16689961.313396722 DUCO - coinexchange", "6974991.289071771 DUCO - QQ44142894", "6053727.977733843 DUCO - ctecrypto", "4007959.9383592606 DUCO - Demoel", "3846223.9718876067 DUCO - renderman", "2665770.6621398563 DUCO - maticDUCO", "2210288.9385462017 DUCO - vyrdudji", "2145691.446672424 DUCO - jules_pilot"], "XXHASH hashrate": "0 H/s"}