{"Active connections": 766, "All-time mined DUCO": 746741251.7147734, "Current difficulty": 200000, "DUCO-S1 hashrate": "2.512 GH/s", "Duco FluffySwap price": 8.638e-06, "Duco Furim price": 0.0, "Duco Node-S price": 0.0, "Duco PancakeSwap price": 8.57789e-06, "Duco SunSwap price": 0.00010027, "Duco SushiSwap price": 1.2962107682626e-05, "Duco UbeSwap price": 1.1191491992827553e-05, "Duco price": 0.000254, "Duco price BCH": 0.00017794, "Duco price NANO": 0.000254, "Duco price TRX": 1.233e-05, "Duco price XMG": 4.184e-05, "Duino-Coin Server API": "github.com/revoxhere/duino-coin", "Kolka": {"Banned": 5937, "Jailed": 182}, "Last block hash": "8de4bc0b3fa1580ec7f3421feb9644fc8ead02b8", "Last sync": 1716355546.1409676, "Last update": "22/05/2024 05:25:46 (UTC)", "Mined blocks": 521229707734, "Miner distribution": {"All": 18544, "Arduino": 2270, "CPU": 988, "ESP32": 7545, "ESP8266": 6216, "GPU": 0, "Other": 20, "Phone": 17, "RPi": 1278, "Web": 210}, "Net energy usage": "15.21 kW", "Open threads": 27, "Pool hashrate": "2511.762 MH/s", "Registered users": 102173, "Server CPU usage": 30.1, "Server RAM usage": 92.4, "Server version": 4.0, "Top 10 richest miners": ["78947233.74889731 DUCO - bscDUCO", "39368542.54345614 DUCO - AlmarRido", "30792510.456 DUCO - Flowen1985", "20119947.6942 DUCO - viviana80", "18545685.805999998 DUCO - bimbasimba94", "14868547.856179586 DUCO - aimbert", "14843164.418606315 DUCO - ctecrypto", "12720440.585598174 DUCO - QQ44142894", "11315095.476472287 DUCO - duinousa", "10759939.638689265 DUCO - fiorella71"], "XXHASH hashrate": "0 H/s"}