{"Active connections": 1515, "All-time mined DUCO": 57976750.91252371, "Current difficulty": 1000000, "DUCO-S1 hashrate": "5.3 GH/s", "Duco Furim price": 0.0, "Duco Node-S price": 0.0, "Duco PancakeSwap price": 4.7e-05, "Duco SunSwap price": 0.000127, "Duco SushiSwap price": 7.6e-05, "Duco price": 0.000127, "Duco price BCH": 6e-06, "Duco price NANO": 2.7e-05, "Duco price TRX": 5e-06, "Duco price XMG": 1.2e-05, "Duino-Coin Server API": "github.com/revoxhere/duino-coin", "Kolka": {"Banned": 597, "Jailed": 31}, "Last block hash": "2eb3f8271cd947cdd6469be145558a7bcb72e0d9", "Last sync": 1647896242.5050976, "Last update": "21/03/2022 20:57:23 (UTC)", "Mined blocks": 135918563899, "Miner distribution": {"All": 43265, "Arduino": 7371, "CPU": 4151, "ESP32": 13023, "ESP8266": 15044, "GPU": 0, "Other": 62, "Phone": 281, "RPi": 2596, "Web": 737}, "Net energy usage": "45.5 kW", "Open threads": 21, "Pool hashrate": "5284.28 MH/s", "Registered users": 65680, "Server CPU usage": 38.8, "Server RAM usage": 56.3, "Server version": 3.0, "Top 10 richest miners": ["24711082.839215674 DUCO - bscDUCO", "9935000.269761559 DUCO - miningvir", "3965348.014869814 DUCO - Ochios", "3962275.8619908057 DUCO - RNGesus", "2707073.0693082195 DUCO - coinexchange", "2453550.087773999 DUCO - ifdeduco", "1209837.627673189 DUCO - James_themac", "1201910.9017412043 DUCO - juanjefraire", "1200000.35117249 DUCO - amornlit", "1165156.5189116194 DUCO - miyan001"], "XXHASH hashrate": "0 H/s"}