{"Active connections": 2358, "All-time mined DUCO": 21578096.109766316, "Current difficulty": 1000000, "DUCO-S1 hashrate": "5088.9 MH/s", "Duco JustSwap price": 0.00020279, "Duco Node-S price": 2.1e-05, "Duco PancakeSwap price": 0.000322114, "Duco SushiSwap price": 0.000650466, "Duco price": 0.00116653, "Duco price BCH": 1.365e-05, "Duco price NANO": 9.56e-06, "Duco price TRX": 6.792e-05, "Duco price XMG": 0.0011607, "Duino-Coin Server API": "github.com/revoxhere/duino-coin", "Kolka": {"Banned": 775, "Jailed": 26}, "Last block hash": "2eb3f8271c", "Last sync": 1643051630.3247545, "Last update": "24/01/2022 19:13:50 (UTC)", "Mined blocks": 93183901575, "Miner distribution": {"All": 41547, "Arduino": 7457, "CPU": 5243, "ESP32": 11185, "ESP8266": 12917, "GPU": 0, "Other": 37, "Phone": 471, "RPi": 3025, "Web": 1212}, "Net energy usage": "51.82 kW", "Open threads": 21, "Pool hashrate": "5088.91 MH/s", "Registered users": 50468, "Server CPU usage": 51.4, "Server RAM usage": 42.7, "Server version": 2.7, "Top 10 richest miners": ["8091787.031492137 DUCO - bscDUCO", "611838.3908694914 DUCO - coinexchange", "600502.110503745 DUCO - bimbasimba94", "531453.0320085537 DUCO - NodeSBroker", "397162.15067505674 DUCO - James_themac", "209700.79401684398 DUCO - maticDUCO", "190585.067104081 DUCO - celoDUCO", "170241.299416613 DUCO - Bacman", "160213.96959614026 DUCO - RNGesus", "140000.53560568305 DUCO - haxorcitoz"], "XXHASH hashrate": "0 H/s"}