{"Active connections": 1336, "All-time mined DUCO": 82838992.62088962, "Current difficulty": 75000, "DUCO-S1 hashrate": "3.1 GH/s", "Duco Furim price": 0.0, "Duco Node-S price": 0.0, "Duco PancakeSwap price": 3.4e-05, "Duco SunSwap price": 0.000159, "Duco SushiSwap price": 2.8e-05, "Duco UbeSwap price": 2.9e-05, "Duco price": 0.000597, "Duco price BCH": 3.9e-05, "Duco price NANO": 2.6e-05, "Duco price TRX": 2.8e-05, "Duco price XMG": 0.000596, "Duino-Coin Server API": "github.com/revoxhere/duino-coin", "Kolka": {"Banned": 991, "Jailed": 80}, "Last block hash": "2eb3f8271cd947cdd6469be145558a7bcb72e0d9", "Last sync": 1662212709.788884, "Last update": "03/09/2022 13:45:11 (UTC)", "Mined blocks": 253048812363, "Miner distribution": {"All": 38520, "Arduino": 4816, "CPU": 2372, "ESP32": 13914, "ESP8266": 15767, "GPU": 0, "Other": 24, "Phone": 55, "RPi": 1157, "Web": 415}, "Net energy usage": "31.69 kW", "Open threads": 22, "Pool hashrate": "3116.66 MH/s", "Registered users": 77683, "Server CPU usage": 39.1, "Server RAM usage": 57.3, "Server version": 3.0, "Top 10 richest miners": ["42303594.258514926 DUCO - bscDUCO", "26303728.578532234 DUCO - coinexchange", "15964250.693 DUCO - Ochios", "6974991.289071771 DUCO - QQ44142894", "4020927.9874273296 DUCO - Demoel", "2368507.0 DUCO - Brunomoyses23", "2210288.919161586 DUCO - vyrdudji", "2059952.0539931504 DUCO - renderman", "1541839.0314821827 DUCO - maticDUCO", "1500679.3944396642 DUCO - giveaways"], "XXHASH hashrate": "0 H/s"}