{"Active connections": 1302, "All-time mined DUCO": 160772383.49464792, "Current difficulty": 75000, "DUCO-S1 hashrate": "2.8 GH/s", "Duco FluffySwap price": 1.0933999999999999e-05, "Duco Furim price": 0.0, "Duco Node-S price": 0.0, "Duco PancakeSwap price": 5.3311e-05, "Duco SunSwap price": 4.793e-05, "Duco SushiSwap price": 1.59499e-05, "Duco UbeSwap price": 2.931300785709489e-05, "Duco price": 5.3311e-05, "Duco price BCH": 1.562e-05, "Duco price NANO": 7.48e-06, "Duco price TRX": 5.24e-06, "Duco price XMG": 0.0, "Duino-Coin Server API": "github.com/revoxhere/duino-coin", "Kolka": {"Banned": 1188, "Jailed": 91}, "Last block hash": "8de4bc0b3fa1580ec7f3421feb9644fc8ead02b8", "Last sync": 1670834622.5389888, "Last update": "12/12/2022 08:43:48 (UTC)", "Mined blocks": 319902890273, "Miner distribution": {"All": 34183, "Arduino": 4047, "CPU": 1420, "ESP32": 12655, "ESP8266": 13926, "GPU": 0, "Other": 14, "Phone": 28, "RPi": 1679, "Web": 414}, "Net energy usage": "25.07 kW", "Open threads": 25, "Pool hashrate": "2773.64 MH/s", "Registered users": 85217, "Server CPU usage": 49.2, "Server RAM usage": 48.6, "Server version": 3.0, "Top 10 richest miners": ["38533269.63978844 DUCO - bscDUCO", "20119945.00125 DUCO - viviana80", "14965353.225385074 DUCO - Ochios", "11692429.559071772 DUCO - QQ44142894", "10759939.638689265 DUCO - fiorella71", "8125656.512368533 DUCO - Orion_0x43b", "4267666.823 DUCO - Demoel", "4194750.3669 DUCO - AlmarRido", "4169000.1775896405 DUCO - coinexchange", "2368507.0 DUCO - Brunomoyses23"], "XXHASH hashrate": "0 H/s"}