{"Active connections": 1083, "All-time mined DUCO": 179973134.06780288, "Current difficulty": 75000, "DUCO-S1 hashrate": "2.5 GH/s", "Duco FluffySwap price": 1.0717e-05, "Duco Furim price": 0.0, "Duco Node-S price": 0.0, "Duco PancakeSwap price": 4.86354e-05, "Duco SunSwap price": 4.959e-05, "Duco SushiSwap price": 1.41803e-05, "Duco UbeSwap price": 2.9070350918275183e-05, "Duco price": 4.959e-05, "Duco price BCH": 1.534e-05, "Duco price NANO": 6.98e-06, "Duco price TRX": 5.42e-06, "Duco price XMG": 0.0, "Duino-Coin Server API": "github.com/revoxhere/duino-coin", "Kolka": {"Banned": 1209, "Jailed": 93}, "Last block hash": "8de4bc0b3fa1580ec7f3421feb9644fc8ead02b8", "Last sync": 1671413816.5881283, "Last update": "19/12/2022 01:37:00 (UTC)", "Mined blocks": 323895130774, "Miner distribution": {"All": 34034, "Arduino": 3760, "CPU": 1280, "ESP32": 12984, "ESP8266": 13981, "GPU": 0, "Other": 11, "Phone": 28, "RPi": 1610, "Web": 380}, "Net energy usage": "24.14 kW", "Open threads": 24, "Pool hashrate": "2474.3 MH/s", "Registered users": 85558, "Server CPU usage": 44.8, "Server RAM usage": 57.2, "Server version": 3.0, "Top 10 richest miners": ["39077654.63978844 DUCO - bscDUCO", "20119945.00125 DUCO - viviana80", "14965353.225385074 DUCO - Ochios", "13674292.482703524 DUCO - ctecrypto", "11692429.559071772 DUCO - QQ44142894", "10759939.638689265 DUCO - fiorella71", "8125735.826522388 DUCO - Orion_0x43b", "4267666.823 DUCO - Demoel", "3994240.2068999996 DUCO - AlmarRido", "2400380.95366366 DUCO - msdo1006"], "XXHASH hashrate": "0 H/s"}