{"Active connections": 915, "All-time mined DUCO": 17685377.44637482, "Current difficulty": 75000, "DUCO-S1 hashrate": "1553.1 MH/s", "Duco JustSwap price": 0.00014145, "Duco Node-S price": 6.8e-05, "Duco PancakeSwap price": 0.000594663, "Duco SushiSwap price": 0.000356015, "Duco price": 0.00060882, "Duco price BCH": 8.572e-05, "Duco price DGB": 0.0, "Duco price NANO": 1.822e-05, "Duco price RVN": 0.0, "Duco price TRX": 0.00018346, "Duco price XMG": 0.00055985, "Duco price XRP": 0.0, "Duino-Coin Server API": "github.com/revoxhere/duino-coin", "Kolka": {"Banned": 711, "Jailed": 24}, "Last block hash": "2eb3f8271c", "Last update": "09/12/2021 01:54:40 (UTC)", "Mined blocks": 57456259722, "Miner distribution": {"All": 37429, "Arduino": 6893, "CPU": 4543, "ESP32": 10610, "ESP8266": 11169, "GPU": 0, "Other": 4, "Phone": 516, "RPi": 2652, "Web": 1042}, "Net energy usage": "45.41 kW", "Open threads": 21, "Pool hashrate": "1553.05 MH/s", "Registered users": 29106, "Server CPU usage": 56.2, "Server RAM usage": 46.7, "Server version": 2.7, "Top 10 richest miners": ["4284358.512448392 DUCO - bscDUCO", "1399959.7881484297 DUCO - coinexchange", "588951.0732451914 DUCO - NodeSBroker", "351162.15067505674 DUCO - James_themac", "300520.321607231 DUCO - 52Pickup", "188488.057104081 DUCO - celoDUCO", "176910.58691112456 DUCO - maticDUCO", "170241.298916613 DUCO - Bacman", "166567.66916576345 DUCO - bloomindark", "119999.999999999 DUCO - rootbori"], "XXHASH hashrate": "0 H/s"}