{"Active connections": 942, "All-time mined DUCO": 1060701670.9429761, "Current difficulty": 75000, "DUCO-S1 hashrate": "1.91 GH/s", "Duco FluffySwap price": 3.171e-06, "Duco Furim price": 0.0, "Duco Node-S price": 0.0, "Duco PancakeSwap price": 7.2694e-06, "Duco SunSwap price": 0.00010346, "Duco SushiSwap price": 1.01312e-05, "Duco UbeSwap price": 2.9093097913322633e-05, "Duco price": 0.00011622, "Duco price BCH": 4.53e-06, "Duco price NANO": 1.02e-06, "Duco price TRX": 1.55e-06, "Duco price XMG": 0.00011622, "Duino-Coin Server API": "github.com/revoxhere/duino-coin", "Kolka": {"Banned": 5534, "Jailed": 149}, "Last block hash": "8de4bc0b3fa1580ec7f3421feb9644fc8ead02b8", "Last sync": 1691278988.9579546, "Last update": "05/08/2023 23:43:14 (UTC)", "Mined blocks": 434778306530, "Miner distribution": {"All": 19740, "Arduino": 2440, "CPU": 639, "ESP32": 8340, "ESP8266": 7179, "GPU": 0, "Other": 12, "Phone": 16, "RPi": 1031, "Web": 83}, "Net energy usage": "13.3 kW", "Open threads": 24, "Pool hashrate": "1909.585 MH/s", "Registered users": 94678, "Server CPU usage": 47.2, "Server RAM usage": 42.5, "Server version": 3.0, "Top 10 richest miners": ["495743830.67087966 DUCO - coinexchange", "382372236.7812404 DUCO - coinexchange", "70267869.64457695 DUCO - bscDUCO", "35298227.85615001 DUCO - AlmarRido", "24375487.137 DUCO - Flowen1985", "20119947.6942 DUCO - viviana80", "12720440.559071772 DUCO - QQ44142894", "11701433.102280406 DUCO - ctecrypto", "11436497.326 DUCO - bimbasimba94", "10759939.638689265 DUCO - fiorella71"], "XXHASH hashrate": "0 H/s"}