{"Active connections": 2331, "All-time mined DUCO": 90650930.95179772, "Current difficulty": 1000000, "DUCO-S1 hashrate": "2.9 GH/s", "Duco Furim price": 0.0, "Duco Node-S price": 0.0, "Duco PancakeSwap price": 4e-05, "Duco SunSwap price": 4.3e-05, "Duco SushiSwap price": 1.2e-05, "Duco UbeSwap price": 2.8e-05, "Duco price": 8.7e-05, "Duco price BCH": 1.3e-05, "Duco price NANO": 1.2e-05, "Duco price TRX": 1.6e-05, "Duco price XMG": 2e-06, "Duino-Coin Server API": "github.com/revoxhere/duino-coin", "Kolka": {"Banned": 936, "Jailed": 56}, "Last block hash": "2eb3f8271cd947cdd6469be145558a7bcb72e0d9", "Last sync": 1656918294.4101138, "Last update": "04/07/2022 07:04:58 (UTC)", "Mined blocks": 215590512374, "Miner distribution": {"All": 36488, "Arduino": 4677, "CPU": 2129, "ESP32": 12635, "ESP8266": 15154, "GPU": 0, "Other": 90, "Phone": 46, "RPi": 1503, "Web": 254}, "Net energy usage": "29.77 kW", "Open threads": 22, "Pool hashrate": "2899.48 MH/s", "Registered users": 73579, "Server CPU usage": 31.6, "Server RAM usage": 44.3, "Server version": 3.0, "Top 10 richest miners": ["34153185.622689165 DUCO - bscDUCO", "16868013.00251215 DUCO - Ochios", "7753225.199599029 DUCO - ctecrypto", "6974991.289071771 DUCO - QQ44142894", "5754472.305605175 DUCO - renderman", "4006767.1487071877 DUCO - Demoel", "3485794.933396697 DUCO - coinexchange", "2368507.0 DUCO - Brunomoyses23", "2210288.9385462017 DUCO - vyrdudji", "2070152.565 DUCO - CryptSino_Exchange"], "XXHASH hashrate": "0 H/s"}