{"Active connections": 1650, "All-time mined DUCO": 57900455.58711505, "Current difficulty": 1000000, "DUCO-S1 hashrate": "5.2 GH/s", "Duco Furim price": 0.0, "Duco Node-S price": 0.0, "Duco PancakeSwap price": 4.5e-05, "Duco SunSwap price": 0.000129, "Duco SushiSwap price": 6e-05, "Duco price": 0.000131, "Duco price BCH": 6e-06, "Duco price NANO": 3.1e-05, "Duco price TRX": 5e-06, "Duco price XMG": 1.3e-05, "Duino-Coin Server API": "github.com/revoxhere/duino-coin", "Kolka": {"Banned": 611, "Jailed": 31}, "Last block hash": "2eb3f8271cd947cdd6469be145558a7bcb72e0d9", "Last sync": 1648398505.5016155, "Last update": "27/03/2022 16:28:26 (UTC)", "Mined blocks": 140842306371, "Miner distribution": {"All": 43270, "Arduino": 7254, "CPU": 4140, "ESP32": 13224, "ESP8266": 15140, "GPU": 0, "Other": 44, "Phone": 156, "RPi": 2557, "Web": 755}, "Net energy usage": "45.45 kW", "Open threads": 21, "Pool hashrate": "5152.1 MH/s", "Registered users": 66537, "Server CPU usage": 47.2, "Server RAM usage": 55.4, "Server version": 3.0, "Top 10 richest miners": ["23575816.40610482 DUCO - bscDUCO", "8950003.269761559 DUCO - miningvir", "5992848.315869803 DUCO - Ochios", "3513498.7593131596 DUCO - coinexchange", "2453550.087773999 DUCO - ifdeduco", "1209837.627673189 DUCO - James_themac", "1202121.8961340121 DUCO - juanjefraire", "1200000.35117249 DUCO - amornlit", "1000229.1761097078 DUCO - DarYo", "999870.2325676309 DUCO - Demoel"], "XXHASH hashrate": "0 H/s"}