{"Active connections": 931, "All-time mined DUCO": 747977258.8339585, "Current difficulty": 200000, "DUCO-S1 hashrate": "1.712 GH/s", "Duco FluffySwap price": 8.799e-06, "Duco Furim price": 0.0, "Duco Node-S price": 0.0, "Duco PancakeSwap price": 8.57789e-06, "Duco SunSwap price": 0.00014169, "Duco SushiSwap price": 1.2962107682626e-05, "Duco UbeSwap price": 1.1191491992827553e-05, "Duco price": 0.00016149, "Duco price BCH": 3.392e-05, "Duco price NANO": 0.00016149, "Duco price TRX": 1.258e-05, "Duco price XMG": 3.411e-05, "Duino-Coin Server API": "github.com/revoxhere/duino-coin", "Kolka": {"Banned": 5984, "Jailed": 183}, "Last block hash": "8de4bc0b3fa1580ec7f3421feb9644fc8ead02b8", "Last sync": 1720100864.2318046, "Last update": "04/07/2024 13:47:44 (UTC)", "Mined blocks": 532710966897, "Miner distribution": {"All": 18836, "Arduino": 2274, "CPU": 933, "ESP32": 8020, "ESP8266": 6194, "GPU": 0, "Other": 11, "Phone": 4, "RPi": 1209, "Web": 191}, "Net energy usage": "14.9 kW", "Open threads": 27, "Pool hashrate": "1711.92 MH/s", "Registered users": 103786, "Server CPU usage": 55.3, "Server RAM usage": 90.2, "Server version": 4.0, "Top 10 richest miners": ["248765884.99638477 DUCO - coinexchange", "80660425.50800352 DUCO - bscDUCO", "29548849.707830127 DUCO - AlmarRido", "24635208.6964704 DUCO - Flowen1985", "22851221.472 DUCO - bimbasimba94", "20120447.6942 DUCO - viviana80", "14898397.722124139 DUCO - aimbert", "14847133.194062889 DUCO - ctecrypto", "14175835.448844409 DUCO - duinousa", "12721940.59109726 DUCO - QQ44142894"], "XXHASH hashrate": "0 H/s"}