{"Active connections": 953, "All-time mined DUCO": 1058226734.8887795, "Current difficulty": 75000, "DUCO-S1 hashrate": "1.631 GH/s", "Duco FluffySwap price": 3.3669999999999997e-06, "Duco Furim price": 0.0, "Duco Node-S price": 0.0, "Duco PancakeSwap price": 1.12795e-05, "Duco SunSwap price": 0.00011231, "Duco SushiSwap price": 1.10527e-05, "Duco UbeSwap price": 2.8690974297668858e-05, "Duco price": 0.00011231, "Duco price BCH": 4.82e-06, "Duco price NANO": 1.03e-06, "Duco price TRX": 1.68e-06, "Duco price XMG": 0.0, "Duino-Coin Server API": "github.com/revoxhere/duino-coin", "Kolka": {"Banned": 5514, "Jailed": 144}, "Last block hash": "8de4bc0b3fa1580ec7f3421feb9644fc8ead02b8", "Last sync": 1690077471.7593238, "Last update": "23/07/2023 01:57:57 (UTC)", "Mined blocks": 429821355757, "Miner distribution": {"All": 19483, "Arduino": 2255, "CPU": 618, "ESP32": 8467, "ESP8266": 7111, "GPU": 0, "Other": 11, "Phone": 16, "RPi": 1005, "Web": 0}, "Net energy usage": "13.02 kW", "Open threads": 24, "Pool hashrate": "1630.688 MH/s", "Registered users": 94472, "Server CPU usage": 43.8, "Server RAM usage": 50.4, "Server version": 3.0, "Top 10 richest miners": ["495743830.67087966 DUCO - coinexchange", "385217283.8266602 DUCO - coinexchange", "67880670.73957695 DUCO - bscDUCO", "35164787.197 DUCO - AlmarRido", "24326348.334 DUCO - Flowen1985", "20119947.6942 DUCO - viviana80", "14264497.326 DUCO - bimbasimba94", "12720440.559071772 DUCO - QQ44142894", "11661560.556251094 DUCO - ctecrypto", "10759939.638689265 DUCO - fiorella71"], "XXHASH hashrate": "0 H/s"}