{"Duino-Coin Server API": "github.com/revoxhere/duino-coin", "Server version": 2.7, "Active connections": 78449, "Open threads": 23, "Server CPU usage": 52.8, "Server RAM usage": 71.5, "Last update": "20/10/2021 13:23:39 (UTC)", "Net energy usage": "39.5 kW", "Pool hashrate": "1337.51 MH/s", "DUCO-S1 hashrate": "1337.5 MH/s", "XXHASH hashrate": "0 H/s", "Duco price": 0.0011967, "Duco price XMG": 0.00038717, "Duco price BCH": 0.00051433, "Duco price RVN": 0.00056161, "Duco price TRX": 0.00050585, "Duco price XRP": 0.00021189, "Duco price DGB": 0.00070658, "Duco price NANO": 0.00069733, "Duco price FJC": 0.0007, "Duco Node-S price": 5.1e-05, "Duco JustSwap price": 0.0006822, "Duco PancakeSwap price": 0.0011967, "Duco SushiSwap price": 0.000863903, "Registered users": 21045, "All-time mined DUCO": 15211452.33657645, "Current difficulty": 125000, "Mined blocks": 30569021605, "Last block hash": "cae266eb04", "Kolka": {"Jailed": 48, "Banned": 1338}, "Miner distribution": {"GPU": 0, "CPU": 3738, "RPi": 2009, "Phone": 136, "Web": 610, "ESP32": 11043, "ESP8266": 12722, "Arduino": 6015, "Other": 317, "All": 36590}, "Top 10 richest miners": ["2872453.788447388 DUCO - bscDUCO", "586839.3539601222 DUCO - NodeSBroker", "521520.1555491204 DUCO - 52Pickup", "514035.21009022015 DUCO - coinexchange", "400667.4925514445 DUCO - James_themac", "174558.10104597002 DUCO - celoDUCO", "170240.13285850236 DUCO - Bacman", "123387.18511437952 DUCO - amornlit", "121685.90546844892 DUCO - rootbori", "88113.68698106393 DUCO - caancom"]}