{"Active connections": 1454, "All-time mined DUCO": 60292890.91358766, "Current difficulty": 1000000, "DUCO-S1 hashrate": "5.6 GH/s", "Duco Furim price": 0.0, "Duco Node-S price": 0.0, "Duco PancakeSwap price": 4.7e-05, "Duco SunSwap price": 0.000403, "Duco SushiSwap price": 7.6e-05, "Duco price": 0.000403, "Duco price BCH": 4e-06, "Duco price NANO": 2.3e-05, "Duco price TRX": 3e-06, "Duco price XMG": 6e-06, "Duino-Coin Server API": "github.com/revoxhere/duino-coin", "Kolka": {"Banned": 543, "Jailed": 29}, "Last block hash": "2eb3f8271cd947cdd6469be145558a7bcb72e0d9", "Last sync": 1647607077.9657595, "Last update": "18/03/2022 12:37:59 (UTC)", "Mined blocks": 133217205540, "Miner distribution": {"All": 42998, "Arduino": 7296, "CPU": 4228, "ESP32": 12992, "ESP8266": 14776, "GPU": 0, "Other": 59, "Phone": 212, "RPi": 2647, "Web": 788}, "Net energy usage": "45.94 kW", "Open threads": 21, "Pool hashrate": "5599.57 MH/s", "Registered users": 65141, "Server CPU usage": 40.1, "Server RAM usage": 49.6, "Server version": 3.0, "Top 10 richest miners": ["25867976.673074927 DUCO - bscDUCO", "10000000.269761559 DUCO - miningvir", "3965348.014869814 DUCO - Ochios", "3962275.8619908057 DUCO - RNGesus", "2636114.7493082196 DUCO - coinexchange", "2453550.087773999 DUCO - ifdeduco", "1712339.2611788698 DUCO - DeVisdude", "1554212.2878887714 DUCO - Demoel", "1259841.7739667636 DUCO - T3rminator", "1209837.627673189 DUCO - James_themac"], "XXHASH hashrate": "0 H/s"}