{"Active connections": 2084, "All-time mined DUCO": 1066404406.3578233, "Current difficulty": 75000, "DUCO-S1 hashrate": "1.635 GH/s", "Duco FluffySwap price": 3.871e-06, "Duco Furim price": 0.0, "Duco Node-S price": 0.0, "Duco PancakeSwap price": 1.14421e-05, "Duco SunSwap price": 0.0001054, "Duco SushiSwap price": 1.60519e-05, "Duco UbeSwap price": 2.7898752414944825e-05, "Duco price": 0.0001054, "Duco price BCH": 5.53e-06, "Duco price NANO": 1.1e-06, "Duco price TRX": 1.55e-06, "Duco price XMG": 0.0, "Duino-Coin Server API": "github.com/revoxhere/duino-coin", "Kolka": {"Banned": 5739, "Jailed": 144}, "Last block hash": "8de4bc0b3fa1580ec7f3421feb9644fc8ead02b8", "Last sync": 1689144544.6841831, "Last update": "12/07/2023 06:49:52 (UTC)", "Mined blocks": 426210318204, "Miner distribution": {"All": 20693, "Arduino": 2372, "CPU": 633, "ESP32": 9129, "ESP8266": 7471, "GPU": 0, "Other": 9, "Phone": 11, "RPi": 1068, "Web": 0}, "Net energy usage": "13.69 kW", "Open threads": 23, "Pool hashrate": "1634.606 MH/s", "Registered users": 94336, "Server CPU usage": 59.8, "Server RAM usage": 59.5, "Server version": 3.0, "Top 10 richest miners": ["495743830.67087966 DUCO - coinexchange", "385443859.2825502 DUCO - coinexchange", "50363867.80947695 DUCO - bscDUCO", "36165869.197 DUCO - AlmarRido", "24326348.334 DUCO - Flowen1985", "20119947.6942 DUCO - viviana80", "15115368.927099999 DUCO - Ochios", "12720440.559071772 DUCO - QQ44142894", "12716023.358550377 DUCO - duinousa", "11660707.900325606 DUCO - ctecrypto"], "XXHASH hashrate": "0 H/s"}