{"Active connections": 959, "All-time mined DUCO": 778910136.8976957, "Current difficulty": 200000, "DUCO-S1 hashrate": "1.876 GH/s", "Duco FluffySwap price": 2.3225999999999998e-05, "Duco Furim price": 0.0, "Duco Node-S price": 0.0, "Duco PancakeSwap price": 1.31425e-05, "Duco SunSwap price": 3.174e-05, "Duco SushiSwap price": 8.987494203495e-06, "Duco UbeSwap price": 1.568e-05, "Duco price": 3.818e-05, "Duco price BCH": 0.0, "Duco price NANO": 0.0, "Duco price TRX": 3.318e-05, "Duco price XMG": 3.818e-05, "Duino-Coin Server API": "github.com/revoxhere/duino-coin", "Kolka": {"Banned": 6024, "Jailed": 191}, "Last block hash": "8de4bc0b3fa1580ec7f3421feb9644fc8ead02b8", "Last sync": 1724660385.1161075, "Last update": "26/08/2024 08:19:45 (UTC)", "Mined blocks": 546024684617, "Miner distribution": {"All": 14976, "Arduino": 1756, "CPU": 820, "ESP32": 4948, "ESP8266": 6113, "GPU": 0, "Other": 8, "Phone": 2, "RPi": 1139, "Web": 190}, "Net energy usage": "12.7 kW", "Open threads": 28, "Pool hashrate": "1876.0 MH/s", "Registered users": 105435, "Server CPU usage": 77.3, "Server RAM usage": 93.6, "Server version": 4.0, "Top 10 richest miners": ["235291160.97321552 DUCO - coinexchange", "85472998.70122527 DUCO - bscDUCO", "35576240.569 DUCO - AlmarRido", "30855598.808 DUCO - Flowen1985", "22896923.915 DUCO - bimbasimba94", "20160688.723 DUCO - viviana80", "14928218.238237739 DUCO - aimbert", "14847133.194062889 DUCO - ctecrypto", "12721941.951587833 DUCO - QQ44142894", "11342626.550195757 DUCO - duinousa"], "XXHASH hashrate": "0 H/s"}