{"Active connections": 1434, "All-time mined DUCO": 20756081.3958142, "Current difficulty": 125000, "DUCO-S1 hashrate": "1508.2 MH/s", "Duco JustSwap price": 0.00086625, "Duco Node-S price": 5.1e-05, "Duco PancakeSwap price": 0.000594663, "Duco SushiSwap price": 0.000356015, "Duco price": 0.00086625, "Duco price BCH": 0.00028384, "Duco price DGB": 0.0, "Duco price NANO": 5.11e-05, "Duco price RVN": 0.0, "Duco price TRX": 0.00034387, "Duco price XMG": 0.0007978, "Duco price XRP": 0.0, "Duino-Coin Server API": "github.com/revoxhere/duino-coin", "Kolka": {"Banned": 707, "Jailed": 24}, "Last block hash": "2eb3f8271c", "Last update": "02/12/2021 21:53:19 (UTC)", "Mined blocks": 52716071040, "Miner distribution": {"All": 39866, "Arduino": 6802, "CPU": 4210, "ESP32": 11940, "ESP8266": 13430, "GPU": 0, "Other": 49, "Phone": 504, "RPi": 2445, "Web": 486}, "Net energy usage": "44.05 kW", "Open threads": 21, "Pool hashrate": "1508.23 MH/s", "Registered users": 27657, "Server CPU usage": 52.3, "Server RAM usage": 45.7, "Server version": 2.7, "Top 10 richest miners": ["3942101.7465584218 DUCO - bscDUCO", "1408131.7981484295 DUCO - coinexchange", "593663.674936279 DUCO - NodeSBroker", "351162.15067505674 DUCO - James_themac", "300520.321607231 DUCO - 52Pickup", "188488.057104081 DUCO - celoDUCO", "170241.298916613 DUCO - Bacman", "160386.89257073734 DUCO - maticDUCO", "119999.999999999 DUCO - rootbori", "113387.35117249 DUCO - amornlit"], "XXHASH hashrate": "0 H/s"}