{"Active connections": 806, "All-time mined DUCO": 736807555.9976214, "Current difficulty": 200000, "DUCO-S1 hashrate": "2.546 GH/s", "Duco FluffySwap price": 8.638e-06, "Duco Furim price": 0.0, "Duco Node-S price": 0.0, "Duco PancakeSwap price": 8.57789e-06, "Duco SunSwap price": 0.0001002, "Duco SushiSwap price": 1.2962107682626e-05, "Duco UbeSwap price": 1.1191491992827553e-05, "Duco price": 0.000242, "Duco price BCH": 0.00016665, "Duco price NANO": 0.000242, "Duco price TRX": 1.232e-05, "Duco price XMG": 3.54e-06, "Duino-Coin Server API": "github.com/revoxhere/duino-coin", "Kolka": {"Banned": 5937, "Jailed": 182}, "Last block hash": "8de4bc0b3fa1580ec7f3421feb9644fc8ead02b8", "Last sync": 1716045272.0452554, "Last update": "18/05/2024 15:14:32 (UTC)", "Mined blocks": 520309729589, "Miner distribution": {"All": 18273, "Arduino": 2149, "CPU": 1128, "ESP32": 7325, "ESP8266": 6103, "GPU": 0, "Other": 23, "Phone": 10, "RPi": 1300, "Web": 235}, "Net energy usage": "15.97 kW", "Open threads": 28, "Pool hashrate": "2546.085 MH/s", "Registered users": 102021, "Server CPU usage": 34.6, "Server RAM usage": 92.2, "Server version": 4.0, "Top 10 richest miners": ["78825233.74889731 DUCO - bscDUCO", "39493232.42763998 DUCO - AlmarRido", "30792510.456 DUCO - Flowen1985", "20119947.6942 DUCO - viviana80", "17045685.805999998 DUCO - bimbasimba94", "14868542.997910986 DUCO - aimbert", "14842852.985245641 DUCO - ctecrypto", "12720440.585598174 DUCO - QQ44142894", "11314905.343405012 DUCO - duinousa", "10759939.638689265 DUCO - fiorella71"], "XXHASH hashrate": "0 H/s"}