{"Active connections": 1095, "All-time mined DUCO": 66280068.248683125, "Current difficulty": 75000, "DUCO-S1 hashrate": "2.4 GH/s", "Duco Furim price": 0.0, "Duco Node-S price": 0.0, "Duco PancakeSwap price": 4.8e-05, "Duco SunSwap price": 0.000357, "Duco SushiSwap price": 7e-06, "Duco UbeSwap price": 3.5e-05, "Duco price": 0.021514, "Duco price BCH": 3.6e-05, "Duco price NANO": 2.7e-05, "Duco price TRX": 2.1e-05, "Duco price XMG": 0.001291, "Duino-Coin Server API": "github.com/revoxhere/duino-coin", "Kolka": {"Banned": 959, "Jailed": 70}, "Last block hash": "2eb3f8271cd947cdd6469be145558a7bcb72e0d9", "Last sync": 1660200428.6455576, "Last update": "11/08/2022 06:47:11 (UTC)", "Mined blocks": 239868947939, "Miner distribution": {"All": 33208, "Arduino": 4122, "CPU": 1593, "ESP32": 11284, "ESP8266": 14672, "GPU": 0, "Other": 43, "Phone": 36, "RPi": 1051, "Web": 407}, "Net energy usage": "24.89 kW", "Open threads": 22, "Pool hashrate": "2437.34 MH/s", "Registered users": 76139, "Server CPU usage": 50.5, "Server RAM usage": 49.7, "Server version": 3.0, "Top 10 richest miners": ["39573550.17167598 DUCO - coinexchange", "39300372.79868917 DUCO - bscDUCO", "6974991.289071771 DUCO - QQ44142894", "2879827.0605396526 DUCO - renderman", "2368507.0 DUCO - Brunomoyses23", "2210288.9385462017 DUCO - vyrdudji", "1557278.7428140556 DUCO - maticDUCO", "1436226.401 DUCO - amornlit", "1209839.3183971192 DUCO - James_themac", "980004.222400001 DUCO - Ochios"], "XXHASH hashrate": "0 H/s"}