{"Duino-Coin Server API": "github.com/revoxhere/duino-coin", "Server version": 2.6, "Active connections": 8539, "Open threads": 22, "Server CPU usage": 68.0, "Server RAM usage": 60.1, "Last update": "15/08/2021 00:51:49 (UTC)", "Net energy usage": "90.45 kW", "Pool hashrate": "2.3098 GH/s", "DUCO-S1 hashrate": "2.3 GH/s", "XXHASH hashrate": "40.1 MH/s", "Duco price": 0.019778, "Duco price XMG": 0.01966032, "Duco price BCH": 0.00174235, "Duco price TRX": 0.0018691, "Duco price XRP": 0.0022575, "Duco price DGB": 0.00188468, "Duco Node-S price": 0.019778, "Duco JustSwap price": 0.00577757, "Duco PancakeSwap price": 0.00507655, "Registered users": 19748, "All-time mined DUCO": 5491308.625420853, "Current difficulty": 435274, "Mined blocks": 10446917390, "Last block hash": "d30e3c2b78", "Kolka": {"Jailed": 0, "Banned": 417}, "Miner distribution": {"GPU": 0, "CPU": 6724, "RPi": 1932, "ESP32": 8037, "ESP8266": 10644, "Arduino": 5978, "Other": 357}, "Top 10 richest miners": ["473769.4379246177 DUCO - bscDUCO", "169635.05152510223 DUCO - Bacman", "113047.81717084788 DUCO - amornlit", "100045.54646648349 DUCO - 52Pickup", "99999.99999999886 DUCO - WannaCry", "86104.01387849575 DUCO - caancom", "71960.01377963257 DUCO - coinexchange", "50288.45762651612 DUCO - duinocrfsh", "50250.514537841416 DUCO - rootbori", "47119.90790638301 DUCO - chipsa"]}