{"Active connections": 977, "All-time mined DUCO": 757137338.8213862, "Current difficulty": 200000, "DUCO-S1 hashrate": "1.505 GH/s", "Duco FluffySwap price": 9.156e-06, "Duco Furim price": 0.0, "Duco Node-S price": 0.0, "Duco PancakeSwap price": 1.42855e-05, "Duco SunSwap price": 2.509e-05, "Duco SushiSwap price": 9.464632013668e-06, "Duco UbeSwap price": 0.0, "Duco price": 2.509e-05, "Duco price BCH": 0.0, "Duco price NANO": 0.0, "Duco price TRX": 1.311e-05, "Duco price XMG": 1.31e-06, "Duino-Coin Server API": "github.com/revoxhere/duino-coin", "Kolka": {"Banned": 5991, "Jailed": 191}, "Last block hash": "8de4bc0b3fa1580ec7f3421feb9644fc8ead02b8", "Last sync": 1722403167.1957796, "Last update": "31/07/2024 05:19:27 (UTC)", "Mined blocks": 539738569594, "Miner distribution": {"All": 16285, "Arduino": 2007, "CPU": 881, "ESP32": 6087, "ESP8266": 5982, "GPU": 0, "Other": 10, "Phone": 13, "RPi": 1127, "Web": 178}, "Net energy usage": "13.49 kW", "Open threads": 27, "Pool hashrate": "1505.431 MH/s", "Registered users": 104645, "Server CPU usage": 65.4, "Server RAM usage": 91.1, "Server version": 4.0, "Top 10 richest miners": ["244095901.17692548 DUCO - coinexchange", "81976627.19825932 DUCO - bscDUCO", "30855598.808 DUCO - Flowen1985", "30000980.1298474 DUCO - AlmarRido", "18660231.933085453 DUCO - aimbert", "18280977.178 DUCO - bimbasimba94", "16096358.288900001 DUCO - viviana80", "14847133.194062889 DUCO - ctecrypto", "12721940.59109726 DUCO - QQ44142894", "11341612.569230232 DUCO - duinousa"], "XXHASH hashrate": "0 H/s"}