{"Active connections": 714, "All-time mined DUCO": 90470572.7626476, "Current difficulty": 1000000, "DUCO-S1 hashrate": "2.9 GH/s", "Duco Furim price": 0.0, "Duco Node-S price": 0.0, "Duco PancakeSwap price": 4e-05, "Duco SunSwap price": 4.3e-05, "Duco SushiSwap price": 1.2e-05, "Duco UbeSwap price": 2.8e-05, "Duco price": 8.7e-05, "Duco price BCH": 1.3e-05, "Duco price NANO": 1.2e-05, "Duco price TRX": 1.7e-05, "Duco price XMG": 8.7e-05, "Duino-Coin Server API": "github.com/revoxhere/duino-coin", "Kolka": {"Banned": 936, "Jailed": 56}, "Last block hash": "2eb3f8271cd947cdd6469be145558a7bcb72e0d9", "Last sync": 1656932856.2462962, "Last update": "04/07/2022 11:07:37 (UTC)", "Mined blocks": 215699390682, "Miner distribution": {"All": 36883, "Arduino": 4811, "CPU": 2176, "ESP32": 12821, "ESP8266": 15228, "GPU": 0, "Other": 87, "Phone": 48, "RPi": 1468, "Web": 244}, "Net energy usage": "30.13 kW", "Open threads": 22, "Pool hashrate": "2908.99 MH/s", "Registered users": 73588, "Server CPU usage": 31.4, "Server RAM usage": 27.1, "Server version": 3.0, "Top 10 richest miners": ["34153185.622689165 DUCO - bscDUCO", "16868013.00251215 DUCO - Ochios", "7753247.696489331 DUCO - ctecrypto", "6974991.289071771 DUCO - QQ44142894", "5754461.120496169 DUCO - renderman", "4006769.0453929054 DUCO - Demoel", "3487014.933396697 DUCO - coinexchange", "2368507.0 DUCO - Brunomoyses23", "2210288.9385462017 DUCO - vyrdudji", "2070152.565 DUCO - CryptSino_Exchange"], "XXHASH hashrate": "0 H/s"}