{"Active connections": 889, "All-time mined DUCO": 174634887.4297182, "Current difficulty": 75000, "DUCO-S1 hashrate": "2.5 GH/s", "Duco FluffySwap price": 1.7009999999999999e-06, "Duco Furim price": 0.0, "Duco Node-S price": 0.0, "Duco PancakeSwap price": 4.04226e-05, "Duco SunSwap price": 4.987e-05, "Duco SushiSwap price": 3.37705e-06, "Duco UbeSwap price": 2.852410137485506e-05, "Duco price": 4.987e-05, "Duco price BCH": 2.43e-06, "Duco price NANO": 1.6e-06, "Duco price TRX": 4.09e-06, "Duco price XMG": 0.0, "Duino-Coin Server API": "github.com/revoxhere/duino-coin", "Kolka": {"Banned": 1226, "Jailed": 93}, "Last block hash": "8de4bc0b3fa1580ec7f3421feb9644fc8ead02b8", "Last sync": 1672513891.7084203, "Last update": "31/12/2022 19:11:36 (UTC)", "Mined blocks": 331240430008, "Miner distribution": {"All": 32940, "Arduino": 3633, "CPU": 1221, "ESP32": 12300, "ESP8266": 13790, "GPU": 0, "Other": 22, "Phone": 7, "RPi": 1640, "Web": 327}, "Net energy usage": "23.37 kW", "Open threads": 25, "Pool hashrate": "2545.46 MH/s", "Registered users": 86208, "Server CPU usage": 43.6, "Server RAM usage": 35.8, "Server version": 3.0, "Top 10 richest miners": ["99986315.76512176 DUCO - coinexchange", "40089617.73070239 DUCO - bscDUCO", "20119945.00125 DUCO - viviana80", "14965357.425395073 DUCO - Ochios", "13675334.218015814 DUCO - ctecrypto", "11692429.559071772 DUCO - QQ44142894", "10759939.638689265 DUCO - fiorella71", "8125736.123916335 DUCO - Orion_0x43b", "6808164.658056382 DUCO - lordachoo", "4267666.823 DUCO - Demoel"], "XXHASH hashrate": "0 H/s"}