{"Active connections": 1059, "All-time mined DUCO": 162447396.1757603, "Current difficulty": 75000, "DUCO-S1 hashrate": "2.3 GH/s", "Duco FluffySwap price": 2.163e-06, "Duco Furim price": 0.0, "Duco Node-S price": 0.0, "Duco PancakeSwap price": 4.3666e-05, "Duco SunSwap price": 5.462e-05, "Duco SushiSwap price": 5.21435e-06, "Duco UbeSwap price": 2.845420857596612e-05, "Duco price": 5.462e-05, "Duco price BCH": 3.08e-06, "Duco price NANO": 1.95e-06, "Duco price TRX": 4.5e-06, "Duco price XMG": 0.0, "Duino-Coin Server API": "github.com/revoxhere/duino-coin", "Kolka": {"Banned": 1252, "Jailed": 95}, "Last block hash": "8de4bc0b3fa1580ec7f3421feb9644fc8ead02b8", "Last sync": 1673653321.806857, "Last update": "13/01/2023 23:42:07 (UTC)", "Mined blocks": 338341165132, "Miner distribution": {"All": 33530, "Arduino": 3775, "CPU": 1181, "ESP32": 12656, "ESP8266": 13846, "GPU": 0, "Other": 18, "Phone": 6, "RPi": 1577, "Web": 471}, "Net energy usage": "23.35 kW", "Open threads": 24, "Pool hashrate": "2280.77 MH/s", "Registered users": 86927, "Server CPU usage": 54.5, "Server RAM usage": 53.7, "Server version": 3.0, "Top 10 richest miners": ["92265926.86367254 DUCO - coinexchange", "40592353.73070239 DUCO - bscDUCO", "20119946.6942 DUCO - viviana80", "11692429.559071772 DUCO - QQ44142894", "10759939.638689265 DUCO - fiorella71", "8125736.123916335 DUCO - Orion_0x43b", "6810751.7486628825 DUCO - lordachoo", "4965363.69527713 DUCO - Ochios", "4962508.18799966 DUCO - bimbasimba94", "4267666.823 DUCO - Demoel"], "XXHASH hashrate": "0 H/s"}