{"Active connections": 1374, "All-time mined DUCO": 192124430.73675367, "Current difficulty": 75000, "DUCO-S1 hashrate": "2.7 GH/s", "Duco FluffySwap price": 3.703e-06, "Duco Furim price": 0.0, "Duco Node-S price": 0.0, "Duco PancakeSwap price": 2.79369e-05, "Duco SunSwap price": 5.656e-05, "Duco SushiSwap price": 6.23366e-06, "Duco UbeSwap price": 2.891638595203949e-05, "Duco price": 5.656e-05, "Duco price BCH": 5.29e-06, "Duco price NANO": 3.48e-06, "Duco price TRX": 4.68e-06, "Duco price XMG": 0.0, "Duino-Coin Server API": "github.com/revoxhere/duino-coin", "Kolka": {"Banned": 1265, "Jailed": 98}, "Last block hash": "8de4bc0b3fa1580ec7f3421feb9644fc8ead02b8", "Last sync": 1675090638.7762885, "Last update": "30/01/2023 14:57:25 (UTC)", "Mined blocks": 347333053482, "Miner distribution": {"All": 34315, "Arduino": 4114, "CPU": 1448, "ESP32": 12997, "ESP8266": 13740, "GPU": 0, "Other": 16, "Phone": 14, "RPi": 1580, "Web": 406}, "Net energy usage": "25.12 kW", "Open threads": 24, "Pool hashrate": "2665.26 MH/s", "Registered users": 87826, "Server CPU usage": 57.7, "Server RAM usage": 61.1, "Server version": 3.0, "Top 10 richest miners": ["82250161.13311628 DUCO - coinexchange", "41220007.34345014 DUCO - bscDUCO", "20119946.6942 DUCO - viviana80", "11692429.559071772 DUCO - QQ44142894", "10759939.638689265 DUCO - fiorella71", "8125736.123916335 DUCO - Orion_0x43b", "7695798.286 DUCO - RNGesus", "6814969.387544095 DUCO - lordachoo", "5637139.684 DUCO - sudoerrno", "4965363.69527713 DUCO - Ochios"], "XXHASH hashrate": "0 H/s"}