{"Active connections": 1157, "All-time mined DUCO": 85195072.45626362, "Current difficulty": 75000, "DUCO-S1 hashrate": "3.0 GH/s", "Duco Furim price": 0.0, "Duco Node-S price": 0.0, "Duco PancakeSwap price": 3.4e-05, "Duco SunSwap price": 0.00016, "Duco SushiSwap price": 2.8e-05, "Duco UbeSwap price": 2.9e-05, "Duco price": 0.0006, "Duco price BCH": 3.9e-05, "Duco price NANO": 2.7e-05, "Duco price TRX": 2.9e-05, "Duco price XMG": 0.000599, "Duino-Coin Server API": "github.com/revoxhere/duino-coin", "Kolka": {"Banned": 998, "Jailed": 80}, "Last block hash": "2eb3f8271cd947cdd6469be145558a7bcb72e0d9", "Last sync": 1662335640.6840072, "Last update": "04/09/2022 23:54:02 (UTC)", "Mined blocks": 254025630022, "Miner distribution": {"All": 38090, "Arduino": 4679, "CPU": 2237, "ESP32": 13778, "ESP8266": 15752, "GPU": 0, "Other": 28, "Phone": 82, "RPi": 1163, "Web": 371}, "Net energy usage": "30.73 kW", "Open threads": 22, "Pool hashrate": "2972.91 MH/s", "Registered users": 77808, "Server CPU usage": 33.8, "Server RAM usage": 56.8, "Server version": 3.0, "Top 10 richest miners": ["39881546.258514926 DUCO - bscDUCO", "26146371.69407763 DUCO - coinexchange", "15964250.693 DUCO - Ochios", "6974991.289071771 DUCO - QQ44142894", "4020929.041410649 DUCO - Demoel", "2443120.128489314 DUCO - ctecrypto", "2368507.0 DUCO - Brunomoyses23", "2210288.919161586 DUCO - vyrdudji", "2059957.769317955 DUCO - renderman", "1546404.0314821827 DUCO - maticDUCO"], "XXHASH hashrate": "0 H/s"}