{"Active connections": 1162, "All-time mined DUCO": 146971784.7046094, "Current difficulty": 75000, "DUCO-S1 hashrate": "3.2 GH/s", "Duco FluffySwap price": 1.0745e-05, "Duco Furim price": 0.0, "Duco Node-S price": 0.0, "Duco PancakeSwap price": 5.39179e-05, "Duco SunSwap price": 5.728e-05, "Duco SushiSwap price": 7.12775e-05, "Duco UbeSwap price": 2.936427850655903e-05, "Duco price": 7.12775e-05, "Duco price BCH": 1.533e-05, "Duco price NANO": 6.84e-06, "Duco price TRX": 5.88e-06, "Duco price XMG": 0.0, "Duino-Coin Server API": "github.com/revoxhere/duino-coin", "Kolka": {"Banned": 1145, "Jailed": 89}, "Last block hash": "8de4bc0b3fa1580ec7f3421feb9644fc8ead02b8", "Last sync": 1667949499.4428194, "Last update": "08/11/2022 23:18:27 (UTC)", "Mined blocks": 298051430681, "Miner distribution": {"All": 38664, "Arduino": 4409, "CPU": 2046, "ESP32": 13597, "ESP8266": 16491, "GPU": 0, "Other": 34, "Phone": 71, "RPi": 1592, "Web": 424}, "Net energy usage": "30.58 kW", "Open threads": 23, "Pool hashrate": "3180.57 MH/s", "Registered users": 83036, "Server CPU usage": 55.3, "Server RAM usage": 47.0, "Server version": 3.0, "Top 10 richest miners": ["36933805.025158234 DUCO - bscDUCO", "20119945.00125 DUCO - viviana80", "16965324.87115637 DUCO - Ochios", "16098502.983762609 DUCO - coinexchange", "11692429.559071772 DUCO - QQ44142894", "6519677.062702177 DUCO - Orion_0x43b", "5509851.309846388 DUCO - fiorella71", "4597463.064321644 DUCO - lordachoo", "2368507.0 DUCO - Brunomoyses23", "2210288.919161586 DUCO - vyrdudji"], "XXHASH hashrate": "0 H/s"}