{"Active connections": 1764, "All-time mined DUCO": 19345505.245647572, "Current difficulty": 75000, "DUCO-S1 hashrate": "2086.6 MH/s", "Duco JustSwap price": 7.846e-05, "Duco Node-S price": 2.1e-05, "Duco PancakeSwap price": 0.000471918, "Duco SushiSwap price": 0.000116574, "Duco price": 0.000471918, "Duco price BCH": 1.978e-05, "Duco price NANO": 1.252e-05, "Duco price TRX": 7.075e-05, "Duco price XMG": 0.00030098, "Duino-Coin Server API": "github.com/revoxhere/duino-coin", "Kolka": {"Banned": 771, "Jailed": 24}, "Last block hash": "2eb3f8271c", "Last sync": 1641489396.150871, "Last update": "06/01/2022 17:16:36 (UTC)", "Mined blocks": 78756336369, "Miner distribution": {"All": 34483, "Arduino": 6811, "CPU": 5800, "ESP32": 7700, "ESP8266": 9110, "GPU": 0, "Other": 29, "Phone": 278, "RPi": 2672, "Web": 2083}, "Net energy usage": "52.08 kW", "Open threads": 22, "Pool hashrate": "2086.56 MH/s", "Registered users": 38862, "Server CPU usage": 41.4, "Server RAM usage": 46.0, "Server version": 2.7, "Top 10 richest miners": ["6046832.1429686565 DUCO - bscDUCO", "530807.5372981913 DUCO - NodeSBroker", "397162.15067505674 DUCO - James_themac", "305922.30148732825 DUCO - bimbasimba94", "300520.321607231 DUCO - 52Pickup", "206104.5112477876 DUCO - maticDUCO", "190582.057104081 DUCO - celoDUCO", "170241.298916613 DUCO - Bacman", "140706.0762713289 DUCO - coinexchange", "120000.999999999 DUCO - rootbori"], "XXHASH hashrate": "0 H/s"}