{"Active connections": 1051, "All-time mined DUCO": 715171045.3607328, "Current difficulty": 75000, "DUCO-S1 hashrate": "1.958 GH/s", "Duco FluffySwap price": 2.457e-06, "Duco Furim price": 0.0, "Duco Node-S price": 0.0, "Duco PancakeSwap price": 1.00646e-05, "Duco SunSwap price": 0.00016341, "Duco SushiSwap price": 1.24512e-05, "Duco UbeSwap price": 2.9828006500541712e-05, "Duco price": 0.00016341, "Duco price BCH": 3.51e-06, "Duco price NANO": 1.9e-06, "Duco price TRX": 2.79e-06, "Duco price XMG": 0.0, "Duino-Coin Server API": "github.com/revoxhere/duino-coin", "Kolka": {"Banned": 1357, "Jailed": 121}, "Last block hash": "8de4bc0b3fa1580ec7f3421feb9644fc8ead02b8", "Last sync": 1683500590.5614588, "Last update": "07/05/2023 23:03:14 (UTC)", "Mined blocks": 398159116582, "Miner distribution": {"All": 24256, "Arduino": 3040, "CPU": 902, "ESP32": 10499, "ESP8266": 8029, "GPU": 0, "Other": 11, "Phone": 20, "RPi": 1514, "Web": 241}, "Net energy usage": "17.36 kW", "Open threads": 24, "Pool hashrate": "1957.798 MH/s", "Registered users": 92485, "Server CPU usage": 57.7, "Server RAM usage": 46.9, "Server version": 3.0, "Top 10 richest miners": ["495743830.67087966 DUCO - coinexchange", "444786096.6095876 DUCO - coinexchange", "54938403.49839266 DUCO - bscDUCO", "20119947.6942 DUCO - viviana80", "15115368.927099999 DUCO - Ochios", "12720440.559071772 DUCO - QQ44142894", "10759939.638689265 DUCO - fiorella71", "8125736.123916335 DUCO - Orion_0x43b", "7201061.658538505 DUCO - msdo1006", "6835804.667998603 DUCO - lordachoo"], "XXHASH hashrate": "0 H/s"}