{"Duino-Coin Server API": "github.com/revoxhere/duino-coin", "Server version": 2.7, "Active connections": 10209, "Open threads": 23, "Server CPU usage": 44.1, "Server RAM usage": 56.4, "Last update": "14/10/2021 15:51:09 (UTC)", "Net energy usage": "36.93 kW", "Pool hashrate": "1319.17 MH/s", "DUCO-S1 hashrate": "1319.2 MH/s", "XXHASH hashrate": "0 H/s", "Duco price": 0.00345168, "Duco price XMG": 0.00345168, "Duco price BCH": 0.0005398, "Duco price RVN": 0.00067133, "Duco price TRX": 0.00067055, "Duco price XRP": 0.00022109, "Duco price DGB": 0.0007439, "Duco price NANO": 0.00075142, "Duco price FJC": 0.00075, "Duco Node-S price": 5.1e-05, "Duco JustSwap price": 0.00101843, "Duco PancakeSwap price": 0.000691645, "Duco SushiSwap price": 0.000756806, "Registered users": 20451, "All-time mined DUCO": 14247509.410214135, "Current difficulty": 125000, "Mined blocks": 27671571450, "Last block hash": "974104f441", "Kolka": {"Jailed": 48, "Banned": 1332}, "Miner distribution": {"GPU": 0, "CPU": 3386, "RPi": 2015, "Phone": 226, "Web": 561, "ESP32": 10890, "ESP8266": 12277, "Arduino": 5648, "Other": 176, "All": 35179}, "Top 10 richest miners": ["2730574.6025205576 DUCO - bscDUCO", "585965.8937961721 DUCO - NodeSBroker", "521520.1555491204 DUCO - 52Pickup", "400213.39418625395 DUCO - James_themac", "362410.7359145401 DUCO - coinexchange", "170240.13285850236 DUCO - Bacman", "162599.10104597002 DUCO - celoDUCO", "123387.18511437952 DUCO - amornlit", "121685.90546844892 DUCO - rootbori", "87647.13534250733 DUCO - caancom"]}