{"Active connections": 1298, "All-time mined DUCO": 56698735.220438436, "Current difficulty": 1000000, "DUCO-S1 hashrate": "5.2 GH/s", "Duco Furim price": 0.0, "Duco Node-S price": 0.0, "Duco PancakeSwap price": 4.7e-05, "Duco SunSwap price": 0.00017, "Duco SushiSwap price": 7.6e-05, "Duco price": 0.000172, "Duco price BCH": 6e-06, "Duco price NANO": 2.7e-05, "Duco price TRX": 5e-06, "Duco price XMG": 1.2e-05, "Duino-Coin Server API": "github.com/revoxhere/duino-coin", "Kolka": {"Banned": 596, "Jailed": 31}, "Last block hash": "2eb3f8271cd947cdd6469be145558a7bcb72e0d9", "Last sync": 1647831149.5117145, "Last update": "21/03/2022 02:52:30 (UTC)", "Mined blocks": 135341116112, "Miner distribution": {"All": 42229, "Arduino": 7111, "CPU": 4036, "ESP32": 12554, "ESP8266": 14842, "GPU": 0, "Other": 62, "Phone": 253, "RPi": 2615, "Web": 756}, "Net energy usage": "44.49 kW", "Open threads": 21, "Pool hashrate": "5245.35 MH/s", "Registered users": 65570, "Server CPU usage": 37.3, "Server RAM usage": 52.3, "Server version": 3.0, "Top 10 richest miners": ["25811288.414274927 DUCO - bscDUCO", "10000001.269761559 DUCO - miningvir", "3965348.014869814 DUCO - Ochios", "3962275.8619908057 DUCO - RNGesus", "2685310.0693082195 DUCO - coinexchange", "2453550.087773999 DUCO - ifdeduco", "1209837.627673189 DUCO - James_themac", "1201880.7146749524 DUCO - juanjefraire", "1000046.033482158 DUCO - Demoel", "1000000.35117249 DUCO - amornlit"], "XXHASH hashrate": "0 H/s"}