{"Active connections": 694, "All-time mined DUCO": 739853633.5790241, "Current difficulty": 200000, "DUCO-S1 hashrate": "2.635 GH/s", "Duco FluffySwap price": 0.0, "Duco Furim price": 0.0, "Duco Node-S price": 0.0, "Duco PancakeSwap price": 8.57789e-06, "Duco SunSwap price": 4.559e-05, "Duco SushiSwap price": 1.2962107682626e-05, "Duco UbeSwap price": 1.1191491992827553e-05, "Duco price": 0.00023, "Duco price BCH": 0.00016477, "Duco price NANO": 0.00023, "Duco price TRX": 1.203e-05, "Duco price XMG": 0.0, "Duino-Coin Server API": "github.com/revoxhere/duino-coin", "Kolka": {"Banned": 5900, "Jailed": 177}, "Last block hash": "8de4bc0b3fa1580ec7f3421feb9644fc8ead02b8", "Last sync": 1714223372.7892709, "Last update": "27/04/2024 13:09:32 (UTC)", "Mined blocks": 515472929492, "Miner distribution": {"All": 16810, "Arduino": 2527, "CPU": 1022, "ESP32": 6245, "ESP8266": 5568, "GPU": 0, "Other": 34, "Phone": 23, "RPi": 1391, "Web": 0}, "Net energy usage": "14.61 kW", "Open threads": 26, "Pool hashrate": "2634.507 MH/s", "Registered users": 101173, "Server CPU usage": 25.2, "Server RAM usage": 94.1, "Server version": 4.0, "Top 10 richest miners": ["78435748.74889731 DUCO - bscDUCO", "39491496.79265186 DUCO - AlmarRido", "30792510.456 DUCO - Flowen1985", "20119947.6942 DUCO - viviana80", "17011708.804704107 DUCO - bimbasimba94", "14868531.194595315 DUCO - aimbert", "14841874.440919967 DUCO - ctecrypto", "14142715.337324122 DUCO - duinousa", "12720440.559071772 DUCO - QQ44142894", "10759939.638689265 DUCO - fiorella71"], "XXHASH hashrate": "0 H/s"}