{"Active connections": 1118, "All-time mined DUCO": 50044851.72760017, "Current difficulty": 1000000, "DUCO-S1 hashrate": "4.0 GH/s", "Duco Furim price": 0.0, "Duco Node-S price": 0.0, "Duco PancakeSwap price": 6e-05, "Duco SunSwap price": 0.000157, "Duco SushiSwap price": 1.6e-05, "Duco UbeSwap price": 0.000106, "Duco price": 0.000158, "Duco price BCH": 9e-06, "Duco price NANO": 4.4e-05, "Duco price TRX": 1.8e-05, "Duco price XMG": 6.2e-05, "Duino-Coin Server API": "github.com/revoxhere/duino-coin", "Kolka": {"Banned": 764, "Jailed": 48}, "Last block hash": "2eb3f8271cd947cdd6469be145558a7bcb72e0d9", "Last sync": 1651452766.8542624, "Last update": "02/05/2022 00:52:48 (UTC)", "Mined blocks": 168079974786, "Miner distribution": {"All": 38960, "Arduino": 5818, "CPU": 3383, "ESP32": 12427, "ESP8266": 14789, "GPU": 0, "Other": 74, "Phone": 149, "RPi": 1933, "Web": 387}, "Net energy usage": "38.48 kW", "Open threads": 21, "Pool hashrate": "3951.68 MH/s", "Registered users": 71923, "Server CPU usage": 27.5, "Server RAM usage": 27.6, "Server version": 3.0, "Top 10 richest miners": ["24194115.391258266 DUCO - bscDUCO", "6303650.305377089 DUCO - Ochios", "3633842.5774254114 DUCO - QQ44142894", "2210288.9385462017 DUCO - vyrdudji", "2100530.6945775906 DUCO - varanese67", "1812426.0220304665 DUCO - coinexchange", "1453214.3490399483 DUCO - maticDUCO", "1209839.3105654893 DUCO - James_themac", "1203127.4547189518 DUCO - ivanrpz", "957862.041223795 DUCO - econnaty"], "XXHASH hashrate": "0 H/s"}