{"Active connections": 1795, "All-time mined DUCO": 95391560.6855979, "Current difficulty": 75000, "DUCO-S1 hashrate": "3.3 GH/s", "Duco FluffySwap price": 2.2e-05, "Duco Furim price": 0.0, "Duco Node-S price": 0.0, "Duco PancakeSwap price": 3.6e-05, "Duco SunSwap price": 8.9e-05, "Duco SushiSwap price": 1.5e-05, "Duco UbeSwap price": 2.9e-05, "Duco price": 0.000134, "Duco price BCH": 3.1e-05, "Duco price NANO": 1.2e-05, "Duco price TRX": 1.6e-05, "Duco price XMG": 0.000134, "Duino-Coin Server API": "github.com/revoxhere/duino-coin", "Kolka": {"Banned": 1080, "Jailed": 86}, "Last block hash": "76b37624ebe2ec11780c1877c26931f57e82c541", "Last sync": 1665036973.62048, "Last update": "06/10/2022 06:16:15 (UTC)", "Mined blocks": 275098577376, "Miner distribution": {"All": 39436, "Arduino": 4685, "CPU": 2342, "ESP32": 13736, "ESP8266": 16905, "GPU": 0, "Other": 125, "Phone": 70, "RPi": 1232, "Web": 341}, "Net energy usage": "32.04 kW", "Open threads": 23, "Pool hashrate": "3272.07 MH/s", "Registered users": 80439, "Server CPU usage": 43.0, "Server RAM usage": 60.0, "Server version": 3.0, "Top 10 richest miners": ["47545562.8508182 DUCO - coinexchange", "39696214.437422335 DUCO - bscDUCO", "15965314.016999999 DUCO - Ochios", "6974991.289071771 DUCO - QQ44142894", "4075220.2860000003 DUCO - AlmarRido", "2575895.27870795 DUCO - ThePurpleMadMan", "2368507.0 DUCO - Brunomoyses23", "2210288.919161586 DUCO - vyrdudji", "1819700.4640609866 DUCO - giveaways", "1633775.8630387518 DUCO - maticDUCO"], "XXHASH hashrate": "0 H/s"}