{"Active connections": 853, "All-time mined DUCO": 87420195.7375977, "Current difficulty": 1000000, "DUCO-S1 hashrate": "2.8 GH/s", "Duco Furim price": 0.0, "Duco Node-S price": 0.0, "Duco PancakeSwap price": 7.1e-05, "Duco SunSwap price": 4.3e-05, "Duco SushiSwap price": 1.8e-05, "Duco UbeSwap price": 3.5e-05, "Duco price": 0.065524, "Duco price BCH": 1.7e-05, "Duco price NANO": 1.5e-05, "Duco price TRX": 1.3e-05, "Duco price XMG": 8.7e-05, "Duino-Coin Server API": "github.com/revoxhere/duino-coin", "Kolka": {"Banned": 925, "Jailed": 58}, "Last block hash": "2eb3f8271cd947cdd6469be145558a7bcb72e0d9", "Last sync": 1657800091.706817, "Last update": "14/07/2022 12:01:32 (UTC)", "Mined blocks": 222803873605, "Miner distribution": {"All": 35713, "Arduino": 4268, "CPU": 2073, "ESP32": 12463, "ESP8266": 15050, "GPU": 0, "Other": 83, "Phone": 62, "RPi": 1453, "Web": 261}, "Net energy usage": "29.14 kW", "Open threads": 22, "Pool hashrate": "2849.42 MH/s", "Registered users": 74259, "Server CPU usage": 34.9, "Server RAM usage": 48.4, "Server version": 3.0, "Top 10 richest miners": ["49824728.2973967 DUCO - coinexchange", "34092810.622689165 DUCO - bscDUCO", "16868017.35010215 DUCO - Ochios", "7753879.799555499 DUCO - ctecrypto", "6974991.289071771 DUCO - QQ44142894", "5883755.464421101 DUCO - renderman", "2368507.0 DUCO - Brunomoyses23", "2210288.9385462017 DUCO - vyrdudji", "2070152.565 DUCO - CryptSino_Exchange", "1414934.5421398599 DUCO - maticDUCO"], "XXHASH hashrate": "0 H/s"}