{"Active connections": 688, "All-time mined DUCO": 684958183.8099374, "Current difficulty": 75000, "DUCO-S1 hashrate": "2.0 GH/s", "Duco FluffySwap price": 1.7429999999999999e-06, "Duco Furim price": 0.0, "Duco Node-S price": 0.0, "Duco PancakeSwap price": 3.13039e-05, "Duco SunSwap price": 2.345e-05, "Duco SushiSwap price": 1.88429e-05, "Duco UbeSwap price": 2.949693582059398e-05, "Duco price": 3.13039e-05, "Duco price BCH": 2.49e-06, "Duco price NANO": 1.82e-06, "Duco price TRX": 2.25e-06, "Duco price XMG": 0.0, "Duino-Coin Server API": "github.com/revoxhere/duino-coin", "Kolka": {"Banned": 1331, "Jailed": 115}, "Last block hash": "8de4bc0b3fa1580ec7f3421feb9644fc8ead02b8", "Last sync": 1679878245.38039, "Last update": "27/03/2023 00:50:48 (UTC)", "Mined blocks": 376376548338, "Miner distribution": {"All": 28682, "Arduino": 3592, "CPU": 952, "ESP32": 10885, "ESP8266": 11425, "GPU": 0, "Other": 12, "Phone": 22, "RPi": 1559, "Web": 235}, "Net energy usage": "19.7 kW", "Open threads": 25, "Pool hashrate": "1974.91 MH/s", "Registered users": 90839, "Server CPU usage": 43.7, "Server RAM usage": 41.1, "Server version": 3.0, "Top 10 richest miners": ["495743830.67087966 DUCO - coinexchange", "494554458.701114 DUCO - coinexchange", "34517385.708276175 DUCO - bscDUCO", "20119946.6942 DUCO - viviana80", "15115364.7271 DUCO - Ochios", "12720440.559071772 DUCO - QQ44142894", "10759939.638689265 DUCO - fiorella71", "8125736.123916335 DUCO - Orion_0x43b", "6827306.141433417 DUCO - lordachoo", "6785746.657011401 DUCO - msdo1006"], "XXHASH hashrate": "0 H/s"}