{"Active connections": 964, "All-time mined DUCO": 706059809.3195981, "Current difficulty": 75000, "DUCO-S1 hashrate": "2.0 GH/s", "Duco FluffySwap price": 1.8549999999999998e-06, "Duco Furim price": 0.0, "Duco Node-S price": 0.0, "Duco PancakeSwap price": 1.98386e-05, "Duco SunSwap price": 2.419e-05, "Duco SushiSwap price": 1.78029e-05, "Duco UbeSwap price": 2.9828006500541712e-05, "Duco price": 2.9828006500541712e-05, "Duco price BCH": 2.65e-06, "Duco price NANO": 1.84e-06, "Duco price TRX": 2.32e-06, "Duco price XMG": 0.0, "Duino-Coin Server API": "github.com/revoxhere/duino-coin", "Kolka": {"Banned": 1346, "Jailed": 123}, "Last block hash": "8de4bc0b3fa1580ec7f3421feb9644fc8ead02b8", "Last sync": 1681586961.9751444, "Last update": "15/04/2023 19:29:26 (UTC)", "Mined blocks": 386664839076, "Miner distribution": {"All": 25601, "Arduino": 3342, "CPU": 903, "ESP32": 9000, "ESP8266": 10567, "GPU": 0, "Other": 20, "Phone": 10, "RPi": 1461, "Web": 298}, "Net energy usage": "18.05 kW", "Open threads": 24, "Pool hashrate": "2030.05 MH/s", "Registered users": 91684, "Server CPU usage": 52.5, "Server RAM usage": 53.8, "Server version": 3.0, "Top 10 richest miners": ["495743830.67087966 DUCO - coinexchange", "476718841.5389794 DUCO - coinexchange", "44453943.566 DUCO - bscDUCO", "20119947.6942 DUCO - viviana80", "15115368.927099999 DUCO - Ochios", "12720440.559071772 DUCO - QQ44142894", "10759939.638689265 DUCO - fiorella71", "8125736.123916335 DUCO - Orion_0x43b", "7200244.70300476 DUCO - msdo1006", "6832301.256573699 DUCO - lordachoo"], "XXHASH hashrate": "0 H/s"}