{"Active connections": 701, "All-time mined DUCO": 220718111.72308233, "Current difficulty": 75000, "DUCO-S1 hashrate": "2.2 GH/s", "Duco FluffySwap price": 3.3739999999999994e-06, "Duco Furim price": 0.0, "Duco Node-S price": 0.0, "Duco PancakeSwap price": 2.58901e-05, "Duco SunSwap price": 2.47e-05, "Duco SushiSwap price": 3.29103e-05, "Duco UbeSwap price": 2.8687163822298956e-05, "Duco price": 3.29103e-05, "Duco price BCH": 4.87e-06, "Duco price NANO": 3.24e-06, "Duco price TRX": 5.07e-06, "Duco price XMG": 0.0, "Duino-Coin Server API": "github.com/revoxhere/duino-coin", "Kolka": {"Banned": 1333, "Jailed": 115}, "Last block hash": "8de4bc0b3fa1580ec7f3421feb9644fc8ead02b8", "Last sync": 1678691743.106017, "Last update": "13/03/2023 07:15:45 (UTC)", "Mined blocks": 369331328744, "Miner distribution": {"All": 29035, "Arduino": 3450, "CPU": 878, "ESP32": 11241, "ESP8266": 11664, "GPU": 0, "Other": 9, "Phone": 17, "RPi": 1482, "Web": 294}, "Net energy usage": "19.4 kW", "Open threads": 24, "Pool hashrate": "2163.97 MH/s", "Registered users": 90189, "Server CPU usage": 40.7, "Server RAM usage": 41.4, "Server version": 3.0, "Top 10 richest miners": ["501730202.83558315 DUCO - coinexchange", "31912010.928276174 DUCO - bscDUCO", "20119946.6942 DUCO - viviana80", "15115364.7271 DUCO - Ochios", "14092677.678918397 DUCO - ctecrypto", "11692429.559071772 DUCO - QQ44142894", "10759939.638689265 DUCO - fiorella71", "8125736.123916335 DUCO - Orion_0x43b", "6824588.046894009 DUCO - lordachoo", "5856463.86820982 DUCO - msdo1006"], "XXHASH hashrate": "0 H/s"}