{"Active connections": 1025, "All-time mined DUCO": 93044740.51947415, "Current difficulty": 75000, "DUCO-S1 hashrate": "3.1 GH/s", "Duco FluffySwap price": 1.2116999999999998e-05, "Duco Furim price": 0.0, "Duco Node-S price": 0.0, "Duco PancakeSwap price": 3.73398e-05, "Duco SunSwap price": 5.102e-05, "Duco SushiSwap price": 4.69978e-05, "Duco UbeSwap price": 2.929910624286002e-05, "Duco price": 5.642e-05, "Duco price BCH": 1.73e-05, "Duco price NANO": 7.36e-06, "Duco price TRX": 6.35e-06, "Duco price XMG": 5.642e-05, "Duino-Coin Server API": "github.com/revoxhere/duino-coin", "Kolka": {"Banned": 1122, "Jailed": 88}, "Last block hash": "8de4bc0b3fa1580ec7f3421feb9644fc8ead02b8", "Last sync": 1666997634.2814112, "Last update": "28/10/2022 22:53:58 (UTC)", "Mined blocks": 290372826136, "Miner distribution": {"All": 37351, "Arduino": 4474, "CPU": 2257, "ESP32": 12726, "ESP8266": 16140, "GPU": 0, "Other": 19, "Phone": 57, "RPi": 1267, "Web": 411}, "Net energy usage": "30.8 kW", "Open threads": 23, "Pool hashrate": "3102.91 MH/s", "Registered users": 82117, "Server CPU usage": 44.7, "Server RAM usage": 47.7, "Server version": 3.0, "Top 10 richest miners": ["38403031.025158234 DUCO - bscDUCO", "26776373.75858492 DUCO - coinexchange", "15965319.80435637 DUCO - Ochios", "11692429.559071772 DUCO - QQ44142894", "2384971.1229908727 DUCO - lordachoo", "2368507.0 DUCO - Brunomoyses23", "2210288.919161586 DUCO - vyrdudji", "2195606.8888942716 DUCO - econnaty", "1719737.820831567 DUCO - Orion_0x43b", "1637008.8630387518 DUCO - maticDUCO"], "XXHASH hashrate": "0 H/s"}