{"Active connections": 957, "All-time mined DUCO": 756643153.3288165, "Current difficulty": 200000, "DUCO-S1 hashrate": "1.452 GH/s", "Duco FluffySwap price": 9.625e-06, "Duco Furim price": 0.0, "Duco Node-S price": 0.0, "Duco PancakeSwap price": 1.42855e-05, "Duco SunSwap price": 2.631e-05, "Duco SushiSwap price": 9.464632013668e-06, "Duco UbeSwap price": 0.0, "Duco price": 2.631e-05, "Duco price BCH": 0.0, "Duco price NANO": 0.0, "Duco price TRX": 1.375e-05, "Duco price XMG": 1.31e-06, "Duino-Coin Server API": "github.com/revoxhere/duino-coin", "Kolka": {"Banned": 5991, "Jailed": 191}, "Last block hash": "8de4bc0b3fa1580ec7f3421feb9644fc8ead02b8", "Last sync": 1722298520.0568683, "Last update": "30/07/2024 00:15:20 (UTC)", "Mined blocks": 539428109597, "Miner distribution": {"All": 16135, "Arduino": 2034, "CPU": 885, "ESP32": 5952, "ESP8266": 5987, "GPU": 0, "Other": 9, "Phone": 0, "RPi": 1122, "Web": 146}, "Net energy usage": "13.42 kW", "Open threads": 27, "Pool hashrate": "1452.183 MH/s", "Registered users": 104608, "Server CPU usage": 65.5, "Server RAM usage": 91.5, "Server version": 4.0, "Top 10 richest miners": ["244088118.9115755 DUCO - coinexchange", "81477127.19825932 DUCO - bscDUCO", "30855598.808 DUCO - Flowen1985", "30000980.1298474 DUCO - AlmarRido", "18660231.901031207 DUCO - aimbert", "18280977.178 DUCO - bimbasimba94", "16096358.288900001 DUCO - viviana80", "14847133.194062889 DUCO - ctecrypto", "12721940.59109726 DUCO - QQ44142894", "11341570.63013089 DUCO - duinousa"], "XXHASH hashrate": "0 H/s"}