{"Active connections": 674, "All-time mined DUCO": 794838870.4549488, "Current difficulty": 75000, "DUCO-S1 hashrate": "2.25 GH/s", "Duco FluffySwap price": 2.5479999999999996e-06, "Duco Furim price": 0.0, "Duco Node-S price": 0.0, "Duco PancakeSwap price": 5.43843e-06, "Duco SunSwap price": 9.807e-05, "Duco SushiSwap price": 1.36864e-05, "Duco UbeSwap price": 2.7898752414944825e-05, "Duco price": 9.807e-05, "Duco price BCH": 3.64e-06, "Duco price NANO": 1.6e-06, "Duco price TRX": 2.88e-06, "Duco price XMG": 0.0, "Duino-Coin Server API": "github.com/revoxhere/duino-coin", "Kolka": {"Banned": 876, "Jailed": 129}, "Last block hash": "8de4bc0b3fa1580ec7f3421feb9644fc8ead02b8", "Last sync": 1686630573.5435686, "Last update": "13/06/2023 04:29:34 (UTC)", "Mined blocks": 414151487059, "Miner distribution": {"All": 22878, "Arduino": 2831, "CPU": 949, "ESP32": 9724, "ESP8266": 7788, "GPU": 0, "Other": 10, "Phone": 10, "RPi": 1370, "Web": 196}, "Net energy usage": "16.88 kW", "Open threads": 23, "Pool hashrate": "2249.773 MH/s", "Registered users": 93599, "Server CPU usage": 41.9, "Server RAM usage": 35.8, "Server version": 3.0, "Top 10 richest miners": ["495743830.67087966 DUCO - coinexchange", "390480662.9832323 DUCO - coinexchange", "57689307.02939265 DUCO - bscDUCO", "20119947.6942 DUCO - viviana80", "15115368.927099999 DUCO - Ochios", "12720440.559071772 DUCO - QQ44142894", "10978749.485709827 DUCO - Rafa2000", "10759939.638689265 DUCO - fiorella71", "8660758.460813371 DUCO - duinousa", "8125736.123916335 DUCO - Orion_0x43b"], "XXHASH hashrate": "0 H/s"}