{"Active connections": 814, "All-time mined DUCO": 88397458.49232042, "Current difficulty": 75000, "DUCO-S1 hashrate": "3.1 GH/s", "Duco FluffySwap price": 1.1424e-05, "Duco Furim price": 0.0, "Duco Node-S price": 0.0, "Duco PancakeSwap price": 3.41383e-05, "Duco SunSwap price": 0.00010851, "Duco SushiSwap price": 3.06371e-05, "Duco UbeSwap price": 2.9098580230377713e-05, "Duco price": 0.00010851, "Duco price BCH": 1.632e-05, "Duco price NANO": 7.35e-06, "Duco price TRX": 6.22e-06, "Duco price XMG": 5.756e-05, "Duino-Coin Server API": "github.com/revoxhere/duino-coin", "Kolka": {"Banned": 1106, "Jailed": 85}, "Last block hash": "8de4bc0b3fa1580ec7f3421feb9644fc8ead02b8", "Last sync": 1666135740.9165637, "Last update": "18/10/2022 23:29:02 (UTC)", "Mined blocks": 283672958996, "Miner distribution": {"All": 37593, "Arduino": 4421, "CPU": 2186, "ESP32": 13218, "ESP8266": 16143, "GPU": 0, "Other": 14, "Phone": 28, "RPi": 1221, "Web": 362}, "Net energy usage": "30.41 kW", "Open threads": 23, "Pool hashrate": "3102.19 MH/s", "Registered users": 81384, "Server CPU usage": 38.4, "Server RAM usage": 32.4, "Server version": 3.0, "Top 10 richest miners": ["39191054.09481092 DUCO - coinexchange", "38411263.20642324 DUCO - bscDUCO", "15965318.216999998 DUCO - Ochios", "8552892.059071772 DUCO - QQ44142894", "2368507.0 DUCO - Brunomoyses23", "2210288.919161586 DUCO - vyrdudji", "1929747.99652908 DUCO - giveaways", "1613477.8630387518 DUCO - maticDUCO", "1457898.898 DUCO - amornlit", "1427571.513 DUCO - malga15"], "XXHASH hashrate": "0 H/s"}