{"Duino-Coin Server API": "github.com/revoxhere/duino-coin", "Server version": 2.6, "Active connections": 5439, "Open threads": 21, "Server CPU usage": 59.9, "Server RAM usage": 60.5, "Last update": "14/08/2021 03:15:19 (UTC)", "Net energy usage": "77.77 kW", "Pool hashrate": "3.0588 GH/s", "DUCO-S1 hashrate": "3.0 GH/s", "XXHASH hashrate": "26.5 MH/s", "Duco price": 0.015304, "Duco price XMG": 0.01530362, "Duco price BCH": 0.0016548, "Duco price TRX": 0.00177528, "Duco price XRP": 0.0019075, "Duco price DGB": 0.00192621, "Duco Node-S price": 0.015304, "Duco JustSwap price": 0.00625299, "Duco PancakeSwap price": 0.00420784, "Registered users": 19548, "All-time mined DUCO": 5290206.36705165, "Current difficulty": 419712, "Mined blocks": 10073145260, "Last block hash": "cef1298e33", "Kolka": {"Jailed": 0, "Banned": 417}, "Miner distribution": {"GPU": 0, "CPU": 5654, "RPi": 1756, "ESP32": 7633, "ESP8266": 9657, "Arduino": 5231, "Other": 228}, "Top 10 richest miners": ["469843.57156875794 DUCO - bscDUCO", "169518.51702231914 DUCO - Bacman", "113021.66206087233 DUCO - amornlit", "110001.47331309321 DUCO - 52Pickup", "86042.1538360839 DUCO - caancom", "79999.90636678287 DUCO - noixauvk", "62245.40377963258 DUCO - coinexchange", "50288.45762651612 DUCO - duinocrfsh", "50136.729821180685 DUCO - rootbori", "47119.90790638301 DUCO - chipsa"]}