{"Active connections": 2399, "All-time mined DUCO": 19332535.447964847, "Current difficulty": 75000, "DUCO-S1 hashrate": "2195.5 MH/s", "Duco JustSwap price": 0.00011508, "Duco Node-S price": 2.1e-05, "Duco PancakeSwap price": 0.000536344, "Duco SushiSwap price": 0.000615972, "Duco price": 0.000615972, "Duco price BCH": 2.02e-05, "Duco price NANO": 1.121e-05, "Duco price TRX": 8.059e-05, "Duco price XMG": 0.00033602, "Duino-Coin Server API": "github.com/revoxhere/duino-coin", "Kolka": {"Banned": 772, "Jailed": 24}, "Last block hash": "2eb3f8271c", "Last sync": 1641914854.1683369, "Last update": "11/01/2022 15:27:34 (UTC)", "Mined blocks": 82504834921, "Miner distribution": {"All": 35879, "Arduino": 6675, "CPU": 6243, "ESP32": 6575, "ESP8266": 10115, "GPU": 0, "Other": 15, "Phone": 543, "RPi": 2831, "Web": 2882}, "Net energy usage": "56.01 kW", "Open threads": 21, "Pool hashrate": "2195.53 MH/s", "Registered users": 43008, "Server CPU usage": 46.8, "Server RAM usage": 46.5, "Server version": 2.7, "Top 10 richest miners": ["6391968.6223234255 DUCO - bscDUCO", "532105.820632083 DUCO - NodeSBroker", "397162.15067505674 DUCO - James_themac", "305954.14415549237 DUCO - bimbasimba94", "202251.89231273765 DUCO - maticDUCO", "190582.057104081 DUCO - celoDUCO", "170241.298916613 DUCO - Bacman", "120000.999999999 DUCO - rootbori", "109226.90933510436 DUCO - miningvir", "101696.39712844051 DUCO - haxorcitoz"], "XXHASH hashrate": "0 H/s"}