{"Active connections": 1036, "All-time mined DUCO": 92458021.4804768, "Current difficulty": 75000, "DUCO-S1 hashrate": "3.2 GH/s", "Duco FluffySwap price": 1.1360999999999998e-05, "Duco Furim price": 0.0, "Duco Node-S price": 0.0, "Duco PancakeSwap price": 3.73398e-05, "Duco SunSwap price": 8.026e-05, "Duco SushiSwap price": 4.69978e-05, "Duco UbeSwap price": 2.929910624286002e-05, "Duco price": 8.026e-05, "Duco price BCH": 1.628e-05, "Duco price NANO": 7.1e-06, "Duco price TRX": 6.17e-06, "Duco price XMG": 5.642e-05, "Duino-Coin Server API": "github.com/revoxhere/duino-coin", "Kolka": {"Banned": 1112, "Jailed": 85}, "Last block hash": "8de4bc0b3fa1580ec7f3421feb9644fc8ead02b8", "Last sync": 1666635853.987279, "Last update": "24/10/2022 18:24:27 (UTC)", "Mined blocks": 287673615331, "Miner distribution": {"All": 38900, "Arduino": 4686, "CPU": 2397, "ESP32": 13355, "ESP8266": 16657, "GPU": 0, "Other": 34, "Phone": 66, "RPi": 1266, "Web": 439}, "Net energy usage": "32.26 kW", "Open threads": 23, "Pool hashrate": "3167.55 MH/s", "Registered users": 81816, "Server CPU usage": 51.1, "Server RAM usage": 45.5, "Server version": 3.0, "Top 10 richest miners": ["38301731.025158234 DUCO - bscDUCO", "31025555.834341172 DUCO - coinexchange", "15965319.80435637 DUCO - Ochios", "11692429.559071772 DUCO - QQ44142894", "2384021.6474733073 DUCO - lordachoo", "2368507.0 DUCO - Brunomoyses23", "2210288.919161586 DUCO - vyrdudji", "1615435.8630387518 DUCO - maticDUCO", "1457898.898 DUCO - amornlit", "1264730.5615769105 DUCO - Skywalker"], "XXHASH hashrate": "0 H/s"}