{"Duino-Coin Server API": "github.com/revoxhere/duino-coin", "Server version": 2.7, "Active connections": 13514, "Open threads": 24, "Server CPU usage": 67.8, "Server RAM usage": 37.6, "Last update": "05/09/2021 03:02:57 (UTC)", "Net energy usage": "30.84 kW", "Pool hashrate": "604.0407 MH/s", "DUCO-S1 hashrate": "597.9 MH/s", "XXHASH hashrate": "6.2 MH/s", "Duco price": 0.0050148, "Duco price XMG": 0.00401264, "Duco price BCH": 0.00106179, "Duco price TRX": 0.0010316, "Duco price XRP": 0.00126, "Duco price DGB": 0.00068368, "Duco price NANO": 0.001026, "Duco price FJC": 0.0050148, "Duco Node-S price": 0.002119, "Duco JustSwap price": 0.0036029, "Duco PancakeSwap price": 0.0018854, "Registered users": 16557, "All-time mined DUCO": 8277736.44120989, "Current difficulty": 581071, "Mined blocks": 13945820400, "Last block hash": "730b6127b9", "Kolka": {"Jailed": 21, "Banned": 597}, "Miner distribution": {"GPU": 0, "CPU": 2033, "RPi": 1190, "Phone": 0, "Web": 682, "ESP32": 2635, "ESP8266": 4009, "Arduino": 597, "Other": 78}, "Top 10 richest miners": ["1777621.5186463783 DUCO - bscDUCO", "409888.1206316368 DUCO - coinexchange", "240000.1555491204 DUCO - 52Pickup", "182753.31898774733 DUCO - WannaCry", "169937.594875061 DUCO - Bacman", "119793.42153047008 DUCO - rootbori", "113387.18511437952 DUCO - amornlit", "86282.78991884555 DUCO - caancom", "51097.72031482657 DUCO - ducodoly", "50288.45762651612 DUCO - duinocrfsh"]}