{"Duino-Coin Server API": "github.com/revoxhere/duino-coin", "Server version": 2.6, "Active connections": 3638, "Open threads": 21, "Server CPU usage": 30.8, "Server RAM usage": 21.0, "Last update": "24/08/2021 14:31:46 (UTC)", "Net energy usage": "0 W", "Pool hashrate": "0 H/s", "DUCO-S1 hashrate": "0 H/s", "XXHASH hashrate": "0 H/s", "Duco price": 0.00311007, "Duco price XMG": 0.00194304, "Duco price BCH": 0.00130556, "Duco price TRX": 0.0004365, "Duco price XRP": 0.00119, "Duco price DGB": 0.00070982, "Duco price NANO": 0.000657, "Duco price FJC": 0.00049504, "Duco Node-S price": 0, "Duco JustSwap price": 0.00311007, "Duco PancakeSwap price": 0.00251652, "Registered users": 15046, "All-time mined DUCO": 7061979.085004355, "Current difficulty": 505407, "Mined blocks": 12129769748, "Last block hash": "dec8f4a0c2", "Kolka": {"Jailed": 0, "Banned": 440}, "Miner distribution": {"GPU": 0, "CPU": 0, "RPi": 0, "ESP32": 0, "ESP8266": 0, "Arduino": 0, "Other": 0}, "Top 10 richest miners": ["1195384.7140519952 DUCO - bscDUCO", "286478.88477963256 DUCO - coinexchange", "283168.1555491204 DUCO - 52Pickup", "169936.554875061 DUCO - Bacman", "113387.18511437952 DUCO - amornlit", "86278.56927084453 DUCO - caancom", "80882.76488499498 DUCO - WannaCry", "50288.45762651612 DUCO - duinocrfsh", "48833.124475414 DUCO - NodeSBroker", "47119.90790638301 DUCO - chipsa"], "Active workers": {}}