{"Active connections": 1049, "All-time mined DUCO": 746828868.5949459, "Current difficulty": 200000, "DUCO-S1 hashrate": "1.484 GH/s", "Duco FluffySwap price": 9.625e-06, "Duco Furim price": 0.0, "Duco Node-S price": 0.0, "Duco PancakeSwap price": 8.57789e-06, "Duco SunSwap price": 2.63e-05, "Duco SushiSwap price": 1.2962107682626e-05, "Duco UbeSwap price": 1.1191491992827553e-05, "Duco price": 2.63e-05, "Duco price BCH": 0.0, "Duco price NANO": 0.0, "Duco price TRX": 1.375e-05, "Duco price XMG": 0.0, "Duino-Coin Server API": "github.com/revoxhere/duino-coin", "Kolka": {"Banned": 5991, "Jailed": 191}, "Last block hash": "8de4bc0b3fa1580ec7f3421feb9644fc8ead02b8", "Last sync": 1722024261.0934892, "Last update": "26/07/2024 20:04:21 (UTC)", "Mined blocks": 538627605057, "Miner distribution": {"All": 16021, "Arduino": 2023, "CPU": 863, "ESP32": 5800, "ESP8266": 5978, "GPU": 0, "Other": 8, "Phone": 12, "RPi": 1173, "Web": 164}, "Net energy usage": "13.33 kW", "Open threads": 27, "Pool hashrate": "1483.77 MH/s", "Registered users": 104492, "Server CPU usage": 65.2, "Server RAM usage": 90.8, "Server version": 4.0, "Top 10 richest miners": ["245210105.93596542 DUCO - coinexchange", "81477088.50800352 DUCO - bscDUCO", "30000980.1298474 DUCO - AlmarRido", "24635208.6964704 DUCO - Flowen1985", "18660231.19815785 DUCO - aimbert", "18280977.178 DUCO - bimbasimba94", "16096358.288900001 DUCO - viviana80", "14847133.194062889 DUCO - ctecrypto", "12721940.59109726 DUCO - QQ44142894", "11341424.74127213 DUCO - duinousa"], "XXHASH hashrate": "0 H/s"}