{"Duino-Coin Server API": "github.com/revoxhere/duino-coin", "Server version": 2.7, "Active connections": 54104, "Open threads": 23, "Server CPU usage": 44.7, "Server RAM usage": 68.7, "Last update": "19/10/2021 02:16:21 (UTC)", "Net energy usage": "39.96 kW", "Pool hashrate": "1336.82 MH/s", "DUCO-S1 hashrate": "1336.8 MH/s", "XXHASH hashrate": "0 H/s", "Duco price": 0.0011967, "Duco price XMG": 0.00049612, "Duco price BCH": 0.00051216, "Duco price RVN": 0.00056265, "Duco price TRX": 0.00051001, "Duco price XRP": 0.00021194, "Duco price DGB": 0.00070214, "Duco price NANO": 0.00070265, "Duco price FJC": 0.0007, "Duco Node-S price": 5.4e-05, "Duco JustSwap price": 0.00065234, "Duco PancakeSwap price": 0.0011967, "Duco SushiSwap price": 0.000863903, "Registered users": 20892, "All-time mined DUCO": 14973910.854996167, "Current difficulty": 125000, "Mined blocks": 29829259747, "Last block hash": "15c2c598f5", "Kolka": {"Jailed": 48, "Banned": 1338}, "Miner distribution": {"GPU": 0, "CPU": 3799, "RPi": 2018, "Phone": 183, "Web": 857, "ESP32": 10982, "ESP8266": 12522, "Arduino": 5660, "Other": 256, "All": 36277}, "Top 10 richest miners": ["2843261.6415222674 DUCO - bscDUCO", "588139.9989601221 DUCO - NodeSBroker", "521520.1555491204 DUCO - 52Pickup", "479429.76009022025 DUCO - coinexchange", "400545.5536287544 DUCO - James_themac", "175558.10104597002 DUCO - celoDUCO", "170240.13285850236 DUCO - Bacman", "123387.18511437952 DUCO - amornlit", "121685.90546844892 DUCO - rootbori", "88009.80463668668 DUCO - caancom"]}