{"Active connections": 941, "All-time mined DUCO": 746489201.0447633, "Current difficulty": 200000, "DUCO-S1 hashrate": "1.66 GH/s", "Duco FluffySwap price": 8.736e-06, "Duco Furim price": 0.0, "Duco Node-S price": 0.0, "Duco PancakeSwap price": 8.57789e-06, "Duco SunSwap price": 0.00014048, "Duco SushiSwap price": 1.2962107682626e-05, "Duco UbeSwap price": 1.1191491992827553e-05, "Duco price": 0.0001892, "Duco price BCH": 0.00013881, "Duco price NANO": 0.0001892, "Duco price TRX": 1.248e-05, "Duco price XMG": 3.801e-05, "Duino-Coin Server API": "github.com/revoxhere/duino-coin", "Kolka": {"Banned": 5970, "Jailed": 183}, "Last block hash": "8de4bc0b3fa1580ec7f3421feb9644fc8ead02b8", "Last sync": 1719797767.4572258, "Last update": "01/07/2024 01:36:07 (UTC)", "Mined blocks": 531763508054, "Miner distribution": {"All": 17918, "Arduino": 2262, "CPU": 876, "ESP32": 7616, "ESP8266": 5873, "GPU": 0, "Other": 9, "Phone": 7, "RPi": 1084, "Web": 191}, "Net energy usage": "14.0 kW", "Open threads": 27, "Pool hashrate": "1660.172 MH/s", "Registered users": 103632, "Server CPU usage": 49.3, "Server RAM usage": 90.1, "Server version": 4.0, "Top 10 richest miners": ["248806367.45831996 DUCO - coinexchange", "80167980.50800352 DUCO - bscDUCO", "29548849.707830127 DUCO - AlmarRido", "24635208.6964704 DUCO - Flowen1985", "22851221.472 DUCO - bimbasimba94", "20120447.6942 DUCO - viviana80", "14898393.798778497 DUCO - aimbert", "14847133.194062889 DUCO - ctecrypto", "14175625.968254063 DUCO - duinousa", "12721940.59109726 DUCO - QQ44142894"], "XXHASH hashrate": "0 H/s"}