{"Active connections": 1057, "All-time mined DUCO": 758779909.7295711, "Current difficulty": 200000, "DUCO-S1 hashrate": "1.867 GH/s", "Duco FluffySwap price": 1.8921e-05, "Duco Furim price": 0.0, "Duco Node-S price": 0.0, "Duco PancakeSwap price": 1.31559e-05, "Duco SunSwap price": 2.586e-05, "Duco SushiSwap price": 8.987494203495e-06, "Duco UbeSwap price": 1.038e-05, "Duco price": 3.556e-05, "Duco price BCH": 0.0, "Duco price NANO": 0.0, "Duco price TRX": 2.703e-05, "Duco price XMG": 3.556e-05, "Duino-Coin Server API": "github.com/revoxhere/duino-coin", "Kolka": {"Banned": 6018, "Jailed": 189}, "Last block hash": "8de4bc0b3fa1580ec7f3421feb9644fc8ead02b8", "Last sync": 1723932551.725182, "Last update": "17/08/2024 22:09:11 (UTC)", "Mined blocks": 544044885578, "Miner distribution": {"All": 14375, "Arduino": 1893, "CPU": 708, "ESP32": 4681, "ESP8266": 5821, "GPU": 0, "Other": 8, "Phone": 4, "RPi": 1126, "Web": 134}, "Net energy usage": "11.69 kW", "Open threads": 28, "Pool hashrate": "1866.678 MH/s", "Registered users": 105193, "Server CPU usage": 70.7, "Server RAM usage": 88.4, "Server version": 4.0, "Top 10 richest miners": ["237466038.96008548 DUCO - coinexchange", "82994398.19825932 DUCO - bscDUCO", "30855598.808 DUCO - Flowen1985", "28000980.1298474 DUCO - AlmarRido", "18280977.178 DUCO - bimbasimba94", "16096358.288900001 DUCO - viviana80", "14928196.602039067 DUCO - aimbert", "14847133.194062889 DUCO - ctecrypto", "12721940.665481606 DUCO - QQ44142894", "11342342.140452508 DUCO - duinousa"], "XXHASH hashrate": "0 H/s"}