{"Active connections": 1003, "All-time mined DUCO": 820937913.6120461, "Current difficulty": 75000, "DUCO-S1 hashrate": "2.296 GH/s", "Duco FluffySwap price": 2.6109999999999996e-06, "Duco Furim price": 0.0, "Duco Node-S price": 0.0, "Duco PancakeSwap price": 9.53748e-06, "Duco SunSwap price": 9.698e-05, "Duco SushiSwap price": 1.35264e-05, "Duco UbeSwap price": 2.7898752414944825e-05, "Duco price": 9.698e-05, "Duco price BCH": 3.73e-06, "Duco price NANO": 1.62e-06, "Duco price TRX": 2.85e-06, "Duco price XMG": 0.0, "Duino-Coin Server API": "github.com/revoxhere/duino-coin", "Kolka": {"Banned": 5722, "Jailed": 129}, "Last block hash": "8de4bc0b3fa1580ec7f3421feb9644fc8ead02b8", "Last sync": 1687017504.1605728, "Last update": "17/06/2023 15:58:39 (UTC)", "Mined blocks": 416147539364, "Miner distribution": {"All": 22733, "Arduino": 2745, "CPU": 922, "ESP32": 9650, "ESP8266": 7868, "GPU": 0, "Other": 9, "Phone": 5, "RPi": 1320, "Web": 214}, "Net energy usage": "16.63 kW", "Open threads": 24, "Pool hashrate": "2296.452 MH/s", "Registered users": 93721, "Server CPU usage": 54.7, "Server RAM usage": 34.0, "Server version": 3.0, "Top 10 richest miners": ["495743830.67087966 DUCO - coinexchange", "388087434.53103226 DUCO - coinexchange", "49333857.02939265 DUCO - bscDUCO", "20119947.6942 DUCO - viviana80", "15115368.927099999 DUCO - Ochios", "12720440.559071772 DUCO - QQ44142894", "12513500.134094983 DUCO - duinousa", "10978766.04658526 DUCO - Rafa2000", "10759939.638689265 DUCO - fiorella71", "8255475.83982257 DUCO - bimbasimba94"], "XXHASH hashrate": "0 H/s"}