{"Duino-Coin Server API": "github.com/revoxhere/duino-coin", "Server version": 2.7, "Active connections": 37777, "Open threads": 23, "Server CPU usage": 43.7, "Server RAM usage": 66.8, "Last update": "18/10/2021 03:10:56 (UTC)", "Net energy usage": "35.65 kW", "Pool hashrate": "1223.56 MH/s", "DUCO-S1 hashrate": "1223.6 MH/s", "XXHASH hashrate": "0 H/s", "Duco price": 0.00249496, "Duco price XMG": 0.00249496, "Duco price BCH": 0.00054417, "Duco price RVN": 0.00067689, "Duco price TRX": 0.00067823, "Duco price XRP": 0.000225, "Duco price DGB": 0.0007535, "Duco price NANO": 0.00075426, "Duco price FJC": 0.00075, "Duco Node-S price": 5.1e-05, "Duco JustSwap price": 0.00068497, "Duco PancakeSwap price": 0.000691645, "Duco SushiSwap price": 0.000756806, "Registered users": 20792, "All-time mined DUCO": 14829768.748886397, "Current difficulty": 125000, "Mined blocks": 29352993647, "Last block hash": "6f5394f82c", "Kolka": {"Jailed": 48, "Banned": 1338}, "Miner distribution": {"GPU": 0, "CPU": 3247, "RPi": 1904, "Phone": 282, "Web": 632, "ESP32": 10310, "ESP8266": 12161, "Arduino": 5596, "Other": 284, "All": 34416}, "Top 10 richest miners": ["2808562.0873532677 DUCO - bscDUCO", "587929.9760101221 DUCO - NodeSBroker", "521520.1555491204 DUCO - 52Pickup", "451032.71009022027 DUCO - coinexchange", "400464.399525648 DUCO - James_themac", "177887.10104597002 DUCO - celoDUCO", "170240.13285850236 DUCO - Bacman", "123387.18511437952 DUCO - amornlit", "121685.90546844892 DUCO - rootbori", "87912.65419551345 DUCO - caancom"]}