{"Duino-Coin Server API": "github.com/revoxhere/duino-coin", "Server version": 2.7, "Active connections": 8723, "Open threads": 23, "Server CPU usage": 47.0, "Server RAM usage": 66.2, "Last update": "22/10/2021 06:31:38 (UTC)", "Net energy usage": "39.87 kW", "Pool hashrate": "1357.25 MH/s", "DUCO-S1 hashrate": "1357.2 MH/s", "XXHASH hashrate": "0 H/s", "Duco price": 0.00140914, "Duco price XMG": 0.00037835, "Duco price BCH": 0.00050376, "Duco price RVN": 0.00055205, "Duco price TRX": 0.00050423, "Duco price XRP": 0.00020979, "Duco price DGB": 0.00069296, "Duco price NANO": 0.00069554, "Duco price FJC": 0.000693, "Duco Node-S price": 5.1e-05, "Duco JustSwap price": 0.00140914, "Duco PancakeSwap price": 0.0011967, "Duco SushiSwap price": 0.000863903, "Registered users": 21228, "All-time mined DUCO": 15456261.117899962, "Current difficulty": 125000, "Mined blocks": 31440686063, "Last block hash": "c8693eeeb0", "Kolka": {"Jailed": 48, "Banned": 1342}, "Miner distribution": {"GPU": 0, "CPU": 3843, "RPi": 2028, "Phone": 178, "Web": 469, "ESP32": 10863, "ESP8266": 12490, "Arduino": 5993, "Other": 175, "All": 36039}, "Top 10 richest miners": ["2901577.1441724277 DUCO - bscDUCO", "586542.3539601222 DUCO - NodeSBroker", "521520.1555491204 DUCO - 52Pickup", "494355.1400902203 DUCO - coinexchange", "400763.9216178749 DUCO - James_themac", "171612.89104597003 DUCO - celoDUCO", "170240.13285850236 DUCO - Bacman", "123387.18511437952 DUCO - amornlit", "121685.90546844892 DUCO - rootbori", "88212.55898797892 DUCO - caancom"]}