{"Active connections": 2028, "All-time mined DUCO": 723035055.0671889, "Current difficulty": 75000, "DUCO-S1 hashrate": "2.458 GH/s", "Duco FluffySwap price": 2.856e-06, "Duco Furim price": 0.0, "Duco Node-S price": 0.0, "Duco PancakeSwap price": 3.28839e-06, "Duco SunSwap price": 0.00011512, "Duco SushiSwap price": 1.23689e-05, "Duco UbeSwap price": 2.8285092635326694e-05, "Duco price": 0.00011512, "Duco price BCH": 4.08e-06, "Duco price NANO": 1.83e-06, "Duco price TRX": 2.9e-06, "Duco price XMG": 0.0, "Duino-Coin Server API": "github.com/revoxhere/duino-coin", "Kolka": {"Banned": 1383, "Jailed": 128}, "Last block hash": "8de4bc0b3fa1580ec7f3421feb9644fc8ead02b8", "Last sync": 1684641375.6071286, "Last update": "21/05/2023 03:56:21 (UTC)", "Mined blocks": 404162594051, "Miner distribution": {"All": 23589, "Arduino": 2789, "CPU": 1147, "ESP32": 10026, "ESP8266": 7999, "GPU": 0, "Other": 9, "Phone": 4, "RPi": 1396, "Web": 219}, "Net energy usage": "18.4 kW", "Open threads": 24, "Pool hashrate": "2458.411 MH/s", "Registered users": 92961, "Server CPU usage": 67.4, "Server RAM usage": 60.4, "Server version": 3.0, "Top 10 richest miners": ["495743830.67087966 DUCO - coinexchange", "424955498.3040974 DUCO - coinexchange", "55628983.04439265 DUCO - bscDUCO", "20119947.6942 DUCO - viviana80", "15115368.927099999 DUCO - Ochios", "12720440.559071772 DUCO - QQ44142894", "10759939.638689265 DUCO - fiorella71", "8125736.123916335 DUCO - Orion_0x43b", "7201792.234094679 DUCO - msdo1006", "6837514.565016079 DUCO - lordachoo"], "XXHASH hashrate": "0 H/s"}