{"Active connections": 1400, "All-time mined DUCO": 56577808.52220374, "Current difficulty": 1000000, "DUCO-S1 hashrate": "4.7 GH/s", "Duco Furim price": 0.0, "Duco Node-S price": 0.0, "Duco PancakeSwap price": 5.2e-05, "Duco SunSwap price": 9.2e-05, "Duco SushiSwap price": 5.9e-05, "Duco price": 9.5e-05, "Duco price BCH": 6e-06, "Duco price NANO": 3.3e-05, "Duco price TRX": 5e-06, "Duco price XMG": 0.0, "Duino-Coin Server API": "github.com/revoxhere/duino-coin", "Kolka": {"Banned": 666, "Jailed": 34}, "Last block hash": "2eb3f8271cd947cdd6469be145558a7bcb72e0d9", "Last sync": 1649209643.2199166, "Last update": "06/04/2022 01:47:25 (UTC)", "Mined blocks": 148120726537, "Miner distribution": {"All": 40672, "Arduino": 6321, "CPU": 3809, "ESP32": 12824, "ESP8266": 14719, "GPU": 0, "Other": 40, "Phone": 169, "RPi": 2239, "Web": 551}, "Net energy usage": "42.07 kW", "Open threads": 21, "Pool hashrate": "4743.94 MH/s", "Registered users": 67867, "Server CPU usage": 37.0, "Server RAM usage": 59.2, "Server version": 3.0, "Top 10 richest miners": ["23975662.97890838 DUCO - bscDUCO", "10283449.914401649 DUCO - Ochios", "5000000.269761559 DUCO - miningvir", "3789402.639313158 DUCO - coinexchange", "3250098.6952358535 DUCO - miyan001", "1562672.7128161062 DUCO - Demoel", "1209838.627673189 DUCO - James_themac", "1202380.091545658 DUCO - juanjefraire", "1200001.40117249 DUCO - amornlit", "844592.7376102004 DUCO - Techno78"], "XXHASH hashrate": "0 H/s"}