{"Active connections": 1797, "All-time mined DUCO": 761168109.6350685, "Current difficulty": 75000, "DUCO-S1 hashrate": "2.453 GH/s", "Duco FluffySwap price": 2.8769999999999997e-06, "Duco Furim price": 0.0, "Duco Node-S price": 0.0, "Duco PancakeSwap price": 6.47259e-06, "Duco SunSwap price": 0.0001524, "Duco SushiSwap price": 1.23194e-05, "Duco UbeSwap price": 2.745467541750601e-05, "Duco price": 0.0001524, "Duco price BCH": 4.11e-06, "Duco price NANO": 1.85e-06, "Duco price TRX": 2.84e-06, "Duco price XMG": 0.0, "Duino-Coin Server API": "github.com/revoxhere/duino-coin", "Kolka": {"Banned": 1383, "Jailed": 128}, "Last block hash": "8de4bc0b3fa1580ec7f3421feb9644fc8ead02b8", "Last sync": 1684375600.410844, "Last update": "18/05/2023 02:06:44 (UTC)", "Mined blocks": 402763357715, "Miner distribution": {"All": 24360, "Arduino": 2975, "CPU": 1005, "ESP32": 10422, "ESP8266": 8233, "GPU": 0, "Other": 9, "Phone": 9, "RPi": 1451, "Web": 256}, "Net energy usage": "17.96 kW", "Open threads": 25, "Pool hashrate": "2452.96 MH/s", "Registered users": 92820, "Server CPU usage": 59.4, "Server RAM usage": 52.2, "Server version": 3.0, "Top 10 richest miners": ["495743830.67087966 DUCO - coinexchange", "425462064.0412559 DUCO - coinexchange", "55628931.04439265 DUCO - bscDUCO", "45037624.142 DUCO - AlmarRido", "20119947.6942 DUCO - viviana80", "15115368.927099999 DUCO - Ochios", "12720440.559071772 DUCO - QQ44142894", "10759939.638689265 DUCO - fiorella71", "8125736.123916335 DUCO - Orion_0x43b", "7201572.777806504 DUCO - msdo1006"], "XXHASH hashrate": "0 H/s"}