{"Duino-Coin Server API": "github.com/revoxhere/duino-coin", "Server version": 2.7, "Active connections": 23784, "Open threads": 24, "Server CPU usage": 64.8, "Server RAM usage": 49.3, "Last update": "14/09/2021 21:06:46 (UTC)", "Net energy usage": "60.35 kW", "Pool hashrate": "1130.1945 MH/s", "DUCO-S1 hashrate": "1098.9 MH/s", "XXHASH hashrate": "31.3 MH/s", "Duco price": 0.00281388, "Duco price XMG": 0.00281388, "Duco price BCH": 0.00064074, "Duco price RVN": 0.00082086, "Duco price TRX": 0.00116714, "Duco price XRP": 0.000594, "Duco price DGB": 0.00076968, "Duco price NANO": 0.00080475, "Duco price FJC": 0.00081356, "Duco Node-S price": 0.002073, "Duco JustSwap price": 0.0010968, "Duco PancakeSwap price": 0.0014763, "Registered users": 17504, "All-time mined DUCO": 9450550.488976793, "Current difficulty": 693643, "Mined blocks": 16647546860, "Last block hash": "730b6127b9", "Kolka": {"Jailed": 21, "Banned": 641}, "Miner distribution": {"GPU": 0, "CPU": 3586, "RPi": 1736, "Phone": 0, "Web": 1304, "ESP32": 8148, "ESP8266": 10529, "Arduino": 3248, "Other": 0}, "Top 10 richest miners": ["1925245.300165285 DUCO - bscDUCO", "520520.1555491204 DUCO - 52Pickup", "370194.99939 DUCO - coinexchange", "169951.50001982765 DUCO - Bacman", "119939.63002586261 DUCO - rootbori", "113387.18511437952 DUCO - amornlit", "90217.0739325748 DUCO - WannaCry", "86377.19229388106 DUCO - caancom", "53936.72902580622 DUCO - giveaways", "52169.16 DUCO - celoDUCO"]}