{"Active connections": 982, "All-time mined DUCO": 778855005.206339, "Current difficulty": 200000, "DUCO-S1 hashrate": "1.923 GH/s", "Duco FluffySwap price": 2.2421e-05, "Duco Furim price": 0.0, "Duco Node-S price": 0.0, "Duco PancakeSwap price": 1.31425e-05, "Duco SunSwap price": 3.064e-05, "Duco SushiSwap price": 8.987494203495e-06, "Duco UbeSwap price": 1.568e-05, "Duco price": 3.831e-05, "Duco price BCH": 0.0, "Duco price NANO": 0.0, "Duco price TRX": 3.203e-05, "Duco price XMG": 3.831e-05, "Duino-Coin Server API": "github.com/revoxhere/duino-coin", "Kolka": {"Banned": 6024, "Jailed": 189}, "Last block hash": "8de4bc0b3fa1580ec7f3421feb9644fc8ead02b8", "Last sync": 1724571202.7750003, "Last update": "25/08/2024 07:33:22 (UTC)", "Mined blocks": 545771176228, "Miner distribution": {"All": 14529, "Arduino": 1616, "CPU": 838, "ESP32": 4860, "ESP8266": 5997, "GPU": 0, "Other": 7, "Phone": 4, "RPi": 1096, "Web": 111}, "Net energy usage": "12.53 kW", "Open threads": 27, "Pool hashrate": "1923.24 MH/s", "Registered users": 105405, "Server CPU usage": 72.0, "Server RAM usage": 95.2, "Server version": 4.0, "Top 10 richest miners": ["235288059.52321553 DUCO - coinexchange", "85472998.70122527 DUCO - bscDUCO", "35576240.569 DUCO - AlmarRido", "30855598.808 DUCO - Flowen1985", "22896923.915 DUCO - bimbasimba94", "20160688.723 DUCO - viviana80", "14928213.160640111 DUCO - aimbert", "14847133.194062889 DUCO - ctecrypto", "12721941.951587833 DUCO - QQ44142894", "11342587.165726267 DUCO - duinousa"], "XXHASH hashrate": "0 H/s"}