{"Active connections": 373, "All-time mined DUCO": 769481958.3552885, "Current difficulty": 200000, "DUCO-S1 hashrate": "1.696 GH/s", "Duco FluffySwap price": 2.1182e-05, "Duco Furim price": 0.0, "Duco Node-S price": 0.0, "Duco PancakeSwap price": 1.31425e-05, "Duco SunSwap price": 2.894e-05, "Duco SushiSwap price": 8.987494203495e-06, "Duco UbeSwap price": 1.568e-05, "Duco price": 3.826e-05, "Duco price BCH": 0.0, "Duco price NANO": 0.0, "Duco price TRX": 3.025e-05, "Duco price XMG": 3.826e-05, "Duino-Coin Server API": "github.com/revoxhere/duino-coin", "Kolka": {"Banned": 6040, "Jailed": 191}, "Last block hash": "8de4bc0b3fa1580ec7f3421feb9644fc8ead02b8", "Last sync": 1727057203.7273352, "Last update": "23/09/2024 02:06:43 (UTC)", "Mined blocks": 552644764942, "Miner distribution": {"All": 14575, "Arduino": 1984, "CPU": 630, "ESP32": 4943, "ESP8266": 5764, "GPU": 0, "Other": 12, "Phone": 10, "RPi": 1089, "Web": 143}, "Net energy usage": "11.24 kW", "Open threads": 29, "Pool hashrate": "1696.271 MH/s", "Registered users": 106274, "Server CPU usage": 56.1, "Server RAM usage": 67.3, "Server version": 4.0, "Top 10 richest miners": ["237165296.25089273 DUCO - coinexchange", "85498979.52646369 DUCO - bscDUCO", "35576240.569 DUCO - AlmarRido", "30855598.808 DUCO - Flowen1985", "18317539.132 DUCO - bimbasimba94", "16128552.502000002 DUCO - viviana80", "14958511.415611833 DUCO - aimbert", "14847133.194062889 DUCO - ctecrypto", "12721943.39257476 DUCO - QQ44142894", "11365384.179663561 DUCO - duinousa"], "XXHASH hashrate": "0 H/s"}