{"Active connections": 953, "All-time mined DUCO": 748138460.2707161, "Current difficulty": 200000, "DUCO-S1 hashrate": "1.73 GH/s", "Duco FluffySwap price": 8.876e-06, "Duco Furim price": 0.0, "Duco Node-S price": 0.0, "Duco PancakeSwap price": 8.57789e-06, "Duco SunSwap price": 0.00014304, "Duco SushiSwap price": 1.2962107682626e-05, "Duco UbeSwap price": 1.1191491992827553e-05, "Duco price": 0.00015166, "Duco price BCH": 3.25e-05, "Duco price NANO": 0.00015166, "Duco price TRX": 1.27e-05, "Duco price XMG": 3.4e-05, "Duino-Coin Server API": "github.com/revoxhere/duino-coin", "Kolka": {"Banned": 5984, "Jailed": 190}, "Last block hash": "8de4bc0b3fa1580ec7f3421feb9644fc8ead02b8", "Last sync": 1720205515.2471843, "Last update": "05/07/2024 18:51:55 (UTC)", "Mined blocks": 533039725099, "Miner distribution": {"All": 18579, "Arduino": 2273, "CPU": 1086, "ESP32": 7808, "ESP8266": 5965, "GPU": 0, "Other": 14, "Phone": 20, "RPi": 1223, "Web": 190}, "Net energy usage": "15.68 kW", "Open threads": 27, "Pool hashrate": "1729.592 MH/s", "Registered users": 103821, "Server CPU usage": 58.4, "Server RAM usage": 90.5, "Server version": 4.0, "Top 10 richest miners": ["248718218.7462648 DUCO - coinexchange", "80660425.50800352 DUCO - bscDUCO", "29548849.707830127 DUCO - AlmarRido", "24635208.6964704 DUCO - Flowen1985", "22851221.472 DUCO - bimbasimba94", "20120447.6942 DUCO - viviana80", "14898397.762770202 DUCO - aimbert", "14847133.194062889 DUCO - ctecrypto", "14175914.456628093 DUCO - duinousa", "12721940.59109726 DUCO - QQ44142894"], "XXHASH hashrate": "0 H/s"}