{"Active connections": 997, "All-time mined DUCO": 745152347.3972536, "Current difficulty": 200000, "DUCO-S1 hashrate": "1.567 GH/s", "Duco FluffySwap price": 9.366e-06, "Duco Furim price": 0.0, "Duco Node-S price": 0.0, "Duco PancakeSwap price": 8.57789e-06, "Duco SunSwap price": 0.00015073, "Duco SushiSwap price": 1.2962107682626e-05, "Duco UbeSwap price": 1.1191491992827553e-05, "Duco price": 0.00015073, "Duco price BCH": 0.0, "Duco price NANO": 0.0, "Duco price TRX": 1.339e-05, "Duco price XMG": 1.31e-06, "Duino-Coin Server API": "github.com/revoxhere/duino-coin", "Kolka": {"Banned": 5991, "Jailed": 191}, "Last block hash": "8de4bc0b3fa1580ec7f3421feb9644fc8ead02b8", "Last sync": 1721266439.2623184, "Last update": "18/07/2024 01:33:59 (UTC)", "Mined blocks": 536365845734, "Miner distribution": {"All": 18025, "Arduino": 2250, "CPU": 809, "ESP32": 7776, "ESP8266": 5889, "GPU": 0, "Other": 12, "Phone": 4, "RPi": 1148, "Web": 137}, "Net energy usage": "13.71 kW", "Open threads": 27, "Pool hashrate": "1567.031 MH/s", "Registered users": 104229, "Server CPU usage": 65.5, "Server RAM usage": 91.3, "Server version": 4.0, "Top 10 richest miners": ["247603363.04993472 DUCO - coinexchange", "81473387.50800352 DUCO - bscDUCO", "30000991.1298474 DUCO - AlmarRido", "24635208.6964704 DUCO - Flowen1985", "18660226.832638856 DUCO - aimbert", "18280977.178 DUCO - bimbasimba94", "16096358.288900001 DUCO - viviana80", "14847133.194062889 DUCO - ctecrypto", "12721940.59109726 DUCO - QQ44142894", "11341147.610783745 DUCO - duinousa"], "XXHASH hashrate": "0 H/s"}