{"Active connections": 1533, "All-time mined DUCO": 111173704.23725006, "Current difficulty": 75000, "DUCO-S1 hashrate": "3.0 GH/s", "Duco FluffySwap price": 2e-05, "Duco Furim price": 0.0, "Duco Node-S price": 0.0, "Duco PancakeSwap price": 3.6e-05, "Duco SunSwap price": 8.5e-05, "Duco SushiSwap price": 1.5e-05, "Duco UbeSwap price": 2.9e-05, "Duco price": 0.000155, "Duco price BCH": 2.9e-05, "Duco price NANO": 1.2e-05, "Duco price TRX": 1.5e-05, "Duco price XMG": 0.000155, "Duino-Coin Server API": "github.com/revoxhere/duino-coin", "Kolka": {"Banned": 1066, "Jailed": 82}, "Last block hash": "2eb3f8271cd947cdd6469be145558a7bcb72e0d9", "Last sync": 1664404270.2679403, "Last update": "28/09/2022 22:31:15 (UTC)", "Mined blocks": 269649006732, "Miner distribution": {"All": 38773, "Arduino": 4545, "CPU": 1987, "ESP32": 13580, "ESP8266": 16957, "GPU": 0, "Other": 12, "Phone": 46, "RPi": 1259, "Web": 387}, "Net energy usage": "29.84 kW", "Open threads": 23, "Pool hashrate": "2965.32 MH/s", "Registered users": 79880, "Server CPU usage": 53.5, "Server RAM usage": 59.5, "Server version": 3.0, "Top 10 richest miners": ["39777318.437422335 DUCO - bscDUCO", "15965314.007 DUCO - Ochios", "13071931.576476855 DUCO - ctecrypto", "6974991.289071771 DUCO - QQ44142894", "4075220.2860000003 DUCO - AlmarRido", "2575068.1608967194 DUCO - ThePurpleMadMan", "2368507.0 DUCO - Brunomoyses23", "2210288.919161586 DUCO - vyrdudji", "2000122.5163383363 DUCO - treaks", "1868389.6619925525 DUCO - renderman"], "XXHASH hashrate": "0 H/s"}