{"Active connections": 962, "All-time mined DUCO": 170861358.2150814, "Current difficulty": 75000, "DUCO-S1 hashrate": "2.3 GH/s", "Duco FluffySwap price": 1.876e-06, "Duco Furim price": 0.0, "Duco Node-S price": 0.0, "Duco PancakeSwap price": 3.25041e-05, "Duco SunSwap price": 5.022e-05, "Duco SushiSwap price": 3.60836e-06, "Duco UbeSwap price": 2.8244677344934413e-05, "Duco price": 5.022e-05, "Duco price BCH": 2.69e-06, "Duco price NANO": 1.83e-06, "Duco price TRX": 4.14e-06, "Duco price XMG": 0.0, "Duino-Coin Server API": "github.com/revoxhere/duino-coin", "Kolka": {"Banned": 1241, "Jailed": 95}, "Last block hash": "8de4bc0b3fa1580ec7f3421feb9644fc8ead02b8", "Last sync": 1673414422.6600137, "Last update": "11/01/2023 05:20:26 (UTC)", "Mined blocks": 336873016937, "Miner distribution": {"All": 33611, "Arduino": 3597, "CPU": 1199, "ESP32": 12991, "ESP8266": 13841, "GPU": 0, "Other": 28, "Phone": 8, "RPi": 1576, "Web": 371}, "Net energy usage": "23.46 kW", "Open threads": 24, "Pool hashrate": "2330.99 MH/s", "Registered users": 86756, "Server CPU usage": 48.5, "Server RAM usage": 49.5, "Server version": 3.0, "Top 10 richest miners": ["95834070.05079754 DUCO - coinexchange", "40680117.73070239 DUCO - bscDUCO", "20119946.6942 DUCO - viviana80", "13675334.218015814 DUCO - ctecrypto", "11692429.559071772 DUCO - QQ44142894", "10759939.638689265 DUCO - fiorella71", "8125736.123916335 DUCO - Orion_0x43b", "6810291.285895229 DUCO - lordachoo", "4965362.69527713 DUCO - Ochios", "4962491.182817743 DUCO - bimbasimba94"], "XXHASH hashrate": "0 H/s"}