{"Active connections": 1092, "All-time mined DUCO": 739152690.4922385, "Current difficulty": 200000, "DUCO-S1 hashrate": "2.405 GH/s", "Duco FluffySwap price": 8.022e-06, "Duco Furim price": 0.0, "Duco Node-S price": 0.0, "Duco PancakeSwap price": 8.57789e-06, "Duco SunSwap price": 9.318e-05, "Duco SushiSwap price": 1.2962107682626e-05, "Duco UbeSwap price": 1.1191491992827553e-05, "Duco price": 0.000264, "Duco price BCH": 0.0001736, "Duco price NANO": 0.000264, "Duco price TRX": 1.146e-05, "Duco price XMG": 0.0, "Duino-Coin Server API": "github.com/revoxhere/duino-coin", "Kolka": {"Banned": 5949, "Jailed": 182}, "Last block hash": "8de4bc0b3fa1580ec7f3421feb9644fc8ead02b8", "Last sync": 1717712219.689768, "Last update": "06/06/2024 22:16:59 (UTC)", "Mined blocks": 525327042553, "Miner distribution": {"All": 17944, "Arduino": 2255, "CPU": 961, "ESP32": 7353, "ESP8266": 5914, "GPU": 0, "Other": 13, "Phone": 4, "RPi": 1252, "Web": 192}, "Net energy usage": "14.74 kW", "Open threads": 28, "Pool hashrate": "2405.213 MH/s", "Registered users": 102731, "Server CPU usage": 55.7, "Server RAM usage": 90.0, "Server version": 4.0, "Top 10 richest miners": ["79226409.78550309 DUCO - bscDUCO", "30792510.456 DUCO - Flowen1985", "30547481.689035717 DUCO - AlmarRido", "20119947.6942 DUCO - viviana80", "18545685.805999998 DUCO - bimbasimba94", "14898327.820667181 DUCO - aimbert", "14844291.11113942 DUCO - ctecrypto", "12720440.59109726 DUCO - QQ44142894", "11315904.107925095 DUCO - duinousa", "11015478.642 DUCO - Rafa2000"], "XXHASH hashrate": "0 H/s"}