{"Duino-Coin Server API": "github.com/revoxhere/duino-coin", "Server version": 2.7, "Active connections": 4628, "Open threads": 23, "Server CPU usage": 50.0, "Server RAM usage": 32.7, "Last update": "25/09/2021 05:05:23 (UTC)", "Net energy usage": "69.93 kW", "Pool hashrate": "1379.3667 MH/s", "DUCO-S1 hashrate": "1346.2 MH/s", "XXHASH hashrate": "33.2 MH/s", "Duco price": 0.00105341, "Duco price XMG": 0.00085674, "Duco price BCH": 0.00078, "Duco price RVN": 0.00069594, "Duco price TRX": 0.00046746, "Duco price XRP": 0.00033273, "Duco price DGB": 0.00063714, "Duco price NANO": 0.00069165, "Duco price FJC": 0.00076532, "Duco Node-S price": 0.000391, "Duco JustSwap price": 0.00042541, "Duco PancakeSwap price": 0.00105341, "Duco SushiSwap price": 0.000693224, "Registered users": 18702, "All-time mined DUCO": 11833916.536176035, "Current difficulty": 908671, "Mined blocks": 21808527907, "Last block hash": "730b6127b9", "Kolka": {"Jailed": 24, "Banned": 642}, "Miner distribution": {"GPU": 1, "CPU": 3817, "RPi": 2383, "Phone": 218, "Web": 1165, "ESP32": 10693, "ESP8266": 12337, "Arduino": 6500, "Other": 91}, "Top 10 richest miners": ["2273972.9931616536 DUCO - bscDUCO", "931216.2927011612 DUCO - James_themac", "521500.1558491204 DUCO - 52Pickup", "170240.13285850236 DUCO - Bacman", "133601.10104597002 DUCO - celoDUCO", "123387.18511437952 DUCO - amornlit", "121300.60198759988 DUCO - rootbori", "100018.54229726255 DUCO - bimbasimba94", "86752.61240343183 DUCO - caancom", "67049.7853744245 DUCO - giveaways"]}