{"Active connections": 943, "All-time mined DUCO": 80602305.49209872, "Current difficulty": 1000000, "DUCO-S1 hashrate": "3.4 GH/s", "Duco Furim price": 0.0, "Duco Node-S price": 0.0, "Duco PancakeSwap price": 1.8e-05, "Duco SunSwap price": 3.9e-05, "Duco SushiSwap price": 1.1e-05, "Duco UbeSwap price": 2.8e-05, "Duco price": 0.000291, "Duco price BCH": 1.8e-05, "Duco price NANO": 1.2e-05, "Duco price TRX": 1.5e-05, "Duco price XMG": 0.000291, "Duino-Coin Server API": "github.com/revoxhere/duino-coin", "Kolka": {"Banned": 905, "Jailed": 49}, "Last block hash": "2eb3f8271cd947cdd6469be145558a7bcb72e0d9", "Last sync": 1655523721.556595, "Last update": "18/06/2022 03:42:03 (UTC)", "Mined blocks": 204112235963, "Miner distribution": {"All": 38704, "Arduino": 4890, "CPU": 2833, "ESP32": 13142, "ESP8266": 15806, "GPU": 0, "Other": 98, "Phone": 63, "RPi": 1562, "Web": 310}, "Net energy usage": "34.9 kW", "Open threads": 21, "Pool hashrate": "3364.68 MH/s", "Registered users": 76915, "Server CPU usage": 53.1, "Server RAM usage": 59.4, "Server version": 3.0, "Top 10 richest miners": ["37605133.9766174 DUCO - bscDUCO", "16779508.4 DUCO - Ochios", "7751687.752826881 DUCO - ctecrypto", "6974991.289071771 DUCO - QQ44142894", "6111917.753396698 DUCO - coinexchange", "4006520.3785305806 DUCO - Demoel", "3440144.1422046525 DUCO - renderman", "2871328.70207679 DUCO - saikrsa", "2210288.9385462017 DUCO - vyrdudji", "2001977.9978906866 DUCO - varanese67"], "XXHASH hashrate": "0 H/s"}