{"Active connections": 783, "All-time mined DUCO": 697921586.2484584, "Current difficulty": 75000, "DUCO-S1 hashrate": "2.1 GH/s", "Duco FluffySwap price": 1.722e-06, "Duco Furim price": 0.0, "Duco Node-S price": 0.0, "Duco PancakeSwap price": 1.52576e-05, "Duco SunSwap price": 2.405e-05, "Duco SushiSwap price": 1.9503e-05, "Duco UbeSwap price": 2.996165722235418e-05, "Duco price": 2.996165722235418e-05, "Duco price BCH": 2.46e-06, "Duco price NANO": 1.76e-06, "Duco price TRX": 2.3e-06, "Duco price XMG": 0.0, "Duino-Coin Server API": "github.com/revoxhere/duino-coin", "Kolka": {"Banned": 1338, "Jailed": 117}, "Last block hash": "8de4bc0b3fa1580ec7f3421feb9644fc8ead02b8", "Last sync": 1680450232.5199716, "Last update": "02/04/2023 15:43:57 (UTC)", "Mined blocks": 379624981055, "Miner distribution": {"All": 28681, "Arduino": 3526, "CPU": 1049, "ESP32": 10951, "ESP8266": 11415, "GPU": 0, "Other": 15, "Phone": 13, "RPi": 1480, "Web": 232}, "Net energy usage": "20.17 kW", "Open threads": 26, "Pool hashrate": "2089.36 MH/s", "Registered users": 91118, "Server CPU usage": 54.3, "Server RAM usage": 47.9, "Server version": 3.0, "Top 10 richest miners": ["495743830.67087966 DUCO - coinexchange", "489722461.0207135 DUCO - coinexchange", "36281595.566 DUCO - bscDUCO", "20119947.6942 DUCO - viviana80", "15115364.7271 DUCO - Ochios", "12720440.559071772 DUCO - QQ44142894", "10759939.638689265 DUCO - fiorella71", "8125736.123916335 DUCO - Orion_0x43b", "6828582.4870353555 DUCO - lordachoo", "6786122.473432083 DUCO - msdo1006"], "XXHASH hashrate": "0 H/s"}