{"Active connections": 1118, "All-time mined DUCO": 738993320.4543808, "Current difficulty": 200000, "DUCO-S1 hashrate": "2.613 GH/s", "Duco FluffySwap price": 8.224999999999998e-06, "Duco Furim price": 0.0, "Duco Node-S price": 0.0, "Duco PancakeSwap price": 8.57789e-06, "Duco SunSwap price": 9.529e-05, "Duco SushiSwap price": 1.2962107682626e-05, "Duco UbeSwap price": 1.1191491992827553e-05, "Duco price": 0.000222, "Duco price BCH": 0.00016468, "Duco price NANO": 0.000222, "Duco price TRX": 1.172e-05, "Duco price XMG": 0.00021025, "Duino-Coin Server API": "github.com/revoxhere/duino-coin", "Kolka": {"Banned": 5949, "Jailed": 182}, "Last block hash": "8de4bc0b3fa1580ec7f3421feb9644fc8ead02b8", "Last sync": 1718044164.1920958, "Last update": "10/06/2024 18:29:24 (UTC)", "Mined blocks": 526355599697, "Miner distribution": {"All": 18979, "Arduino": 2442, "CPU": 1040, "ESP32": 7821, "ESP8266": 6249, "GPU": 0, "Other": 16, "Phone": 12, "RPi": 1241, "Web": 158}, "Net energy usage": "15.57 kW", "Open threads": 28, "Pool hashrate": "2612.914 MH/s", "Registered users": 102899, "Server CPU usage": 58.8, "Server RAM usage": 90.7, "Server version": 4.0, "Top 10 richest miners": ["79348919.78550309 DUCO - bscDUCO", "30792510.456 DUCO - Flowen1985", "30547233.689035717 DUCO - AlmarRido", "20119947.6942 DUCO - viviana80", "18545685.805999998 DUCO - bimbasimba94", "14898329.567307541 DUCO - aimbert", "14844595.117942734 DUCO - ctecrypto", "12720440.59109726 DUCO - QQ44142894", "11316136.39245003 DUCO - duinousa", "11015478.642 DUCO - Rafa2000"], "XXHASH hashrate": "0 H/s"}