{"Active connections": 973, "All-time mined DUCO": 1071899564.166139, "Current difficulty": 75000, "DUCO-S1 hashrate": "1.637 GH/s", "Duco FluffySwap price": 0.0, "Duco Furim price": 0.0, "Duco Node-S price": 0.0, "Duco PancakeSwap price": 0.0, "Duco SunSwap price": 0.0, "Duco SushiSwap price": 0.0, "Duco UbeSwap price": 0.0, "Duco price": 5.05e-06, "Duco price BCH": 5.05e-06, "Duco price NANO": 1.09e-06, "Duco price TRX": 1.6e-06, "Duco price XMG": 0.0, "Duino-Coin Server API": "github.com/revoxhere/duino-coin", "Kolka": {"Banned": 5512, "Jailed": 144}, "Last block hash": "8de4bc0b3fa1580ec7f3421feb9644fc8ead02b8", "Last sync": 1689513924.7299461, "Last update": "16/07/2023 13:25:29 (UTC)", "Mined blocks": 427798327922, "Miner distribution": {"All": 19227, "Arduino": 2100, "CPU": 642, "ESP32": 8461, "ESP8266": 7055, "GPU": 0, "Other": 11, "Phone": 2, "RPi": 956, "Web": 0}, "Net energy usage": "13.02 kW", "Open threads": 24, "Pool hashrate": "1636.525 MH/s", "Registered users": 94387, "Server CPU usage": 41.1, "Server RAM usage": 52.9, "Server version": 3.0, "Top 10 richest miners": ["495743830.67087966 DUCO - coinexchange", "385233880.9088502 DUCO - coinexchange", "50363867.80947695 DUCO - bscDUCO", "36165869.197 DUCO - AlmarRido", "24326348.334 DUCO - Flowen1985", "20119947.6942 DUCO - viviana80", "15110368.927099999 DUCO - Ochios", "14264497.326 DUCO - bimbasimba94", "12720440.559071772 DUCO - QQ44142894", "11661066.767301945 DUCO - ctecrypto"], "XXHASH hashrate": "0 H/s"}