{"Active connections": 937, "All-time mined DUCO": 754401598.9911534, "Current difficulty": 200000, "DUCO-S1 hashrate": "1.504 GH/s", "Duco FluffySwap price": 8.833999999999999e-06, "Duco Furim price": 0.0, "Duco Node-S price": 0.0, "Duco PancakeSwap price": 0.0, "Duco SunSwap price": 2.419e-05, "Duco SushiSwap price": 0.0, "Duco UbeSwap price": 0.0, "Duco price": 2.419e-05, "Duco price BCH": 0.0, "Duco price NANO": 0.0, "Duco price TRX": 1.265e-05, "Duco price XMG": 1.168e-05, "Duino-Coin Server API": "github.com/revoxhere/duino-coin", "Kolka": {"Banned": 5991, "Jailed": 191}, "Last block hash": "8de4bc0b3fa1580ec7f3421feb9644fc8ead02b8", "Last sync": 1722792891.5434792, "Last update": "04/08/2024 17:34:51 (UTC)", "Mined blocks": 540881744611, "Miner distribution": {"All": 16229, "Arduino": 2047, "CPU": 896, "ESP32": 5877, "ESP8266": 6156, "GPU": 0, "Other": 9, "Phone": 6, "RPi": 1050, "Web": 188}, "Net energy usage": "13.47 kW", "Open threads": 28, "Pool hashrate": "1504.435 MH/s", "Registered users": 104773, "Server CPU usage": 66.4, "Server RAM usage": 89.9, "Server version": 4.0, "Top 10 richest miners": ["241753555.90286547 DUCO - coinexchange", "81977128.19825932 DUCO - bscDUCO", "30855598.808 DUCO - Flowen1985", "28000980.1298474 DUCO - AlmarRido", "18280977.178 DUCO - bimbasimba94", "16096358.288900001 DUCO - viviana80", "14928186.132784702 DUCO - aimbert", "14847133.194062889 DUCO - ctecrypto", "12721940.59109726 DUCO - QQ44142894", "11341800.576715989 DUCO - duinousa"], "XXHASH hashrate": "0 H/s"}