{"Active connections": 930, "All-time mined DUCO": 17690675.148588084, "Current difficulty": 75000, "DUCO-S1 hashrate": "1566.2 MH/s", "Duco JustSwap price": 0.00013967, "Duco Node-S price": 6.8e-05, "Duco PancakeSwap price": 0.000594663, "Duco SushiSwap price": 0.000356015, "Duco price": 0.00060882, "Duco price BCH": 8.352e-05, "Duco price DGB": 0.0, "Duco price NANO": 1.769e-05, "Duco price RVN": 0.0, "Duco price TRX": 0.00018115, "Duco price XMG": 0.0005505, "Duco price XRP": 0.0, "Duino-Coin Server API": "github.com/revoxhere/duino-coin", "Kolka": {"Banned": 711, "Jailed": 24}, "Last block hash": "2eb3f8271c", "Last update": "09/12/2021 03:55:11 (UTC)", "Mined blocks": 57527961275, "Miner distribution": {"All": 36834, "Arduino": 6719, "CPU": 4603, "ESP32": 10312, "ESP8266": 11013, "GPU": 0, "Other": 4, "Phone": 470, "RPi": 2642, "Web": 1071}, "Net energy usage": "45.56 kW", "Open threads": 21, "Pool hashrate": "1566.18 MH/s", "Registered users": 29118, "Server CPU usage": 57.2, "Server RAM usage": 46.2, "Server version": 2.7, "Top 10 richest miners": ["4290319.812448392 DUCO - bscDUCO", "1399959.7881484297 DUCO - coinexchange", "588951.0732451914 DUCO - NodeSBroker", "351162.15067505674 DUCO - James_themac", "300520.321607231 DUCO - 52Pickup", "188488.057104081 DUCO - celoDUCO", "177219.58691112456 DUCO - maticDUCO", "170241.298916613 DUCO - Bacman", "166571.3409320577 DUCO - bloomindark", "119999.999999999 DUCO - rootbori"], "XXHASH hashrate": "0 H/s"}