{"Active connections": 1091, "All-time mined DUCO": 159577240.95719948, "Current difficulty": 75000, "DUCO-S1 hashrate": "2.4 GH/s", "Duco FluffySwap price": 2.135e-06, "Duco Furim price": 0.0, "Duco Node-S price": 0.0, "Duco PancakeSwap price": 3.52437e-05, "Duco SunSwap price": 5.484e-05, "Duco SushiSwap price": 5.30688e-06, "Duco UbeSwap price": 2.8375119743665973e-05, "Duco price": 5.484e-05, "Duco price BCH": 3.05e-06, "Duco price NANO": 1.89e-06, "Duco price TRX": 4.52e-06, "Duco price XMG": 0.0, "Duino-Coin Server API": "github.com/revoxhere/duino-coin", "Kolka": {"Banned": 1233, "Jailed": 96}, "Last block hash": "8de4bc0b3fa1580ec7f3421feb9644fc8ead02b8", "Last sync": 1674160063.4431975, "Last update": "19/01/2023 20:27:49 (UTC)", "Mined blocks": 341439487095, "Miner distribution": {"All": 34213, "Arduino": 4126, "CPU": 1289, "ESP32": 12797, "ESP8266": 14029, "GPU": 0, "Other": 20, "Phone": 11, "RPi": 1595, "Web": 346}, "Net energy usage": "24.15 kW", "Open threads": 25, "Pool hashrate": "2442.21 MH/s", "Registered users": 87225, "Server CPU usage": 60.2, "Server RAM usage": 52.0, "Server version": 3.0, "Top 10 richest miners": ["90591103.35219541 DUCO - coinexchange", "40951354.110702395 DUCO - bscDUCO", "20119946.6942 DUCO - viviana80", "11692429.559071772 DUCO - QQ44142894", "10759939.638689265 DUCO - fiorella71", "8125736.123916335 DUCO - Orion_0x43b", "6812170.317309621 DUCO - lordachoo", "4965363.69527713 DUCO - Ochios", "3850971.207 DUCO - AlmarRido", "3348700.811539462 DUCO - msdo1006"], "XXHASH hashrate": "0 H/s"}