{"Active connections": 1364, "All-time mined DUCO": 85655096.62780221, "Current difficulty": 75000, "DUCO-S1 hashrate": "3.0 GH/s", "Duco FluffySwap price": 2.9e-05, "Duco Furim price": 0.0, "Duco Node-S price": 0.0, "Duco PancakeSwap price": 4.6e-05, "Duco SunSwap price": 0.000158, "Duco SushiSwap price": 1.9e-05, "Duco UbeSwap price": 2.9e-05, "Duco price": 0.002, "Duco price BCH": 4.2e-05, "Duco price NANO": 2.7e-05, "Duco price TRX": 2.9e-05, "Duco price XMG": 0.000351, "Duino-Coin Server API": "github.com/revoxhere/duino-coin", "Kolka": {"Banned": 1017, "Jailed": 80}, "Last block hash": "2eb3f8271cd947cdd6469be145558a7bcb72e0d9", "Last sync": 1663047753.8706894, "Last update": "13/09/2022 05:42:35 (UTC)", "Mined blocks": 259771666516, "Miner distribution": {"All": 38635, "Arduino": 4583, "CPU": 2121, "ESP32": 14343, "ESP8266": 15842, "GPU": 0, "Other": 15, "Phone": 80, "RPi": 1166, "Web": 485}, "Net energy usage": "30.38 kW", "Open threads": 22, "Pool hashrate": "2990.79 MH/s", "Registered users": 78526, "Server CPU usage": 48.0, "Server RAM usage": 59.7, "Server version": 3.0, "Top 10 richest miners": ["41509829.99251492 DUCO - bscDUCO", "22684451.974870693 DUCO - coinexchange", "15964250.693 DUCO - Ochios", "6974991.289071771 DUCO - QQ44142894", "3718520.0842155674 DUCO - ctecrypto", "2368507.0 DUCO - Brunomoyses23", "2210288.919161586 DUCO - vyrdudji", "1867275.3594974703 DUCO - renderman", "1688435.48508611 DUCO - giveaways", "1650229.6107625726 DUCO - Flowen1985"], "XXHASH hashrate": "0 H/s"}