{"Active connections": 679, "All-time mined DUCO": 733687863.4345876, "Current difficulty": 200000, "DUCO-S1 hashrate": "2.138 GH/s", "Duco FluffySwap price": 0.0, "Duco Furim price": 0.0, "Duco Node-S price": 0.0, "Duco PancakeSwap price": 0.0, "Duco SunSwap price": 0.0, "Duco SushiSwap price": 0.0, "Duco UbeSwap price": 0.0, "Duco price": 0.000254, "Duco price BCH": 0.00017742, "Duco price NANO": 0.000254, "Duco price TRX": 1.128e-05, "Duco price XMG": 0.0, "Duino-Coin Server API": "github.com/revoxhere/duino-coin", "Kolka": {"Banned": 5900, "Jailed": 177}, "Last block hash": "8de4bc0b3fa1580ec7f3421feb9644fc8ead02b8", "Last sync": 1713927576.2711055, "Last update": "24/04/2024 02:59:36 (UTC)", "Mined blocks": 514716176494, "Miner distribution": {"All": 14494, "Arduino": 1819, "CPU": 843, "ESP32": 5609, "ESP8266": 5042, "GPU": 0, "Other": 30, "Phone": 8, "RPi": 1143, "Web": 0}, "Net energy usage": "12.4 kW", "Open threads": 28, "Pool hashrate": "2138.261 MH/s", "Registered users": 100994, "Server CPU usage": 21.7, "Server RAM usage": 90.8, "Server version": 4.0, "Top 10 richest miners": ["78423359.74889731 DUCO - bscDUCO", "39491496.79265186 DUCO - AlmarRido", "24584838.687 DUCO - Flowen1985", "20119947.6942 DUCO - viviana80", "17011708.804704107 DUCO - bimbasimba94", "14868531.194595315 DUCO - aimbert", "14841874.440919967 DUCO - ctecrypto", "14142596.908649387 DUCO - duinousa", "12720440.559071772 DUCO - QQ44142894", "10759939.638689265 DUCO - fiorella71"], "XXHASH hashrate": "0 H/s"}