{"Active connections": 15192, "All-time mined DUCO": 18391862.875739448, "Current difficulty": 125000, "DUCO-S1 hashrate": "1223.2 MH/s", "Duco JustSwap price": 0.00033987, "Duco Node-S price": 5.1e-05, "Duco PancakeSwap price": 0.000656946, "Duco SushiSwap price": 0.000469464, "Duco price": 0.00082804, "Duco price BCH": 0.0002926, "Duco price DGB": 0.0, "Duco price NANO": 0.00019845, "Duco price RVN": 0.0, "Duco price TRX": 0.0003689, "Duco price XMG": 0.00082697, "Duco price XRP": 0.0, "Duino-Coin Server API": "github.com/revoxhere/duino-coin", "Kolka": {"Banned": 691, "Jailed": 24}, "Last block hash": "2eb3f8271c", "Last update": "20/11/2021 01:55:47 (UTC)", "Mined blocks": 44805743200, "Miner distribution": {"All": 34616, "Arduino": 6061, "CPU": 3274, "ESP32": 10251, "ESP8266": 12278, "GPU": 0, "Other": 37, "Phone": 326, "RPi": 1931, "Web": 458}, "Net energy usage": "35.83 kW", "Open threads": 24, "Pool hashrate": "1223.18 MH/s", "Registered users": 25091, "Server CPU usage": 43.1, "Server RAM usage": 44.3, "Server version": 2.7, "Top 10 richest miners": ["3404968.718895882 DUCO - bscDUCO", "1296535.2020902191 DUCO - coinexchange", "591776.703081775 DUCO - NodeSBroker", "351150.1606789791 DUCO - James_themac", "300520.1555491204 DUCO - 52Pickup", "240223.82340424557 DUCO - bimbasimba94", "188487.89104597003 DUCO - celoDUCO", "170241.13285850236 DUCO - Bacman", "129704.52039028866 DUCO - maticDUCO", "123387.18511437952 DUCO - amornlit"], "XXHASH hashrate": "0 H/s"}