{"Active connections": 1412, "All-time mined DUCO": 59791850.63006568, "Current difficulty": 1000000, "DUCO-S1 hashrate": "5.4 GH/s", "Duco Furim price": 0.0, "Duco Node-S price": 0.0, "Duco PancakeSwap price": 4.7e-05, "Duco SunSwap price": 0.00041, "Duco SushiSwap price": 7.6e-05, "Duco price": 0.000413, "Duco price BCH": 5e-06, "Duco price NANO": 2.9e-05, "Duco price TRX": 5e-06, "Duco price XMG": 1.3e-05, "Duino-Coin Server API": "github.com/revoxhere/duino-coin", "Kolka": {"Banned": 598, "Jailed": 29}, "Last block hash": "2eb3f8271cd947cdd6469be145558a7bcb72e0d9", "Last sync": 1647686603.1811886, "Last update": "19/03/2022 10:43:24 (UTC)", "Mined blocks": 133975307095, "Miner distribution": {"All": 42305, "Arduino": 7210, "CPU": 4162, "ESP32": 12635, "ESP8266": 14722, "GPU": 0, "Other": 69, "Phone": 205, "RPi": 2625, "Web": 677}, "Net energy usage": "45.19 kW", "Open threads": 21, "Pool hashrate": "5446.1 MH/s", "Registered users": 65287, "Server CPU usage": 38.0, "Server RAM usage": 52.4, "Server version": 3.0, "Top 10 richest miners": ["25847976.673074927 DUCO - bscDUCO", "10000001.269761559 DUCO - miningvir", "3965348.014869814 DUCO - Ochios", "3962275.8619908057 DUCO - RNGesus", "2641341.5293082194 DUCO - coinexchange", "2453550.087773999 DUCO - ifdeduco", "1712374.5420669336 DUCO - DeVisdude", "1259850.3083113441 DUCO - T3rminator", "1209837.627673189 DUCO - James_themac", "1201816.4442430222 DUCO - juanjefraire"], "XXHASH hashrate": "0 H/s"}