{"Active connections": 1284, "All-time mined DUCO": 60097665.92708157, "Current difficulty": 1000000, "DUCO-S1 hashrate": "3.9 GH/s", "Duco Furim price": 0.0, "Duco Node-S price": 0.0, "Duco PancakeSwap price": 3.9e-05, "Duco SunSwap price": 5.1e-05, "Duco SushiSwap price": 2.1e-05, "Duco UbeSwap price": 2.7e-05, "Duco price": 0.000137, "Duco price BCH": 6e-06, "Duco price NANO": 2.9e-05, "Duco price TRX": 1.8e-05, "Duco price XMG": 0.000137, "Duino-Coin Server API": "github.com/revoxhere/duino-coin", "Kolka": {"Banned": 810, "Jailed": 47}, "Last block hash": "2eb3f8271cd947cdd6469be145558a7bcb72e0d9", "Last sync": 1652854967.987074, "Last update": "18/05/2022 06:22:48 (UTC)", "Mined blocks": 180708142033, "Miner distribution": {"All": 40272, "Arduino": 5723, "CPU": 3221, "ESP32": 13172, "ESP8266": 15746, "GPU": 0, "Other": 61, "Phone": 130, "RPi": 1878, "Web": 341}, "Net energy usage": "38.08 kW", "Open threads": 21, "Pool hashrate": "3926.94 MH/s", "Registered users": 74597, "Server CPU usage": 37.2, "Server RAM usage": 54.0, "Server version": 3.0, "Top 10 richest miners": ["26642061.33443735 DUCO - bscDUCO", "11803505.085032174 DUCO - Ochios", "4919754.416515254 DUCO - QQ44142894", "4007495.7029078435 DUCO - Demoel", "2283243.1571445116 DUCO - ctecrypto", "2210288.9385462017 DUCO - vyrdudji", "1470916.3482914057 DUCO - maticDUCO", "1415001.401 DUCO - amornlit", "1303834.880030466 DUCO - coinexchange", "1209839.3105654893 DUCO - James_themac"], "XXHASH hashrate": "0 H/s"}