{"Active connections": 990, "All-time mined DUCO": 65320614.41959513, "Current difficulty": 75000, "DUCO-S1 hashrate": "2.7 GH/s", "Duco Furim price": 0.0, "Duco Node-S price": 0.0, "Duco PancakeSwap price": 5e-05, "Duco SunSwap price": 0.000341, "Duco SushiSwap price": 3.9e-05, "Duco UbeSwap price": 3.5e-05, "Duco price": 0.000349, "Duco price BCH": 3.5e-05, "Duco price NANO": 2.7e-05, "Duco price TRX": 2.1e-05, "Duco price XMG": 0.000258, "Duino-Coin Server API": "github.com/revoxhere/duino-coin", "Kolka": {"Banned": 964, "Jailed": 72}, "Last block hash": "2eb3f8271cd947cdd6469be145558a7bcb72e0d9", "Last sync": 1660518753.8554404, "Last update": "14/08/2022 23:12:36 (UTC)", "Mined blocks": 241741012074, "Miner distribution": {"All": 35288, "Arduino": 4453, "CPU": 1777, "ESP32": 12366, "ESP8266": 15086, "GPU": 0, "Other": 62, "Phone": 60, "RPi": 1120, "Web": 364}, "Net energy usage": "26.83 kW", "Open threads": 22, "Pool hashrate": "2723.46 MH/s", "Registered users": 76400, "Server CPU usage": 42.0, "Server RAM usage": 49.4, "Server version": 3.0, "Top 10 richest miners": ["40351192.61318917 DUCO - bscDUCO", "38294050.65167597 DUCO - coinexchange", "6974991.289071771 DUCO - QQ44142894", "2368507.0 DUCO - Brunomoyses23", "2295623.6415054663 DUCO - renderman", "2210288.9385462017 DUCO - vyrdudji", "1451595.878482183 DUCO - maticDUCO", "1436226.401 DUCO - amornlit", "1209839.3183971192 DUCO - James_themac", "861596.967104081 DUCO - celoDUCO"], "XXHASH hashrate": "0 H/s"}