{"Active connections": 32587, "All-time mined DUCO": 18858934.486386444, "Current difficulty": 125000, "DUCO-S1 hashrate": "1306.6 MH/s", "Duco JustSwap price": 0.00033279, "Duco Node-S price": 0.00013, "Duco PancakeSwap price": 0.00080574, "Duco SushiSwap price": 0.000282931, "Duco price": 0.00081096, "Duco price BCH": 0.00028526, "Duco price DGB": 0.0, "Duco price NANO": 0.00013675, "Duco price RVN": 0.0, "Duco price TRX": 0.00036121, "Duco price XMG": 0.00080492, "Duco price XRP": 0.0, "Duino-Coin Server API": "github.com/revoxhere/duino-coin", "Kolka": {"Banned": 699, "Jailed": 24}, "Last block hash": "2eb3f8271c", "Last update": "23/11/2021 23:15:38 (UTC)", "Mined blocks": 46938545488, "Miner distribution": {"All": 36576, "Arduino": 6262, "CPU": 3563, "ESP32": 11083, "ESP8266": 12632, "GPU": 0, "Other": 38, "Phone": 392, "RPi": 2101, "Web": 505}, "Net energy usage": "38.55 kW", "Open threads": 24, "Pool hashrate": "1306.64 MH/s", "Registered users": 25842, "Server CPU usage": 54.2, "Server RAM usage": 53.4, "Server version": 2.7, "Top 10 richest miners": ["3507943.4316160437 DUCO - bscDUCO", "1289079.542090219 DUCO - coinexchange", "591776.708081775 DUCO - NodeSBroker", "351150.1606789791 DUCO - James_themac", "300520.1555491204 DUCO - 52Pickup", "240335.40803934223 DUCO - bimbasimba94", "188487.89104597003 DUCO - celoDUCO", "170241.13285850236 DUCO - Bacman", "139207.5696000892 DUCO - maticDUCO", "119999.99999999892 DUCO - rootbori"], "XXHASH hashrate": "0 H/s"}