{"Active connections": 980, "All-time mined DUCO": 850240368.3228631, "Current difficulty": 75000, "DUCO-S1 hashrate": "2.282 GH/s", "Duco FluffySwap price": 2.6109999999999996e-06, "Duco Furim price": 0.0, "Duco Node-S price": 0.0, "Duco PancakeSwap price": 9.29097e-06, "Duco SunSwap price": 9.369e-05, "Duco SushiSwap price": 1.30867e-05, "Duco UbeSwap price": 2.7898752414944825e-05, "Duco price": 9.369e-05, "Duco price BCH": 3.73e-06, "Duco price NANO": 1.61e-06, "Duco price TRX": 2.75e-06, "Duco price XMG": 0.0, "Duino-Coin Server API": "github.com/revoxhere/duino-coin", "Kolka": {"Banned": 5720, "Jailed": 129}, "Last block hash": "8de4bc0b3fa1580ec7f3421feb9644fc8ead02b8", "Last sync": 1687256252.346361, "Last update": "20/06/2023 10:17:41 (UTC)", "Mined blocks": 417356305224, "Miner distribution": {"All": 22753, "Arduino": 2796, "CPU": 933, "ESP32": 9734, "ESP8266": 7765, "GPU": 0, "Other": 8, "Phone": 0, "RPi": 1330, "Web": 187}, "Net energy usage": "16.68 kW", "Open threads": 23, "Pool hashrate": "2281.951 MH/s", "Registered users": 93789, "Server CPU usage": 45.0, "Server RAM usage": 29.4, "Server version": 3.0, "Top 10 richest miners": ["495743830.67087966 DUCO - coinexchange", "388103340.5705878 DUCO - coinexchange", "49333857.02939265 DUCO - bscDUCO", "20119947.6942 DUCO - viviana80", "15115368.927099999 DUCO - Ochios", "14236202.785347996 DUCO - bimbasimba94", "12720440.559071772 DUCO - QQ44142894", "12514182.108995976 DUCO - duinousa", "10978766.04658526 DUCO - Rafa2000", "10759939.638689265 DUCO - fiorella71"], "XXHASH hashrate": "0 H/s"}