{"Active connections": 1007, "All-time mined DUCO": 757015544.9613696, "Current difficulty": 200000, "DUCO-S1 hashrate": "1.472 GH/s", "Duco FluffySwap price": 9.093e-06, "Duco Furim price": 0.0, "Duco Node-S price": 0.0, "Duco PancakeSwap price": 0.0, "Duco SunSwap price": 2.486e-05, "Duco SushiSwap price": 0.0, "Duco UbeSwap price": 0.0, "Duco price": 2.486e-05, "Duco price BCH": 0.0, "Duco price NANO": 0.0, "Duco price TRX": 1.3e-05, "Duco price XMG": 1.31e-06, "Duino-Coin Server API": "github.com/revoxhere/duino-coin", "Kolka": {"Banned": 5991, "Jailed": 191}, "Last block hash": "8de4bc0b3fa1580ec7f3421feb9644fc8ead02b8", "Last sync": 1722442863.1967342, "Last update": "31/07/2024 16:21:03 (UTC)", "Mined blocks": 539855722965, "Miner distribution": {"All": 16338, "Arduino": 2034, "CPU": 838, "ESP32": 6097, "ESP8266": 6057, "GPU": 0, "Other": 9, "Phone": 1, "RPi": 1131, "Web": 171}, "Net energy usage": "13.26 kW", "Open threads": 28, "Pool hashrate": "1471.716 MH/s", "Registered users": 104660, "Server CPU usage": 58.7, "Server RAM usage": 90.3, "Server version": 4.0, "Top 10 richest miners": ["244095943.42555547 DUCO - coinexchange", "81976627.19825932 DUCO - bscDUCO", "30855598.808 DUCO - Flowen1985", "30000980.1298474 DUCO - AlmarRido", "18660231.933085453 DUCO - aimbert", "18280977.178 DUCO - bimbasimba94", "16096358.288900001 DUCO - viviana80", "14847133.194062889 DUCO - ctecrypto", "12721940.59109726 DUCO - QQ44142894", "11341628.607937109 DUCO - duinousa"], "XXHASH hashrate": "0 H/s"}