{"Active connections": 1070, "All-time mined DUCO": 737446777.5151889, "Current difficulty": 200000, "DUCO-S1 hashrate": "2.484 GH/s", "Duco FluffySwap price": 7.804999999999999e-06, "Duco Furim price": 0.0, "Duco Node-S price": 0.0, "Duco PancakeSwap price": 8.57789e-06, "Duco SunSwap price": 9.101e-05, "Duco SushiSwap price": 1.2962107682626e-05, "Duco UbeSwap price": 1.1191491992827553e-05, "Duco price": 0.000256, "Duco price BCH": 0.00016581, "Duco price NANO": 0.000256, "Duco price TRX": 1.119e-05, "Duco price XMG": 4.085e-05, "Duino-Coin Server API": "github.com/revoxhere/duino-coin", "Kolka": {"Banned": 5949, "Jailed": 182}, "Last block hash": "8de4bc0b3fa1580ec7f3421feb9644fc8ead02b8", "Last sync": 1717077153.0297456, "Last update": "30/05/2024 13:52:33 (UTC)", "Mined blocks": 523399783760, "Miner distribution": {"All": 18584, "Arduino": 2371, "CPU": 981, "ESP32": 7441, "ESP8266": 6321, "GPU": 0, "Other": 15, "Phone": 11, "RPi": 1236, "Web": 208}, "Net energy usage": "15.12 kW", "Open threads": 27, "Pool hashrate": "2484.309 MH/s", "Registered users": 102457, "Server CPU usage": 59.2, "Server RAM usage": 91.1, "Server version": 4.0, "Top 10 richest miners": ["78943409.78550309 DUCO - bscDUCO", "30792510.456 DUCO - Flowen1985", "30547607.40829605 DUCO - AlmarRido", "20119947.6942 DUCO - viviana80", "18545685.805999998 DUCO - bimbasimba94", "14898325.621152233 DUCO - aimbert", "14843839.977785181 DUCO - ctecrypto", "12720440.585598174 DUCO - QQ44142894", "11315509.361456834 DUCO - duinousa", "10759939.638689265 DUCO - fiorella71"], "XXHASH hashrate": "0 H/s"}