{"Active connections": 1049, "All-time mined DUCO": 758621530.468374, "Current difficulty": 200000, "DUCO-S1 hashrate": "1.962 GH/s", "Duco FluffySwap price": 1.8571e-05, "Duco Furim price": 0.0, "Duco Node-S price": 0.0, "Duco PancakeSwap price": 1.34905e-05, "Duco SunSwap price": 2.54e-05, "Duco SushiSwap price": 8.331891935491e-06, "Duco UbeSwap price": 1.642e-05, "Duco price": 3.503e-05, "Duco price BCH": 0.0, "Duco price NANO": 0.0, "Duco price TRX": 2.656e-05, "Duco price XMG": 3.503e-05, "Duino-Coin Server API": "github.com/revoxhere/duino-coin", "Kolka": {"Banned": 6014, "Jailed": 190}, "Last block hash": "8de4bc0b3fa1580ec7f3421feb9644fc8ead02b8", "Last sync": 1723827922.3927493, "Last update": "16/08/2024 17:05:22 (UTC)", "Mined blocks": 543771654566, "Miner distribution": {"All": 14433, "Arduino": 1923, "CPU": 797, "ESP32": 4714, "ESP8266": 5701, "GPU": 0, "Other": 8, "Phone": 26, "RPi": 1096, "Web": 168}, "Net energy usage": "12.19 kW", "Open threads": 28, "Pool hashrate": "1961.979 MH/s", "Registered users": 105151, "Server CPU usage": 72.0, "Server RAM usage": 86.2, "Server version": 4.0, "Top 10 richest miners": ["238547918.8577055 DUCO - coinexchange", "82494879.19825932 DUCO - bscDUCO", "30855598.808 DUCO - Flowen1985", "28000980.1298474 DUCO - AlmarRido", "18280977.178 DUCO - bimbasimba94", "16096358.288900001 DUCO - viviana80", "14928193.978396742 DUCO - aimbert", "14847133.194062889 DUCO - ctecrypto", "12721940.59109726 DUCO - QQ44142894", "11342294.011321431 DUCO - duinousa"], "XXHASH hashrate": "0 H/s"}