{"Active connections": 823, "All-time mined DUCO": 752741013.5938737, "Current difficulty": 200000, "DUCO-S1 hashrate": "2.557 GH/s", "Duco FluffySwap price": 7.986999999999998e-06, "Duco Furim price": 0.0, "Duco Node-S price": 0.0, "Duco PancakeSwap price": 8.57789e-06, "Duco SunSwap price": 9.29e-05, "Duco SushiSwap price": 1.2962107682626e-05, "Duco UbeSwap price": 1.1191491992827553e-05, "Duco price": 0.000252, "Duco price BCH": 0.00017296, "Duco price NANO": 0.000252, "Duco price TRX": 1.142e-05, "Duco price XMG": 4.135e-05, "Duino-Coin Server API": "github.com/revoxhere/duino-coin", "Kolka": {"Banned": 5949, "Jailed": 182}, "Last block hash": "8de4bc0b3fa1580ec7f3421feb9644fc8ead02b8", "Last sync": 1716629751.5617657, "Last update": "25/05/2024 09:35:51 (UTC)", "Mined blocks": 522038637997, "Miner distribution": {"All": 18057, "Arduino": 2369, "CPU": 959, "ESP32": 7119, "ESP8266": 6027, "GPU": 0, "Other": 24, "Phone": 46, "RPi": 1314, "Web": 199}, "Net energy usage": "14.84 kW", "Open threads": 28, "Pool hashrate": "2557.143 MH/s", "Registered users": 102268, "Server CPU usage": 30.7, "Server RAM usage": 94.1, "Server version": 4.0, "Top 10 richest miners": ["79109233.74889731 DUCO - bscDUCO", "39368542.54345614 DUCO - AlmarRido", "30792510.456 DUCO - Flowen1985", "20119947.6942 DUCO - viviana80", "18622872.77541928 DUCO - aimbert", "18545685.805999998 DUCO - bimbasimba94", "14843417.222258346 DUCO - ctecrypto", "12720440.585598174 DUCO - QQ44142894", "11315235.317415604 DUCO - duinousa", "10759939.638689265 DUCO - fiorella71"], "XXHASH hashrate": "0 H/s"}