{"Duino-Coin Server API": "github.com/revoxhere/duino-coin", "Server version": 2.7, "Active connections": 8223, "Open threads": 24, "Server CPU usage": 58.7, "Server RAM usage": 37.0, "Last update": "06/10/2021 23:42:40 (UTC)", "Net energy usage": "49.64 kW", "Pool hashrate": "947.65 MH/s", "DUCO-S1 hashrate": "947.6 MH/s", "XXHASH hashrate": "0 H/s", "Duco price": 0.00277935, "Duco price XMG": 0.00277935, "Duco price BCH": 0.00052696, "Duco price RVN": 0.00074599, "Duco price TRX": 0.00075228, "Duco price XRP": 0.0003, "Duco price DGB": 0.00075418, "Duco price NANO": 0.00075421, "Duco price FJC": 0.00075, "Duco Node-S price": 0.000562, "Duco JustSwap price": 0.00183482, "Duco PancakeSwap price": 0.00118747, "Duco SushiSwap price": 0.00071302, "Registered users": 19659, "All-time mined DUCO": 13068973.087401405, "Current difficulty": 1011004, "Mined blocks": 24264197148, "Last block hash": "730b6127b9", "Kolka": {"Jailed": 24, "Banned": 663}, "Miner distribution": {"GPU": 0, "CPU": 2527, "RPi": 1569, "Phone": 141, "Web": 526, "ESP32": 8526, "ESP8266": 10323, "Arduino": 3991, "Other": 66, "All": 27669}, "Top 10 richest miners": ["2438520.874918473 DUCO - bscDUCO", "911862.0554556032 DUCO - James_themac", "521520.1555491204 DUCO - 52Pickup", "170240.13285850236 DUCO - Bacman", "169533.10104597002 DUCO - celoDUCO", "154859.20591454004 DUCO - coinexchange", "123686.38281197664 DUCO - bimbasimba94", "123387.18511437952 DUCO - amornlit", "121571.73057958881 DUCO - rootbori", "87124.94160749546 DUCO - caancom"]}