{"Active connections": 1565, "All-time mined DUCO": 52333352.57625571, "Current difficulty": 1000000, "DUCO-S1 hashrate": "4.2 GH/s", "Duco Furim price": 0.0, "Duco Node-S price": 0.0, "Duco PancakeSwap price": 6.4e-05, "Duco SunSwap price": 6.3e-05, "Duco SushiSwap price": 2.5e-05, "Duco UbeSwap price": 0.0, "Duco price": 6.6e-05, "Duco price BCH": 9e-06, "Duco price NANO": 4.9e-05, "Duco price TRX": 1.6e-05, "Duco price XMG": 6.3e-05, "Duino-Coin Server API": "github.com/revoxhere/duino-coin", "Kolka": {"Banned": 741, "Jailed": 47}, "Last block hash": "2eb3f8271cd947cdd6469be145558a7bcb72e0d9", "Last sync": 1650893000.973132, "Last update": "25/04/2022 13:23:24 (UTC)", "Mined blocks": 163136615952, "Miner distribution": {"All": 40112, "Arduino": 6120, "CPU": 3533, "ESP32": 12716, "ESP8266": 15187, "GPU": 0, "Other": 74, "Phone": 134, "RPi": 2003, "Web": 345}, "Net energy usage": "39.87 kW", "Open threads": 21, "Pool hashrate": "4242.59 MH/s", "Registered users": 71203, "Server CPU usage": 37.0, "Server RAM usage": 55.4, "Server version": 3.0, "Top 10 richest miners": ["22801062.103153344 DUCO - bscDUCO", "7289649.914401649 DUCO - Ochios", "3978453.3220304674 DUCO - coinexchange", "3000150.6053198203 DUCO - varanese67", "2751662.9798526433 DUCO - QQ44142894", "2210290.556490195 DUCO - vyrdudji", "1241819.392057218 DUCO - maticDUCO", "1218210.2865372428 DUCO - ivanrpz", "1209839.3043566686 DUCO - James_themac", "830257.4757288157 DUCO - xxl"], "XXHASH hashrate": "0 H/s"}