{"Active connections": 883, "All-time mined DUCO": 146624300.04573077, "Current difficulty": 75000, "DUCO-S1 hashrate": "3.1 GH/s", "Duco FluffySwap price": 1.1067e-05, "Duco Furim price": 0.0, "Duco Node-S price": 0.0, "Duco PancakeSwap price": 5.48628e-05, "Duco SunSwap price": 4.816e-05, "Duco SushiSwap price": 6.07346e-05, "Duco UbeSwap price": 2.9153541987802427e-05, "Duco price": 6.07346e-05, "Duco price BCH": 1.582e-05, "Duco price NANO": 5.62e-06, "Duco price TRX": 5.21e-06, "Duco price XMG": 0.0, "Duino-Coin Server API": "github.com/revoxhere/duino-coin", "Kolka": {"Banned": 1158, "Jailed": 88}, "Last block hash": "8de4bc0b3fa1580ec7f3421feb9644fc8ead02b8", "Last sync": 1669099666.4167821, "Last update": "22/11/2022 06:47:51 (UTC)", "Mined blocks": 307659085785, "Miner distribution": {"All": 38635, "Arduino": 4467, "CPU": 1778, "ESP32": 13730, "ESP8266": 16420, "GPU": 0, "Other": 22, "Phone": 56, "RPi": 1765, "Web": 397}, "Net energy usage": "29.21 kW", "Open threads": 23, "Pool hashrate": "3141.52 MH/s", "Registered users": 84038, "Server CPU usage": 52.2, "Server RAM usage": 34.3, "Server version": 3.0, "Top 10 richest miners": ["38495483.43978844 DUCO - bscDUCO", "21791484.574887272 DUCO - coinexchange", "20119945.00125 DUCO - viviana80", "14965341.634141278 DUCO - Ochios", "11692429.559071772 DUCO - QQ44142894", "10759939.638689265 DUCO - fiorella71", "6700464.426176341 DUCO - lordachoo", "2567742.791300181 DUCO - RNGesus", "2368507.0 DUCO - Brunomoyses23", "2210288.919161586 DUCO - vyrdudji"], "XXHASH hashrate": "0 H/s"}