{"Active connections": 831, "All-time mined DUCO": 88205751.71599063, "Current difficulty": 75000, "DUCO-S1 hashrate": "3.2 GH/s", "Duco FluffySwap price": 1.1319e-05, "Duco Furim price": 0.0, "Duco Node-S price": 0.0, "Duco PancakeSwap price": 3.41383e-05, "Duco SunSwap price": 0.00010802, "Duco SushiSwap price": 3.06371e-05, "Duco UbeSwap price": 2.9098580230377713e-05, "Duco price": 0.00010802, "Duco price BCH": 1.617e-05, "Duco price NANO": 7.23e-06, "Duco price TRX": 6.24e-06, "Duco price XMG": 5.756e-05, "Duino-Coin Server API": "github.com/revoxhere/duino-coin", "Kolka": {"Banned": 1108, "Jailed": 85}, "Last block hash": "8de4bc0b3fa1580ec7f3421feb9644fc8ead02b8", "Last sync": 1666263347.5691497, "Last update": "20/10/2022 10:55:53 (UTC)", "Mined blocks": 284713142587, "Miner distribution": {"All": 37808, "Arduino": 4479, "CPU": 2263, "ESP32": 13216, "ESP8266": 16194, "GPU": 0, "Other": 11, "Phone": 42, "RPi": 1234, "Web": 369}, "Net energy usage": "30.96 kW", "Open threads": 23, "Pool hashrate": "3220.46 MH/s", "Registered users": 81486, "Server CPU usage": 44.0, "Server RAM usage": 27.2, "Server version": 3.0, "Top 10 richest miners": ["38407730.025158234 DUCO - bscDUCO", "37394230.51480992 DUCO - coinexchange", "15965318.216999998 DUCO - Ochios", "8552892.059071772 DUCO - QQ44142894", "2368507.0 DUCO - Brunomoyses23", "2210288.919161586 DUCO - vyrdudji", "1936638.3601163228 DUCO - giveaways", "1614984.8630387518 DUCO - maticDUCO", "1457898.898 DUCO - amornlit", "1427571.513 DUCO - malga15"], "XXHASH hashrate": "0 H/s"}