{"Active connections": 1111, "All-time mined DUCO": 163158466.54102403, "Current difficulty": 75000, "DUCO-S1 hashrate": "2.4 GH/s", "Duco FluffySwap price": 2.0859999999999996e-06, "Duco Furim price": 0.0, "Duco Node-S price": 0.0, "Duco PancakeSwap price": 3.25041e-05, "Duco SunSwap price": 5.249e-05, "Duco SushiSwap price": 3.60836e-06, "Duco UbeSwap price": 2.8244677344934413e-05, "Duco price": 5.249e-05, "Duco price BCH": 2.98e-06, "Duco price NANO": 1.88e-06, "Duco price TRX": 4.32e-06, "Duco price XMG": 0.0, "Duino-Coin Server API": "github.com/revoxhere/duino-coin", "Kolka": {"Banned": 1250, "Jailed": 95}, "Last block hash": "8de4bc0b3fa1580ec7f3421feb9644fc8ead02b8", "Last sync": 1673609892.785062, "Last update": "13/01/2023 11:38:17 (UTC)", "Mined blocks": 338080138780, "Miner distribution": {"All": 33041, "Arduino": 3745, "CPU": 1179, "ESP32": 12677, "ESP8266": 13472, "GPU": 0, "Other": 20, "Phone": 13, "RPi": 1540, "Web": 395}, "Net energy usage": "23.02 kW", "Open threads": 24, "Pool hashrate": "2361.14 MH/s", "Registered users": 86885, "Server CPU usage": 57.9, "Server RAM usage": 52.9, "Server version": 3.0, "Top 10 richest miners": ["92875996.81867254 DUCO - coinexchange", "40592352.73070239 DUCO - bscDUCO", "20119946.6942 DUCO - viviana80", "11692429.559071772 DUCO - QQ44142894", "10759939.638689265 DUCO - fiorella71", "8125736.123916335 DUCO - Orion_0x43b", "6810659.457611528 DUCO - lordachoo", "4965363.69527713 DUCO - Ochios", "4962504.900959602 DUCO - bimbasimba94", "4267666.823 DUCO - Demoel"], "XXHASH hashrate": "0 H/s"}