{"Active connections": 961, "All-time mined DUCO": 86645852.05916226, "Current difficulty": 1000000, "DUCO-S1 hashrate": "3.1 GH/s", "Duco Furim price": 0.0, "Duco Node-S price": 0.0, "Duco PancakeSwap price": 7.1e-05, "Duco SunSwap price": 4.5e-05, "Duco SushiSwap price": 1.8e-05, "Duco UbeSwap price": 3.5e-05, "Duco price": 8.7e-05, "Duco price BCH": 1.9e-05, "Duco price NANO": 1.6e-05, "Duco price TRX": 1.4e-05, "Duco price XMG": 8.7e-05, "Duino-Coin Server API": "github.com/revoxhere/duino-coin", "Kolka": {"Banned": 925, "Jailed": 63}, "Last block hash": "2eb3f8271cd947cdd6469be145558a7bcb72e0d9", "Last sync": 1657995230.161428, "Last update": "16/07/2022 18:13:54 (UTC)", "Mined blocks": 224336938769, "Miner distribution": {"All": 36072, "Arduino": 4587, "CPU": 2242, "ESP32": 12239, "ESP8266": 15166, "GPU": 0, "Other": 68, "Phone": 68, "RPi": 1442, "Web": 260}, "Net energy usage": "30.21 kW", "Open threads": 22, "Pool hashrate": "3084.86 MH/s", "Registered users": 74405, "Server CPU usage": 38.4, "Server RAM usage": 44.2, "Server version": 3.0, "Top 10 richest miners": ["49400855.4773967 DUCO - coinexchange", "35088119.622689165 DUCO - bscDUCO", "16868017.42740215 DUCO - Ochios", "7753925.757344661 DUCO - ctecrypto", "6974991.289071771 DUCO - QQ44142894", "5883534.168371992 DUCO - renderman", "2368507.0 DUCO - Brunomoyses23", "2210288.9385462017 DUCO - vyrdudji", "2070152.565 DUCO - CryptSino_Exchange", "1419614.5421398599 DUCO - maticDUCO"], "XXHASH hashrate": "0 H/s"}