{"Active connections": 865, "All-time mined DUCO": 150275690.5916879, "Current difficulty": 75000, "DUCO-S1 hashrate": "2.9 GH/s", "Duco FluffySwap price": 1.2054e-05, "Duco Furim price": 0.0, "Duco Node-S price": 0.0, "Duco PancakeSwap price": 5.92943e-05, "Duco SunSwap price": 4.855e-05, "Duco SushiSwap price": 5.78135e-05, "Duco UbeSwap price": 2.9411764705882354e-05, "Duco price": 5.92943e-05, "Duco price BCH": 1.722e-05, "Duco price NANO": 8.18e-06, "Duco price TRX": 5.25e-06, "Duco price XMG": 0.0, "Duino-Coin Server API": "github.com/revoxhere/duino-coin", "Kolka": {"Banned": 1181, "Jailed": 88}, "Last block hash": "8de4bc0b3fa1580ec7f3421feb9644fc8ead02b8", "Last sync": 1669345829.9217775, "Last update": "25/11/2022 03:10:35 (UTC)", "Mined blocks": 309767711230, "Miner distribution": {"All": 37439, "Arduino": 4341, "CPU": 1611, "ESP32": 13464, "ESP8266": 15772, "GPU": 0, "Other": 22, "Phone": 36, "RPi": 1762, "Web": 431}, "Net energy usage": "27.73 kW", "Open threads": 23, "Pool hashrate": "2912.82 MH/s", "Registered users": 84162, "Server CPU usage": 44.7, "Server RAM usage": 40.4, "Server version": 3.0, "Top 10 richest miners": ["38516298.43978844 DUCO - bscDUCO", "21456110.693997227 DUCO - coinexchange", "20119945.00125 DUCO - viviana80", "14965341.634141278 DUCO - Ochios", "11692429.559071772 DUCO - QQ44142894", "10759939.638689265 DUCO - fiorella71", "6700948.552655494 DUCO - lordachoo", "2567742.791300181 DUCO - RNGesus", "2368507.0 DUCO - Brunomoyses23", "2210288.919161586 DUCO - vyrdudji"], "XXHASH hashrate": "0 H/s"}