{"Active connections": 945, "All-time mined DUCO": 707990513.612493, "Current difficulty": 75000, "DUCO-S1 hashrate": "2.2 GH/s", "Duco FluffySwap price": 1.7429999999999999e-06, "Duco Furim price": 0.0, "Duco Node-S price": 0.0, "Duco PancakeSwap price": 2.27623e-05, "Duco SunSwap price": 2.434e-05, "Duco SushiSwap price": 1.47969e-05, "Duco UbeSwap price": 2.9828006500541712e-05, "Duco price": 2.9828006500541712e-05, "Duco price BCH": 2.5e-06, "Duco price NANO": 1.81e-06, "Duco price TRX": 2.33e-06, "Duco price XMG": 0.0, "Duino-Coin Server API": "github.com/revoxhere/duino-coin", "Kolka": {"Banned": 1348, "Jailed": 122}, "Last block hash": "8de4bc0b3fa1580ec7f3421feb9644fc8ead02b8", "Last sync": 1681145383.2107105, "Last update": "10/04/2023 16:49:51 (UTC)", "Mined blocks": 383965448643, "Miner distribution": {"All": 29144, "Arduino": 3652, "CPU": 1147, "ESP32": 10886, "ESP8266": 11560, "GPU": 0, "Other": 19, "Phone": 25, "RPi": 1609, "Web": 246}, "Net energy usage": "21.1 kW", "Open threads": 25, "Pool hashrate": "2174.37 MH/s", "Registered users": 91478, "Server CPU usage": 51.6, "Server RAM usage": 51.2, "Server version": 3.0, "Top 10 richest miners": ["495743830.67087966 DUCO - coinexchange", "485266958.2397292 DUCO - coinexchange", "39475921.566 DUCO - bscDUCO", "20119947.6942 DUCO - viviana80", "15115364.7271 DUCO - Ochios", "12720440.559071772 DUCO - QQ44142894", "10759939.638689265 DUCO - fiorella71", "8125736.123916335 DUCO - Orion_0x43b", "7199715.457135778 DUCO - msdo1006", "6831003.490052069 DUCO - lordachoo"], "XXHASH hashrate": "0 H/s"}