{"Active connections": 1344, "All-time mined DUCO": 1073666966.1370546, "Current difficulty": 75000, "DUCO-S1 hashrate": "2.093 GH/s", "Duco FluffySwap price": 4.115999999999999e-06, "Duco Furim price": 0.0, "Duco Node-S price": 0.0, "Duco PancakeSwap price": 1.49863e-05, "Duco SunSwap price": 0.00010489, "Duco SushiSwap price": 1.45174e-05, "Duco UbeSwap price": 2.7898752414944825e-05, "Duco price": 0.00010489, "Duco price BCH": 5.91e-06, "Duco price NANO": 1.1e-06, "Duco price TRX": 1.54e-06, "Duco price XMG": 0.0, "Duino-Coin Server API": "github.com/revoxhere/duino-coin", "Kolka": {"Banned": 5727, "Jailed": 142}, "Last block hash": "8de4bc0b3fa1580ec7f3421feb9644fc8ead02b8", "Last sync": 1688369928.0029826, "Last update": "03/07/2023 07:39:27 (UTC)", "Mined blocks": 422730461964, "Miner distribution": {"All": 21533, "Arduino": 2568, "CPU": 740, "ESP32": 9358, "ESP8266": 7629, "GPU": 0, "Other": 10, "Phone": 3, "RPi": 1225, "Web": 0}, "Net energy usage": "14.84 kW", "Open threads": 23, "Pool hashrate": "2093.309 MH/s", "Registered users": 94203, "Server CPU usage": 48.5, "Server RAM usage": 54.6, "Server version": 3.0, "Top 10 richest miners": ["495743830.67087966 DUCO - coinexchange", "384863761.8484739 DUCO - coinexchange", "49388457.02939265 DUCO - bscDUCO", "24326348.334 DUCO - Flowen1985", "20119947.6942 DUCO - viviana80", "15115368.927099999 DUCO - Ochios", "12720440.559071772 DUCO - QQ44142894", "12715126.206683962 DUCO - duinousa", "11408217.326238636 DUCO - bimbasimba94", "11242886.442071278 DUCO - paranoid64"], "XXHASH hashrate": "0 H/s"}