{"Active connections": 726, "All-time mined DUCO": 1133082482.4550314, "Current difficulty": 75000, "DUCO-S1 hashrate": "2.128 GH/s", "Duco FluffySwap price": 3.6539999999999997e-06, "Duco Furim price": 0.0, "Duco Node-S price": 0.0, "Duco PancakeSwap price": 7.2694e-06, "Duco SunSwap price": 8.36e-05, "Duco SushiSwap price": 1.01312e-05, "Duco UbeSwap price": 2.9093097913322633e-05, "Duco price": 8.36e-05, "Duco price BCH": 5.22e-06, "Duco price NANO": 1.06e-06, "Duco price TRX": 2.08e-06, "Duco price XMG": 1.588e-05, "Duino-Coin Server API": "github.com/revoxhere/duino-coin", "Kolka": {"Banned": 5673, "Jailed": 168}, "Last block hash": "8de4bc0b3fa1580ec7f3421feb9644fc8ead02b8", "Last sync": 1694992493.8623772, "Last update": "17/09/2023 23:14:58 (UTC)", "Mined blocks": 450027172074, "Miner distribution": {"All": 20152, "Arduino": 2180, "CPU": 746, "ESP32": 8417, "ESP8266": 7477, "GPU": 0, "Other": 16, "Phone": 4, "RPi": 1261, "Web": 51}, "Net energy usage": "14.46 kW", "Open threads": 23, "Pool hashrate": "2128.467 MH/s", "Registered users": 95851, "Server CPU usage": 40.8, "Server RAM usage": 45.0, "Server version": 3.0, "Top 10 richest miners": ["495743830.67087966 DUCO - coinexchange", "352897369.0152304 DUCO - coinexchange", "70930831.64457695 DUCO - bscDUCO", "39628683.974 DUCO - AlmarRido", "26715205.756351646 DUCO - giveaways", "24485940.745 DUCO - Flowen1985", "20119947.6942 DUCO - viviana80", "14729329.442133553 DUCO - ctecrypto", "12720440.559071772 DUCO - QQ44142894", "11425090.305 DUCO - bimbasimba94"], "XXHASH hashrate": "0 H/s"}