{"Active connections": 5425, "All-time mined DUCO": 19334792.112532012, "Current difficulty": 75000, "DUCO-S1 hashrate": "1652.1 MH/s", "Duco JustSwap price": 7.87e-05, "Duco Node-S price": 0, "Duco PancakeSwap price": 0.000471918, "Duco SushiSwap price": 0.000116574, "Duco price": 0.000471918, "Duco price BCH": 1.975e-05, "Duco price NANO": 1.286e-05, "Duco price TRX": 7.097e-05, "Duco price XMG": 0.00030372, "Duino-Coin Server API": "github.com/revoxhere/duino-coin", "Kolka": {"Banned": 771, "Jailed": 24}, "Last block hash": "2eb3f8271c", "Last sync": 1641456865.195117, "Last update": "06/01/2022 08:14:25 (UTC)", "Mined blocks": 78499193032, "Miner distribution": {"All": 23161, "Arduino": 6308, "CPU": 5069, "ESP32": 359, "ESP8266": 6821, "GPU": 0, "Other": 19, "Phone": 176, "RPi": 2389, "Web": 2020}, "Net energy usage": "42.74 kW", "Open threads": 21, "Pool hashrate": "1652.09 MH/s", "Registered users": 38521, "Server CPU usage": 74.6, "Server RAM usage": 54.1, "Server version": 2.7, "Top 10 richest miners": ["6040889.158968656 DUCO - bscDUCO", "530807.5372981913 DUCO - NodeSBroker", "397162.15067505674 DUCO - James_themac", "305919.89592520945 DUCO - bimbasimba94", "300520.321607231 DUCO - 52Pickup", "205891.56124778755 DUCO - maticDUCO", "190582.057104081 DUCO - celoDUCO", "170241.298916613 DUCO - Bacman", "132342.2262713289 DUCO - coinexchange", "120000.999999999 DUCO - rootbori"], "XXHASH hashrate": "0 H/s"}