{"Active connections": 1130, "All-time mined DUCO": 710949929.967166, "Current difficulty": 75000, "DUCO-S1 hashrate": "2.1 GH/s", "Duco FluffySwap price": 1.8689999999999998e-06, "Duco Furim price": 0.0, "Duco Node-S price": 0.0, "Duco PancakeSwap price": 1.84763e-05, "Duco SunSwap price": 2.281e-05, "Duco SushiSwap price": 1.77424e-05, "Duco UbeSwap price": 2.9828006500541712e-05, "Duco price": 2.9828006500541712e-05, "Duco price BCH": 2.66e-06, "Duco price NANO": 1.85e-06, "Duco price TRX": 2.34e-06, "Duco price XMG": 0.0, "Duino-Coin Server API": "github.com/revoxhere/duino-coin", "Kolka": {"Banned": 1349, "Jailed": 122}, "Last block hash": "8de4bc0b3fa1580ec7f3421feb9644fc8ead02b8", "Last sync": 1681883909.256934, "Last update": "19/04/2023 05:58:34 (UTC)", "Mined blocks": 388515025299, "Miner distribution": {"All": 28700, "Arduino": 3452, "CPU": 952, "ESP32": 11047, "ESP8266": 11441, "GPU": 0, "Other": 31, "Phone": 19, "RPi": 1541, "Web": 217}, "Net energy usage": "19.7 kW", "Open threads": 24, "Pool hashrate": "2067.47 MH/s", "Registered users": 91820, "Server CPU usage": 59.1, "Server RAM usage": 64.8, "Server version": 3.0, "Top 10 richest miners": ["495743830.67087966 DUCO - coinexchange", "473159479.0206226 DUCO - coinexchange", "46183043.49839266 DUCO - bscDUCO", "20119947.6942 DUCO - viviana80", "15115368.927099999 DUCO - Ochios", "12720440.559071772 DUCO - QQ44142894", "10759939.638689265 DUCO - fiorella71", "8125736.123916335 DUCO - Orion_0x43b", "7200384.612013753 DUCO - msdo1006", "6881868.112 DUCO - revox"], "XXHASH hashrate": "0 H/s"}