{"Active connections": 957, "All-time mined DUCO": 757434522.2657531, "Current difficulty": 200000, "DUCO-S1 hashrate": "1.677 GH/s", "Duco FluffySwap price": 1.7695999999999998e-05, "Duco Furim price": 0.0, "Duco Node-S price": 0.0, "Duco PancakeSwap price": 1.3163e-05, "Duco SunSwap price": 2.425e-05, "Duco SushiSwap price": 8.331891935491e-06, "Duco UbeSwap price": 1.642e-05, "Duco price": 2.535e-05, "Duco price BCH": 0.0, "Duco price NANO": 0.0, "Duco price TRX": 2.535e-05, "Duco price XMG": 2.384e-05, "Duino-Coin Server API": "github.com/revoxhere/duino-coin", "Kolka": {"Banned": 6013, "Jailed": 190}, "Last block hash": "8de4bc0b3fa1580ec7f3421feb9644fc8ead02b8", "Last sync": 1723153780.7251124, "Last update": "08/08/2024 21:49:40 (UTC)", "Mined blocks": 541917024792, "Miner distribution": {"All": 14593, "Arduino": 1801, "CPU": 868, "ESP32": 4743, "ESP8266": 5919, "GPU": 0, "Other": 10, "Phone": 27, "RPi": 1051, "Web": 174}, "Net energy usage": "12.66 kW", "Open threads": 27, "Pool hashrate": "1676.839 MH/s", "Registered users": 104912, "Server CPU usage": 56.2, "Server RAM usage": 88.5, "Server version": 4.0, "Top 10 richest miners": ["239668977.69185543 DUCO - coinexchange", "81978228.19825932 DUCO - bscDUCO", "30855598.808 DUCO - Flowen1985", "28000980.1298474 DUCO - AlmarRido", "18280977.178 DUCO - bimbasimba94", "16096358.288900001 DUCO - viviana80", "14928189.43549428 DUCO - aimbert", "14847133.194062889 DUCO - ctecrypto", "12721940.59109726 DUCO - QQ44142894", "11341952.903285654 DUCO - duinousa"], "XXHASH hashrate": "0 H/s"}