{"Active connections": 1043, "All-time mined DUCO": 133916671.70973727, "Current difficulty": 75000, "DUCO-S1 hashrate": "3.2 GH/s", "Duco FluffySwap price": 1.2963999999999998e-05, "Duco Furim price": 0.0, "Duco Node-S price": 0.0, "Duco PancakeSwap price": 4.98248e-05, "Duco SunSwap price": 5.098e-05, "Duco SushiSwap price": 4.71033e-05, "Duco UbeSwap price": 2.936427850655903e-05, "Duco price": 5.098e-05, "Duco price BCH": 1.854e-05, "Duco price NANO": 7.85e-06, "Duco price TRX": 6.35e-06, "Duco price XMG": 0.0, "Duino-Coin Server API": "github.com/revoxhere/duino-coin", "Kolka": {"Banned": 1137, "Jailed": 89}, "Last block hash": "8de4bc0b3fa1580ec7f3421feb9644fc8ead02b8", "Last sync": 1667601799.9374392, "Last update": "04/11/2022 22:43:23 (UTC)", "Mined blocks": 295183661680, "Miner distribution": {"All": 38560, "Arduino": 4359, "CPU": 2331, "ESP32": 13265, "ESP8266": 16606, "GPU": 0, "Other": 22, "Phone": 96, "RPi": 1463, "Web": 418}, "Net energy usage": "32.05 kW", "Open threads": 24, "Pool hashrate": "3151.17 MH/s", "Registered users": 82719, "Server CPU usage": 49.1, "Server RAM usage": 38.0, "Server version": 3.0, "Top 10 richest miners": ["35997334.025158234 DUCO - bscDUCO", "20119945.00125 DUCO - viviana80", "17540814.84296261 DUCO - coinexchange", "16965320.67115637 DUCO - Ochios", "11692429.559071772 DUCO - QQ44142894", "6519674.566831061 DUCO - Orion_0x43b", "5509847.480428283 DUCO - fiorella71", "4597007.812563166 DUCO - lordachoo", "2368507.0 DUCO - Brunomoyses23", "2210288.919161586 DUCO - vyrdudji"], "XXHASH hashrate": "0 H/s"}