{"Active connections": 216, "All-time mined DUCO": 34071024.86620304, "Current difficulty": 1000000, "DUCO-S1 hashrate": "0 H/s", "Duco JustSwap price": 0.0002183, "Duco Node-S price": 0, "Duco PancakeSwap price": 9.41186e-05, "Duco SushiSwap price": 0.000209454, "Duco price": 0.00100272, "Duco price BCH": 2.73e-06, "Duco price NANO": 1.125e-05, "Duco price TRX": 7.892e-05, "Duco price XMG": 0.00100272, "Duino-Coin Server API": "github.com/revoxhere/duino-coin", "Kolka": {"Banned": 786, "Jailed": 28}, "Last block hash": "2eb3f8271c", "Last sync": 1644157220.5343578, "Last update": "06/02/2022 14:20:20 (UTC)", "Mined blocks": 104976165453, "Miner distribution": {"All": 0, "Arduino": 0, "CPU": 0, "ESP32": 0, "ESP8266": 0, "GPU": 0, "Other": 0, "Phone": 0, "RPi": 0, "Web": 0}, "Net energy usage": "0 W", "Open threads": 21, "Pool hashrate": "0 H/s", "Registered users": 54912, "Server CPU usage": 5.9, "Server RAM usage": 11.2, "Server version": 2.7, "Top 10 richest miners": ["11723882.233126624 DUCO - bscDUCO", "9047022.021054601 DUCO - miningvir", "1428008.615399524 DUCO - bimbasimba94", "1251267.8208699138 DUCO - coinexchange", "573162.1506750567 DUCO - James_themac", "516560.52487292537 DUCO - Techno78", "356197.8636235537 DUCO - NodeSBroker", "222039.1388045149 DUCO - maticDUCO", "190624.067104081 DUCO - celoDUCO", "170241.299416613 DUCO - Bacman"], "XXHASH hashrate": "0 H/s"}