{"Active connections": 1205, "All-time mined DUCO": 233834397.26524395, "Current difficulty": 75000, "DUCO-S1 hashrate": "2.2 GH/s", "Duco FluffySwap price": 3.4929999999999994e-06, "Duco Furim price": 0.0, "Duco Node-S price": 0.0, "Duco PancakeSwap price": 3.17471e-05, "Duco SunSwap price": 5.802e-05, "Duco SushiSwap price": 6.48802e-06, "Duco UbeSwap price": 2.8567641015443758e-05, "Duco price": 5.802e-05, "Duco price BCH": 5e-06, "Duco price NANO": 3.36e-06, "Duco price TRX": 4.8e-06, "Duco price XMG": 0.0, "Duino-Coin Server API": "github.com/revoxhere/duino-coin", "Kolka": {"Banned": 1294, "Jailed": 100}, "Last block hash": "8de4bc0b3fa1580ec7f3421feb9644fc8ead02b8", "Last sync": 1676183123.9067857, "Last update": "12/02/2023 06:25:27 (UTC)", "Mined blocks": 354221600285, "Miner distribution": {"All": 30093, "Arduino": 3647, "CPU": 1117, "ESP32": 11680, "ESP8266": 11683, "GPU": 0, "Other": 9, "Phone": 15, "RPi": 1586, "Web": 356}, "Net energy usage": "21.36 kW", "Open threads": 24, "Pool hashrate": "2243.36 MH/s", "Registered users": 88725, "Server CPU usage": 44.8, "Server RAM usage": 56.4, "Server version": 3.0, "Top 10 richest miners": ["41483967.794576176 DUCO - bscDUCO", "40000000.302386284 DUCO - AlmarRido", "20119946.6942 DUCO - viviana80", "15465276.581486383 DUCO - coinexchange", "15115363.695 DUCO - Ochios", "11692429.559071772 DUCO - QQ44142894", "11239904.27 DUCO - infternet", "10759939.638689265 DUCO - fiorella71", "9636786.408156827 DUCO - paranoid64", "8125736.123916335 DUCO - Orion_0x43b"], "XXHASH hashrate": "0 H/s"}