{"Active connections": 1530, "All-time mined DUCO": 95848722.83650811, "Current difficulty": 1000000, "DUCO-S1 hashrate": "3.5 GH/s", "Duco Furim price": 0.0, "Duco Node-S price": 0.0, "Duco PancakeSwap price": 2.7e-05, "Duco SunSwap price": 5.2e-05, "Duco SushiSwap price": 1.9e-05, "Duco UbeSwap price": 2.9e-05, "Duco price": 5.3e-05, "Duco price BCH": 3e-06, "Duco price NANO": 1.6e-05, "Duco price TRX": 1.2e-05, "Duco price XMG": 0.0, "Duino-Coin Server API": "github.com/revoxhere/duino-coin", "Kolka": {"Banned": 874, "Jailed": 48}, "Last block hash": "2eb3f8271cd947cdd6469be145558a7bcb72e0d9", "Last sync": 1654872450.1629288, "Last update": "10/06/2022 14:47:31 (UTC)", "Mined blocks": 198517417100, "Miner distribution": {"All": 40035, "Arduino": 5466, "CPU": 2713, "ESP32": 13486, "ESP8266": 16196, "GPU": 0, "Other": 45, "Phone": 70, "RPi": 1705, "Web": 354}, "Net energy usage": "34.9 kW", "Open threads": 21, "Pool hashrate": "3513.59 MH/s", "Registered users": 76472, "Server CPU usage": 41.4, "Server RAM usage": 57.3, "Server version": 3.0, "Top 10 richest miners": ["39078226.97661735 DUCO - bscDUCO", "16779508.4 DUCO - Ochios", "12901918.463396724 DUCO - coinexchange", "7751185.214539875 DUCO - ctecrypto", "6974991.289071771 DUCO - QQ44142894", "4006488.4109298447 DUCO - Demoel", "2946330.8946120776 DUCO - renderman", "2210288.9385462017 DUCO - vyrdudji", "2145969.9008505973 DUCO - jules_pilot", "2041979.3138396414 DUCO - CryptSino_Exchange"], "XXHASH hashrate": "0 H/s"}