{"Active connections": 1088, "All-time mined DUCO": 757233901.4523889, "Current difficulty": 200000, "DUCO-S1 hashrate": "1.684 GH/s", "Duco FluffySwap price": 1.7786999999999998e-05, "Duco Furim price": 0.0, "Duco Node-S price": 0.0, "Duco PancakeSwap price": 1.34905e-05, "Duco SunSwap price": 2.43e-05, "Duco SushiSwap price": 8.331891935491e-06, "Duco UbeSwap price": 1.642e-05, "Duco price": 2.541e-05, "Duco price BCH": 0.0, "Duco price NANO": 0.0, "Duco price TRX": 2.541e-05, "Duco price XMG": 2.416e-05, "Duino-Coin Server API": "github.com/revoxhere/duino-coin", "Kolka": {"Banned": 6013, "Jailed": 190}, "Last block hash": "8de4bc0b3fa1580ec7f3421feb9644fc8ead02b8", "Last sync": 1723207910.344742, "Last update": "09/08/2024 12:51:50 (UTC)", "Mined blocks": 542068298134, "Miner distribution": {"All": 14637, "Arduino": 1850, "CPU": 852, "ESP32": 4749, "ESP8266": 5899, "GPU": 0, "Other": 8, "Phone": 16, "RPi": 1053, "Web": 210}, "Net energy usage": "12.6 kW", "Open threads": 30, "Pool hashrate": "1684.38 MH/s", "Registered users": 104938, "Server CPU usage": 66.2, "Server RAM usage": 97.9, "Server version": 4.0, "Top 10 richest miners": ["239676378.06579542 DUCO - coinexchange", "81978729.19825932 DUCO - bscDUCO", "30855598.808 DUCO - Flowen1985", "28000980.1298474 DUCO - AlmarRido", "18280977.178 DUCO - bimbasimba94", "16096358.288900001 DUCO - viviana80", "14928190.113265194 DUCO - aimbert", "14847133.194062889 DUCO - ctecrypto", "12721940.59109726 DUCO - QQ44142894", "11341972.960776865 DUCO - duinousa"], "XXHASH hashrate": "0 H/s"}