{"Duino-Coin Server API": "github.com/revoxhere/duino-coin", "Server version": 2.7, "Active connections": 16314, "Open threads": 24, "Server CPU usage": 51.8, "Server RAM usage": 37.7, "Last update": "17/09/2021 20:52:01 (UTC)", "Net energy usage": "58.11 kW", "Pool hashrate": "1035.723 MH/s", "DUCO-S1 hashrate": "1010.4 MH/s", "XXHASH hashrate": "25.3 MH/s", "Duco price": 0.00176586, "Duco price XMG": 0.00094594, "Duco price BCH": 0.00062231, "Duco price RVN": 0.00079321, "Duco price TRX": 0.00078957, "Duco price XRP": 0.0005885, "Duco price DGB": 0.00075913, "Duco price NANO": 0.00077865, "Duco price FJC": 0.000857, "Duco Node-S price": 0.00044, "Duco JustSwap price": 0.00125717, "Duco PancakeSwap price": 0.00176586, "Registered users": 17826, "All-time mined DUCO": 9846676.461073482, "Current difficulty": 747221, "Mined blocks": 17933617959, "Last block hash": "730b6127b9", "Kolka": {"Jailed": 21, "Banned": 641}, "Miner distribution": {"GPU": 1, "CPU": 3419, "RPi": 1959, "Phone": 237, "Web": 0, "ESP32": 7787, "ESP8266": 9869, "Arduino": 3876, "Other": 406}, "Top 10 richest miners": ["2025226.7170067441 DUCO - bscDUCO", "521520.1555491204 DUCO - 52Pickup", "363243.2293900002 DUCO - coinexchange", "170008.9172879945 DUCO - Bacman", "120834.08532659596 DUCO - rootbori", "113387.18511437952 DUCO - amornlit", "86425.40374135817 DUCO - caancom", "70189.45233454468 DUCO - WannaCry", "55735.30267621596 DUCO - phat1979", "53936.72902580622 DUCO - giveaways"]}