{"Active connections": 1009, "All-time mined DUCO": 754692575.1849941, "Current difficulty": 200000, "DUCO-S1 hashrate": "1.481 GH/s", "Duco FluffySwap price": 8.574999999999998e-06, "Duco Furim price": 0.0, "Duco Node-S price": 0.0, "Duco PancakeSwap price": 0.0, "Duco SunSwap price": 2.338e-05, "Duco SushiSwap price": 0.0, "Duco UbeSwap price": 0.0, "Duco price": 2.338e-05, "Duco price BCH": 0.0, "Duco price NANO": 0.0, "Duco price TRX": 1.222e-05, "Duco price XMG": 1.113e-05, "Duino-Coin Server API": "github.com/revoxhere/duino-coin", "Kolka": {"Banned": 6011, "Jailed": 190}, "Last block hash": "8de4bc0b3fa1580ec7f3421feb9644fc8ead02b8", "Last sync": 1722919181.9754467, "Last update": "06/08/2024 04:39:42 (UTC)", "Mined blocks": 541250834846, "Miner distribution": {"All": 14752, "Arduino": 1920, "CPU": 812, "ESP32": 4822, "ESP8266": 5965, "GPU": 0, "Other": 10, "Phone": 8, "RPi": 1031, "Web": 184}, "Net energy usage": "12.36 kW", "Open threads": 29, "Pool hashrate": "1481.443 MH/s", "Registered users": 104825, "Server CPU usage": 57.6, "Server RAM usage": 91.9, "Server version": 4.0, "Top 10 richest miners": ["241761008.63339543 DUCO - coinexchange", "81977128.19825932 DUCO - bscDUCO", "30855598.808 DUCO - Flowen1985", "28000980.1298474 DUCO - AlmarRido", "18280977.178 DUCO - bimbasimba94", "16096358.288900001 DUCO - viviana80", "14928186.52306039 DUCO - aimbert", "14847133.194062889 DUCO - ctecrypto", "12721940.59109726 DUCO - QQ44142894", "11341858.899173947 DUCO - duinousa"], "XXHASH hashrate": "0 H/s"}