{"Active connections": 746, "All-time mined DUCO": 89767735.31055808, "Current difficulty": 75000, "DUCO-S1 hashrate": "3.2 GH/s", "Duco FluffySwap price": 1.1354e-05, "Duco Furim price": 0.0, "Duco Node-S price": 0.0, "Duco PancakeSwap price": 3.27056e-05, "Duco SunSwap price": 8.978e-05, "Duco SushiSwap price": 4.35584e-05, "Duco UbeSwap price": 2.9098580230377713e-05, "Duco price": 8.978e-05, "Duco price BCH": 1.622e-05, "Duco price NANO": 7.19e-06, "Duco price TRX": 6.18e-06, "Duco price XMG": 5.756e-05, "Duino-Coin Server API": "github.com/revoxhere/duino-coin", "Kolka": {"Banned": 1110, "Jailed": 85}, "Last block hash": "8de4bc0b3fa1580ec7f3421feb9644fc8ead02b8", "Last sync": 1666462260.5968018, "Last update": "22/10/2022 18:11:06 (UTC)", "Mined blocks": 286315423945, "Miner distribution": {"All": 37903, "Arduino": 4441, "CPU": 2442, "ESP32": 13067, "ESP8266": 16249, "GPU": 0, "Other": 8, "Phone": 58, "RPi": 1237, "Web": 401}, "Net energy usage": "32.08 kW", "Open threads": 23, "Pool hashrate": "3248.68 MH/s", "Registered users": 81661, "Server CPU usage": 40.7, "Server RAM usage": 24.8, "Server version": 3.0, "Top 10 richest miners": ["38301731.025158234 DUCO - bscDUCO", "36814010.4333568 DUCO - coinexchange", "15965318.216999998 DUCO - Ochios", "8552892.059071772 DUCO - QQ44142894", "2368507.0 DUCO - Brunomoyses23", "2210288.919161586 DUCO - vyrdudji", "1937817.9603769693 DUCO - giveaways", "1615385.8630387518 DUCO - maticDUCO", "1457898.898 DUCO - amornlit", "1264712.5793031056 DUCO - Skywalker"], "XXHASH hashrate": "0 H/s"}