{"Active connections": 1340, "All-time mined DUCO": 84499689.87802497, "Current difficulty": 1000000, "DUCO-S1 hashrate": "4.0 GH/s", "Duco Furim price": 0.0, "Duco Node-S price": 0.0, "Duco PancakeSwap price": 1.5e-05, "Duco SunSwap price": 6e-05, "Duco SushiSwap price": 3.5e-05, "Duco UbeSwap price": 2.9e-05, "Duco price": 9.2e-05, "Duco price BCH": 3e-06, "Duco price NANO": 1.4e-05, "Duco price TRX": 1.1e-05, "Duco price XMG": 8.5e-05, "Duino-Coin Server API": "github.com/revoxhere/duino-coin", "Kolka": {"Banned": 853, "Jailed": 47}, "Last block hash": "2eb3f8271cd947cdd6469be145558a7bcb72e0d9", "Last sync": 1654120325.1543028, "Last update": "01/06/2022 21:52:07 (UTC)", "Mined blocks": 191829871115, "Miner distribution": {"All": 40493, "Arduino": 5585, "CPU": 3316, "ESP32": 13374, "ESP8266": 15970, "GPU": 0, "Other": 55, "Phone": 88, "RPi": 1683, "Web": 422}, "Net energy usage": "38.57 kW", "Open threads": 21, "Pool hashrate": "4006.75 MH/s", "Registered users": 75881, "Server CPU usage": 52.3, "Server RAM usage": 55.1, "Server version": 3.0, "Top 10 richest miners": ["27508169.72342621 DUCO - bscDUCO", "17779500.0 DUCO - Ochios", "7635019.197012984 DUCO - skynet", "7593691.281688949 DUCO - coinexchange", "6974991.289071771 DUCO - QQ44142894", "4007843.8892184566 DUCO - Demoel", "2728326.6023626663 DUCO - ctecrypto", "2457999.162139856 DUCO - maticDUCO", "2210288.9385462017 DUCO - vyrdudji", "2145458.0822367026 DUCO - jules_pilot"], "XXHASH hashrate": "0 H/s"}