{"Active connections": 1473, "All-time mined DUCO": 100956248.7087847, "Current difficulty": 75000, "DUCO-S1 hashrate": "3.2 GH/s", "Duco FluffySwap price": 1.9e-05, "Duco Furim price": 0.0, "Duco Node-S price": 0.0, "Duco PancakeSwap price": 4.5e-05, "Duco SunSwap price": 0.000128, "Duco SushiSwap price": 1.7e-05, "Duco UbeSwap price": 2.9e-05, "Duco price": 0.000133, "Duco price BCH": 2.7e-05, "Duco price NANO": 1.2e-05, "Duco price TRX": 1.5e-05, "Duco price XMG": 0.000109, "Duino-Coin Server API": "github.com/revoxhere/duino-coin", "Kolka": {"Banned": 1040, "Jailed": 83}, "Last block hash": "2eb3f8271cd947cdd6469be145558a7bcb72e0d9", "Last sync": 1663584376.3519278, "Last update": "19/09/2022 10:46:20 (UTC)", "Mined blocks": 264095650342, "Miner distribution": {"All": 39648, "Arduino": 4694, "CPU": 2105, "ESP32": 14554, "ESP8266": 16405, "GPU": 0, "Other": 39, "Phone": 98, "RPi": 1240, "Web": 513}, "Net energy usage": "30.83 kW", "Open threads": 23, "Pool hashrate": "3159.4 MH/s", "Registered users": 79097, "Server CPU usage": 51.3, "Server RAM usage": 56.2, "Server version": 3.0, "Top 10 richest miners": ["40084056.99251492 DUCO - bscDUCO", "15965309.807 DUCO - Ochios", "15211316.186037146 DUCO - coinexchange", "12566269.220083296 DUCO - ctecrypto", "6974991.289071771 DUCO - QQ44142894", "2751348.6902897665 DUCO - goddani", "2368507.0 DUCO - Brunomoyses23", "2210288.919161586 DUCO - vyrdudji", "1868357.2362067301 DUCO - renderman", "1694464.3105854506 DUCO - giveaways"], "XXHASH hashrate": "0 H/s"}