{"Active connections": 1870, "All-time mined DUCO": 19866971.1902133, "Current difficulty": 75000, "DUCO-S1 hashrate": "1402.6 MH/s", "Duco JustSwap price": 8.434e-05, "Duco Node-S price": 5.7e-05, "Duco PancakeSwap price": 0.000471918, "Duco SushiSwap price": 0.000116574, "Duco price": 0.000471918, "Duco price BCH": 3.268e-05, "Duco price NANO": 1.286e-05, "Duco price TRX": 7.605e-05, "Duco price XMG": 0.00024633, "Duino-Coin Server API": "github.com/revoxhere/duino-coin", "Kolka": {"Banned": 747, "Jailed": 24}, "Last block hash": "2eb3f8271c", "Last sync": 1641008122.9293115, "Last update": "01/01/2022 03:35:22 (UTC)", "Mined blocks": 74762098243, "Miner distribution": {"All": 29592, "Arduino": 6393, "CPU": 3819, "ESP32": 7546, "ESP8266": 8226, "GPU": 0, "Other": 23, "Phone": 425, "RPi": 1857, "Web": 1303}, "Net energy usage": "36.94 kW", "Open threads": 21, "Pool hashrate": "1402.61 MH/s", "Registered users": 34412, "Server CPU usage": 47.8, "Server RAM usage": 48.1, "Server version": 2.7, "Top 10 richest miners": ["5202784.837249212 DUCO - bscDUCO", "530779.5372981913 DUCO - NodeSBroker", "397162.15067505674 DUCO - James_themac", "305871.7639935451 DUCO - bimbasimba94", "300520.321607231 DUCO - 52Pickup", "299596.245517988 DUCO - bloomindark", "273358.94156621763 DUCO - miningvir", "238836.73627132887 DUCO - coinexchange", "212000.63708422758 DUCO - maticDUCO", "190582.057104081 DUCO - celoDUCO"], "XXHASH hashrate": "0 H/s"}