{"Active connections": 947, "All-time mined DUCO": 743488001.0069871, "Current difficulty": 200000, "DUCO-S1 hashrate": "1.888 GH/s", "Duco FluffySwap price": 8.357999999999999e-06, "Duco Furim price": 0.0, "Duco Node-S price": 0.0, "Duco PancakeSwap price": 8.57789e-06, "Duco SunSwap price": 0.00013445, "Duco SushiSwap price": 1.2962107682626e-05, "Duco UbeSwap price": 1.1191491992827553e-05, "Duco price": 0.00017423, "Duco price BCH": 0.00013452, "Duco price NANO": 0.00017423, "Duco price TRX": 1.194e-05, "Duco price XMG": 0.0, "Duino-Coin Server API": "github.com/revoxhere/duino-coin", "Kolka": {"Banned": 5970, "Jailed": 183}, "Last block hash": "8de4bc0b3fa1580ec7f3421feb9644fc8ead02b8", "Last sync": 1719166300.4884744, "Last update": "23/06/2024 18:11:40 (UTC)", "Mined blocks": 529799367818, "Miner distribution": {"All": 18610, "Arduino": 2486, "CPU": 1005, "ESP32": 7614, "ESP8266": 6188, "GPU": 0, "Other": 15, "Phone": 4, "RPi": 1153, "Web": 145}, "Net energy usage": "15.08 kW", "Open threads": 27, "Pool hashrate": "1887.577 MH/s", "Registered users": 103358, "Server CPU usage": 58.6, "Server RAM usage": 90.4, "Server version": 4.0, "Top 10 richest miners": ["248849598.01882994 DUCO - coinexchange", "80431448.78550309 DUCO - bscDUCO", "29548821.707830127 DUCO - AlmarRido", "24635208.6964704 DUCO - Flowen1985", "22851221.472 DUCO - bimbasimba94", "20120447.6942 DUCO - viviana80", "14898362.349513633 DUCO - aimbert", "14847133.194062889 DUCO - ctecrypto", "14175239.238183165 DUCO - duinousa", "12721940.59109726 DUCO - QQ44142894"], "XXHASH hashrate": "0 H/s"}