{"Active connections": 971, "All-time mined DUCO": 746465404.4978197, "Current difficulty": 200000, "DUCO-S1 hashrate": "1.697 GH/s", "Duco FluffySwap price": 8.736e-06, "Duco Furim price": 0.0, "Duco Node-S price": 0.0, "Duco PancakeSwap price": 8.57789e-06, "Duco SunSwap price": 0.0001407, "Duco SushiSwap price": 1.2962107682626e-05, "Duco UbeSwap price": 1.1191491992827553e-05, "Duco price": 0.00018504, "Duco price BCH": 0.00013766, "Duco price NANO": 0.00018504, "Duco price TRX": 1.25e-05, "Duco price XMG": 3.718e-05, "Duino-Coin Server API": "github.com/revoxhere/duino-coin", "Kolka": {"Banned": 5970, "Jailed": 183}, "Last block hash": "8de4bc0b3fa1580ec7f3421feb9644fc8ead02b8", "Last sync": 1719779715.4464502, "Last update": "30/06/2024 20:35:15 (UTC)", "Mined blocks": 531708394252, "Miner distribution": {"All": 17920, "Arduino": 2269, "CPU": 928, "ESP32": 7488, "ESP8266": 5971, "GPU": 0, "Other": 12, "Phone": 9, "RPi": 1093, "Web": 150}, "Net energy usage": "14.3 kW", "Open threads": 27, "Pool hashrate": "1697.323 MH/s", "Registered users": 103626, "Server CPU usage": 58.7, "Server RAM usage": 89.6, "Server version": 4.0, "Top 10 richest miners": ["248805620.45831996 DUCO - coinexchange", "80167980.50800352 DUCO - bscDUCO", "29548849.707830127 DUCO - AlmarRido", "24635208.6964704 DUCO - Flowen1985", "22851221.472 DUCO - bimbasimba94", "20120447.6942 DUCO - viviana80", "14898392.485192548 DUCO - aimbert", "14847133.194062889 DUCO - ctecrypto", "14175613.843871731 DUCO - duinousa", "12721940.59109726 DUCO - QQ44142894"], "XXHASH hashrate": "0 H/s"}