{"Active connections": 1688, "All-time mined DUCO": 91092482.1830453, "Current difficulty": 75000, "DUCO-S1 hashrate": "3.3 GH/s", "Duco FluffySwap price": 2.3989e-05, "Duco Furim price": 0.0, "Duco Node-S price": 0.0, "Duco PancakeSwap price": 3.58391e-05, "Duco SunSwap price": 8.966e-05, "Duco SushiSwap price": 1.51461e-05, "Duco UbeSwap price": 2.9033013345820652e-05, "Duco price": 0.0001228, "Duco price BCH": 3.428e-05, "Duco price NANO": 1.554e-05, "Duco price TRX": 1.739e-05, "Duco price XMG": 0.0001228, "Duino-Coin Server API": "github.com/revoxhere/duino-coin", "Kolka": {"Banned": 1085, "Jailed": 86}, "Last block hash": "8de4bc0b3fa1580ec7f3421feb9644fc8ead02b8", "Last sync": 1665420215.7727375, "Last update": "10/10/2022 16:43:37 (UTC)", "Mined blocks": 278174513174, "Miner distribution": {"All": 39203, "Arduino": 4730, "CPU": 2127, "ESP32": 13828, "ESP8266": 16774, "GPU": 0, "Other": 16, "Phone": 75, "RPi": 1265, "Web": 388}, "Net energy usage": "30.78 kW", "Open threads": 23, "Pool hashrate": "3253.77 MH/s", "Registered users": 80784, "Server CPU usage": 47.5, "Server RAM usage": 67.8, "Server version": 3.0, "Top 10 richest miners": ["45864339.00455475 DUCO - coinexchange", "36546079.437422335 DUCO - bscDUCO", "15965314.016999999 DUCO - Ochios", "6974991.289071771 DUCO - QQ44142894", "4075220.2860000003 DUCO - AlmarRido", "3102721.05686527 DUCO - DarYo", "2368507.0 DUCO - Brunomoyses23", "2210288.919161586 DUCO - vyrdudji", "1820081.7214439274 DUCO - giveaways", "1634175.8630387518 DUCO - maticDUCO"], "XXHASH hashrate": "0 H/s"}