{"Active connections": 1314, "All-time mined DUCO": 17397049.26613738, "Current difficulty": 75000, "DUCO-S1 hashrate": "1574.9 MH/s", "Duco JustSwap price": 0.00031061, "Duco Node-S price": 5.1e-05, "Duco PancakeSwap price": 0.000594663, "Duco SushiSwap price": 0.000356015, "Duco price": 0.00078066, "Duco price BCH": 0.0, "Duco price DGB": 0.0, "Duco price NANO": 4.03e-05, "Duco price RVN": 0.0, "Duco price TRX": 0.00029538, "Duco price XMG": 0.00029424, "Duco price XRP": 0.0, "Duino-Coin Server API": "github.com/revoxhere/duino-coin", "Kolka": {"Banned": 708, "Jailed": 24}, "Last block hash": "2eb3f8271c", "Last update": "05/12/2021 17:34:42 (UTC)", "Mined blocks": 54913768452, "Miner distribution": {"All": 37098, "Arduino": 6881, "CPU": 4599, "ESP32": 10432, "ESP8266": 11062, "GPU": 0, "Other": 5, "Phone": 583, "RPi": 2498, "Web": 1038}, "Net energy usage": "45.38 kW", "Open threads": 21, "Pool hashrate": "1574.93 MH/s", "Registered users": 28300, "Server CPU usage": 59.0, "Server RAM usage": 47.6, "Server version": 2.7, "Top 10 richest miners": ["4162248.847658422 DUCO - bscDUCO", "1494872.4881484294 DUCO - coinexchange", "588826.4976891754 DUCO - NodeSBroker", "351162.15067505674 DUCO - James_themac", "300520.321607231 DUCO - 52Pickup", "188488.057104081 DUCO - celoDUCO", "173086.22189109458 DUCO - maticDUCO", "170241.298916613 DUCO - Bacman", "119999.999999999 DUCO - rootbori", "101294.91284104025 DUCO - haxorcitoz"], "XXHASH hashrate": "0 H/s"}