{"Active connections": 628, "All-time mined DUCO": 714655122.1818142, "Current difficulty": 75000, "DUCO-S1 hashrate": "1.935 GH/s", "Duco FluffySwap price": 1.673e-06, "Duco Furim price": 0.0, "Duco Node-S price": 0.0, "Duco PancakeSwap price": 1.81025e-05, "Duco SunSwap price": 2.22e-05, "Duco SushiSwap price": 1.64249e-05, "Duco UbeSwap price": 2.9828006500541712e-05, "Duco price": 2.9828006500541712e-05, "Duco price BCH": 2.39e-06, "Duco price NANO": 1.62e-06, "Duco price TRX": 2.27e-06, "Duco price XMG": 0.0, "Duino-Coin Server API": "github.com/revoxhere/duino-coin", "Kolka": {"Banned": 1352, "Jailed": 122}, "Last block hash": "8de4bc0b3fa1580ec7f3421feb9644fc8ead02b8", "Last sync": 1682120653.5064576, "Last update": "21/04/2023 23:44:15 (UTC)", "Mined blocks": 389728845386, "Miner distribution": {"All": 28105, "Arduino": 3290, "CPU": 981, "ESP32": 10897, "ESP8266": 11175, "GPU": 0, "Other": 28, "Phone": 10, "RPi": 1443, "Web": 281}, "Net energy usage": "19.54 kW", "Open threads": 24, "Pool hashrate": "1935.407 MH/s", "Registered users": 91903, "Server CPU usage": 48.3, "Server RAM usage": 31.1, "Server version": 3.0, "Top 10 richest miners": ["495743830.67087966 DUCO - coinexchange", "469038364.6906226 DUCO - coinexchange", "47182544.49839266 DUCO - bscDUCO", "20119947.6942 DUCO - viviana80", "15115368.927099999 DUCO - Ochios", "12720440.559071772 DUCO - QQ44142894", "10759939.638689265 DUCO - fiorella71", "8125736.123916335 DUCO - Orion_0x43b", "7871872.756764096 DUCO - revox", "7871872.756764096 DUCO - revox"], "XXHASH hashrate": "0 H/s"}