{"Active connections": 923, "All-time mined DUCO": 778890531.3909203, "Current difficulty": 200000, "DUCO-S1 hashrate": "1.994 GH/s", "Duco FluffySwap price": 2.3044e-05, "Duco Furim price": 0.0, "Duco Node-S price": 0.0, "Duco PancakeSwap price": 1.31425e-05, "Duco SunSwap price": 3.154e-05, "Duco SushiSwap price": 8.987494203495e-06, "Duco UbeSwap price": 1.568e-05, "Duco price": 3.849e-05, "Duco price BCH": 0.0, "Duco price NANO": 0.0, "Duco price TRX": 3.297e-05, "Duco price XMG": 3.849e-05, "Duino-Coin Server API": "github.com/revoxhere/duino-coin", "Kolka": {"Banned": 6024, "Jailed": 191}, "Last block hash": "8de4bc0b3fa1580ec7f3421feb9644fc8ead02b8", "Last sync": 1724635123.3587189, "Last update": "26/08/2024 01:18:43 (UTC)", "Mined blocks": 545953061345, "Miner distribution": {"All": 14964, "Arduino": 1840, "CPU": 861, "ESP32": 4894, "ESP8266": 6082, "GPU": 0, "Other": 9, "Phone": 2, "RPi": 1130, "Web": 146}, "Net energy usage": "12.87 kW", "Open threads": 27, "Pool hashrate": "1993.751 MH/s", "Registered users": 105429, "Server CPU usage": 70.7, "Server RAM usage": 93.8, "Server version": 4.0, "Top 10 richest miners": ["235290727.97321552 DUCO - coinexchange", "85472998.70122527 DUCO - bscDUCO", "35576240.569 DUCO - AlmarRido", "30855598.808 DUCO - Flowen1985", "22896923.915 DUCO - bimbasimba94", "20160688.723 DUCO - viviana80", "14928217.319777317 DUCO - aimbert", "14847133.194062889 DUCO - ctecrypto", "12721941.951587833 DUCO - QQ44142894", "11342618.104670597 DUCO - duinousa"], "XXHASH hashrate": "0 H/s"}