{"Duino-Coin Server API": "github.com/revoxhere/duino-coin", "Server version": 2.6, "Active connections": 6292, "Open threads": 22, "Server CPU usage": 69.2, "Server RAM usage": 65.8, "Last update": "14/08/2021 14:45:28 (UTC)", "Net energy usage": "79.04 kW", "Pool hashrate": "5.5499 GH/s", "DUCO-S1 hashrate": "5.5 GH/s", "XXHASH hashrate": "28.7 MH/s", "Duco price": 0.01968121, "Duco price XMG": 0.01968121, "Duco price BCH": 0.00163718, "Duco price TRX": 0.00178094, "Duco price XRP": 0.0021175, "Duco price DGB": 0.00189868, "Duco Node-S price": 0.019681, "Duco JustSwap price": 0.00175392, "Duco PancakeSwap price": 0.00507655, "Registered users": 19678, "All-time mined DUCO": 5411144.799313166, "Current difficulty": 427877, "Mined blocks": 10269144610, "Last block hash": "1ac96c07ac", "Kolka": {"Jailed": 0, "Banned": 417}, "Miner distribution": {"GPU": 0, "CPU": 6179, "RPi": 1738, "ESP32": 7163, "ESP8266": 7298, "Arduino": 5650, "Other": 213}, "Top 10 richest miners": ["490681.1542915678 DUCO - bscDUCO", "169578.4069943924 DUCO - Bacman", "113034.62145082984 DUCO - amornlit", "102414.78381390437 DUCO - 52Pickup", "100000.0 DUCO - WannaCry", "86074.97583814862 DUCO - caancom", "69737.28377963256 DUCO - coinexchange", "50288.45762651612 DUCO - duinocrfsh", "50197.362544170704 DUCO - rootbori", "47119.90790638301 DUCO - chipsa"]}