{"Duino-Coin Server API": "github.com/revoxhere/duino-coin", "Server version": 2.7, "Active connections": 23766, "Open threads": 24, "Server CPU usage": 46.3, "Server RAM usage": 70.8, "Last update": "25/10/2021 11:57:22 (UTC)", "Net energy usage": "31.43 kW", "Pool hashrate": "1076.2 MH/s", "DUCO-S1 hashrate": "1076.2 MH/s", "XXHASH hashrate": "0 H/s", "Duco price": 0.001982, "Duco price XMG": 0.00037883, "Duco price BCH": 0.00037734, "Duco price RVN": 0.00048272, "Duco price TRX": 0.00036164, "Duco price XRP": 0.00018, "Duco price DGB": 0.0006011, "Duco price NANO": 0.00060331, "Duco price FJC": 0.0006565, "Duco Node-S price": 0.000108, "Duco JustSwap price": 0.00121814, "Duco Ubeswap price": 0.001982, "Duco PancakeSwap price": 0.000891066, "Duco SushiSwap price": 0.000938335, "Registered users": 21624, "All-time mined DUCO": 15888978.574492862, "Current difficulty": 125000, "Mined blocks": 32912498154, "Last block hash": "3f6bb689a0", "Kolka": {"Jailed": 48, "Banned": 1344}, "Miner distribution": {"GPU": 0, "CPU": 2639, "RPi": 1406, "Phone": 168, "Web": 811, "ESP32": 10869, "ESP8266": 12206, "Arduino": 5840, "Other": 104, "All": 34043}, "Top 10 richest miners": ["2962042.8083603783 DUCO - bscDUCO", "586542.3539841222 DUCO - NodeSBroker", "579674.23009022 DUCO - coinexchange", "521520.1555491204 DUCO - 52Pickup", "400886.6184344887 DUCO - James_themac", "172487.89104597003 DUCO - celoDUCO", "170240.13285850236 DUCO - Bacman", "123387.18511437952 DUCO - amornlit", "121685.90546844892 DUCO - rootbori", "88361.95975794867 DUCO - caancom"]}