{
    "Server version": 1.8,
    "Active connections": 2555,
    "Last update": "04/01/2021 10:22 (UTC)",
    "Pool hashrate": "12.13 MH/s",
    "Duco price": 0.006188,
    "Registered users": 527,
    "All-time mined DUCO": 287151.38,
    "Current difficulty": 11069,
    "Mined blocks": 22136757,
    "Full last block hash": "91078080ddda545d9beb69266f0f65ec5f243419",
    "Last block hash": "91078080dd...",
    "Top 10 richest miners": [
        "85223.4356 DUCO - rock6064",
        "21203.2225 DUCO - sabartheman",
        "16450.7118 DUCO - PHR9",
        "14214.8237 DUCO - travelmode",
        "11432.697 DUCO - drn",
        "7862.3849 DUCO - baibaide",
        "7502.7521 DUCO - egiptsky",
        "7131.2107 DUCO - Gam3t3chElectronics",
        "5331.5095 DUCO - ducowrapper",
        "5075.4027 DUCO - noz"
    ],
    "Active workers": {
        "rock6064": 6,
        "TOG": 3,
        "MagicForces": 2,
        "fiduk2002": 1,
        "stanzwerck": 2,
        "httsmvkcom": 1,
        "travelmode": 16
    },
    "Miners": {
        "Process-202": {
            "User": "rock6064",
            "Hashrate": 185365.4018454714,
            "Is estimated": "True",
            "Sharetime": 872.0,
            "Accepted": 205,
            "Rejected": 13,
            "Diff": 11069,
            "Software": "Unknown"
        },
        "Process-227": {
            "User": "rock6064",
            "Hashrate": 104066.62404358672,
            "Is estimated": "True",
            "Sharetime": 416.0,
            "Accepted": 253,
            "Rejected": 13,
            "Diff": 11069,
            "Software": "Unknown"
        },
        "Process-244": {
            "User": "rock6064",
            "Hashrate": 1519633.7922378709,
            "Is estimated": "True",
            "Sharetime": 121.0,
            "Accepted": 202,
            "Rejected": 14,
            "Diff": 11069,
            "Software": "Unknown"
        },
        "Process-273": {
            "User": "rock6064",
            "Hashrate": 421354.25747660064,
            "Is estimated": "True",
            "Sharetime": 471.0,
            "Accepted": 254,
            "Rejected": 12,
            "Diff": 11069,
            "Software": "Unknown"
        },
        "Process-285": {
            "User": "rock6064",
            "Hashrate": 40748.466538928806,
            "Is estimated": "True",
            "Sharetime": 134.0,
            "Accepted": 203,
            "Rejected": 14,
            "Diff": 11069,
            "Software": "Unknown"
        },
        "Process-313": {
            "User": "rock6064",
            "Hashrate": 1434330.9715249366,
            "Is estimated": "True",
            "Sharetime": 105.0,
            "Accepted": 250,
            "Rejected": 15,
            "Diff": 11069,
            "Software": "Unknown"
        },
        "Process-212": {
            "User": "TOG",
            "Hashrate": 208385.90785907858,
            "Is estimated": "True",
            "Sharetime": 615.0,
            "Accepted": 13,
            "Rejected": 3,
            "Diff": 1500,
            "Software": "Unknown"
        },
        "Process-210": {
            "User": "TOG",
            "Hashrate": 979738.8316151204,
            "Is estimated": "True",
            "Sharetime": 97.0,
            "Accepted": 4,
            "Rejected": 8,
            "Diff": 1500,
            "Software": "Unknown"
        },
        "Process-517": {
            "User": "MagicForces",
            "Hashrate": 72528.54291417166,
            "Is estimated": "True",
            "Sharetime": 835.0,
            "Accepted": 5,
            "Rejected": 1,
            "Diff": 1500,
            "Software": "Unknown"
        },
        "Process-431": {
            "User": "fiduk2002",
            "Hashrate": 2150.0,
            "Is estimated": "False",
            "Sharetime": 495.0,
            "Accepted": 6,
            "Rejected": 0,
            "Diff": 1500,
            "Software": "ESP Miner v1.8"
        },
        "Process-328": {
            "User": "TOG",
            "Hashrate": 1222812.121212121,
            "Is estimated": "True",
            "Sharetime": 55.0,
            "Accepted": 11,
            "Rejected": 8,
            "Diff": 1500,
            "Software": "Unknown"
        },
        "Process-526": {
            "User": "stanzwerck",
            "Hashrate": 2150.0,
            "Is estimated": "False",
            "Sharetime": 824.0,
            "Accepted": 12,
            "Rejected": 1,
            "Diff": 1500,
            "Software": "ESP Miner v1.8"
        },
        "Process-846": {
            "User": "httsmvkcom",
            "Hashrate": 2150.0,
            "Is estimated": "False",
            "Sharetime": 250.0,
            "Accepted": 12,
            "Rejected": 5,
            "Diff": 1500,
            "Software": "ESP Miner v1.8"
        },
        "Process-1395": {
            "User": "stanzwerck",
            "Hashrate": 2150.0,
            "Is estimated": "False",
            "Sharetime": 401.0,
            "Accepted": 8,
            "Rejected": 4,
            "Diff": 1500,
            "Software": "ESP Miner v1.8"
        },
        "Process-2390": {
            "User": "MagicForces",
            "Hashrate": 46914.72868217054,
            "Is estimated": "True",
            "Sharetime": 344.0,
            "Accepted": 7,
            "Rejected": 0,
            "Diff": 1500,
            "Software": "Unknown"
        },
        "Process-13234": {
            "User": "travelmode",
            "Hashrate": 353768.0,
            "Is estimated": "False",
            "Sharetime": 371.0,
            "Accepted": 77,
            "Rejected": 2,
            "Diff": 11069,
            "Software": "nonceMiner_v1.0"
        },
        "Process-13225": {
            "User": "travelmode",
            "Hashrate": 136216.0,
            "Is estimated": "False",
            "Sharetime": 233.0,
            "Accepted": 76,
            "Rejected": 6,
            "Diff": 11069,
            "Software": "nonceMiner_v1.0"
        },
        "Process-13227": {
            "User": "travelmode",
            "Hashrate": 231174.0,
            "Is estimated": "False",
            "Sharetime": 391.0,
            "Accepted": 78,
            "Rejected": 4,
            "Diff": 11069,
            "Software": "nonceMiner_v1.0"
        },
        "Process-13226": {
            "User": "travelmode",
            "Hashrate": 450611.0,
            "Is estimated": "False",
            "Sharetime": 455.0,
            "Accepted": 73,
            "Rejected": 4,
            "Diff": 11069,
            "Software": "nonceMiner_v1.0"
        },
        "Process-13228": {
            "User": "travelmode",
            "Hashrate": 334880.0,
            "Is estimated": "False",
            "Sharetime": 660.0,
            "Accepted": 78,
            "Rejected": 5,
            "Diff": 11069,
            "Software": "nonceMiner_v1.0"
        },
        "Process-13250": {
            "User": "travelmode",
            "Hashrate": 383732.0,
            "Is estimated": "False",
            "Sharetime": 619.0,
            "Accepted": 69,
            "Rejected": 5,
            "Diff": 11069,
            "Software": "nonceMiner_v1.0"
        },
        "Process-13285": {
            "User": "travelmode",
            "Hashrate": 462238.0,
            "Is estimated": "False",
            "Sharetime": 596.0,
            "Accepted": 69,
            "Rejected": 8,
            "Diff": 11069,
            "Software": "nonceMiner_v1.0"
        },
        "Process-13303": {
            "User": "travelmode",
            "Hashrate": 670663.0,
            "Is estimated": "False",
            "Sharetime": 819.0,
            "Accepted": 71,
            "Rejected": 3,
            "Diff": 11069,
            "Software": "nonceMiner_v1.0"
        },
        "Process-13315": {
            "User": "travelmode",
            "Hashrate": 434246.0,
            "Is estimated": "False",