{"Duino-Coin Server API": "github.com/revoxhere/duino-coin", "Server version": 2.7, "Active connections": 7882, "Open threads": 24, "Server CPU usage": 48.5, "Server RAM usage": 33.3, "Last update": "16/09/2021 08:05:38 (UTC)", "Net energy usage": "71.31 kW", "Pool hashrate": "1333.4641 MH/s", "DUCO-S1 hashrate": "1304.2 MH/s", "XXHASH hashrate": "29.3 MH/s", "Duco price": 0.00290502, "Duco price XMG": 0.00290502, "Duco price BCH": 0.00064498, "Duco price RVN": 0.00084007, "Duco price TRX": 0.00116876, "Duco price XRP": 0.000616, "Duco price DGB": 0.00081536, "Duco price NANO": 0.0008555, "Duco price FJC": 0.00085001, "Duco Node-S price": 0.00044, "Duco JustSwap price": 0.0010438, "Duco PancakeSwap price": 0.00176586, "Registered users": 17656, "All-time mined DUCO": 9642597.793672152, "Current difficulty": 716389, "Mined blocks": 17193320960, "Last block hash": "730b6127b9", "Kolka": {"Jailed": 21, "Banned": 641}, "Miner distribution": {"GPU": 0, "CPU": 4346, "RPi": 2353, "Phone": 0, "Web": 1365, "ESP32": 8946, "ESP8266": 11110, "Arduino": 5048, "Other": 0}, "Top 10 richest miners": ["1998516.0343678147 DUCO - bscDUCO", "520520.1555491204 DUCO - 52Pickup", "442181.1093900002 DUCO - coinexchange", "169992.49272295655 DUCO - Bacman", "120768.99648781095 DUCO - rootbori", "113387.18511437952 DUCO - amornlit", "86393.88237399321 DUCO - caancom", "60066.406413790384 DUCO - WannaCry", "53936.72902580622 DUCO - giveaways", "52169.16 DUCO - celoDUCO"]}