{"Active connections": 1571, "All-time mined DUCO": 65968611.70670705, "Current difficulty": 1000000, "DUCO-S1 hashrate": "3.9 GH/s", "Duco Furim price": 0.0, "Duco Node-S price": 0.0, "Duco PancakeSwap price": 5.2e-05, "Duco SunSwap price": 9.7e-05, "Duco SushiSwap price": 5.9e-05, "Duco price": 9.7e-05, "Duco price BCH": 8e-06, "Duco price NANO": 5.3e-05, "Duco price TRX": 1.5e-05, "Duco price XMG": 0.0, "Duino-Coin Server API": "github.com/revoxhere/duino-coin", "Kolka": {"Banned": 702, "Jailed": 35}, "Last block hash": "2eb3f8271cd947cdd6469be145558a7bcb72e0d9", "Last sync": 1650220630.1903613, "Last update": "17/04/2022 18:37:10 (UTC)", "Mined blocks": 157173444641, "Miner distribution": {"All": 38456, "Arduino": 5940, "CPU": 3332, "ESP32": 12280, "ESP8266": 14376, "GPU": 0, "Other": 74, "Phone": 135, "RPi": 1889, "Web": 430}, "Net energy usage": "37.88 kW", "Open threads": 21, "Pool hashrate": "3929.79 MH/s", "Registered users": 69768, "Server CPU usage": 43.1, "Server RAM usage": 49.0, "Server version": 3.0, "Top 10 richest miners": ["22576358.20590838 DUCO - bscDUCO", "8098549.914401649 DUCO - Ochios", "7410597.581153672 DUCO - skynet", "4294694.067 DUCO - RNGesus", "3871552.4920304683 DUCO - coinexchange", "3707417.585543601 DUCO - Demoel", "2000416.1304000544 DUCO - varanese67", "1935428.8940230245 DUCO - QQ44142894", "1237856.899605718 DUCO - maticDUCO", "1209838.627673189 DUCO - James_themac"], "XXHASH hashrate": "0 H/s"}