{"Active connections": 1520, "All-time mined DUCO": 178387806.06307018, "Current difficulty": 75000, "DUCO-S1 hashrate": "2.6 GH/s", "Duco FluffySwap price": 1.4244999999999998e-05, "Duco Furim price": 0.0, "Duco Node-S price": 0.0, "Duco PancakeSwap price": 5.15569e-05, "Duco SunSwap price": 5.022e-05, "Duco SushiSwap price": 3.54609e-06, "Duco UbeSwap price": 2.8177359360084267e-05, "Duco price": 5.15569e-05, "Duco price BCH": 2.035e-05, "Duco price NANO": 1.332e-05, "Duco price TRX": 2.744e-05, "Duco price XMG": 0.0, "Duino-Coin Server API": "github.com/revoxhere/duino-coin", "Kolka": {"Banned": 1214, "Jailed": 93}, "Last block hash": "8de4bc0b3fa1580ec7f3421feb9644fc8ead02b8", "Last sync": 1671790223.25989, "Last update": "23/12/2022 10:10:28 (UTC)", "Mined blocks": 326550757588, "Miner distribution": {"All": 33866, "Arduino": 3856, "CPU": 1245, "ESP32": 12750, "ESP8266": 13897, "GPU": 0, "Other": 18, "Phone": 23, "RPi": 1685, "Web": 392}, "Net energy usage": "23.95 kW", "Open threads": 24, "Pool hashrate": "2557.63 MH/s", "Registered users": 85776, "Server CPU usage": 44.3, "Server RAM usage": 58.4, "Server version": 3.0, "Top 10 richest miners": ["39083407.73070239 DUCO - bscDUCO", "20119945.00125 DUCO - viviana80", "14965357.425385073 DUCO - Ochios", "13674699.931999957 DUCO - ctecrypto", "11692429.559071772 DUCO - QQ44142894", "10759939.638689265 DUCO - fiorella71", "8125736.123916335 DUCO - Orion_0x43b", "6806522.668214843 DUCO - lordachoo", "4267666.823 DUCO - Demoel", "3897617.2068999996 DUCO - AlmarRido"], "XXHASH hashrate": "0 H/s"}