{"Duino-Coin Server API": "github.com/revoxhere/duino-coin", "Server version": 2.7, "Active connections": 11574, "Open threads": 24, "Server CPU usage": 48.5, "Server RAM usage": 27.6, "Last update": "27/10/2021 15:23:01 (UTC)", "Net energy usage": "34.41 kW", "Pool hashrate": "1226.71 MH/s", "DUCO-S1 hashrate": "1226.7 MH/s", "XXHASH hashrate": "0 H/s", "Duco price": 0.000995036, "Duco price XMG": 0.00059414, "Duco price BCH": 0.0003052, "Duco price RVN": 0.0, "Duco price TRX": 0.00030269, "Duco price XRP": 0.0, "Duco price DGB": 0.0, "Duco price NANO": 0.00030236, "Duco Node-S price": 0.000161, "Duco JustSwap price": 0.00060935, "Duco PancakeSwap price": 0.000655069, "Duco SushiSwap price": 0.000995036, "Registered users": 21898, "All-time mined DUCO": 16204468.582969287, "Current difficulty": 125000, "Mined blocks": 33663240019, "Last block hash": "9fffd8509d", "Kolka": {"Jailed": 24, "Banned": 672}, "Miner distribution": {"GPU": 0, "CPU": 3014, "RPi": 1767, "Phone": 202, "Web": 579, "ESP32": 10877, "ESP8266": 12525, "Arduino": 6177, "Other": 102, "All": 35243}, "Top 10 richest miners": ["3004454.4033887014 DUCO - bscDUCO", "656630.2100902202 DUCO - coinexchange", "586681.6039841222 DUCO - NodeSBroker", "521520.1555491204 DUCO - 52Pickup", "400951.20995336625 DUCO - James_themac", "172580.89104597003 DUCO - celoDUCO", "170240.13285850236 DUCO - Bacman", "123387.18511437952 DUCO - amornlit", "121685.90546844892 DUCO - rootbori", "88459.3244661908 DUCO - caancom"]}