{"Active connections": 361, "All-time mined DUCO": 775532032.0422301, "Current difficulty": 200000, "DUCO-S1 hashrate": "1.709 GH/s", "Duco FluffySwap price": 2.0818e-05, "Duco Furim price": 0.0, "Duco Node-S price": 0.0, "Duco PancakeSwap price": 1.31425e-05, "Duco SunSwap price": 2.846e-05, "Duco SushiSwap price": 8.987494203495e-06, "Duco UbeSwap price": 1.568e-05, "Duco price": 3.58e-05, "Duco price BCH": 0.0, "Duco price NANO": 0.0, "Duco price TRX": 2.975e-05, "Duco price XMG": 3.58e-05, "Duino-Coin Server API": "github.com/revoxhere/duino-coin", "Kolka": {"Banned": 6032, "Jailed": 191}, "Last block hash": "8de4bc0b3fa1580ec7f3421feb9644fc8ead02b8", "Last sync": 1726252715.3884766, "Last update": "13/09/2024 18:38:35 (UTC)", "Mined blocks": 550361172982, "Miner distribution": {"All": 14633, "Arduino": 1945, "CPU": 645, "ESP32": 4906, "ESP8266": 5871, "GPU": 0, "Other": 10, "Phone": 14, "RPi": 1066, "Web": 176}, "Net energy usage": "11.36 kW", "Open threads": 28, "Pool hashrate": "1708.938 MH/s", "Registered users": 105969, "Server CPU usage": 55.9, "Server RAM usage": 64.1, "Server version": 4.0, "Top 10 richest miners": ["235426116.66878277 DUCO - coinexchange", "85495978.52646369 DUCO - bscDUCO", "35576240.569 DUCO - AlmarRido", "30855598.808 DUCO - Flowen1985", "20160690.628000002 DUCO - viviana80", "18317539.132 DUCO - bimbasimba94", "14958489.735559499 DUCO - aimbert", "14847133.194062889 DUCO - ctecrypto", "12721943.39257476 DUCO - QQ44142894", "11365369.157183703 DUCO - duinousa"], "XXHASH hashrate": "0 H/s"}