{"Active connections": 1180, "All-time mined DUCO": 1054214752.1675044, "Current difficulty": 75000, "DUCO-S1 hashrate": "1.681 GH/s", "Duco FluffySwap price": 3.381e-06, "Duco Furim price": 0.0, "Duco Node-S price": 0.0, "Duco PancakeSwap price": 7.19319e-06, "Duco SunSwap price": 0.0001099, "Duco SushiSwap price": 1.00636e-05, "Duco UbeSwap price": 2.9093097913322633e-05, "Duco price": 0.0001099, "Duco price BCH": 4.82e-06, "Duco price NANO": 1.03e-06, "Duco price TRX": 1.64e-06, "Duco price XMG": 0.0, "Duino-Coin Server API": "github.com/revoxhere/duino-coin", "Kolka": {"Banned": 5513, "Jailed": 144}, "Last block hash": "8de4bc0b3fa1580ec7f3421feb9644fc8ead02b8", "Last sync": 1690410001.186927, "Last update": "26/07/2023 22:20:09 (UTC)", "Mined blocks": 431204888046, "Miner distribution": {"All": 19758, "Arduino": 2307, "CPU": 587, "ESP32": 8556, "ESP8266": 7267, "GPU": 0, "Other": 14, "Phone": 7, "RPi": 1020, "Web": 0}, "Net energy usage": "12.97 kW", "Open threads": 24, "Pool hashrate": "1681.492 MH/s", "Registered users": 94524, "Server CPU usage": 50.7, "Server RAM usage": 57.6, "Server version": 3.0, "Top 10 richest miners": ["495743830.67087966 DUCO - coinexchange", "384981752.7864603 DUCO - coinexchange", "69671267.73957695 DUCO - bscDUCO", "35439957.657000005 DUCO - AlmarRido", "24375487.137 DUCO - Flowen1985", "20119947.6942 DUCO - viviana80", "14654856.70292719 DUCO - ctecrypto", "12720440.559071772 DUCO - QQ44142894", "11436497.326 DUCO - bimbasimba94", "10759939.638689265 DUCO - fiorella71"], "XXHASH hashrate": "0 H/s"}