{"Active connections": 2264, "All-time mined DUCO": 22022287.101243623, "Current difficulty": 1000000, "DUCO-S1 hashrate": "4643.5 MH/s", "Duco JustSwap price": 0.00021884, "Duco Node-S price": 5.6e-05, "Duco PancakeSwap price": 0.000322114, "Duco SushiSwap price": 0.000650466, "Duco price": 0.00072006, "Duco price BCH": 1.337e-05, "Duco price NANO": 7.45e-06, "Duco price TRX": 5.864e-05, "Duco price XMG": 0.00071908, "Duino-Coin Server API": "github.com/revoxhere/duino-coin", "Kolka": {"Banned": 773, "Jailed": 27}, "Last block hash": "2eb3f8271c", "Last sync": 1642856381.438255, "Last update": "22/01/2022 12:59:41 (UTC)", "Mined blocks": 90670691824, "Miner distribution": {"All": 40698, "Arduino": 7011, "CPU": 5361, "ESP32": 10504, "ESP8266": 12770, "GPU": 0, "Other": 50, "Phone": 374, "RPi": 2924, "Web": 1704}, "Net energy usage": "52.41 kW", "Open threads": 21, "Pool hashrate": "4643.46 MH/s", "Registered users": 49226, "Server CPU usage": 46.7, "Server RAM usage": 40.4, "Server version": 2.7, "Top 10 richest miners": ["6601570.375126494 DUCO - bscDUCO", "874328.3770927732 DUCO - miningvir", "533218.0739432892 DUCO - bimbasimba94", "532488.220632083 DUCO - NodeSBroker", "531552.6108694915 DUCO - coinexchange", "397162.15067505674 DUCO - James_themac", "206668.055855694 DUCO - maticDUCO", "190583.057104081 DUCO - celoDUCO", "170241.299416613 DUCO - Bacman", "150200.0025039652 DUCO - RNGesus"], "XXHASH hashrate": "0 H/s"}