{"Active connections": 10280, "All-time mined DUCO": 159106732.6884961, "Current difficulty": 75000, "DUCO-S1 hashrate": "2.3 GH/s", "Duco FluffySwap price": 0.002, "Duco Furim price": 0.0, "Duco Node-S price": 0.0, "Duco PancakeSwap price": 5.20473e-05, "Duco SunSwap price": 4.831e-05, "Duco SushiSwap price": 1.61159e-05, "Duco UbeSwap price": 2.9311039484286864e-05, "Duco price": 0.002, "Duco price BCH": 1.665e-05, "Duco price NANO": 7.65e-06, "Duco price TRX": 5.28e-06, "Duco price XMG": 0.0, "Duino-Coin Server API": "github.com/revoxhere/duino-coin", "Kolka": {"Banned": 1180, "Jailed": 90}, "Last block hash": "8de4bc0b3fa1580ec7f3421feb9644fc8ead02b8", "Last sync": 1670327446.0169456, "Last update": "06/12/2022 11:50:49 (UTC)", "Mined blocks": 316583153427, "Miner distribution": {"All": 20555, "Arduino": 2910, "CPU": 977, "ESP32": 5829, "ESP8266": 8824, "GPU": 0, "Other": 12, "Phone": 23, "RPi": 1504, "Web": 476}, "Net energy usage": "16.55 kW", "Open threads": 24, "Pool hashrate": "2291.39 MH/s", "Registered users": 84862, "Server CPU usage": 74.8, "Server RAM usage": 37.5, "Server version": 3.0, "Top 10 richest miners": ["38531229.63978844 DUCO - bscDUCO", "20119945.00125 DUCO - viviana80", "14965353.225385074 DUCO - Ochios", "11692429.559071772 DUCO - QQ44142894", "10759939.638689265 DUCO - fiorella71", "8125593.360829903 DUCO - Orion_0x43b", "6976781.192697614 DUCO - coinexchange", "4267666.823 DUCO - Demoel", "4196769.466899999 DUCO - AlmarRido", "2667999.402 DUCO - sudoerrno"], "XXHASH hashrate": "0 H/s"}