{"Active connections": 892, "All-time mined DUCO": 739731566.6952922, "Current difficulty": 200000, "DUCO-S1 hashrate": "2.261 GH/s", "Duco FluffySwap price": 8.113e-06, "Duco Furim price": 0.0, "Duco Node-S price": 0.0, "Duco PancakeSwap price": 8.57789e-06, "Duco SunSwap price": 9.443e-05, "Duco SushiSwap price": 1.2962107682626e-05, "Duco UbeSwap price": 1.1191491992827553e-05, "Duco price": 0.0002164, "Duco price BCH": 0.00015241, "Duco price NANO": 0.0002164, "Duco price TRX": 1.161e-05, "Duco price XMG": 4.008e-05, "Duino-Coin Server API": "github.com/revoxhere/duino-coin", "Kolka": {"Banned": 5967, "Jailed": 182}, "Last block hash": "8de4bc0b3fa1580ec7f3421feb9644fc8ead02b8", "Last sync": 1718343635.5774727, "Last update": "14/06/2024 05:40:35 (UTC)", "Mined blocks": 527267095322, "Miner distribution": {"All": 17944, "Arduino": 2355, "CPU": 939, "ESP32": 7236, "ESP8266": 5930, "GPU": 0, "Other": 13, "Phone": 17, "RPi": 1263, "Web": 191}, "Net energy usage": "14.6 kW", "Open threads": 28, "Pool hashrate": "2260.608 MH/s", "Registered users": 103020, "Server CPU usage": 47.8, "Server RAM usage": 89.8, "Server version": 4.0, "Top 10 richest miners": ["250013826.17114 DUCO - coinexchange", "79430419.78550309 DUCO - bscDUCO", "30794010.456 DUCO - Flowen1985", "29547732.707830127 DUCO - AlmarRido", "20120447.6942 DUCO - viviana80", "18547185.805999998 DUCO - bimbasimba94", "14898329.948412826 DUCO - aimbert", "14846340.810337575 DUCO - ctecrypto", "12721940.59109726 DUCO - QQ44142894", "11316295.890124286 DUCO - duinousa"], "XXHASH hashrate": "0 H/s"}