{"Active connections": 1671, "All-time mined DUCO": 19804792.653973714, "Current difficulty": 75000, "DUCO-S1 hashrate": "377.1 MH/s", "Duco JustSwap price": 8.61e-05, "Duco Node-S price": 2.1e-05, "Duco PancakeSwap price": 0.000471918, "Duco SushiSwap price": 0.000116574, "Duco price": 0.00024975, "Duco price BCH": 3.241e-05, "Duco price NANO": 1.316e-05, "Duco price TRX": 7.764e-05, "Duco price XMG": 0.00024975, "Duino-Coin Server API": "github.com/revoxhere/duino-coin", "Kolka": {"Banned": 747, "Jailed": 24}, "Last block hash": "2eb3f8271c", "Last sync": 1640895186.1112506, "Last update": "30/12/2021 20:13:06 (UTC)", "Mined blocks": 73862483227, "Miner distribution": {"All": 10750, "Arduino": 2502, "CPU": 1079, "ESP32": 3474, "ESP8266": 3175, "GPU": 1, "Other": 3, "Phone": 62, "RPi": 454, "Web": 0}, "Net energy usage": "11.08 kW", "Open threads": 21, "Pool hashrate": "377.1 MH/s", "Registered users": 33706, "Server CPU usage": 72.1, "Server RAM usage": 12.8, "Server version": 2.7, "Top 10 richest miners": ["5188155.586771763 DUCO - bscDUCO", "530740.5372981913 DUCO - NodeSBroker", "397162.15067505674 DUCO - James_themac", "305862.60967649636 DUCO - bimbasimba94", "304561.19324770354 DUCO - bloomindark", "300520.321607231 DUCO - 52Pickup", "275105.4134113289 DUCO - coinexchange", "273332.5902358302 DUCO - miningvir", "210046.91682435756 DUCO - maticDUCO", "190582.057104081 DUCO - celoDUCO"], "XXHASH hashrate": "0 H/s"}