{"Active connections": 1555, "All-time mined DUCO": 90239067.64369011, "Current difficulty": 75000, "DUCO-S1 hashrate": "3.0 GH/s", "Duco FluffySwap price": 2.3344999999999998e-05, "Duco Furim price": 0.0, "Duco Node-S price": 0.0, "Duco PancakeSwap price": 3.58391e-05, "Duco SunSwap price": 8.75e-05, "Duco SushiSwap price": 1.51461e-05, "Duco UbeSwap price": 2.9033013345820652e-05, "Duco price": 0.0001228, "Duco price BCH": 3.335e-05, "Duco price NANO": 1.525e-05, "Duco price TRX": 1.697e-05, "Duco price XMG": 0.0001228, "Duino-Coin Server API": "github.com/revoxhere/duino-coin", "Kolka": {"Banned": 1086, "Jailed": 86}, "Last block hash": "8de4bc0b3fa1580ec7f3421feb9644fc8ead02b8", "Last sync": 1665528716.5400991, "Last update": "11/10/2022 22:51:59 (UTC)", "Mined blocks": 279002631256, "Miner distribution": {"All": 37752, "Arduino": 4200, "CPU": 2024, "ESP32": 13759, "ESP8266": 16122, "GPU": 0, "Other": 12, "Phone": 42, "RPi": 1275, "Web": 318}, "Net energy usage": "29.61 kW", "Open threads": 23, "Pool hashrate": "3028.31 MH/s", "Registered users": 80890, "Server CPU usage": 42.3, "Server RAM usage": 69.0, "Server version": 3.0, "Top 10 richest miners": ["45864339.00455475 DUCO - coinexchange", "36546079.437422335 DUCO - bscDUCO", "15965314.016999999 DUCO - Ochios", "6974991.289071771 DUCO - QQ44142894", "4075220.2860000003 DUCO - AlmarRido", "3102721.05686527 DUCO - DarYo", "2368507.0 DUCO - Brunomoyses23", "2210288.919161586 DUCO - vyrdudji", "1820081.7214439274 DUCO - giveaways", "1634175.8630387518 DUCO - maticDUCO"], "XXHASH hashrate": "0 H/s"}