{"Duino-Coin Server API": "github.com/revoxhere/duino-coin", "Server version": 2.6, "Active connections": 8582, "Open threads": 24, "Server CPU usage": 68.1, "Server RAM usage": 57.3, "Last update": "14/08/2021 19:57:55 (UTC)", "Net energy usage": "95.41 kW", "Pool hashrate": "2.9876 GH/s", "DUCO-S1 hashrate": "3.0 GH/s", "XXHASH hashrate": "36.1 MH/s", "Duco price": 0.019778, "Duco price XMG": 0.01977777, "Duco price BCH": 0.00167708, "Duco price TRX": 0.0018298, "Duco price XRP": 0.0021525, "Duco price DGB": 0.00191708, "Duco Node-S price": 0.019778, "Duco JustSwap price": 0.00263814, "Duco PancakeSwap price": 0.00507655, "Registered users": 19721, "All-time mined DUCO": 5446246.515843662, "Current difficulty": 431628, "Mined blocks": 10359292398, "Last block hash": "481e533262", "Kolka": {"Jailed": 0, "Banned": 417}, "Miner distribution": {"GPU": 0, "CPU": 7280, "RPi": 1975, "ESP32": 8121, "ESP8266": 10509, "Arduino": 5941, "Other": 340}, "Top 10 richest miners": ["473134.4379246177 DUCO - bscDUCO", "169607.807370233 DUCO - Bacman", "113040.8530766044 DUCO - amornlit", "102420.731293153 DUCO - 52Pickup", "100000.26200466887 DUCO - WannaCry", "86090.00742757108 DUCO - caancom", "69591.27377963257 DUCO - coinexchange", "50288.45762651612 DUCO - duinocrfsh", "50224.698901378564 DUCO - rootbori", "47119.90790638301 DUCO - chipsa"]}