{"Active connections": 915, "All-time mined DUCO": 200515097.02396768, "Current difficulty": 75000, "DUCO-S1 hashrate": "2.0 GH/s", "Duco FluffySwap price": 1.7779999999999997e-06, "Duco Furim price": 0.0, "Duco Node-S price": 0.0, "Duco PancakeSwap price": 3.2262e-05, "Duco SunSwap price": 2.327e-05, "Duco SushiSwap price": 1.90366e-05, "Duco UbeSwap price": 2.949693582059398e-05, "Duco price": 3.2262e-05, "Duco price BCH": 2.54e-06, "Duco price NANO": 1.79e-06, "Duco price TRX": 2.23e-06, "Duco price XMG": 0.0, "Duino-Coin Server API": "github.com/revoxhere/duino-coin", "Kolka": {"Banned": 1328, "Jailed": 115}, "Last block hash": "8de4bc0b3fa1580ec7f3421feb9644fc8ead02b8", "Last sync": 1679657546.8669868, "Last update": "24/03/2023 11:32:31 (UTC)", "Mined blocks": 375079569841, "Miner distribution": {"All": 29031, "Arduino": 3630, "CPU": 951, "ESP32": 11092, "ESP8266": 11481, "GPU": 0, "Other": 17, "Phone": 27, "RPi": 1583, "Web": 250}, "Net energy usage": "19.87 kW", "Open threads": 24, "Pool hashrate": "2033.73 MH/s", "Registered users": 90693, "Server CPU usage": 48.6, "Server RAM usage": 45.4, "Server version": 3.0, "Top 10 richest miners": ["497836029.2213296 DUCO - coinexchange", "32345219.708276175 DUCO - bscDUCO", "20119946.6942 DUCO - viviana80", "15115364.7271 DUCO - Ochios", "12720440.559071772 DUCO - QQ44142894", "10759939.638689265 DUCO - fiorella71", "8125736.123916335 DUCO - Orion_0x43b", "6826840.626510607 DUCO - lordachoo", "5857169.20998064 DUCO - msdo1006", "5808223.416929584 DUCO - revox"], "XXHASH hashrate": "0 H/s"}