{"Active connections": 1057, "All-time mined DUCO": 737412972.5039427, "Current difficulty": 200000, "DUCO-S1 hashrate": "2.495 GH/s", "Duco FluffySwap price": 7.833e-06, "Duco Furim price": 0.0, "Duco Node-S price": 0.0, "Duco PancakeSwap price": 8.57789e-06, "Duco SunSwap price": 9.099e-05, "Duco SushiSwap price": 1.2962107682626e-05, "Duco UbeSwap price": 1.1191491992827553e-05, "Duco price": 0.000258, "Duco price BCH": 0.00016357, "Duco price NANO": 0.000258, "Duco price TRX": 1.119e-05, "Duco price XMG": 4.105e-05, "Duino-Coin Server API": "github.com/revoxhere/duino-coin", "Kolka": {"Banned": 5949, "Jailed": 182}, "Last block hash": "8de4bc0b3fa1580ec7f3421feb9644fc8ead02b8", "Last sync": 1717106007.081162, "Last update": "30/05/2024 21:53:27 (UTC)", "Mined blocks": 523486863212, "Miner distribution": {"All": 18162, "Arduino": 2219, "CPU": 959, "ESP32": 7425, "ESP8266": 6125, "GPU": 0, "Other": 16, "Phone": 15, "RPi": 1198, "Web": 205}, "Net energy usage": "14.78 kW", "Open threads": 27, "Pool hashrate": "2494.785 MH/s", "Registered users": 102466, "Server CPU usage": 57.5, "Server RAM usage": 91.4, "Server version": 4.0, "Top 10 richest miners": ["78983409.78550309 DUCO - bscDUCO", "30792510.456 DUCO - Flowen1985", "30547607.40829605 DUCO - AlmarRido", "20119947.6942 DUCO - viviana80", "18545685.805999998 DUCO - bimbasimba94", "14898325.621152233 DUCO - aimbert", "14843860.76859247 DUCO - ctecrypto", "12720440.585598174 DUCO - QQ44142894", "11315525.259948354 DUCO - duinousa", "10759939.638689265 DUCO - fiorella71"], "XXHASH hashrate": "0 H/s"}