{"Duino-Coin Server API": "github.com/revoxhere/duino-coin", "Server version": 2.6, "Active connections": 1, "Open threads": 11, "Server CPU usage": 50, "Server RAM usage": 50, "Last update": "30/08/2021 10:06:08 (UTC)", "Net energy usage": "0 W", "Pool hashrate": "0 H/s", "DUCO-S1 hashrate": "0 H/s", "XXHASH hashrate": "0 H/s", "Duco price": 0.01877, "Duco price XMG": 0.01877, "Duco price BCH": 0.01877, "Duco price TRX": 0.01877, "Duco price XRP": 0.01877, "Duco price DGB": 0.01877, "Duco price NANO": 0.01877, "Duco price FJC": 0.01877, "Duco Node-S price": 0.01877, "Duco JustSwap price": 0.01877, "Duco PancakeSwap price": 0.00314783, "Registered users": 15896, "All-time mined DUCO": 8030791.586182701, "Current difficulty": 544537, "Mined blocks": 13068878999, "Last block hash": "79350dab88", "Kolka": {"Jailed": 21, "Banned": 540}, "Miner distribution": {"GPU": 0, "CPU": 0, "RPi": 0, "Phone": 0, "Web": 0, "ESP32": 0, "ESP8266": 0, "Arduino": 0, "Other": 0}, "Top 10 richest miners": ["1664721.744383916 DUCO - bscDUCO", "581939.7130890309 DUCO - coinexchange", "240000.1555491204 DUCO - 52Pickup", "169937.594875061 DUCO - Bacman", "134071.65488499502 DUCO - WannaCry", "119628.92956956064 DUCO - rootbori", "113387.18511437952 DUCO - amornlit", "86279.5548104071 DUCO - caancom", "51028.927829354885 DUCO - ducodoly", "50288.45762651612 DUCO - duinocrfsh"], "Active workers": {}}