{"Active connections": 1386, "All-time mined DUCO": 72804793.09512714, "Current difficulty": 1000000, "DUCO-S1 hashrate": "3.9 GH/s", "Duco Furim price": 0.0, "Duco Node-S price": 0.0, "Duco PancakeSwap price": 3.9e-05, "Duco SunSwap price": 5.8e-05, "Duco SushiSwap price": 5.3e-05, "Duco UbeSwap price": 7.3e-05, "Duco price": 0.000176, "Duco price BCH": 5e-06, "Duco price NANO": 2.7e-05, "Duco price TRX": 2e-05, "Duco price XMG": 0.000175, "Duino-Coin Server API": "github.com/revoxhere/duino-coin", "Kolka": {"Banned": 845, "Jailed": 47}, "Last block hash": "2eb3f8271cd947cdd6469be145558a7bcb72e0d9", "Last sync": 1653762172.013946, "Last update": "28/05/2022 18:22:53 (UTC)", "Mined blocks": 188619584659, "Miner distribution": {"All": 40245, "Arduino": 5571, "CPU": 2997, "ESP32": 13431, "ESP8266": 15953, "GPU": 0, "Other": 56, "Phone": 134, "RPi": 1738, "Web": 365}, "Net energy usage": "36.63 kW", "Open threads": 21, "Pool hashrate": "3868.91 MH/s", "Registered users": 75581, "Server CPU usage": 39.4, "Server RAM usage": 47.5, "Server version": 3.0, "Top 10 richest miners": ["26913785.314693395 DUCO - bscDUCO", "17779500.0 DUCO - Ochios", "6974991.289071771 DUCO - QQ44142894", "4007746.2230772884 DUCO - Demoel", "2727932.1297542495 DUCO - ctecrypto", "2210288.9385462017 DUCO - vyrdudji", "2145287.0945335627 DUCO - jules_pilot", "2094719.0421398557 DUCO - maticDUCO", "1209839.3105654893 DUCO - James_themac", "1195692.50169895 DUCO - coinexchange"], "XXHASH hashrate": "0 H/s"}