{"Active connections": 1048, "All-time mined DUCO": 157776863.70148534, "Current difficulty": 75000, "DUCO-S1 hashrate": "2.6 GH/s", "Duco FluffySwap price": 1.1570999999999998e-05, "Duco Furim price": 0.0, "Duco Node-S price": 0.0, "Duco PancakeSwap price": 5.26153e-05, "Duco SunSwap price": 5.038e-05, "Duco SushiSwap price": 1.61789e-05, "Duco UbeSwap price": 2.931300785709489e-05, "Duco price": 5.26153e-05, "Duco price BCH": 1.652e-05, "Duco price NANO": 7.7e-06, "Duco price TRX": 5.51e-06, "Duco price XMG": 0.0, "Duino-Coin Server API": "github.com/revoxhere/duino-coin", "Kolka": {"Banned": 1183, "Jailed": 90}, "Last block hash": "8de4bc0b3fa1580ec7f3421feb9644fc8ead02b8", "Last sync": 1670689915.3255568, "Last update": "10/12/2022 16:31:58 (UTC)", "Mined blocks": 318871998365, "Miner distribution": {"All": 33887, "Arduino": 3951, "CPU": 1365, "ESP32": 12609, "ESP8266": 13948, "GPU": 0, "Other": 13, "Phone": 25, "RPi": 1617, "Web": 359}, "Net energy usage": "24.53 kW", "Open threads": 24, "Pool hashrate": "2610.49 MH/s", "Registered users": 85109, "Server CPU usage": 57.2, "Server RAM usage": 45.0, "Server version": 3.0, "Top 10 richest miners": ["38531229.63978844 DUCO - bscDUCO", "20119945.00125 DUCO - viviana80", "14965353.225385074 DUCO - Ochios", "11692429.559071772 DUCO - QQ44142894", "10759939.638689265 DUCO - fiorella71", "8125647.645689881 DUCO - Orion_0x43b", "5578392.3285835525 DUCO - coinexchange", "4267666.823 DUCO - Demoel", "4194744.3669 DUCO - AlmarRido", "2368507.0 DUCO - Brunomoyses23"], "XXHASH hashrate": "0 H/s"}