{"Active connections": 885, "All-time mined DUCO": 84923301.25316066, "Current difficulty": 1000000, "DUCO-S1 hashrate": "3.2 GH/s", "Duco Furim price": 0.0, "Duco Node-S price": 0.0, "Duco PancakeSwap price": 6.2e-05, "Duco SunSwap price": 4.3e-05, "Duco SushiSwap price": 1.7e-05, "Duco UbeSwap price": 2.8e-05, "Duco price": 8.7e-05, "Duco price BCH": 1.3e-05, "Duco price NANO": 1.3e-05, "Duco price TRX": 1.6e-05, "Duco price XMG": 8.7e-05, "Duino-Coin Server API": "github.com/revoxhere/duino-coin", "Kolka": {"Banned": 924, "Jailed": 58}, "Last block hash": "2eb3f8271cd947cdd6469be145558a7bcb72e0d9", "Last sync": 1657561591.6061337, "Last update": "11/07/2022 17:46:35 (UTC)", "Mined blocks": 220857059327, "Miner distribution": {"All": 37162, "Arduino": 5167, "CPU": 2251, "ESP32": 12512, "ESP8266": 15264, "GPU": 0, "Other": 97, "Phone": 64, "RPi": 1499, "Web": 308}, "Net energy usage": "30.69 kW", "Open threads": 22, "Pool hashrate": "3230.95 MH/s", "Registered users": 74073, "Server CPU usage": 40.2, "Server RAM usage": 40.4, "Server version": 3.0, "Top 10 richest miners": ["34152710.622689165 DUCO - bscDUCO", "16868017.35010215 DUCO - Ochios", "7753701.940299597 DUCO - ctecrypto", "6974991.289071771 DUCO - QQ44142894", "5469686.945702979 DUCO - renderman", "2368507.0 DUCO - Brunomoyses23", "2210288.9385462017 DUCO - vyrdudji", "2070152.565 DUCO - CryptSino_Exchange", "1584432.9873966968 DUCO - coinexchange", "1413046.5421398599 DUCO - maticDUCO"], "XXHASH hashrate": "0 H/s"}