{"Active connections": 1494, "All-time mined DUCO": 1070338997.2801584, "Current difficulty": 75000, "DUCO-S1 hashrate": "1.947 GH/s", "Duco FluffySwap price": 3.7309999999999995e-06, "Duco Furim price": 0.0, "Duco Node-S price": 0.0, "Duco PancakeSwap price": 1.16229e-05, "Duco SunSwap price": 0.00010803, "Duco SushiSwap price": 1.4708e-05, "Duco UbeSwap price": 2.7898752414944825e-05, "Duco price": 0.00010803, "Duco price BCH": 5.33e-06, "Duco price NANO": 1.1e-06, "Duco price TRX": 1.59e-06, "Duco price XMG": 0.0, "Duino-Coin Server API": "github.com/revoxhere/duino-coin", "Kolka": {"Banned": 5728, "Jailed": 144}, "Last block hash": "8de4bc0b3fa1580ec7f3421feb9644fc8ead02b8", "Last sync": 1688836688.8284614, "Last update": "08/07/2023 17:18:22 (UTC)", "Mined blocks": 424811874504, "Miner distribution": {"All": 20992, "Arduino": 2294, "CPU": 736, "ESP32": 9104, "ESP8266": 7627, "GPU": 0, "Other": 8, "Phone": 16, "RPi": 1207, "Web": 0}, "Net energy usage": "14.63 kW", "Open threads": 25, "Pool hashrate": "1946.948 MH/s", "Registered users": 94291, "Server CPU usage": 50.5, "Server RAM usage": 55.4, "Server version": 3.0, "Top 10 richest miners": ["495743830.67087966 DUCO - coinexchange", "385381031.0725502 DUCO - coinexchange", "50314367.80947695 DUCO - bscDUCO", "36165869.187 DUCO - AlmarRido", "24326348.334 DUCO - Flowen1985", "20119947.6942 DUCO - viviana80", "15115368.927099999 DUCO - Ochios", "12720440.559071772 DUCO - QQ44142894", "12715619.6616216 DUCO - duinousa", "11660256.633181792 DUCO - ctecrypto"], "XXHASH hashrate": "0 H/s"}