{"Active connections": 1092, "All-time mined DUCO": 18808130.969923258, "Current difficulty": 75000, "DUCO-S1 hashrate": "1496.8 MH/s", "Duco JustSwap price": 9.556e-05, "Duco Node-S price": 2.1e-05, "Duco PancakeSwap price": 0.000594663, "Duco SushiSwap price": 0.000356015, "Duco price": 0.000594663, "Duco price BCH": 4.362e-05, "Duco price DGB": 0.0, "Duco price NANO": 1.368e-05, "Duco price RVN": 0.0, "Duco price TRX": 9.799e-05, "Duco price XMG": 0.0002553, "Duco price XRP": 0.0, "Duino-Coin Server API": "github.com/revoxhere/duino-coin", "Kolka": {"Banned": 720, "Jailed": 24}, "Last block hash": "2eb3f8271c", "Last update": "21/12/2021 19:04:03 (UTC)", "Mined blocks": 66789871902, "Miner distribution": {"All": 35630, "Arduino": 7357, "CPU": 4378, "ESP32": 9289, "ESP8266": 10684, "GPU": 0, "Other": 21, "Phone": 397, "RPi": 2592, "Web": 912}, "Net energy usage": "43.44 kW", "Open threads": 21, "Pool hashrate": "1496.78 MH/s", "Registered users": 31328, "Server CPU usage": 63.8, "Server RAM usage": 41.4, "Server version": 2.7, "Top 10 richest miners": ["4730188.887936642 DUCO - bscDUCO", "868056.0562999706 DUCO - coinexchange", "530426.5372981913 DUCO - NodeSBroker", "397162.15067505674 DUCO - James_themac", "300520.321607231 DUCO - 52Pickup", "253789.00664933302 DUCO - bimbasimba94", "249264.804861081 DUCO - miningvir", "195922.65397534758 DUCO - maticDUCO", "190582.057104081 DUCO - celoDUCO", "170241.298916613 DUCO - Bacman"], "XXHASH hashrate": "0 H/s"}