{"Active connections": 1308, "All-time mined DUCO": 69590239.25649008, "Current difficulty": 1000000, "DUCO-S1 hashrate": "3.7 GH/s", "Duco Furim price": 0.0, "Duco Node-S price": 0.0, "Duco PancakeSwap price": 4e-05, "Duco SunSwap price": 5.3e-05, "Duco SushiSwap price": 2.8e-05, "Duco UbeSwap price": 4.2e-05, "Duco price": 0.000183, "Duco price BCH": 6e-06, "Duco price NANO": 2.8e-05, "Duco price TRX": 1.9e-05, "Duco price XMG": 0.000181, "Duino-Coin Server API": "github.com/revoxhere/duino-coin", "Kolka": {"Banned": 837, "Jailed": 47}, "Last block hash": "2eb3f8271cd947cdd6469be145558a7bcb72e0d9", "Last sync": 1653198286.2953467, "Last update": "22/05/2022 05:44:47 (UTC)", "Mined blocks": 183750856725, "Miner distribution": {"All": 39510, "Arduino": 5483, "CPU": 3013, "ESP32": 13237, "ESP8266": 15598, "GPU": 0, "Other": 75, "Phone": 102, "RPi": 1717, "Web": 285}, "Net energy usage": "36.34 kW", "Open threads": 21, "Pool hashrate": "3689.71 MH/s", "Registered users": 74962, "Server CPU usage": 38.7, "Server RAM usage": 54.8, "Server version": 3.0, "Top 10 richest miners": ["26604141.33443735 DUCO - bscDUCO", "14303505.999982828 DUCO - Ochios", "5301837.028234221 DUCO - QQ44142894", "4007621.9210216603 DUCO - Demoel", "2567675.901397053 DUCO - ctecrypto", "2210288.9385462017 DUCO - vyrdudji", "1443272.9973045858 DUCO - maticDUCO", "1415001.401 DUCO - amornlit", "1209839.3105654893 DUCO - James_themac", "1013467.3138396413 DUCO - CryptSino_Exchange"], "XXHASH hashrate": "0 H/s"}