{"Active connections": 674, "All-time mined DUCO": 742005337.533199, "Current difficulty": 200000, "DUCO-S1 hashrate": "2.585 GH/s", "Duco FluffySwap price": 8.483999999999999e-06, "Duco Furim price": 0.0, "Duco Node-S price": 0.0, "Duco PancakeSwap price": 8.57789e-06, "Duco SunSwap price": 9.857e-05, "Duco SushiSwap price": 1.2962107682626e-05, "Duco UbeSwap price": 1.1191491992827553e-05, "Duco price": 0.00025, "Duco price BCH": 0.00016192, "Duco price NANO": 0.00025, "Duco price TRX": 1.212e-05, "Duco price XMG": 0.0, "Duino-Coin Server API": "github.com/revoxhere/duino-coin", "Kolka": {"Banned": 5910, "Jailed": 177}, "Last block hash": "8de4bc0b3fa1580ec7f3421feb9644fc8ead02b8", "Last sync": 1714919636.5104017, "Last update": "05/05/2024 14:33:56 (UTC)", "Mined blocks": 517271056647, "Miner distribution": {"All": 14317, "Arduino": 2048, "CPU": 1078, "ESP32": 5050, "ESP8266": 4589, "GPU": 0, "Other": 28, "Phone": 2, "RPi": 1331, "Web": 191}, "Net energy usage": "13.98 kW", "Open threads": 26, "Pool hashrate": "2585.482 MH/s", "Registered users": 101552, "Server CPU usage": 27.5, "Server RAM usage": 55.5, "Server version": 4.0, "Top 10 richest miners": ["78442378.74889731 DUCO - bscDUCO", "39491496.79265186 DUCO - AlmarRido", "30792510.456 DUCO - Flowen1985", "21307107.257 DUCO - bimbasimba94", "20119947.6942 DUCO - viviana80", "14868531.197133405 DUCO - aimbert", "14842015.026316373 DUCO - ctecrypto", "12720440.559071772 DUCO - QQ44142894", "11314390.705640879 DUCO - duinousa", "10759939.638689265 DUCO - fiorella71"], "XXHASH hashrate": "0 H/s"}