{"Active connections": 336, "All-time mined DUCO": 783495353.5787082, "Current difficulty": 200000, "DUCO-S1 hashrate": "4.182 GH/s", "Duco FluffySwap price": 2.1048999999999998e-05, "Duco Furim price": 0.0, "Duco Node-S price": 0.0, "Duco PancakeSwap price": 1.31425e-05, "Duco SunSwap price": 2.879e-05, "Duco SushiSwap price": 8.987494203495e-06, "Duco UbeSwap price": 1.568e-05, "Duco price": 3.01e-05, "Duco price BCH": 0.0, "Duco price NANO": 0.0, "Duco price TRX": 3.01e-05, "Duco price XMG": 0.0, "Duino-Coin Server API": "github.com/revoxhere/duino-coin", "Kolka": {"Banned": 6027, "Jailed": 191}, "Last block hash": "8de4bc0b3fa1580ec7f3421feb9644fc8ead02b8", "Last sync": 1725406818.5201867, "Last update": "03/09/2024 23:40:18 (UTC)", "Mined blocks": 548035013562, "Miner distribution": {"All": 14881, "Arduino": 1864, "CPU": 770, "ESP32": 4791, "ESP8266": 6153, "GPU": 0, "Other": 13, "Phone": 16, "RPi": 1085, "Web": 189}, "Net energy usage": "12.27 kW", "Open threads": 27, "Pool hashrate": "4182.004 MH/s", "Registered users": 105704, "Server CPU usage": 55.5, "Server RAM usage": 59.3, "Server version": 4.0, "Top 10 richest miners": ["235408583.6611855 DUCO - coinexchange", "85494792.52646369 DUCO - bscDUCO", "35576240.569 DUCO - AlmarRido", "30855598.808 DUCO - Flowen1985", "22896923.915 DUCO - bimbasimba94", "20160690.628000002 DUCO - viviana80", "14928226.958779328 DUCO - aimbert", "14847133.194062889 DUCO - ctecrypto", "14206520.149687182 DUCO - duinousa", "12721943.39257476 DUCO - QQ44142894"], "XXHASH hashrate": "0 H/s"}