{"Active connections": 1542, "All-time mined DUCO": 1079083622.246748, "Current difficulty": 75000, "DUCO-S1 hashrate": "1.996 GH/s", "Duco FluffySwap price": 3.969e-06, "Duco Furim price": 0.0, "Duco Node-S price": 0.0, "Duco PancakeSwap price": 1.17467e-05, "Duco SunSwap price": 0.00010822, "Duco SushiSwap price": 1.42878e-05, "Duco UbeSwap price": 2.7898752414944825e-05, "Duco price": 0.00010822, "Duco price BCH": 5.65e-06, "Duco price NANO": 1.1e-06, "Duco price TRX": 1.59e-06, "Duco price XMG": 0.0, "Duino-Coin Server API": "github.com/revoxhere/duino-coin", "Kolka": {"Banned": 5728, "Jailed": 144}, "Last block hash": "8de4bc0b3fa1580ec7f3421feb9644fc8ead02b8", "Last sync": 1688746225.5904818, "Last update": "07/07/2023 16:10:52 (UTC)", "Mined blocks": 424384003477, "Miner distribution": {"All": 21029, "Arduino": 2413, "CPU": 792, "ESP32": 9071, "ESP8266": 7567, "GPU": 0, "Other": 8, "Phone": 16, "RPi": 1162, "Web": 0}, "Net energy usage": "14.88 kW", "Open threads": 23, "Pool hashrate": "1995.77 MH/s", "Registered users": 94275, "Server CPU usage": 52.1, "Server RAM usage": 59.8, "Server version": 3.0, "Top 10 richest miners": ["495743830.67087966 DUCO - coinexchange", "385377156.0725502 DUCO - coinexchange", "50308867.80947695 DUCO - bscDUCO", "36165869.187 DUCO - AlmarRido", "24326348.334 DUCO - Flowen1985", "20119947.6942 DUCO - viviana80", "15115368.927099999 DUCO - Ochios", "12720440.559071772 DUCO - QQ44142894", "12715504.677136995 DUCO - duinousa", "11660119.299963292 DUCO - ctecrypto"], "XXHASH hashrate": "0 H/s"}