{"Duino-Coin Server API": "github.com/revoxhere/duino-coin", "Server version": 2.6, "Active connections": 9218, "Open threads": 25, "Server CPU usage": 70.4, "Server RAM usage": 64.3, "Last update": "15/08/2021 05:36:23 (UTC)", "Net energy usage": "88.01 kW", "Pool hashrate": "2.5791 GH/s", "DUCO-S1 hashrate": "2.5 GH/s", "XXHASH hashrate": "41.0 MH/s", "Duco price": 0.019778, "Duco price XMG": 0.01966032, "Duco price BCH": 0.00174663, "Duco price TRX": 0.0018673, "Duco price XRP": 0.0023275, "Duco price DGB": 0.00187421, "Duco Node-S price": 0.019778, "Duco JustSwap price": 0.00577201, "Duco PancakeSwap price": 0.00507655, "Registered users": 19781, "All-time mined DUCO": 5532814.845228092, "Current difficulty": 438817, "Mined blocks": 10531831872, "Last block hash": "4622a57e1f", "Kolka": {"Jailed": 0, "Banned": 417}, "Miner distribution": {"GPU": 0, "CPU": 6903, "RPi": 1766, "ESP32": 7844, "ESP8266": 8461, "Arduino": 5737, "Other": 280}, "Top 10 richest miners": ["453022.6597746179 DUCO - bscDUCO", "169662.86227920747 DUCO - Bacman", "113054.12445027438 DUCO - amornlit", "100079.70430808073 DUCO - 52Pickup", "99999.99999999886 DUCO - WannaCry", "86117.53693709357 DUCO - caancom", "71920.64377963258 DUCO - coinexchange", "50288.45762651612 DUCO - duinocrfsh", "50275.7494809154 DUCO - rootbori", "47119.90790638301 DUCO - chipsa"]}