{"Active connections": 1061, "All-time mined DUCO": 749074990.5419121, "Current difficulty": 200000, "DUCO-S1 hashrate": "1.646 GH/s", "Duco FluffySwap price": 9.233e-06, "Duco Furim price": 0.0, "Duco Node-S price": 0.0, "Duco PancakeSwap price": 8.57789e-06, "Duco SunSwap price": 0.00014845, "Duco SushiSwap price": 1.2962107682626e-05, "Duco UbeSwap price": 1.1191491992827553e-05, "Duco price": 0.00014845, "Duco price BCH": 0.0, "Duco price NANO": 0.0, "Duco price TRX": 1.318e-05, "Duco price XMG": 3.458e-05, "Duino-Coin Server API": "github.com/revoxhere/duino-coin", "Kolka": {"Banned": 5987, "Jailed": 192}, "Last block hash": "8de4bc0b3fa1580ec7f3421feb9644fc8ead02b8", "Last sync": 1720660177.8720663, "Last update": "11/07/2024 01:09:37 (UTC)", "Mined blocks": 534475198588, "Miner distribution": {"All": 17832, "Arduino": 2153, "CPU": 847, "ESP32": 7756, "ESP8266": 5771, "GPU": 0, "Other": 8, "Phone": 8, "RPi": 1174, "Web": 115}, "Net energy usage": "13.88 kW", "Open threads": 27, "Pool hashrate": "1646.458 MH/s", "Registered users": 104000, "Server CPU usage": 64.8, "Server RAM usage": 90.4, "Server version": 4.0, "Top 10 richest miners": ["248125833.9371548 DUCO - coinexchange", "81472506.50800352 DUCO - bscDUCO", "30001031.442 DUCO - AlmarRido", "24635208.6964704 DUCO - Flowen1985", "20120447.6942 DUCO - viviana80", "18660226.00200201 DUCO - aimbert", "18280977.178 DUCO - bimbasimba94", "14847133.194062889 DUCO - ctecrypto", "14176212.14437328 DUCO - duinousa", "12721940.59109726 DUCO - QQ44142894"], "XXHASH hashrate": "0 H/s"}