{"Active connections": 864, "All-time mined DUCO": 85674466.9409037, "Current difficulty": 1000000, "DUCO-S1 hashrate": "2.9 GH/s", "Duco Furim price": 0.0, "Duco Node-S price": 0.0, "Duco PancakeSwap price": 7.1e-05, "Duco SunSwap price": 4.5e-05, "Duco SushiSwap price": 1.8e-05, "Duco UbeSwap price": 3.5e-05, "Duco price": 8.7e-05, "Duco price BCH": 1.9e-05, "Duco price NANO": 1.6e-05, "Duco price TRX": 1.4e-05, "Duco price XMG": 2e-06, "Duino-Coin Server API": "github.com/revoxhere/duino-coin", "Kolka": {"Banned": 927, "Jailed": 64}, "Last block hash": "2eb3f8271cd947cdd6469be145558a7bcb72e0d9", "Last sync": 1658020534.0864592, "Last update": "17/07/2022 01:15:36 (UTC)", "Mined blocks": 224537190736, "Miner distribution": {"All": 35723, "Arduino": 4474, "CPU": 2174, "ESP32": 12274, "ESP8266": 14969, "GPU": 0, "Other": 66, "Phone": 80, "RPi": 1434, "Web": 252}, "Net energy usage": "29.66 kW", "Open threads": 22, "Pool hashrate": "2909.73 MH/s", "Registered users": 74426, "Server CPU usage": 31.9, "Server RAM usage": 52.3, "Server version": 3.0, "Top 10 richest miners": ["49084285.4773967 DUCO - coinexchange", "37087619.622689165 DUCO - bscDUCO", "16868017.42740215 DUCO - Ochios", "7753926.804920859 DUCO - ctecrypto", "6974991.289071771 DUCO - QQ44142894", "3883534.5371776973 DUCO - renderman", "2368507.0 DUCO - Brunomoyses23", "2210288.9385462017 DUCO - vyrdudji", "2070152.565 DUCO - CryptSino_Exchange", "1419614.5421398599 DUCO - maticDUCO"], "XXHASH hashrate": "0 H/s"}