{"Active connections": 779, "All-time mined DUCO": 1117679554.3864245, "Current difficulty": 75000, "DUCO-S1 hashrate": "2.055 GH/s", "Duco FluffySwap price": 3.7309999999999995e-06, "Duco Furim price": 0.0, "Duco Node-S price": 0.0, "Duco PancakeSwap price": 7.2694e-06, "Duco SunSwap price": 0.00010111, "Duco SushiSwap price": 1.01312e-05, "Duco UbeSwap price": 2.9093097913322633e-05, "Duco price": 0.00015632, "Duco price BCH": 5.33e-06, "Duco price NANO": 1.06e-06, "Duco price TRX": 1.89e-06, "Duco price XMG": 0.00015632, "Duino-Coin Server API": "github.com/revoxhere/duino-coin", "Kolka": {"Banned": 5652, "Jailed": 160}, "Last block hash": "8de4bc0b3fa1580ec7f3421feb9644fc8ead02b8", "Last sync": 1693410528.2363431, "Last update": "30/08/2023 15:48:51 (UTC)", "Mined blocks": 443123572353, "Miner distribution": {"All": 19280, "Arduino": 2153, "CPU": 737, "ESP32": 8090, "ESP8266": 7141, "GPU": 0, "Other": 7, "Phone": 2, "RPi": 1142, "Web": 8}, "Net energy usage": "13.85 kW", "Open threads": 24, "Pool hashrate": "2055.131 MH/s", "Registered users": 95300, "Server CPU usage": 39.0, "Server RAM usage": 38.9, "Server version": 3.0, "Top 10 richest miners": ["495743830.67087966 DUCO - coinexchange", "366162762.22266996 DUCO - coinexchange", "70379419.64457695 DUCO - bscDUCO", "35301943.008099996 DUCO - AlmarRido", "30607425.931 DUCO - Flowen1985", "26698064.08415582 DUCO - giveaways", "20119947.6942 DUCO - viviana80", "12720440.559071772 DUCO - QQ44142894", "11757211.588875307 DUCO - ctecrypto", "11394221.861 DUCO - bimbasimba94"], "XXHASH hashrate": "0 H/s"}