{"Active connections": 1068, "All-time mined DUCO": 159149814.98098147, "Current difficulty": 75000, "DUCO-S1 hashrate": "2.4 GH/s", "Duco FluffySwap price": 2.1209999999999997e-06, "Duco Furim price": 0.0, "Duco Node-S price": 0.0, "Duco PancakeSwap price": 3.71884e-05, "Duco SunSwap price": 5.437e-05, "Duco SushiSwap price": 5.78387e-06, "Duco UbeSwap price": 2.8375119743665973e-05, "Duco price": 5.437e-05, "Duco price BCH": 3.02e-06, "Duco price NANO": 1.87e-06, "Duco price TRX": 4.48e-06, "Duco price XMG": 0.0, "Duino-Coin Server API": "github.com/revoxhere/duino-coin", "Kolka": {"Banned": 1233, "Jailed": 96}, "Last block hash": "8de4bc0b3fa1580ec7f3421feb9644fc8ead02b8", "Last sync": 1674112964.8296485, "Last update": "19/01/2023 07:22:47 (UTC)", "Mined blocks": 341159162146, "Miner distribution": {"All": 33650, "Arduino": 3945, "CPU": 1284, "ESP32": 12724, "ESP8266": 13728, "GPU": 0, "Other": 20, "Phone": 17, "RPi": 1557, "Web": 375}, "Net energy usage": "23.87 kW", "Open threads": 24, "Pool hashrate": "2368.95 MH/s", "Registered users": 87195, "Server CPU usage": 52.0, "Server RAM usage": 54.0, "Server version": 3.0, "Top 10 richest miners": ["90793125.35219541 DUCO - coinexchange", "40951354.110702395 DUCO - bscDUCO", "20119946.6942 DUCO - viviana80", "11692429.559071772 DUCO - QQ44142894", "10759939.638689265 DUCO - fiorella71", "8125736.123916335 DUCO - Orion_0x43b", "6812046.038885907 DUCO - lordachoo", "4965363.69527713 DUCO - Ochios", "3850971.207 DUCO - AlmarRido", "3348684.424594567 DUCO - msdo1006"], "XXHASH hashrate": "0 H/s"}