{"Duino-Coin Server API": "github.com/revoxhere/duino-coin", "Server version": 2.7, "Active connections": 16129, "Open threads": 23, "Server CPU usage": 72.1, "Server RAM usage": 40.3, "Last update": "05/09/2021 15:07:29 (UTC)", "Net energy usage": "49.18 kW", "Pool hashrate": "880.6536 MH/s", "DUCO-S1 hashrate": "861.2 MH/s", "XXHASH hashrate": "19.5 MH/s", "Duco price": 0.0049852, "Duco price XMG": 0.00150846, "Duco price BCH": 0.00127556, "Duco price TRX": 0.00155408, "Duco price XRP": 0.00192, "Duco price DGB": 0.00107025, "Duco price NANO": 0.00123375, "Duco price FJC": 0.0049852, "Duco Node-S price": 0, "Duco JustSwap price": 0.00361844, "Duco PancakeSwap price": 0.00194971, "Registered users": 16605, "All-time mined DUCO": 8322529.78875429, "Current difficulty": 585826, "Mined blocks": 14059949479, "Last block hash": "730b6127b9", "Kolka": {"Jailed": 21, "Banned": 598}, "Miner distribution": {"GPU": 0, "CPU": 2802, "RPi": 1509, "Phone": 0, "Web": 854, "ESP32": 7054, "ESP8266": 9031, "Arduino": 1859, "Other": 207}, "Top 10 richest miners": ["1792092.010399455 DUCO - bscDUCO", "412396.3597693631 DUCO - coinexchange", "240000.1555491204 DUCO - 52Pickup", "182781.06503989644 DUCO - WannaCry", "169937.594875061 DUCO - Bacman", "119824.61812392398 DUCO - rootbori", "113387.18511437952 DUCO - amornlit", "86282.78991884555 DUCO - caancom", "51135.652982878535 DUCO - ducodoly", "50288.45762651612 DUCO - duinocrfsh"]}