{"Active connections": 918, "All-time mined DUCO": 87420148.69195044, "Current difficulty": 1000000, "DUCO-S1 hashrate": "2.7 GH/s", "Duco Furim price": 0.0, "Duco Node-S price": 0.0, "Duco PancakeSwap price": 7.1e-05, "Duco SunSwap price": 4.3e-05, "Duco SushiSwap price": 1.8e-05, "Duco UbeSwap price": 3.5e-05, "Duco price": 0.065579, "Duco price BCH": 1.8e-05, "Duco price NANO": 1.5e-05, "Duco price TRX": 1.3e-05, "Duco price XMG": 0.001476, "Duino-Coin Server API": "github.com/revoxhere/duino-coin", "Kolka": {"Banned": 925, "Jailed": 58}, "Last block hash": "2eb3f8271cd947cdd6469be145558a7bcb72e0d9", "Last sync": 1657789250.2791903, "Last update": "14/07/2022 09:00:54 (UTC)", "Mined blocks": 222726746775, "Miner distribution": {"All": 34153, "Arduino": 4271, "CPU": 1962, "ESP32": 11818, "ESP8266": 14211, "GPU": 0, "Other": 82, "Phone": 85, "RPi": 1462, "Web": 262}, "Net energy usage": "27.79 kW", "Open threads": 22, "Pool hashrate": "2688.23 MH/s", "Registered users": 74250, "Server CPU usage": 35.0, "Server RAM usage": 45.6, "Server version": 3.0, "Top 10 richest miners": ["34088310.622689165 DUCO - bscDUCO", "16868017.35010215 DUCO - Ochios", "7753867.762952435 DUCO - ctecrypto", "6974991.289071771 DUCO - QQ44142894", "5883738.791795197 DUCO - renderman", "2368507.0 DUCO - Brunomoyses23", "2210288.9385462017 DUCO - vyrdudji", "2070152.565 DUCO - CryptSino_Exchange", "1414366.5421398599 DUCO - maticDUCO", "1318319.1210688811 DUCO - giveaways"], "XXHASH hashrate": "0 H/s"}