{"Duino-Coin Server API": "github.com/revoxhere/duino-coin", "Server version": 2.6, "Active connections": 6331, "Open threads": 22, "Server CPU usage": 75.0, "Server RAM usage": 64.2, "Last update": "14/08/2021 05:43:50 (UTC)", "Net energy usage": "50.61 kW", "Pool hashrate": "3.1335 GH/s", "DUCO-S1 hashrate": "3.1 GH/s", "XXHASH hashrate": "20.2 MH/s", "Duco price": 0.015304, "Duco price XMG": 0.01530362, "Duco price BCH": 0.00164005, "Duco price TRX": 0.0017707, "Duco price XRP": 0.0019075, "Duco price DGB": 0.00189027, "Duco Node-S price": 0.015304, "Duco JustSwap price": 0.00623686, "Duco PancakeSwap price": 0.00420784, "Registered users": 19591, "All-time mined DUCO": 5310574.063565865, "Current difficulty": 421396, "Mined blocks": 10113532906, "Last block hash": "bca1d1df1f", "Kolka": {"Jailed": 0, "Banned": 417}, "Miner distribution": {"GPU": 0, "CPU": 4121, "RPi": 1182, "ESP32": 3684, "ESP8266": 3529, "Arduino": 5036, "Other": 153}, "Top 10 richest miners": ["469890.6717687579 DUCO - bscDUCO", "169526.86406431254 DUCO - Bacman", "113024.74732523678 DUCO - amornlit", "110004.28847802873 DUCO - 52Pickup", "86049.34265099363 DUCO - caancom", "79999.90636678287 DUCO - noixauvk", "62200.40377963258 DUCO - coinexchange", "50288.45762651612 DUCO - duinocrfsh", "50150.040125098014 DUCO - rootbori", "47119.90790638301 DUCO - chipsa"]}