{"Active connections": 791, "All-time mined DUCO": 171954729.698658, "Current difficulty": 75000, "DUCO-S1 hashrate": "2.7 GH/s", "Duco FluffySwap price": 1.7387999999999997e-05, "Duco Furim price": 0.0, "Duco Node-S price": 0.0, "Duco PancakeSwap price": 4.29869e-05, "Duco SunSwap price": 4.969e-05, "Duco SushiSwap price": 3.56041e-06, "Duco UbeSwap price": 2.832057037232638e-05, "Duco price": 4.969e-05, "Duco price BCH": 2.484e-05, "Duco price NANO": 1.617e-05, "Duco price TRX": 4.073e-05, "Duco price XMG": 0.0, "Duino-Coin Server API": "github.com/revoxhere/duino-coin", "Kolka": {"Banned": 1223, "Jailed": 93}, "Last block hash": "8de4bc0b3fa1580ec7f3421feb9644fc8ead02b8", "Last sync": 1672278624.4970825, "Last update": "29/12/2022 01:50:30 (UTC)", "Mined blocks": 329764901761, "Miner distribution": {"All": 33728, "Arduino": 3741, "CPU": 1264, "ESP32": 12619, "ESP8266": 14032, "GPU": 0, "Other": 27, "Phone": 12, "RPi": 1626, "Web": 407}, "Net energy usage": "23.97 kW", "Open threads": 24, "Pool hashrate": "2664.5 MH/s", "Registered users": 86077, "Server CPU usage": 44.3, "Server RAM usage": 41.0, "Server version": 3.0, "Top 10 richest miners": ["39089708.73070239 DUCO - bscDUCO", "20119945.00125 DUCO - viviana80", "14965357.425395073 DUCO - Ochios", "13675286.543778773 DUCO - ctecrypto", "11692429.559071772 DUCO - QQ44142894", "10759939.638689265 DUCO - fiorella71", "8125736.123916335 DUCO - Orion_0x43b", "6807597.41028595 DUCO - lordachoo", "4267666.823 DUCO - Demoel", "2621415.5410487833 DUCO - msdo1006"], "XXHASH hashrate": "0 H/s"}