{"Active connections": 1274, "All-time mined DUCO": 89510326.94076678, "Current difficulty": 75000, "DUCO-S1 hashrate": "2.9 GH/s", "Duco Furim price": 0.0, "Duco Node-S price": 0.0, "Duco PancakeSwap price": 4.2e-05, "Duco SunSwap price": 0.000186, "Duco SushiSwap price": 2.8e-05, "Duco UbeSwap price": 2.9e-05, "Duco price": 0.000466, "Duco price BCH": 2.6e-05, "Duco price NANO": 1.7e-05, "Duco price TRX": 1.9e-05, "Duco price XMG": 0.00046, "Duino-Coin Server API": "github.com/revoxhere/duino-coin", "Kolka": {"Banned": 979, "Jailed": 80}, "Last block hash": "2eb3f8271cd947cdd6469be145558a7bcb72e0d9", "Last sync": 1661634111.5901403, "Last update": "27/08/2022 21:01:54 (UTC)", "Mined blocks": 248838538522, "Miner distribution": {"All": 36840, "Arduino": 4506, "CPU": 1927, "ESP32": 13431, "ESP8266": 15227, "GPU": 0, "Other": 29, "Phone": 67, "RPi": 1193, "Web": 460}, "Net energy usage": "28.5 kW", "Open threads": 22, "Pool hashrate": "2926.7 MH/s", "Registered users": 77180, "Server CPU usage": 46.1, "Server RAM usage": 58.7, "Server version": 3.0, "Top 10 richest miners": ["42137413.995394245 DUCO - bscDUCO", "27537449.765719622 DUCO - coinexchange", "15964250.693 DUCO - Ochios", "6974991.289071771 DUCO - QQ44142894", "4020905.124898796 DUCO - Demoel", "3519999.0000002678 DUCO - AlmarRido", "2368507.0 DUCO - Brunomoyses23", "2210288.919161586 DUCO - vyrdudji", "2179905.091640243 DUCO - renderman", "1508907.7084821828 DUCO - maticDUCO"], "XXHASH hashrate": "0 H/s"}