{"Active connections": 802, "All-time mined DUCO": 748361072.1941534, "Current difficulty": 200000, "DUCO-S1 hashrate": "2.586 GH/s", "Duco FluffySwap price": 8.022e-06, "Duco Furim price": 0.0, "Duco Node-S price": 0.0, "Duco PancakeSwap price": 8.57789e-06, "Duco SunSwap price": 9.33e-05, "Duco SushiSwap price": 1.2962107682626e-05, "Duco UbeSwap price": 1.1191491992827553e-05, "Duco price": 0.000248, "Duco price BCH": 0.00017292, "Duco price NANO": 0.000248, "Duco price TRX": 1.147e-05, "Duco price XMG": 3.54e-06, "Duino-Coin Server API": "github.com/revoxhere/duino-coin", "Kolka": {"Banned": 5943, "Jailed": 181}, "Last block hash": "8de4bc0b3fa1580ec7f3421feb9644fc8ead02b8", "Last sync": 1716521516.9626987, "Last update": "24/05/2024 03:31:56 (UTC)", "Mined blocks": 521724739777, "Miner distribution": {"All": 17231, "Arduino": 2306, "CPU": 1035, "ESP32": 6751, "ESP8266": 5635, "GPU": 0, "Other": 25, "Phone": 10, "RPi": 1309, "Web": 160}, "Net energy usage": "14.9 kW", "Open threads": 27, "Pool hashrate": "2585.756 MH/s", "Registered users": 102234, "Server CPU usage": 29.5, "Server RAM usage": 92.9, "Server version": 4.0, "Top 10 richest miners": ["79028733.74889731 DUCO - bscDUCO", "39368542.54345614 DUCO - AlmarRido", "30792510.456 DUCO - Flowen1985", "20119947.6942 DUCO - viviana80", "18545685.805999998 DUCO - bimbasimba94", "14868561.306360831 DUCO - aimbert", "14843322.0845746 DUCO - ctecrypto", "12720440.585598174 DUCO - QQ44142894", "11315174.154153557 DUCO - duinousa", "10759939.638689265 DUCO - fiorella71"], "XXHASH hashrate": "0 H/s"}