{"Active connections": 1033, "All-time mined DUCO": 19753315.0241924, "Current difficulty": 75000, "DUCO-S1 hashrate": "1141.1 MH/s", "Duco JustSwap price": 8.985e-05, "Duco Node-S price": 2.1e-05, "Duco PancakeSwap price": 0.000594663, "Duco SushiSwap price": 0.000356015, "Duco price": 0.000594663, "Duco price BCH": 3.488e-05, "Duco price DGB": 0.0, "Duco price NANO": 1.489e-05, "Duco price RVN": 0.0, "Duco price TRX": 8.102e-05, "Duco price XMG": 0.0002661, "Duco price XRP": 0.0, "Duino-Coin Server API": "github.com/revoxhere/duino-coin", "Kolka": {"Banned": 729, "Jailed": 24}, "Last block hash": "2eb3f8271c", "Last sync": 1640650250.3797815, "Last update": "28/12/2021 00:10:50 (UTC)", "Mined blocks": 71581433790, "Miner distribution": {"All": 27458, "Arduino": 6687, "CPU": 3207, "ESP32": 7247, "ESP8266": 7241, "GPU": 0, "Other": 6, "Phone": 337, "RPi": 1809, "Web": 924}, "Net energy usage": "32.07 kW", "Open threads": 21, "Pool hashrate": "1141.1 MH/s", "Registered users": 32423, "Server CPU usage": 58.2, "Server RAM usage": 45.6, "Server version": 2.7, "Top 10 richest miners": ["4875299.828698741 DUCO - bscDUCO", "530737.5372981913 DUCO - NodeSBroker", "492408.201771618 DUCO - coinexchange", "397162.15067505674 DUCO - James_themac", "302103.29248379247 DUCO - bloomindark", "300520.321607231 DUCO - 52Pickup", "300021.38567892305 DUCO - bimbasimba94", "252569.38524820315 DUCO - miningvir", "207342.99044323756 DUCO - maticDUCO", "190582.057104081 DUCO - celoDUCO"], "XXHASH hashrate": "0 H/s"}