{"Duino-Coin Server API": "github.com/revoxhere/duino-coin", "Server version": 2.6, "Active connections": 8479, "Open threads": 25, "Server CPU usage": 65.6, "Server RAM usage": 59.6, "Last update": "14/08/2021 21:00:52 (UTC)", "Net energy usage": "76.59 kW", "Pool hashrate": "2.7544 GH/s", "DUCO-S1 hashrate": "2.7 GH/s", "XXHASH hashrate": "33.4 MH/s", "Duco price": 0.019778, "Duco price XMG": 0.01966032, "Duco price BCH": 0.00166223, "Duco price TRX": 0.00180774, "Duco price XRP": 0.0021175, "Duco price DGB": 0.00187949, "Duco Node-S price": 0.019778, "Duco JustSwap price": 0.00260634, "Duco PancakeSwap price": 0.00507655, "Registered users": 19729, "All-time mined DUCO": 5455501.500849154, "Current difficulty": 432418, "Mined blocks": 10378158114, "Last block hash": "49ec9e0bc5", "Kolka": {"Jailed": 0, "Banned": 417}, "Miner distribution": {"GPU": 0, "CPU": 6332, "RPi": 1605, "ESP32": 5312, "ESP8266": 5382, "Arduino": 5484, "Other": 314}, "Top 10 richest miners": ["473335.4379246177 DUCO - bscDUCO", "169612.96986826867 DUCO - Bacman", "113042.32974587202 DUCO - amornlit", "100021.93373973257 DUCO - 52Pickup", "100000.26200466887 DUCO - WannaCry", "86093.0024525626 DUCO - caancom", "71992.21377963257 DUCO - coinexchange", "50288.45762651612 DUCO - duinocrfsh", "50230.3131914713 DUCO - rootbori", "47119.90790638301 DUCO - chipsa"]}