{"Active connections": 1434, "All-time mined DUCO": 109914051.83462602, "Current difficulty": 75000, "DUCO-S1 hashrate": "3.2 GH/s", "Duco FluffySwap price": 2.1e-05, "Duco Furim price": 0.0, "Duco Node-S price": 0.0, "Duco PancakeSwap price": 4.2e-05, "Duco SunSwap price": 0.000129, "Duco SushiSwap price": 1.5e-05, "Duco UbeSwap price": 2.9e-05, "Duco price": 0.000155, "Duco price BCH": 3e-05, "Duco price NANO": 1.2e-05, "Duco price TRX": 1.5e-05, "Duco price XMG": 0.000155, "Duino-Coin Server API": "github.com/revoxhere/duino-coin", "Kolka": {"Banned": 1658, "Jailed": 84}, "Last block hash": "2eb3f8271cd947cdd6469be145558a7bcb72e0d9", "Last sync": 1664006112.5206795, "Last update": "24/09/2022 07:55:18 (UTC)", "Mined blocks": 266772987848, "Miner distribution": {"All": 38554, "Arduino": 4484, "CPU": 2011, "ESP32": 13767, "ESP8266": 16478, "GPU": 0, "Other": 30, "Phone": 40, "RPi": 1261, "Web": 483}, "Net energy usage": "29.91 kW", "Open threads": 23, "Pool hashrate": "3202.54 MH/s", "Registered users": 79525, "Server CPU usage": 47.5, "Server RAM usage": 60.6, "Server version": 3.0, "Top 10 richest miners": ["39771897.437422335 DUCO - bscDUCO", "15965309.807 DUCO - Ochios", "13071628.710103758 DUCO - ctecrypto", "6974991.289071771 DUCO - QQ44142894", "6074168.949 DUCO - AlmarRido", "5241471.904123682 DUCO - coinexchange", "2574468.4849900003 DUCO - ThePurpleMadMan", "2368507.0 DUCO - Brunomoyses23", "2236044.701462984 DUCO - Alessandro_Duino", "2210288.919161586 DUCO - vyrdudji"], "XXHASH hashrate": "0 H/s"}