{"Active connections": 1057, "All-time mined DUCO": 747176388.5251421, "Current difficulty": 200000, "DUCO-S1 hashrate": "1.518 GH/s", "Duco FluffySwap price": 9.59e-06, "Duco Furim price": 0.0, "Duco Node-S price": 0.0, "Duco PancakeSwap price": 8.57789e-06, "Duco SunSwap price": 2.622e-05, "Duco SushiSwap price": 1.2962107682626e-05, "Duco UbeSwap price": 1.1191491992827553e-05, "Duco price": 2.622e-05, "Duco price BCH": 0.0, "Duco price NANO": 0.0, "Duco price TRX": 1.37e-05, "Duco price XMG": 1.31e-06, "Duino-Coin Server API": "github.com/revoxhere/duino-coin", "Kolka": {"Banned": 5991, "Jailed": 191}, "Last block hash": "8de4bc0b3fa1580ec7f3421feb9644fc8ead02b8", "Last sync": 1722060348.214579, "Last update": "27/07/2024 06:05:48 (UTC)", "Mined blocks": 538731780253, "Miner distribution": {"All": 15923, "Arduino": 2060, "CPU": 849, "ESP32": 5779, "ESP8266": 5914, "GPU": 0, "Other": 8, "Phone": 0, "RPi": 1177, "Web": 136}, "Net energy usage": "13.18 kW", "Open threads": 28, "Pool hashrate": "1517.82 MH/s", "Registered users": 104502, "Server CPU usage": 66.0, "Server RAM usage": 91.7, "Server version": 4.0, "Top 10 richest miners": ["245209796.60465544 DUCO - coinexchange", "81477088.50800352 DUCO - bscDUCO", "30000980.1298474 DUCO - AlmarRido", "24635208.6964704 DUCO - Flowen1985", "18660231.21068833 DUCO - aimbert", "18280977.178 DUCO - bimbasimba94", "16096358.288900001 DUCO - viviana80", "14847133.194062889 DUCO - ctecrypto", "12721940.59109726 DUCO - QQ44142894", "11341443.767452244 DUCO - duinousa"], "XXHASH hashrate": "0 H/s"}