{"Active connections": 864, "All-time mined DUCO": 1117738188.9355502, "Current difficulty": 75000, "DUCO-S1 hashrate": "2.131 GH/s", "Duco FluffySwap price": 3.332e-06, "Duco Furim price": 0.0, "Duco Node-S price": 0.0, "Duco PancakeSwap price": 7.2694e-06, "Duco SunSwap price": 0.00010354, "Duco SushiSwap price": 1.01312e-05, "Duco UbeSwap price": 2.9093097913322633e-05, "Duco price": 0.00015609, "Duco price BCH": 4.76e-06, "Duco price NANO": 1.08e-06, "Duco price TRX": 1.94e-06, "Duco price XMG": 0.00015609, "Duino-Coin Server API": "github.com/revoxhere/duino-coin", "Kolka": {"Banned": 5634, "Jailed": 161}, "Last block hash": "8de4bc0b3fa1580ec7f3421feb9644fc8ead02b8", "Last sync": 1693091451.8772078, "Last update": "26/08/2023 23:10:54 (UTC)", "Mined blocks": 442022813959, "Miner distribution": {"All": 19398, "Arduino": 2335, "CPU": 709, "ESP32": 8020, "ESP8266": 7103, "GPU": 0, "Other": 8, "Phone": 14, "RPi": 1105, "Web": 104}, "Net energy usage": "13.7 kW", "Open threads": 23, "Pool hashrate": "2131.48 MH/s", "Registered users": 95199, "Server CPU usage": 33.9, "Server RAM usage": 41.6, "Server version": 3.0, "Top 10 richest miners": ["495743830.67087966 DUCO - coinexchange", "366558413.41731995 DUCO - coinexchange", "70329919.64457695 DUCO - bscDUCO", "35301943.008099996 DUCO - AlmarRido", "30607425.931 DUCO - Flowen1985", "26637971.730650388 DUCO - giveaways", "20119947.6942 DUCO - viviana80", "12720440.559071772 DUCO - QQ44142894", "11756490.91077332 DUCO - ctecrypto", "11394221.861 DUCO - bimbasimba94"], "XXHASH hashrate": "0 H/s"}