{"Active connections": 384, "All-time mined DUCO": 777538725.497961, "Current difficulty": 200000, "DUCO-S1 hashrate": "1.878 GH/s", "Duco FluffySwap price": 2.1322e-05, "Duco Furim price": 0.0, "Duco Node-S price": 0.0, "Duco PancakeSwap price": 1.31425e-05, "Duco SunSwap price": 2.916e-05, "Duco SushiSwap price": 8.987494203495e-06, "Duco UbeSwap price": 1.568e-05, "Duco price": 3.401e-05, "Duco price BCH": 0.0, "Duco price NANO": 0.0, "Duco price TRX": 3.048e-05, "Duco price XMG": 3.401e-05, "Duino-Coin Server API": "github.com/revoxhere/duino-coin", "Kolka": {"Banned": 6032, "Jailed": 191}, "Last block hash": "8de4bc0b3fa1580ec7f3421feb9644fc8ead02b8", "Last sync": 1725985451.8894887, "Last update": "10/09/2024 16:24:11 (UTC)", "Mined blocks": 549620993504, "Miner distribution": {"All": 14912, "Arduino": 1905, "CPU": 765, "ESP32": 4956, "ESP8266": 6071, "GPU": 0, "Other": 10, "Phone": 13, "RPi": 1013, "Web": 179}, "Net energy usage": "12.14 kW", "Open threads": 27, "Pool hashrate": "1878.388 MH/s", "Registered users": 105888, "Server CPU usage": 58.2, "Server RAM usage": 64.6, "Server version": 4.0, "Top 10 richest miners": ["235481618.83801278 DUCO - coinexchange", "85495878.52646369 DUCO - bscDUCO", "35576240.569 DUCO - AlmarRido", "30855598.808 DUCO - Flowen1985", "20160690.628000002 DUCO - viviana80", "18317539.132 DUCO - bimbasimba94", "14928742.10542489 DUCO - aimbert", "14847133.194062889 DUCO - ctecrypto", "12721943.39257476 DUCO - QQ44142894", "11365363.15566612 DUCO - duinousa"], "XXHASH hashrate": "0 H/s"}