{"Active connections": 924, "All-time mined DUCO": 714589953.1587963, "Current difficulty": 75000, "DUCO-S1 hashrate": "2.1 GH/s", "Duco FluffySwap price": 1.862e-06, "Duco Furim price": 0.0, "Duco Node-S price": 0.0, "Duco PancakeSwap price": 1.98386e-05, "Duco SunSwap price": 2.427e-05, "Duco SushiSwap price": 1.78029e-05, "Duco UbeSwap price": 2.9828006500541712e-05, "Duco price": 2.9828006500541712e-05, "Duco price BCH": 2.66e-06, "Duco price NANO": 1.89e-06, "Duco price TRX": 2.33e-06, "Duco price XMG": 0.0, "Duino-Coin Server API": "github.com/revoxhere/duino-coin", "Kolka": {"Banned": 1349, "Jailed": 122}, "Last block hash": "8de4bc0b3fa1580ec7f3421feb9644fc8ead02b8", "Last sync": 1681717240.115864, "Last update": "17/04/2023 07:40:45 (UTC)", "Mined blocks": 387474228660, "Miner distribution": {"All": 28133, "Arduino": 3404, "CPU": 1044, "ESP32": 10755, "ESP8266": 11062, "GPU": 0, "Other": 34, "Phone": 14, "RPi": 1553, "Web": 267}, "Net energy usage": "20.03 kW", "Open threads": 24, "Pool hashrate": "2090.12 MH/s", "Registered users": 91744, "Server CPU usage": 42.1, "Server RAM usage": 60.6, "Server version": 3.0, "Top 10 richest miners": ["495743830.67087966 DUCO - coinexchange", "476418255.8865794 DUCO - coinexchange", "45183543.49839266 DUCO - bscDUCO", "20119947.6942 DUCO - viviana80", "15115368.927099999 DUCO - Ochios", "12720440.559071772 DUCO - QQ44142894", "10759939.638689265 DUCO - fiorella71", "8125736.123916335 DUCO - Orion_0x43b", "7200322.894161388 DUCO - msdo1006", "6881868.112 DUCO - revox"], "XXHASH hashrate": "0 H/s"}