{"Active connections": 962, "All-time mined DUCO": 88774205.1162563, "Current difficulty": 75000, "DUCO-S1 hashrate": "3.3 GH/s", "Duco FluffySwap price": 1.1403e-05, "Duco Furim price": 0.0, "Duco Node-S price": 0.0, "Duco PancakeSwap price": 3.41383e-05, "Duco SunSwap price": 0.00010853, "Duco SushiSwap price": 3.06371e-05, "Duco UbeSwap price": 2.9098580230377713e-05, "Duco price": 0.00010853, "Duco price BCH": 1.629e-05, "Duco price NANO": 7.26e-06, "Duco price TRX": 6.22e-06, "Duco price XMG": 5.756e-05, "Duino-Coin Server API": "github.com/revoxhere/duino-coin", "Kolka": {"Banned": 1106, "Jailed": 85}, "Last block hash": "8de4bc0b3fa1580ec7f3421feb9644fc8ead02b8", "Last sync": 1666117665.3387668, "Last update": "18/10/2022 18:27:50 (UTC)", "Mined blocks": 283519603148, "Miner distribution": {"All": 37898, "Arduino": 4562, "CPU": 2258, "ESP32": 13240, "ESP8266": 16087, "GPU": 0, "Other": 16, "Phone": 28, "RPi": 1230, "Web": 477}, "Net energy usage": "31.0 kW", "Open threads": 24, "Pool hashrate": "3293.63 MH/s", "Registered users": 81368, "Server CPU usage": 44.3, "Server RAM usage": 29.0, "Server version": 3.0, "Top 10 richest miners": ["39191054.09481092 DUCO - coinexchange", "38411263.20642324 DUCO - bscDUCO", "15965318.216999998 DUCO - Ochios", "8552892.059071772 DUCO - QQ44142894", "2368507.0 DUCO - Brunomoyses23", "2210288.919161586 DUCO - vyrdudji", "1929747.99652908 DUCO - giveaways", "1613477.8630387518 DUCO - maticDUCO", "1457898.898 DUCO - amornlit", "1427571.513 DUCO - malga15"], "XXHASH hashrate": "0 H/s"}