{"Active connections": 1144, "All-time mined DUCO": 129641790.95522347, "Current difficulty": 75000, "DUCO-S1 hashrate": "3.2 GH/s", "Duco FluffySwap price": 1.2235999999999998e-05, "Duco Furim price": 0.0, "Duco Node-S price": 0.0, "Duco PancakeSwap price": 3.73398e-05, "Duco SunSwap price": 5.013e-05, "Duco SushiSwap price": 4.69978e-05, "Duco UbeSwap price": 2.929910624286002e-05, "Duco price": 5.013e-05, "Duco price BCH": 1.748e-05, "Duco price NANO": 7.29e-06, "Duco price TRX": 6.24e-06, "Duco price XMG": 0.0, "Duino-Coin Server API": "github.com/revoxhere/duino-coin", "Kolka": {"Banned": 1128, "Jailed": 89}, "Last block hash": "8de4bc0b3fa1580ec7f3421feb9644fc8ead02b8", "Last sync": 1667399104.046624, "Last update": "02/11/2022 14:25:10 (UTC)", "Mined blocks": 293533146592, "Miner distribution": {"All": 38393, "Arduino": 4548, "CPU": 2447, "ESP32": 13111, "ESP8266": 16390, "GPU": 0, "Other": 26, "Phone": 57, "RPi": 1350, "Web": 464}, "Net energy usage": "32.48 kW", "Open threads": 23, "Pool hashrate": "3249.82 MH/s", "Registered users": 82540, "Server CPU usage": 49.0, "Server RAM usage": 44.0, "Server version": 3.0, "Top 10 richest miners": ["38406538.025158234 DUCO - bscDUCO", "21990973.983372416 DUCO - coinexchange", "16965320.67115637 DUCO - Ochios", "11692429.559071772 DUCO - QQ44142894", "4596340.674841276 DUCO - lordachoo", "4004611.60987083 DUCO - Orion_0x43b", "2368507.0 DUCO - Brunomoyses23", "2210288.919161586 DUCO - vyrdudji", "1656591.613158366 DUCO - Alessandro_Duino", "1646019.8808087118 DUCO - maticDUCO"], "XXHASH hashrate": "0 H/s"}