{"Active connections": 1106, "All-time mined DUCO": 739263416.8933663, "Current difficulty": 200000, "DUCO-S1 hashrate": "2.39 GH/s", "Duco FluffySwap price": 0.0, "Duco Furim price": 0.0, "Duco Node-S price": 0.0, "Duco PancakeSwap price": 8.57789e-06, "Duco SunSwap price": 9.315e-05, "Duco SushiSwap price": 1.2962107682626e-05, "Duco UbeSwap price": 1.1191491992827553e-05, "Duco price": 0.00025, "Duco price BCH": 0.00016658, "Duco price NANO": 0.00025, "Duco price TRX": 1.145e-05, "Duco price XMG": 0.0, "Duino-Coin Server API": "github.com/revoxhere/duino-coin", "Kolka": {"Banned": 5949, "Jailed": 182}, "Last block hash": "8de4bc0b3fa1580ec7f3421feb9644fc8ead02b8", "Last sync": 1717517374.2187555, "Last update": "04/06/2024 16:09:34 (UTC)", "Mined blocks": 524732594340, "Miner distribution": {"All": 18155, "Arduino": 2291, "CPU": 937, "ESP32": 7460, "ESP8266": 6045, "GPU": 0, "Other": 10, "Phone": 23, "RPi": 1194, "Web": 195}, "Net energy usage": "14.61 kW", "Open threads": 27, "Pool hashrate": "2389.911 MH/s", "Registered users": 102636, "Server CPU usage": 99.1, "Server RAM usage": 91.5, "Server version": 4.0, "Top 10 richest miners": ["79103909.78550309 DUCO - bscDUCO", "30792510.456 DUCO - Flowen1985", "30547485.689035717 DUCO - AlmarRido", "20119947.6942 DUCO - viviana80", "18545685.805999998 DUCO - bimbasimba94", "14898327.3648582 DUCO - aimbert", "14844222.512759177 DUCO - ctecrypto", "12720440.585598174 DUCO - QQ44142894", "11315797.077330178 DUCO - duinousa", "11015478.642 DUCO - Rafa2000"], "XXHASH hashrate": "0 H/s"}