{"Active connections": 1238, "All-time mined DUCO": 103181244.3244169, "Current difficulty": 1000000, "DUCO-S1 hashrate": "3.7 GH/s", "Duco Furim price": 0.0, "Duco Node-S price": 0.0, "Duco PancakeSwap price": 2.9e-05, "Duco SunSwap price": 6e-05, "Duco SushiSwap price": 3.3e-05, "Duco UbeSwap price": 2.9e-05, "Duco price": 0.000175, "Duco price BCH": 4e-06, "Duco price NANO": 1.8e-05, "Duco price TRX": 1.2e-05, "Duco price XMG": 0.000175, "Duino-Coin Server API": "github.com/revoxhere/duino-coin", "Kolka": {"Banned": 855, "Jailed": 47}, "Last block hash": "2eb3f8271cd947cdd6469be145558a7bcb72e0d9", "Last sync": 1654384384.366922, "Last update": "04/06/2022 23:13:05 (UTC)", "Mined blocks": 194213651848, "Miner distribution": {"All": 40268, "Arduino": 5433, "CPU": 3259, "ESP32": 13389, "ESP8266": 16010, "GPU": 0, "Other": 59, "Phone": 109, "RPi": 1637, "Web": 372}, "Net energy usage": "38.08 kW", "Open threads": 21, "Pool hashrate": "3734.19 MH/s", "Registered users": 76077, "Server CPU usage": 37.5, "Server RAM usage": 51.1, "Server version": 3.0, "Top 10 richest miners": ["35552012.074735165 DUCO - bscDUCO", "17779504.2 DUCO - Ochios", "15290977.263396721 DUCO - coinexchange", "7064462.282601512 DUCO - ctecrypto", "6974991.289071771 DUCO - QQ44142894", "4007966.620021896 DUCO - Demoel", "3846236.147250993 DUCO - renderman", "2210288.9385462017 DUCO - vyrdudji", "2145721.0054107015 DUCO - jules_pilot", "2091979.3138396414 DUCO - CryptSino_Exchange"], "XXHASH hashrate": "0 H/s"}