{"Active connections": 979, "All-time mined DUCO": 741137664.9428768, "Current difficulty": 200000, "DUCO-S1 hashrate": "2.478 GH/s", "Duco FluffySwap price": 7.819e-06, "Duco Furim price": 0.0, "Duco Node-S price": 0.0, "Duco PancakeSwap price": 8.57789e-06, "Duco SunSwap price": 9.084e-05, "Duco SushiSwap price": 1.2962107682626e-05, "Duco UbeSwap price": 1.1191491992827553e-05, "Duco price": 0.000254, "Duco price BCH": 0.00016988, "Duco price NANO": 0.000254, "Duco price TRX": 1.117e-05, "Duco price XMG": 4.114e-05, "Duino-Coin Server API": "github.com/revoxhere/duino-coin", "Kolka": {"Banned": 5949, "Jailed": 182}, "Last block hash": "8de4bc0b3fa1580ec7f3421feb9644fc8ead02b8", "Last sync": 1716802936.7949486, "Last update": "27/05/2024 09:42:16 (UTC)", "Mined blocks": 522563430595, "Miner distribution": {"All": 18321, "Arduino": 2338, "CPU": 994, "ESP32": 7357, "ESP8266": 6187, "GPU": 0, "Other": 19, "Phone": 7, "RPi": 1205, "Web": 214}, "Net energy usage": "15.04 kW", "Open threads": 27, "Pool hashrate": "2478.473 MH/s", "Registered users": 102342, "Server CPU usage": 95.1, "Server RAM usage": 91.2, "Server version": 4.0, "Top 10 richest miners": ["79153663.74889731 DUCO - bscDUCO", "31494834.034456138 DUCO - AlmarRido", "30792510.456 DUCO - Flowen1985", "20119947.6942 DUCO - viviana80", "18545685.805999998 DUCO - bimbasimba94", "14898314.754715392 DUCO - aimbert", "14843592.223723423 DUCO - ctecrypto", "12720440.585598174 DUCO - QQ44142894", "11315364.946128534 DUCO - duinousa", "10759939.638689265 DUCO - fiorella71"], "XXHASH hashrate": "0 H/s"}