{"Active connections": 1416, "All-time mined DUCO": 150865512.8147355, "Current difficulty": 75000, "DUCO-S1 hashrate": "2.9 GH/s", "Duco FluffySwap price": 1.0794e-05, "Duco Furim price": 0.0, "Duco Node-S price": 0.0, "Duco PancakeSwap price": 5.39179e-05, "Duco SunSwap price": 5.179e-05, "Duco SushiSwap price": 7.12775e-05, "Duco UbeSwap price": 2.936427850655903e-05, "Duco price": 7.12775e-05, "Duco price BCH": 1.542e-05, "Duco price NANO": 6.11e-06, "Duco price TRX": 5.6e-06, "Duco price XMG": 0.0, "Duino-Coin Server API": "github.com/revoxhere/duino-coin", "Kolka": {"Banned": 1149, "Jailed": 88}, "Last block hash": "8de4bc0b3fa1580ec7f3421feb9644fc8ead02b8", "Last sync": 1668311358.5229783, "Last update": "13/11/2022 03:49:24 (UTC)", "Mined blocks": 300944664033, "Miner distribution": {"All": 37171, "Arduino": 4438, "CPU": 1819, "ESP32": 13347, "ESP8266": 15578, "GPU": 0, "Other": 19, "Phone": 67, "RPi": 1564, "Web": 339}, "Net energy usage": "28.48 kW", "Open threads": 23, "Pool hashrate": "2906.51 MH/s", "Registered users": 83348, "Server CPU usage": 45.2, "Server RAM usage": 47.1, "Server version": 3.0, "Top 10 richest miners": ["37469430.025158234 DUCO - bscDUCO", "28021722.800792303 DUCO - coinexchange", "20119945.00125 DUCO - viviana80", "14965324.871156368 DUCO - Ochios", "11692429.559071772 DUCO - QQ44142894", "10759939.638689265 DUCO - fiorella71", "7953340.270340527 DUCO - Orion_0x43b", "6698552.315612794 DUCO - lordachoo", "2567742.791300181 DUCO - RNGesus", "2368507.0 DUCO - Brunomoyses23"], "XXHASH hashrate": "0 H/s"}