{"Active connections": 1097, "All-time mined DUCO": 739327230.974642, "Current difficulty": 200000, "DUCO-S1 hashrate": "2.385 GH/s", "Duco FluffySwap price": 8.001e-06, "Duco Furim price": 0.0, "Duco Node-S price": 0.0, "Duco PancakeSwap price": 8.57789e-06, "Duco SunSwap price": 9.294e-05, "Duco SushiSwap price": 1.2962107682626e-05, "Duco UbeSwap price": 1.1191491992827553e-05, "Duco price": 0.000256, "Duco price BCH": 0.00017306, "Duco price NANO": 0.000256, "Duco price TRX": 1.143e-05, "Duco price XMG": 4.257e-05, "Duino-Coin Server API": "github.com/revoxhere/duino-coin", "Kolka": {"Banned": 5949, "Jailed": 182}, "Last block hash": "8de4bc0b3fa1580ec7f3421feb9644fc8ead02b8", "Last sync": 1717654478.2484436, "Last update": "06/06/2024 06:14:38 (UTC)", "Mined blocks": 525149954031, "Miner distribution": {"All": 18315, "Arduino": 2314, "CPU": 960, "ESP32": 7611, "ESP8266": 5992, "GPU": 0, "Other": 15, "Phone": 4, "RPi": 1207, "Web": 212}, "Net energy usage": "14.83 kW", "Open threads": 27, "Pool hashrate": "2385.251 MH/s", "Registered users": 102704, "Server CPU usage": 58.2, "Server RAM usage": 90.5, "Server version": 4.0, "Top 10 richest miners": ["79183909.78550309 DUCO - bscDUCO", "30792510.456 DUCO - Flowen1985", "30547485.689035717 DUCO - AlmarRido", "20119947.6942 DUCO - viviana80", "18545685.805999998 DUCO - bimbasimba94", "14898327.508602925 DUCO - aimbert", "14844246.414786382 DUCO - ctecrypto", "12720440.59109726 DUCO - QQ44142894", "11315872.31646884 DUCO - duinousa", "11015478.642 DUCO - Rafa2000"], "XXHASH hashrate": "0 H/s"}