{"Active connections": 876, "All-time mined DUCO": 1116636289.1637022, "Current difficulty": 75000, "DUCO-S1 hashrate": "1.824 GH/s", "Duco FluffySwap price": 3.3529999999999995e-06, "Duco Furim price": 0.0, "Duco Node-S price": 0.0, "Duco PancakeSwap price": 7.2694e-06, "Duco SunSwap price": 0.00010369, "Duco SushiSwap price": 1.01312e-05, "Duco UbeSwap price": 2.9093097913322633e-05, "Duco price": 0.00010369, "Duco price BCH": 4.79e-06, "Duco price NANO": 1e-06, "Duco price TRX": 1.94e-06, "Duco price XMG": 0.0, "Duino-Coin Server API": "github.com/revoxhere/duino-coin", "Kolka": {"Banned": 5630, "Jailed": 159}, "Last block hash": "8de4bc0b3fa1580ec7f3421feb9644fc8ead02b8", "Last sync": 1692882075.1496086, "Last update": "24/08/2023 13:01:20 (UTC)", "Mined blocks": 441321348909, "Miner distribution": {"All": 17052, "Arduino": 2011, "CPU": 637, "ESP32": 7228, "ESP8266": 6070, "GPU": 0, "Other": 5, "Phone": 10, "RPi": 981, "Web": 110}, "Net energy usage": "12.14 kW", "Open threads": 24, "Pool hashrate": "1823.912 MH/s", "Registered users": 95132, "Server CPU usage": 35.4, "Server RAM usage": 34.9, "Server version": 3.0, "Top 10 richest miners": ["495743830.67087966 DUCO - coinexchange", "366558413.41731995 DUCO - coinexchange", "70329919.64457695 DUCO - bscDUCO", "35301943.008099996 DUCO - AlmarRido", "30607425.931 DUCO - Flowen1985", "26637971.730650388 DUCO - giveaways", "20119947.6942 DUCO - viviana80", "12720440.559071772 DUCO - QQ44142894", "11756490.91077332 DUCO - ctecrypto", "11394221.861 DUCO - bimbasimba94"], "XXHASH hashrate": "0 H/s"}