{"Active connections": 1290, "All-time mined DUCO": 56432208.30031514, "Current difficulty": 1000000, "DUCO-S1 hashrate": "4.2 GH/s", "Duco Furim price": 0.0, "Duco Node-S price": 0.0, "Duco PancakeSwap price": 3.8e-05, "Duco SunSwap price": 5e-05, "Duco SushiSwap price": 8e-06, "Duco UbeSwap price": 9.5e-05, "Duco price": 0.0001, "Duco price BCH": 6e-06, "Duco price NANO": 2.5e-05, "Duco price TRX": 1.8e-05, "Duco price XMG": 4.4e-05, "Duino-Coin Server API": "github.com/revoxhere/duino-coin", "Kolka": {"Banned": 783, "Jailed": 46}, "Last block hash": "2eb3f8271cd947cdd6469be145558a7bcb72e0d9", "Last sync": 1652359559.9838326, "Last update": "12/05/2022 12:46:01 (UTC)", "Mined blocks": 176328895828, "Miner distribution": {"All": 40393, "Arduino": 5686, "CPU": 3372, "ESP32": 13272, "ESP8266": 15570, "GPU": 0, "Other": 61, "Phone": 175, "RPi": 1878, "Web": 379}, "Net energy usage": "39.02 kW", "Open threads": 21, "Pool hashrate": "4157.01 MH/s", "Registered users": 73761, "Server CPU usage": 35.3, "Server RAM usage": 43.9, "Server version": 3.0, "Top 10 richest miners": ["27069598.78897829 DUCO - bscDUCO", "9303501.000002448 DUCO - Ochios", "4127108.3463585814 DUCO - QQ44142894", "4007254.4472261327 DUCO - Demoel", "2210288.9385462017 DUCO - vyrdudji", "1662291.6700304663 DUCO - coinexchange", "1518735.688960454 DUCO - ctecrypto", "1459364.554433561 DUCO - maticDUCO", "1209839.3105654893 DUCO - James_themac", "958406.3416540142 DUCO - econnaty"], "XXHASH hashrate": "0 H/s"}