{"Duino-Coin Server API": "github.com/revoxhere/duino-coin", "Server version": 2.7, "Active connections": 8325, "Open threads": 24, "Server CPU usage": 53.0, "Server RAM usage": 36.5, "Last update": "21/09/2021 02:07:00 (UTC)", "Net energy usage": "60.99 kW", "Pool hashrate": "1223.0329 MH/s", "DUCO-S1 hashrate": "1194.8 MH/s", "XXHASH hashrate": "28.2 MH/s", "Duco price": 0.00116671, "Duco price XMG": 0.00085436, "Duco price BCH": 0.0005384, "Duco price RVN": 0.00067177, "Duco price TRX": 0.00068847, "Duco price XRP": 0.00032776, "Duco price DGB": 0.00063445, "Duco price NANO": 0.0007076, "Duco price FJC": 0.00087185, "Duco Node-S price": 8e-05, "Duco JustSwap price": 0.00072636, "Duco PancakeSwap price": 0.00116671, "Registered users": 18139, "All-time mined DUCO": 10338117.963175286, "Current difficulty": 814019, "Mined blocks": 19536467900, "Last block hash": "730b6127b9", "Kolka": {"Jailed": 23, "Banned": 642}, "Miner distribution": {"GPU": 1, "CPU": 3534, "RPi": 2046, "Phone": 215, "Web": 999, "ESP32": 8398, "ESP8266": 10074, "Arduino": 4806, "Other": 57}, "Top 10 richest miners": ["2158710.2086645444 DUCO - bscDUCO", "521500.1558491204 DUCO - 52Pickup", "307405.0093900001 DUCO - coinexchange", "170042.36464343796 DUCO - Bacman", "121024.95997473701 DUCO - rootbori", "113387.18511437952 DUCO - amornlit", "86513.57187078946 DUCO - caancom", "70482.31902834804 DUCO - WannaCry", "65509.72753905999 DUCO - maticDUCO", "57735.299753185565 DUCO - giveaways"]}