{"Active connections": 1292, "All-time mined DUCO": 89529086.61238748, "Current difficulty": 75000, "DUCO-S1 hashrate": "3.0 GH/s", "Duco Furim price": 0.0, "Duco Node-S price": 0.0, "Duco PancakeSwap price": 4.2e-05, "Duco SunSwap price": 0.000186, "Duco SushiSwap price": 2.8e-05, "Duco UbeSwap price": 2.9e-05, "Duco price": 0.000466, "Duco price BCH": 2.6e-05, "Duco price NANO": 1.7e-05, "Duco price TRX": 1.9e-05, "Duco price XMG": 0.00046, "Duino-Coin Server API": "github.com/revoxhere/duino-coin", "Kolka": {"Banned": 979, "Jailed": 80}, "Last block hash": "2eb3f8271cd947cdd6469be145558a7bcb72e0d9", "Last sync": 1661630493.6701565, "Last update": "27/08/2022 20:01:36 (UTC)", "Mined blocks": 248817896530, "Miner distribution": {"All": 36740, "Arduino": 4474, "CPU": 1909, "ESP32": 13418, "ESP8266": 15200, "GPU": 0, "Other": 29, "Phone": 59, "RPi": 1160, "Web": 491}, "Net energy usage": "28.33 kW", "Open threads": 22, "Pool hashrate": "2950.51 MH/s", "Registered users": 77177, "Server CPU usage": 47.2, "Server RAM usage": 58.6, "Server version": 3.0, "Top 10 richest miners": ["42137413.995394245 DUCO - bscDUCO", "27537449.765719622 DUCO - coinexchange", "15964250.693 DUCO - Ochios", "6974991.289071771 DUCO - QQ44142894", "4020905.124898796 DUCO - Demoel", "3519999.0000002678 DUCO - AlmarRido", "2368507.0 DUCO - Brunomoyses23", "2210288.919161586 DUCO - vyrdudji", "2179905.091640243 DUCO - renderman", "1508907.7084821828 DUCO - maticDUCO"], "XXHASH hashrate": "0 H/s"}