{"Active connections": 1364, "All-time mined DUCO": 57370257.18679493, "Current difficulty": 1000000, "DUCO-S1 hashrate": "4.9 GH/s", "Duco Furim price": 0.0, "Duco Node-S price": 0.0, "Duco PancakeSwap price": 5.2e-05, "Duco SunSwap price": 9.7e-05, "Duco SushiSwap price": 5.9e-05, "Duco price": 9.7e-05, "Duco price BCH": 7e-06, "Duco price NANO": 3.6e-05, "Duco price TRX": 5e-06, "Duco price XMG": 0.0, "Duino-Coin Server API": "github.com/revoxhere/duino-coin", "Kolka": {"Banned": 659, "Jailed": 34}, "Last block hash": "2eb3f8271cd947cdd6469be145558a7bcb72e0d9", "Last sync": 1649118764.4547198, "Last update": "05/04/2022 00:32:45 (UTC)", "Mined blocks": 147343511418, "Miner distribution": {"All": 41202, "Arduino": 6591, "CPU": 3959, "ESP32": 12928, "ESP8266": 14654, "GPU": 0, "Other": 49, "Phone": 198, "RPi": 2336, "Web": 487}, "Net energy usage": "43.18 kW", "Open threads": 21, "Pool hashrate": "4919.63 MH/s", "Registered users": 67722, "Server CPU usage": 39.5, "Server RAM usage": 54.9, "Server version": 3.0, "Top 10 richest miners": ["24021093.86837659 DUCO - bscDUCO", "10283449.914401649 DUCO - Ochios", "5000000.269761559 DUCO - miningvir", "3789407.079313158 DUCO - coinexchange", "3250098.6952358535 DUCO - miyan001", "1562655.887651835 DUCO - Demoel", "1209838.627673189 DUCO - James_themac", "1202352.7239748423 DUCO - juanjefraire", "1200001.40117249 DUCO - amornlit", "844567.2406985678 DUCO - Techno78"], "XXHASH hashrate": "0 H/s"}