{"Duino-Coin Server API": "github.com/revoxhere/duino-coin", "Server version": 2.7, "Active connections": 13044, "Open threads": 23, "Server CPU usage": 53.7, "Server RAM usage": 34.5, "Last update": "23/09/2021 09:05:37 (UTC)", "Net energy usage": "68.43 kW", "Pool hashrate": "1374.9801 MH/s", "DUCO-S1 hashrate": "1350.6 MH/s", "XXHASH hashrate": "24.3 MH/s", "Duco price": 0.00111629, "Duco price XMG": 0.0008806, "Duco price BCH": 0.00054477, "Duco price RVN": 0.00073553, "Duco price TRX": 0.00074027, "Duco price XRP": 0.00034887, "Duco price DGB": 0.00068051, "Duco price NANO": 0.0007395, "Duco price FJC": 0.00087185, "Duco Node-S price": 0, "Duco JustSwap price": 0.00064355, "Duco PancakeSwap price": 0.00111629, "Duco SushiSwap price": 0.000608, "Registered users": 18487, "All-time mined DUCO": 10793800.128610294, "Current difficulty": 861812, "Mined blocks": 20683870714, "Last block hash": "730b6127b9", "Kolka": {"Jailed": 24, "Banned": 642}, "Miner distribution": {"GPU": 1, "CPU": 3764, "RPi": 2346, "Phone": 219, "Web": 1085, "ESP32": 10171, "ESP8266": 12052, "Arduino": 6140, "Other": 95}, "Top 10 richest miners": ["2265701.478084734 DUCO - bscDUCO", "521500.1558491204 DUCO - 52Pickup", "301138.3583652025 DUCO - James_themac", "170056.7577352893 DUCO - Bacman", "121133.65519168378 DUCO - rootbori", "113387.18511437952 DUCO - amornlit", "101973.69552518963 DUCO - bimbasimba94", "86595.11679405095 DUCO - caancom", "83004.16 DUCO - celoDUCO", "67049.7853744245 DUCO - giveaways"]}