{"Active connections": 1246, "All-time mined DUCO": 17609065.049206328, "Current difficulty": 125000, "DUCO-S1 hashrate": "919.0 MH/s", "Duco JustSwap price": 0.00082099, "Duco Node-S price": 0.00013, "Duco PancakeSwap price": 0.000656946, "Duco SushiSwap price": 0.000469464, "Duco price": 0.00115057, "Duco price BCH": 0.0, "Duco price DGB": 0.0, "Duco price NANO": 0.000578, "Duco price RVN": 0.0, "Duco price TRX": 0.0, "Duco price XMG": 0.00112744, "Duco price XRP": 0.0, "Duino-Coin Server API": "github.com/revoxhere/duino-coin", "Kolka": {"Banned": 680, "Jailed": 24}, "Last block hash": "65b3f612d0", "Last update": "12/11/2021 14:17:40 (UTC)", "Mined blocks": 41180548167, "Miner distribution": {"All": 31744, "Arduino": 5539, "CPU": 2181, "ESP32": 10376, "ESP8266": 11669, "GPU": 0, "Other": 17, "Phone": 171, "RPi": 1207, "Web": 584}, "Net energy usage": "27.46 kW", "Open threads": 24, "Pool hashrate": "918.98 MH/s", "Registered users": 23536, "Server CPU usage": 54.5, "Server RAM usage": 38.0, "Server version": 2.7, "Top 10 richest miners": ["3507796.1344552534 DUCO - bscDUCO", "1310773.9700902193 DUCO - coinexchange", "591776.6081317749 DUCO - NodeSBroker", "351149.70111663395 DUCO - James_themac", "300520.1555491204 DUCO - 52Pickup", "188487.89104597003 DUCO - celoDUCO", "170241.13285850236 DUCO - Bacman", "123387.18511437952 DUCO - amornlit", "119999.99999999892 DUCO - rootbori", "117075.93777253377 DUCO - maticDUCO"], "XXHASH hashrate": "0 H/s"}