{"Active connections": 920, "All-time mined DUCO": 739073172.1217413, "Current difficulty": 200000, "DUCO-S1 hashrate": "1.948 GH/s", "Duco FluffySwap price": 8.302e-06, "Duco Furim price": 0.0, "Duco Node-S price": 0.0, "Duco PancakeSwap price": 8.57789e-06, "Duco SunSwap price": 0.00013338, "Duco SushiSwap price": 1.2962107682626e-05, "Duco UbeSwap price": 1.1191491992827553e-05, "Duco price": 0.0001776, "Duco price BCH": 0.00013385, "Duco price NANO": 0.0001776, "Duco price TRX": 1.184e-05, "Duco price XMG": 3.806e-05, "Duino-Coin Server API": "github.com/revoxhere/duino-coin", "Kolka": {"Banned": 5970, "Jailed": 183}, "Last block hash": "8de4bc0b3fa1580ec7f3421feb9644fc8ead02b8", "Last sync": 1718985889.6817818, "Last update": "21/06/2024 16:04:49 (UTC)", "Mined blocks": 529231690547, "Miner distribution": {"All": 18072, "Arduino": 2487, "CPU": 872, "ESP32": 7437, "ESP8266": 5900, "GPU": 0, "Other": 12, "Phone": 4, "RPi": 1176, "Web": 184}, "Net energy usage": "14.12 kW", "Open threads": 27, "Pool hashrate": "1948.263 MH/s", "Registered users": 103271, "Server CPU usage": 57.6, "Server RAM usage": 90.6, "Server version": 4.0, "Top 10 richest miners": ["248869366.61020997 DUCO - coinexchange", "80431448.78550309 DUCO - bscDUCO", "29548802.707830127 DUCO - AlmarRido", "24635208.6964704 DUCO - Flowen1985", "20120447.6942 DUCO - viviana80", "18547185.805999998 DUCO - bimbasimba94", "14898343.846637528 DUCO - aimbert", "14847054.287157757 DUCO - ctecrypto", "14175070.730406748 DUCO - duinousa", "12721940.59109726 DUCO - QQ44142894"], "XXHASH hashrate": "0 H/s"}