{"Active connections": 735, "All-time mined DUCO": 742367409.138399, "Current difficulty": 200000, "DUCO-S1 hashrate": "2.296 GH/s", "Duco FluffySwap price": 8.392999999999999e-06, "Duco Furim price": 0.0, "Duco Node-S price": 0.0, "Duco PancakeSwap price": 8.57789e-06, "Duco SunSwap price": 9.751e-05, "Duco SushiSwap price": 1.2962107682626e-05, "Duco UbeSwap price": 1.1191491992827553e-05, "Duco price": 0.000258, "Duco price BCH": 0.00016803, "Duco price NANO": 0.000258, "Duco price TRX": 1.199e-05, "Duco price XMG": 3.75e-06, "Duino-Coin Server API": "github.com/revoxhere/duino-coin", "Kolka": {"Banned": 5910, "Jailed": 177}, "Last block hash": "8de4bc0b3fa1580ec7f3421feb9644fc8ead02b8", "Last sync": 1715078368.2398138, "Last update": "07/05/2024 10:39:28 (UTC)", "Mined blocks": 517655129686, "Miner distribution": {"All": 14584, "Arduino": 2094, "CPU": 960, "ESP32": 5126, "ESP8266": 4793, "GPU": 0, "Other": 22, "Phone": 21, "RPi": 1356, "Web": 212}, "Net energy usage": "13.46 kW", "Open threads": 26, "Pool hashrate": "2296.058 MH/s", "Registered users": 101622, "Server CPU usage": 26.8, "Server RAM usage": 93.1, "Server version": 4.0, "Top 10 richest miners": ["78442380.74889731 DUCO - bscDUCO", "39491496.79265186 DUCO - AlmarRido", "30792510.456 DUCO - Flowen1985", "21307107.257 DUCO - bimbasimba94", "20119947.6942 DUCO - viviana80", "14868531.923964864 DUCO - aimbert", "14842186.32872574 DUCO - ctecrypto", "12720440.559071772 DUCO - QQ44142894", "11314462.916252974 DUCO - duinousa", "10759939.638689265 DUCO - fiorella71"], "XXHASH hashrate": "0 H/s"}