{"Active connections": 1053, "All-time mined DUCO": 754462517.576815, "Current difficulty": 200000, "DUCO-S1 hashrate": "1.437 GH/s", "Duco FluffySwap price": 8.491e-06, "Duco Furim price": 0.0, "Duco Node-S price": 0.0, "Duco PancakeSwap price": 0.0, "Duco SunSwap price": 2.316e-05, "Duco SushiSwap price": 0.0, "Duco UbeSwap price": 0.0, "Duco price": 2.316e-05, "Duco price BCH": 0.0, "Duco price NANO": 0.0, "Duco price TRX": 1.211e-05, "Duco price XMG": 1.08e-05, "Duino-Coin Server API": "github.com/revoxhere/duino-coin", "Kolka": {"Banned": 6011, "Jailed": 190}, "Last block hash": "8de4bc0b3fa1580ec7f3421feb9644fc8ead02b8", "Last sync": 1722890328.4074314, "Last update": "05/08/2024 20:38:48 (UTC)", "Mined blocks": 541170023439, "Miner distribution": {"All": 14758, "Arduino": 1870, "CPU": 817, "ESP32": 4830, "ESP8266": 6000, "GPU": 0, "Other": 11, "Phone": 19, "RPi": 1023, "Web": 188}, "Net energy usage": "12.4 kW", "Open threads": 27, "Pool hashrate": "1436.891 MH/s", "Registered users": 104817, "Server CPU usage": 68.1, "Server RAM usage": 88.9, "Server version": 4.0, "Top 10 richest miners": ["241761091.93339545 DUCO - coinexchange", "81977128.19825932 DUCO - bscDUCO", "30855598.808 DUCO - Flowen1985", "28000980.1298474 DUCO - AlmarRido", "18280977.178 DUCO - bimbasimba94", "16096358.288900001 DUCO - viviana80", "14928186.286859484 DUCO - aimbert", "14847133.194062889 DUCO - ctecrypto", "12721940.59109726 DUCO - QQ44142894", "11341845.397545315 DUCO - duinousa"], "XXHASH hashrate": "0 H/s"}