{"Active connections": 1485, "All-time mined DUCO": 60091910.67932862, "Current difficulty": 1000000, "DUCO-S1 hashrate": "5.7 GH/s", "Duco Furim price": 0.0, "Duco Node-S price": 0.0, "Duco PancakeSwap price": 4.7e-05, "Duco SunSwap price": 0.000314, "Duco SushiSwap price": 7.6e-05, "Duco price": 0.000315, "Duco price BCH": 4e-06, "Duco price NANO": 2.1e-05, "Duco price TRX": 3e-06, "Duco price XMG": 6e-06, "Duino-Coin Server API": "github.com/revoxhere/duino-coin", "Kolka": {"Banned": 538, "Jailed": 29}, "Last block hash": "2eb3f8271cd947cdd6469be145558a7bcb72e0d9", "Last sync": 1647505889.5134833, "Last update": "17/03/2022 08:31:32 (UTC)", "Mined blocks": 132242741540, "Miner distribution": {"All": 43337, "Arduino": 7439, "CPU": 4346, "ESP32": 12994, "ESP8266": 14669, "GPU": 0, "Other": 35, "Phone": 232, "RPi": 2758, "Web": 864}, "Net energy usage": "46.93 kW", "Open threads": 21, "Pool hashrate": "5707.64 MH/s", "Registered users": 64927, "Server CPU usage": 40.9, "Server RAM usage": 48.0, "Server version": 3.0, "Top 10 richest miners": ["26369902.43660968 DUCO - bscDUCO", "10000000.269761559 DUCO - miningvir", "3965348.014869814 DUCO - Ochios", "3962275.8619908057 DUCO - RNGesus", "2633678.94930822 DUCO - coinexchange", "2453550.087773999 DUCO - ifdeduco", "1554187.7695770652 DUCO - Demoel", "1340369.0762684606 DUCO - DeVisdude", "1259830.446243643 DUCO - T3rminator", "1209837.627673189 DUCO - James_themac"], "XXHASH hashrate": "0 H/s"}