{"Active connections": 923, "All-time mined DUCO": 736798823.0778515, "Current difficulty": 200000, "DUCO-S1 hashrate": "1.895 GH/s", "Duco FluffySwap price": 8.197e-06, "Duco Furim price": 0.0, "Duco Node-S price": 0.0, "Duco PancakeSwap price": 8.57789e-06, "Duco SunSwap price": 9.514e-05, "Duco SushiSwap price": 1.2962107682626e-05, "Duco UbeSwap price": 1.1191491992827553e-05, "Duco price": 0.00018695, "Duco price BCH": 0.00013856, "Duco price NANO": 0.00018695, "Duco price TRX": 1.17e-05, "Duco price XMG": 3.958e-05, "Duino-Coin Server API": "github.com/revoxhere/duino-coin", "Kolka": {"Banned": 5970, "Jailed": 183}, "Last block hash": "8de4bc0b3fa1580ec7f3421feb9644fc8ead02b8", "Last sync": 1718888462.2842762, "Last update": "20/06/2024 13:01:02 (UTC)", "Mined blocks": 528929546741, "Miner distribution": {"All": 18539, "Arduino": 2458, "CPU": 949, "ESP32": 7590, "ESP8266": 6153, "GPU": 0, "Other": 13, "Phone": 12, "RPi": 1171, "Web": 193}, "Net energy usage": "14.78 kW", "Open threads": 27, "Pool hashrate": "1895.463 MH/s", "Registered users": 103227, "Server CPU usage": 51.8, "Server RAM usage": 90.2, "Server version": 4.0, "Top 10 richest miners": ["249963020.69270998 DUCO - coinexchange", "80429680.78550309 DUCO - bscDUCO", "29548802.707830127 DUCO - AlmarRido", "24635208.6964704 DUCO - Flowen1985", "20120447.6942 DUCO - viviana80", "18547185.805999998 DUCO - bimbasimba94", "14898338.9098684 DUCO - aimbert", "14846959.58407971 DUCO - ctecrypto", "14175018.220584443 DUCO - duinousa", "12721940.59109726 DUCO - QQ44142894"], "XXHASH hashrate": "0 H/s"}