{"Active connections": 924, "All-time mined DUCO": 754386531.183587, "Current difficulty": 200000, "DUCO-S1 hashrate": "1.437 GH/s", "Duco FluffySwap price": 8.623999999999999e-06, "Duco Furim price": 0.0, "Duco Node-S price": 0.0, "Duco PancakeSwap price": 0.0, "Duco SunSwap price": 2.371e-05, "Duco SushiSwap price": 0.0, "Duco UbeSwap price": 0.0, "Duco price": 2.371e-05, "Duco price BCH": 0.0, "Duco price NANO": 0.0, "Duco price TRX": 1.239e-05, "Duco price XMG": 0.0, "Duino-Coin Server API": "github.com/revoxhere/duino-coin", "Kolka": {"Banned": 5991, "Jailed": 191}, "Last block hash": "8de4bc0b3fa1580ec7f3421feb9644fc8ead02b8", "Last sync": 1722821763.440403, "Last update": "05/08/2024 01:36:03 (UTC)", "Mined blocks": 540967850300, "Miner distribution": {"All": 15807, "Arduino": 1994, "CPU": 874, "ESP32": 5602, "ESP8266": 6132, "GPU": 0, "Other": 9, "Phone": 13, "RPi": 1021, "Web": 162}, "Net energy usage": "13.12 kW", "Open threads": 28, "Pool hashrate": "1436.559 MH/s", "Registered users": 104784, "Server CPU usage": 64.1, "Server RAM usage": 89.7, "Server version": 4.0, "Top 10 richest miners": ["241753670.60286546 DUCO - coinexchange", "81977128.19825932 DUCO - bscDUCO", "30855598.808 DUCO - Flowen1985", "28000980.1298474 DUCO - AlmarRido", "18280977.178 DUCO - bimbasimba94", "16096358.288900001 DUCO - viviana80", "14928186.132784702 DUCO - aimbert", "14847133.194062889 DUCO - ctecrypto", "12721940.59109726 DUCO - QQ44142894", "11341817.013733145 DUCO - duinousa"], "XXHASH hashrate": "0 H/s"}