{"Duino-Coin Server API": "github.com/revoxhere/duino-coin", "Server version": 2.7, "Active connections": 5652, "Open threads": 21, "Server CPU usage": 70.3, "Server RAM usage": 28.2, "Last update": "04/09/2021 09:06:26 (UTC)", "Net energy usage": "32.67 kW", "Pool hashrate": "520.676 MH/s", "DUCO-S1 hashrate": "511.3 MH/s", "XXHASH hashrate": "9.4 MH/s", "Duco price": 0.0050069, "Duco price XMG": 0.00400848, "Duco price BCH": 0.00106718, "Duco price TRX": 0.00102805, "Duco price XRP": 0.00128, "Duco price DGB": 0.00068691, "Duco price NANO": 0.00102, "Duco price FJC": 0.0050069, "Duco Node-S price": 0.002515, "Duco JustSwap price": 0.0035905, "Duco PancakeSwap price": 0.0018854, "Registered users": 16500, "All-time mined DUCO": 8232639.940216101, "Current difficulty": 576885, "Mined blocks": 13845347572, "Last block hash": "730b6127b9", "Kolka": {"Jailed": 21, "Banned": 597}, "Miner distribution": {"GPU": 0, "CPU": 1697, "RPi": 918, "Phone": 0, "Web": 0, "ESP32": 5225, "ESP8266": 7770, "Arduino": 241, "Other": 30}, "Top 10 richest miners": ["1774018.953874958 DUCO - bscDUCO", "418593.64685510675 DUCO - coinexchange", "240000.1555491204 DUCO - 52Pickup", "182703.8582994155 DUCO - WannaCry", "169937.594875061 DUCO - Bacman", "119758.49033090741 DUCO - rootbori", "113387.18511437952 DUCO - amornlit", "86282.3829499439 DUCO - caancom", "51081.960035611126 DUCO - ducodoly", "50288.45762651612 DUCO - duinocrfsh"]}