{"Active connections": 1362, "All-time mined DUCO": 191117412.94141835, "Current difficulty": 75000, "DUCO-S1 hashrate": "2.2 GH/s", "Duco FluffySwap price": 3.64e-06, "Duco Furim price": 0.0, "Duco Node-S price": 0.0, "Duco PancakeSwap price": 2.86131e-05, "Duco SunSwap price": 6.245e-05, "Duco SushiSwap price": 6.72233e-06, "Duco UbeSwap price": 2.8687163822298956e-05, "Duco price": 6.245e-05, "Duco price BCH": 5.2e-06, "Duco price NANO": 3.76e-06, "Duco price TRX": 5.17e-06, "Duco price XMG": 0.0, "Duino-Coin Server API": "github.com/revoxhere/duino-coin", "Kolka": {"Banned": 1300, "Jailed": 101}, "Last block hash": "8de4bc0b3fa1580ec7f3421feb9644fc8ead02b8", "Last sync": 1676642632.3699698, "Last update": "17/02/2023 14:04:00 (UTC)", "Mined blocks": 357033173173, "Miner distribution": {"All": 30121, "Arduino": 3637, "CPU": 928, "ESP32": 11735, "ESP8266": 11867, "GPU": 0, "Other": 10, "Phone": 54, "RPi": 1573, "Web": 317}, "Net energy usage": "20.24 kW", "Open threads": 24, "Pool hashrate": "2212.82 MH/s", "Registered users": 89024, "Server CPU usage": 51.2, "Server RAM usage": 54.1, "Server version": 3.0, "Top 10 richest miners": ["41487623.794576176 DUCO - bscDUCO", "20119946.6942 DUCO - viviana80", "15115363.695 DUCO - Ochios", "13046973.261486456 DUCO - coinexchange", "11692429.559071772 DUCO - QQ44142894", "11575849.27 DUCO - infternet", "10759939.638689265 DUCO - fiorella71", "8125736.123916335 DUCO - Orion_0x43b", "6819628.021970099 DUCO - lordachoo", "4023556.1452141805 DUCO - msdo1006"], "XXHASH hashrate": "0 H/s"}