{"Duino-Coin Server API": "github.com/revoxhere/duino-coin", "Server version": 2.7, "Active connections": 9263, "Open threads": 24, "Server CPU usage": 60, "Server RAM usage": 30, "Last update": "05/10/2021 07:51:50 (UTC)", "Net energy usage": "0 W", "Pool hashrate": "0 H/s", "DUCO-S1 hashrate": "0 H/s", "XXHASH hashrate": "0 H/s", "Duco price": 0.01877, "Duco price XMG": 0.0024738, "Duco price BCH": 0.00034763, "Duco price RVN": 0.00049815, "Duco price TRX": 0.00049863, "Duco price XRP": 0.0002, "Duco price DGB": 0.0005077, "Duco price NANO": 0.00050368, "Duco price FJC": 0.0005, "Duco Node-S price": 0.000538, "Duco JustSwap price": 0.01877, "Duco PancakeSwap price": 0.00106335, "Duco SushiSwap price": 0.000692305, "Registered users": 19524, "All-time mined DUCO": 12924273.178420039, "Current difficulty": 1006837, "Mined blocks": 24164085324, "Last block hash": "730b6127b9", "Kolka": {"Jailed": 24, "Banned": 663}, "Miner distribution": {"GPU": 0, "CPU": 0, "RPi": 0, "Phone": 0, "Web": 0, "ESP32": 0, "ESP8266": 0, "Arduino": 0, "Other": 0, "All": 0}, "Top 10 richest miners": ["2411733.119766653 DUCO - bscDUCO", "912201.9059202577 DUCO - James_themac", "521520.1555491204 DUCO - 52Pickup", "170240.13285850236 DUCO - Bacman", "169433.10104597002 DUCO - celoDUCO", "164094.50591454006 DUCO - coinexchange", "123684.87086553534 DUCO - bimbasimba94", "123387.18511437952 DUCO - amornlit", "121521.95341156599 DUCO - rootbori", "87124.94160749546 DUCO - caancom"]}