{"Active connections": 1198, "All-time mined DUCO": 234340306.5670223, "Current difficulty": 75000, "DUCO-S1 hashrate": "2.3 GH/s", "Duco FluffySwap price": 3.913e-06, "Duco Furim price": 0.0, "Duco Node-S price": 0.0, "Duco PancakeSwap price": 2.37823e-05, "Duco SunSwap price": 5.823e-05, "Duco SushiSwap price": 6.40767e-06, "Duco UbeSwap price": 2.8555338390697984e-05, "Duco price": 5.823e-05, "Duco price BCH": 5.59e-06, "Duco price NANO": 3.54e-06, "Duco price TRX": 4.82e-06, "Duco price XMG": 0.0, "Duino-Coin Server API": "github.com/revoxhere/duino-coin", "Kolka": {"Banned": 1273, "Jailed": 100}, "Last block hash": "8de4bc0b3fa1580ec7f3421feb9644fc8ead02b8", "Last sync": 1675539244.2389646, "Last update": "04/02/2023 19:34:07 (UTC)", "Mined blocks": 350195623164, "Miner distribution": {"All": 30476, "Arduino": 3741, "CPU": 1289, "ESP32": 11597, "ESP8266": 11813, "GPU": 0, "Other": 8, "Phone": 22, "RPi": 1618, "Web": 388}, "Net energy usage": "22.57 kW", "Open threads": 24, "Pool hashrate": "2285.19 MH/s", "Registered users": 88130, "Server CPU usage": 49.8, "Server RAM usage": 52.8, "Server version": 3.0, "Top 10 richest miners": ["59647029.302386284 DUCO - AlmarRido", "41623840.35752013 DUCO - bscDUCO", "20119946.6942 DUCO - viviana80", "19355553.97872999 DUCO - coinexchange", "15115363.695 DUCO - Ochios", "11692429.559071772 DUCO - QQ44142894", "10759939.638689265 DUCO - fiorella71", "8125736.123916335 DUCO - Orion_0x43b", "6816603.554933027 DUCO - lordachoo", "3349169.6769595034 DUCO - msdo1006"], "XXHASH hashrate": "0 H/s"}