{"Active connections": 974, "All-time mined DUCO": 17533588.71342026, "Current difficulty": 125000, "DUCO-S1 hashrate": "1239.4 MH/s", "Duco JustSwap price": 0.0008786, "Duco Node-S price": 0.00013, "Duco PancakeSwap price": 0.000656946, "Duco SushiSwap price": 0.000469464, "Duco price": 0.00114424, "Duco price BCH": 0.0, "Duco price DGB": 0.0, "Duco price NANO": 0.000567, "Duco price RVN": 0.0, "Duco price TRX": 0.0, "Duco price XMG": 0.00114079, "Duco price XRP": 0.0, "Duino-Coin Server API": "github.com/revoxhere/duino-coin", "Kolka": {"Banned": 680, "Jailed": 24}, "Last block hash": "65b3f612d0", "Last update": "11/11/2021 18:13:38 (UTC)", "Mined blocks": 40800062448, "Miner distribution": {"All": 36884, "Arduino": 6243, "CPU": 3111, "ESP32": 11829, "ESP8266": 12864, "GPU": 0, "Other": 34, "Phone": 232, "RPi": 2000, "Web": 571}, "Net energy usage": "35.98 kW", "Open threads": 24, "Pool hashrate": "1239.45 MH/s", "Registered users": 23388, "Server CPU usage": 40.6, "Server RAM usage": 32.9, "Server version": 2.7, "Top 10 richest miners": ["3394405.0494301673 DUCO - bscDUCO", "1290810.8300902194 DUCO - coinexchange", "591756.6081317749 DUCO - NodeSBroker", "400520.1555491204 DUCO - 52Pickup", "351141.8629850778 DUCO - James_themac", "188487.89104597003 DUCO - celoDUCO", "170241.13285850236 DUCO - Bacman", "123387.18511437952 DUCO - amornlit", "119999.99999999892 DUCO - rootbori", "117037.88777253377 DUCO - maticDUCO"], "XXHASH hashrate": "0 H/s"}