{"Duino-Coin Server API": "github.com/revoxhere/duino-coin", "Server version": 2.7, "Active connections": 11445, "Open threads": 24, "Server CPU usage": 67.8, "Server RAM usage": 29.4, "Last update": "12/09/2021 19:03:42 (UTC)", "Net energy usage": "62.88 kW", "Pool hashrate": "1206.3219 MH/s", "DUCO-S1 hashrate": "1176.3 MH/s", "XXHASH hashrate": "30.0 MH/s", "Duco price": 0.00553128, "Duco price XMG": 0.00276036, "Duco price BCH": 0.00065342, "Duco price RVN": 0.00084491, "Duco price TRX": 0.0011573, "Duco price XRP": 0.0008325, "Duco price DGB": 0.00080943, "Duco price NANO": 0.00083955, "Duco price FJC": 0.00081526, "Duco Node-S price": 0.002076, "Duco JustSwap price": 0.00553128, "Duco PancakeSwap price": 0.0014763, "Registered users": 17313, "All-time mined DUCO": 9121618.197207516, "Current difficulty": 669477, "Mined blocks": 16067618822, "Last block hash": "730b6127b9", "Kolka": {"Jailed": 21, "Banned": 606}, "Miner distribution": {"GPU": 0, "CPU": 3987, "RPi": 2105, "Phone": 0, "Web": 1133, "ESP32": 6896, "ESP8266": 9262, "Arduino": 4192, "Other": 0}, "Top 10 richest miners": ["1842944.5601996148 DUCO - bscDUCO", "520520.1555491204 DUCO - 52Pickup", "370427.53939 DUCO - coinexchange", "169938.09162990467 DUCO - Bacman", "119937.53509070358 DUCO - rootbori", "113387.18511437952 DUCO - amornlit", "86348.5850951418 DUCO - caancom", "70064.04301633517 DUCO - WannaCry", "53725.50306919871 DUCO - giveaways", "52169.16 DUCO - celoDUCO"]}