{"Active connections": 672, "All-time mined DUCO": 21234853.90604888, "Current difficulty": 125000, "DUCO-S1 hashrate": "1627.6 MH/s", "Duco JustSwap price": 0.00086807, "Duco Node-S price": 5.1e-05, "Duco PancakeSwap price": 0.000594663, "Duco SushiSwap price": 0.000356015, "Duco price": 0.00090107, "Duco price BCH": 0.00027453, "Duco price DGB": 0.0, "Duco price NANO": 5.05e-05, "Duco price RVN": 0.0, "Duco price TRX": 0.0003446, "Duco price XMG": 0.00077003, "Duco price XRP": 0.0, "Duino-Coin Server API": "github.com/revoxhere/duino-coin", "Kolka": {"Banned": 707, "Jailed": 24}, "Last block hash": "2eb3f8271c", "Last update": "03/12/2021 17:58:20 (UTC)", "Mined blocks": 53360140265, "Miner distribution": {"All": 41797, "Arduino": 6952, "CPU": 4564, "ESP32": 12075, "ESP8266": 13741, "GPU": 0, "Other": 52, "Phone": 626, "RPi": 2466, "Web": 1321}, "Net energy usage": "47.41 kW", "Open threads": 21, "Pool hashrate": "1627.55 MH/s", "Registered users": 27867, "Server CPU usage": 58.9, "Server RAM usage": 48.8, "Server version": 2.7, "Top 10 richest miners": ["4006859.847658422 DUCO - bscDUCO", "1422056.4981484294 DUCO - coinexchange", "588825.4976891754 DUCO - NodeSBroker", "351162.15067505674 DUCO - James_themac", "300520.321607231 DUCO - 52Pickup", "188488.057104081 DUCO - celoDUCO", "170241.298916613 DUCO - Bacman", "162859.74441705164 DUCO - maticDUCO", "119999.999999999 DUCO - rootbori", "113387.35117249 DUCO - amornlit"], "XXHASH hashrate": "0 H/s"}