{"Active connections": 928, "All-time mined DUCO": 91728999.28731358, "Current difficulty": 75000, "DUCO-S1 hashrate": "3.1 GH/s", "Duco FluffySwap price": 1.1417000000000001e-05, "Duco Furim price": 0.0, "Duco Node-S price": 0.0, "Duco PancakeSwap price": 3.45936e-05, "Duco SunSwap price": 0.00010895, "Duco SushiSwap price": 3.14438e-05, "Duco UbeSwap price": 2.9098580230377713e-05, "Duco price": 0.00010895, "Duco price BCH": 1.631e-05, "Duco price NANO": 7.49e-06, "Duco price TRX": 6.25e-06, "Duco price XMG": 5.756e-05, "Duino-Coin Server API": "github.com/revoxhere/duino-coin", "Kolka": {"Banned": 1091, "Jailed": 83}, "Last block hash": "8de4bc0b3fa1580ec7f3421feb9644fc8ead02b8", "Last sync": 1665839082.4060357, "Last update": "15/10/2022 13:04:43 (UTC)", "Mined blocks": 281296481762, "Miner distribution": {"All": 37835, "Arduino": 4426, "CPU": 2095, "ESP32": 13570, "ESP8266": 16133, "GPU": 0, "Other": 18, "Phone": 23, "RPi": 1167, "Web": 403}, "Net energy usage": "29.92 kW", "Open threads": 23, "Pool hashrate": "3070.81 MH/s", "Registered users": 81126, "Server CPU usage": 38.1, "Server RAM usage": 27.7, "Server version": 3.0, "Top 10 richest miners": ["42185825.522537336 DUCO - coinexchange", "36546079.437422335 DUCO - bscDUCO", "15965318.216999998 DUCO - Ochios", "6974991.289071771 DUCO - QQ44142894", "4075220.2860000003 DUCO - AlmarRido", "2497498.087636206 DUCO - goddani", "2368507.0 DUCO - Brunomoyses23", "2210288.919161586 DUCO - vyrdudji", "1903921.3795300901 DUCO - giveaways", "1618176.8630387518 DUCO - maticDUCO"], "XXHASH hashrate": "0 H/s"}