{"Duino-Coin Server API": "github.com/revoxhere/duino-coin", "Server version": 2.7, "Active connections": 22278, "Open threads": 22, "Server CPU usage": 56.6, "Server RAM usage": 39.1, "Last update": "24/09/2021 01:06:31 (UTC)", "Net energy usage": "68.23 kW", "Pool hashrate": "1346.7469 MH/s", "DUCO-S1 hashrate": "1317.2 MH/s", "XXHASH hashrate": "29.5 MH/s", "Duco price": 0.00111629, "Duco price XMG": 0.00089512, "Duco price BCH": 0.00082536, "Duco price RVN": 0.00074131, "Duco price TRX": 0.00049353, "Duco price XRP": 0.00034887, "Duco price DGB": 0.00068583, "Duco price NANO": 0.00073805, "Duco price FJC": 0.0008098, "Duco Node-S price": 0.000393, "Duco JustSwap price": 0.00064357, "Duco PancakeSwap price": 0.00111629, "Duco SushiSwap price": 0.000608, "Registered users": 18581, "All-time mined DUCO": 11570957.641896319, "Current difficulty": 878550, "Mined blocks": 21085539747, "Last block hash": "730b6127b9", "Kolka": {"Jailed": 24, "Banned": 642}, "Miner distribution": {"GPU": 1, "CPU": 3773, "RPi": 2238, "Phone": 210, "Web": 1188, "ESP32": 10463, "ESP8266": 11913, "Arduino": 6359, "Other": 71}, "Top 10 richest miners": ["2255977.7539418535 DUCO - bscDUCO", "931245.2096641308 DUCO - James_themac", "521500.1558491204 DUCO - 52Pickup", "170103.9384084474 DUCO - Bacman", "123387.18511437952 DUCO - amornlit", "121194.40349151788 DUCO - rootbori", "100003.15205632073 DUCO - bimbasimba94", "86653.03177828809 DUCO - caancom", "83099.40000000001 DUCO - celoDUCO", "67049.7853744245 DUCO - giveaways"]}