{"Active connections": 879, "All-time mined DUCO": 174760833.82209122, "Current difficulty": 75000, "DUCO-S1 hashrate": "2.4 GH/s", "Duco FluffySwap price": 1.7289999999999999e-06, "Duco Furim price": 0.0, "Duco Node-S price": 0.0, "Duco PancakeSwap price": 3.52548e-05, "Duco SunSwap price": 5.063e-05, "Duco SushiSwap price": 3.46807e-06, "Duco UbeSwap price": 2.852410137485506e-05, "Duco price": 5.063e-05, "Duco price BCH": 2.47e-06, "Duco price NANO": 1.6e-06, "Duco price TRX": 4.15e-06, "Duco price XMG": 0.0, "Duino-Coin Server API": "github.com/revoxhere/duino-coin", "Kolka": {"Banned": 1228, "Jailed": 94}, "Last block hash": "8de4bc0b3fa1580ec7f3421feb9644fc8ead02b8", "Last sync": 1672720001.7679844, "Last update": "03/01/2023 04:26:45 (UTC)", "Mined blocks": 332549756161, "Miner distribution": {"All": 33027, "Arduino": 3747, "CPU": 1249, "ESP32": 12308, "ESP8266": 13760, "GPU": 0, "Other": 20, "Phone": 11, "RPi": 1631, "Web": 301}, "Net energy usage": "23.52 kW", "Open threads": 24, "Pool hashrate": "2369.89 MH/s", "Registered users": 86322, "Server CPU usage": 42.3, "Server RAM usage": 37.2, "Server version": 3.0, "Top 10 richest miners": ["98670021.04262175 DUCO - coinexchange", "40199117.73070239 DUCO - bscDUCO", "20119945.00125 DUCO - viviana80", "14965357.425395073 DUCO - Ochios", "13675334.218015814 DUCO - ctecrypto", "11692429.559071772 DUCO - QQ44142894", "10759939.638689265 DUCO - fiorella71", "8125736.123916335 DUCO - Orion_0x43b", "6808527.696447369 DUCO - lordachoo", "5083676.291679942 DUCO - DarYo"], "XXHASH hashrate": "0 H/s"}