{"Active connections": 1049, "All-time mined DUCO": 1101178424.173139, "Current difficulty": 75000, "DUCO-S1 hashrate": "1.843 GH/s", "Duco FluffySwap price": 4.011e-06, "Duco Furim price": 0.0, "Duco Node-S price": 0.0, "Duco PancakeSwap price": 7.2694e-06, "Duco SunSwap price": 0.00010348, "Duco SushiSwap price": 1.01312e-05, "Duco UbeSwap price": 2.9093097913322633e-05, "Duco price": 0.00023525, "Duco price BCH": 5.73e-06, "Duco price NANO": 1.15e-06, "Duco price TRX": 1.94e-06, "Duco price XMG": 0.00023525, "Duino-Coin Server API": "github.com/revoxhere/duino-coin", "Kolka": {"Banned": 5576, "Jailed": 152}, "Last block hash": "8de4bc0b3fa1580ec7f3421feb9644fc8ead02b8", "Last sync": 1691842892.9340112, "Last update": "12/08/2023 12:21:39 (UTC)", "Mined blocks": 437267884051, "Miner distribution": {"All": 19295, "Arduino": 2255, "CPU": 619, "ESP32": 7987, "ESP8266": 7246, "GPU": 0, "Other": 8, "Phone": 10, "RPi": 1080, "Web": 90}, "Net energy usage": "13.12 kW", "Open threads": 24, "Pool hashrate": "1843.069 MH/s", "Registered users": 94832, "Server CPU usage": 49.4, "Server RAM usage": 54.8, "Server version": 3.0, "Top 10 richest miners": ["495743830.67087966 DUCO - coinexchange", "382372236.7812404 DUCO - coinexchange", "70267869.64457695 DUCO - bscDUCO", "35298227.85615001 DUCO - AlmarRido", "24375487.137 DUCO - Flowen1985", "20119947.6942 DUCO - viviana80", "12720440.559071772 DUCO - QQ44142894", "11701433.102280406 DUCO - ctecrypto", "11436497.326 DUCO - bimbasimba94", "10759939.638689265 DUCO - fiorella71"], "XXHASH hashrate": "0 H/s"}