{"Active connections": 1085, "All-time mined DUCO": 739796533.5164986, "Current difficulty": 200000, "DUCO-S1 hashrate": "2.475 GH/s", "Duco FluffySwap price": 8.141e-06, "Duco Furim price": 0.0, "Duco Node-S price": 0.0, "Duco PancakeSwap price": 8.57789e-06, "Duco SunSwap price": 9.456e-05, "Duco SushiSwap price": 1.2962107682626e-05, "Duco UbeSwap price": 1.1191491992827553e-05, "Duco price": 0.0002152, "Duco price BCH": 0.00015967, "Duco price NANO": 0.0002152, "Duco price TRX": 1.163e-05, "Duco price XMG": 0.00020371, "Duino-Coin Server API": "github.com/revoxhere/duino-coin", "Kolka": {"Banned": 5949, "Jailed": 182}, "Last block hash": "8de4bc0b3fa1580ec7f3421feb9644fc8ead02b8", "Last sync": 1718083854.6088176, "Last update": "11/06/2024 05:30:54 (UTC)", "Mined blocks": 526481630718, "Miner distribution": {"All": 19007, "Arduino": 2401, "CPU": 993, "ESP32": 7879, "ESP8266": 6268, "GPU": 0, "Other": 19, "Phone": 12, "RPi": 1269, "Web": 166}, "Net energy usage": "15.36 kW", "Open threads": 28, "Pool hashrate": "2474.956 MH/s", "Registered users": 102908, "Server CPU usage": 48.6, "Server RAM usage": 91.0, "Server version": 4.0, "Top 10 richest miners": ["79348919.78550309 DUCO - bscDUCO", "30792510.456 DUCO - Flowen1985", "30547233.689035717 DUCO - AlmarRido", "20119947.6942 DUCO - viviana80", "18545685.805999998 DUCO - bimbasimba94", "14898329.567307541 DUCO - aimbert", "14844624.160895726 DUCO - ctecrypto", "12720440.59109726 DUCO - QQ44142894", "11316157.989008754 DUCO - duinousa", "11015478.642 DUCO - Rafa2000"], "XXHASH hashrate": "0 H/s"}