{"Active connections": 958, "All-time mined DUCO": 145124626.51639548, "Current difficulty": 75000, "DUCO-S1 hashrate": "3.1 GH/s", "Duco FluffySwap price": 1.2068e-05, "Duco Furim price": 0.0, "Duco Node-S price": 0.0, "Duco PancakeSwap price": 6.28297e-05, "Duco SunSwap price": 4.693e-05, "Duco SushiSwap price": 5.91796e-05, "Duco UbeSwap price": 2.9460287532406317e-05, "Duco price": 6.28297e-05, "Duco price BCH": 1.72e-05, "Duco price NANO": 1.13e-05, "Duco price TRX": 5.07e-06, "Duco price XMG": 0.0, "Duino-Coin Server API": "github.com/revoxhere/duino-coin", "Kolka": {"Banned": 1160, "Jailed": 88}, "Last block hash": "8de4bc0b3fa1580ec7f3421feb9644fc8ead02b8", "Last sync": 1669226410.4261365, "Last update": "23/11/2022 18:00:18 (UTC)", "Mined blocks": 308761630978, "Miner distribution": {"All": 38088, "Arduino": 4464, "CPU": 1708, "ESP32": 13553, "ESP8266": 16171, "GPU": 0, "Other": 25, "Phone": 55, "RPi": 1724, "Web": 388}, "Net energy usage": "28.49 kW", "Open threads": 23, "Pool hashrate": "3071.11 MH/s", "Registered users": 84110, "Server CPU usage": 52.9, "Server RAM usage": 37.9, "Server version": 3.0, "Top 10 richest miners": ["38498656.43978844 DUCO - bscDUCO", "21884501.232221425 DUCO - coinexchange", "20119945.00125 DUCO - viviana80", "14965341.634141278 DUCO - Ochios", "11692429.559071772 DUCO - QQ44142894", "10759939.638689265 DUCO - fiorella71", "6700745.3655135725 DUCO - lordachoo", "2567742.791300181 DUCO - RNGesus", "2368507.0 DUCO - Brunomoyses23", "2210288.919161586 DUCO - vyrdudji"], "XXHASH hashrate": "0 H/s"}