{"Active connections": 988, "All-time mined DUCO": 95535092.88347384, "Current difficulty": 75000, "DUCO-S1 hashrate": "3.1 GH/s", "Duco FluffySwap price": 1.246e-05, "Duco Furim price": 0.0, "Duco Node-S price": 0.0, "Duco PancakeSwap price": 3.73398e-05, "Duco SunSwap price": 5.153e-05, "Duco SushiSwap price": 4.69978e-05, "Duco UbeSwap price": 2.929910624286002e-05, "Duco price": 6.215e-05, "Duco price BCH": 1.781e-05, "Duco price NANO": 7.5e-06, "Duco price TRX": 6.42e-06, "Duco price XMG": 6.215e-05, "Duino-Coin Server API": "github.com/revoxhere/duino-coin", "Kolka": {"Banned": 1122, "Jailed": 88}, "Last block hash": "8de4bc0b3fa1580ec7f3421feb9644fc8ead02b8", "Last sync": 1667109681.66693, "Last update": "30/10/2022 06:01:25 (UTC)", "Mined blocks": 291266136265, "Miner distribution": {"All": 36927, "Arduino": 4274, "CPU": 2209, "ESP32": 12899, "ESP8266": 15820, "GPU": 0, "Other": 43, "Phone": 41, "RPi": 1246, "Web": 395}, "Net energy usage": "30.32 kW", "Open threads": 23, "Pool hashrate": "3119.27 MH/s", "Registered users": 82208, "Server CPU usage": 45.1, "Server RAM usage": 52.0, "Server version": 3.0, "Top 10 richest miners": ["38403031.025158234 DUCO - bscDUCO", "26776373.75858492 DUCO - coinexchange", "15965319.80435637 DUCO - Ochios", "11692429.559071772 DUCO - QQ44142894", "2384971.1229908727 DUCO - lordachoo", "2368507.0 DUCO - Brunomoyses23", "2210288.919161586 DUCO - vyrdudji", "2195606.8888942716 DUCO - econnaty", "1719737.820831567 DUCO - Orion_0x43b", "1637008.8630387518 DUCO - maticDUCO"], "XXHASH hashrate": "0 H/s"}