{"Active connections": 1278, "All-time mined DUCO": 90855835.03807364, "Current difficulty": 75000, "DUCO-S1 hashrate": "3.1 GH/s", "Duco Furim price": 0.0, "Duco Node-S price": 0.0, "Duco PancakeSwap price": 3.5e-05, "Duco SunSwap price": 0.000187, "Duco SushiSwap price": 2.6e-05, "Duco UbeSwap price": 2.9e-05, "Duco price": 0.000673, "Duco price BCH": 3.9e-05, "Duco price NANO": 2.7e-05, "Duco price TRX": 2.8e-05, "Duco price XMG": 0.000666, "Duino-Coin Server API": "github.com/revoxhere/duino-coin", "Kolka": {"Banned": 979, "Jailed": 80}, "Last block hash": "2eb3f8271cd947cdd6469be145558a7bcb72e0d9", "Last sync": 1661807710.229977, "Last update": "29/08/2022 21:15:11 (UTC)", "Mined blocks": 249804429299, "Miner distribution": {"All": 37975, "Arduino": 4678, "CPU": 2006, "ESP32": 13764, "ESP8266": 15679, "GPU": 0, "Other": 30, "Phone": 54, "RPi": 1274, "Web": 490}, "Net energy usage": "29.55 kW", "Open threads": 22, "Pool hashrate": "3083.87 MH/s", "Registered users": 77331, "Server CPU usage": 43.2, "Server RAM usage": 59.0, "Server version": 3.0, "Top 10 richest miners": ["42261764.995394245 DUCO - bscDUCO", "26702010.74853224 DUCO - coinexchange", "15964250.693 DUCO - Ochios", "6974991.289071771 DUCO - QQ44142894", "4210000.000000268 DUCO - AlmarRido", "4020915.169464034 DUCO - Demoel", "2368507.0 DUCO - Brunomoyses23", "2210288.919161586 DUCO - vyrdudji", "2209921.8582400363 DUCO - renderman", "1514818.7084821828 DUCO - maticDUCO"], "XXHASH hashrate": "0 H/s"}