{"Active connections": 1406, "All-time mined DUCO": 53917502.54018404, "Current difficulty": 1000000, "DUCO-S1 hashrate": "4.3 GH/s", "Duco Furim price": 0.0, "Duco Node-S price": 0.0, "Duco PancakeSwap price": 5.3e-05, "Duco SunSwap price": 8.6e-05, "Duco SushiSwap price": 1.7e-05, "Duco UbeSwap price": 0.000103, "Duco price": 0.000103, "Duco price BCH": 9e-06, "Duco price NANO": 4.5e-05, "Duco price TRX": 2.1e-05, "Duco price XMG": 6.4e-05, "Duino-Coin Server API": "github.com/revoxhere/duino-coin", "Kolka": {"Banned": 775, "Jailed": 47}, "Last block hash": "2eb3f8271cd947cdd6469be145558a7bcb72e0d9", "Last sync": 1651756212.5306594, "Last update": "05/05/2022 13:10:16 (UTC)", "Mined blocks": 170838071396, "Miner distribution": {"All": 40565, "Arduino": 6053, "CPU": 3453, "ESP32": 13175, "ESP8266": 15343, "GPU": 0, "Other": 63, "Phone": 140, "RPi": 1959, "Web": 379}, "Net energy usage": "39.58 kW", "Open threads": 21, "Pool hashrate": "4278.36 MH/s", "Registered users": 72303, "Server CPU usage": 40.0, "Server RAM usage": 32.7, "Server version": 3.0, "Top 10 richest miners": ["25439231.70799496 DUCO - bscDUCO", "8803499.99999709 DUCO - Ochios", "4028931.4820551225 DUCO - QQ44142894", "2283030.1920304666 DUCO - coinexchange", "2210288.9385462017 DUCO - vyrdudji", "2100763.638141644 DUCO - varanese67", "1457344.357733561 DUCO - maticDUCO", "1209839.3105654893 DUCO - James_themac", "1202591.706167 DUCO - ivanrpz", "958034.6832384857 DUCO - econnaty"], "XXHASH hashrate": "0 H/s"}