{"Active connections": 670, "All-time mined DUCO": 85195441.12322494, "Current difficulty": 1000000, "DUCO-S1 hashrate": "3.0 GH/s", "Duco Furim price": 0.0, "Duco Node-S price": 0.0, "Duco PancakeSwap price": 4e-05, "Duco SunSwap price": 4.5e-05, "Duco SushiSwap price": 1.2e-05, "Duco UbeSwap price": 2.8e-05, "Duco price": 8.7e-05, "Duco price BCH": 1.4e-05, "Duco price NANO": 1.3e-05, "Duco price TRX": 1.7e-05, "Duco price XMG": 2e-06, "Duino-Coin Server API": "github.com/revoxhere/duino-coin", "Kolka": {"Banned": 924, "Jailed": 58}, "Last block hash": "2eb3f8271cd947cdd6469be145558a7bcb72e0d9", "Last sync": 1657326701.1368213, "Last update": "09/07/2022 00:31:42 (UTC)", "Mined blocks": 218944380959, "Miner distribution": {"All": 36726, "Arduino": 4833, "CPU": 2225, "ESP32": 12529, "ESP8266": 15290, "GPU": 0, "Other": 97, "Phone": 64, "RPi": 1435, "Web": 253}, "Net energy usage": "30.31 kW", "Open threads": 22, "Pool hashrate": "3030.9 MH/s", "Registered users": 73895, "Server CPU usage": 29.3, "Server RAM usage": 38.2, "Server version": 3.0, "Top 10 richest miners": ["34152710.622689165 DUCO - bscDUCO", "16868017.35010215 DUCO - Ochios", "7753582.061977944 DUCO - ctecrypto", "6974991.289071771 DUCO - QQ44142894", "5819516.714805033 DUCO - renderman", "2368507.0 DUCO - Brunomoyses23", "2210288.9385462017 DUCO - vyrdudji", "2207685.4173966968 DUCO - coinexchange", "2070152.565 DUCO - CryptSino_Exchange", "1429416.5421398599 DUCO - maticDUCO"], "XXHASH hashrate": "0 H/s"}