{"Active connections": 2151, "All-time mined DUCO": 761622916.62517, "Current difficulty": 75000, "DUCO-S1 hashrate": "2.396 GH/s", "Duco FluffySwap price": 2.8699999999999996e-06, "Duco Furim price": 0.0, "Duco Node-S price": 0.0, "Duco PancakeSwap price": 6.47259e-06, "Duco SunSwap price": 0.00015156, "Duco SushiSwap price": 1.23194e-05, "Duco UbeSwap price": 2.745467541750601e-05, "Duco price": 0.00015156, "Duco price BCH": 4.1e-06, "Duco price NANO": 1.81e-06, "Duco price TRX": 2.83e-06, "Duco price XMG": 0.0, "Duino-Coin Server API": "github.com/revoxhere/duino-coin", "Kolka": {"Banned": 1381, "Jailed": 128}, "Last block hash": "8de4bc0b3fa1580ec7f3421feb9644fc8ead02b8", "Last sync": 1684332001.397556, "Last update": "17/05/2023 14:00:09 (UTC)", "Mined blocks": 402530197953, "Miner distribution": {"All": 24224, "Arduino": 2976, "CPU": 1064, "ESP32": 10329, "ESP8266": 8109, "GPU": 0, "Other": 8, "Phone": 13, "RPi": 1407, "Web": 318}, "Net energy usage": "18.21 kW", "Open threads": 24, "Pool hashrate": "2396.068 MH/s", "Registered users": 92806, "Server CPU usage": 62.5, "Server RAM usage": 56.2, "Server version": 3.0, "Top 10 richest miners": ["495743830.67087966 DUCO - coinexchange", "425463946.3329226 DUCO - coinexchange", "55628931.04439265 DUCO - bscDUCO", "45037625.142 DUCO - AlmarRido", "20119947.6942 DUCO - viviana80", "15115368.927099999 DUCO - Ochios", "12720440.559071772 DUCO - QQ44142894", "10759939.638689265 DUCO - fiorella71", "8125736.123916335 DUCO - Orion_0x43b", "7201537.867362264 DUCO - msdo1006"], "XXHASH hashrate": "0 H/s"}