{"Active connections": 148242, "All-time mined DUCO": 16654952.804597044, "Current difficulty": 125000, "DUCO-S1 hashrate": "1372.7 MH/s", "Duco JustSwap price": 0.0004759, "Duco Node-S price": 0.000139, "Duco PancakeSwap price": 0.000726946, "Duco SushiSwap price": 0.00102713, "Duco price": 0.00102713, "Duco price BCH": 0.00011765, "Duco price DGB": 0.0, "Duco price NANO": 0.00030002, "Duco price RVN": 0.0, "Duco price TRX": 0.00030125, "Duco price XMG": 0.0006079, "Duco price XRP": 0.0, "Duino-Coin Server API": "github.com/revoxhere/duino-coin", "Kolka": {"Banned": 675, "Jailed": 24}, "Last block hash": "65b3f612d0", "Last update": "01/11/2021 05:37:48 (UTC)", "Mined blocks": 35975776533, "Miner distribution": {"All": 37658, "Arduino": 6559, "CPU": 3383, "ESP32": 11621, "ESP8266": 12458, "GPU": 0, "Other": 78, "Phone": 249, "RPi": 2014, "Web": 1296}, "Net energy usage": "38.22 kW", "Open threads": 24, "Pool hashrate": "1372.66 MH/s", "Registered users": 22431, "Server CPU usage": 71.8, "Server RAM usage": 58.4, "Server version": 2.7, "Top 10 richest miners": ["3109641.3376895906 DUCO - bscDUCO", "686252.7200902198 DUCO - coinexchange", "587337.6039841222 DUCO - NodeSBroker", "522520.1555491204 DUCO - 52Pickup", "401063.30942604924 DUCO - James_themac", "187228.89104597003 DUCO - celoDUCO", "170240.13285850236 DUCO - Bacman", "123387.18511437952 DUCO - amornlit", "119999.99999999892 DUCO - rootbori", "104496.29794908378 DUCO - maticDUCO"], "XXHASH hashrate": "0 H/s"}