{"Active connections": 869, "All-time mined DUCO": 205553101.0113053, "Current difficulty": 75000, "DUCO-S1 hashrate": "2.2 GH/s", "Duco FluffySwap price": 1.8409999999999998e-06, "Duco Furim price": 0.0, "Duco Node-S price": 0.0, "Duco PancakeSwap price": 2.58901e-05, "Duco SunSwap price": 2.469e-05, "Duco SushiSwap price": 3.29103e-05, "Duco UbeSwap price": 2.8687163822298956e-05, "Duco price": 3.29103e-05, "Duco price BCH": 2.65e-06, "Duco price NANO": 1.74e-06, "Duco price TRX": 2.37e-06, "Duco price XMG": 0.0, "Duino-Coin Server API": "github.com/revoxhere/duino-coin", "Kolka": {"Banned": 1337, "Jailed": 116}, "Last block hash": "8de4bc0b3fa1580ec7f3421feb9644fc8ead02b8", "Last sync": 1679049872.3871782, "Last update": "17/03/2023 10:44:35 (UTC)", "Mined blocks": 371474101252, "Miner distribution": {"All": 29640, "Arduino": 3629, "CPU": 901, "ESP32": 11522, "ESP8266": 11705, "GPU": 0, "Other": 17, "Phone": 25, "RPi": 1604, "Web": 237}, "Net energy usage": "19.87 kW", "Open threads": 24, "Pool hashrate": "2235.27 MH/s", "Registered users": 90393, "Server CPU usage": 46.2, "Server RAM usage": 42.4, "Server version": 3.0, "Top 10 richest miners": ["500593124.9250832 DUCO - coinexchange", "31813310.928276174 DUCO - bscDUCO", "20119946.6942 DUCO - viviana80", "15115364.7271 DUCO - Ochios", "11692429.559071772 DUCO - QQ44142894", "10759939.638689265 DUCO - fiorella71", "8125736.123916335 DUCO - Orion_0x43b", "6825370.2802243 DUCO - lordachoo", "5856718.304644848 DUCO - msdo1006", "5808222.08661312 DUCO - revox"], "XXHASH hashrate": "0 H/s"}