{"Active connections": 969, "All-time mined DUCO": 175395945.37059194, "Current difficulty": 75000, "DUCO-S1 hashrate": "2.3 GH/s", "Duco FluffySwap price": 1.7429999999999999e-06, "Duco Furim price": 0.0, "Duco Node-S price": 0.0, "Duco PancakeSwap price": 3.52548e-05, "Duco SunSwap price": 5.074e-05, "Duco SushiSwap price": 3.46807e-06, "Duco UbeSwap price": 2.852410137485506e-05, "Duco price": 5.074e-05, "Duco price BCH": 2.49e-06, "Duco price NANO": 1.61e-06, "Duco price TRX": 4.16e-06, "Duco price XMG": 0.0, "Duino-Coin Server API": "github.com/revoxhere/duino-coin", "Kolka": {"Banned": 1230, "Jailed": 94}, "Last block hash": "8de4bc0b3fa1580ec7f3421feb9644fc8ead02b8", "Last sync": 1672756156.204045, "Last update": "03/01/2023 14:29:20 (UTC)", "Mined blocks": 332775355771, "Miner distribution": {"All": 33132, "Arduino": 3814, "CPU": 1172, "ESP32": 12418, "ESP8266": 13763, "GPU": 0, "Other": 13, "Phone": 20, "RPi": 1618, "Web": 314}, "Net energy usage": "23.09 kW", "Open threads": 24, "Pool hashrate": "2333.44 MH/s", "Registered users": 86350, "Server CPU usage": 43.8, "Server RAM usage": 38.1, "Server version": 3.0, "Top 10 richest miners": ["98675230.95422696 DUCO - coinexchange", "40203617.73070239 DUCO - bscDUCO", "20119945.00125 DUCO - viviana80", "14965357.425395073 DUCO - Ochios", "13675334.218015814 DUCO - ctecrypto", "11692429.559071772 DUCO - QQ44142894", "10759939.638689265 DUCO - fiorella71", "8125736.123916335 DUCO - Orion_0x43b", "6808613.771684353 DUCO - lordachoo", "4267666.823 DUCO - Demoel"], "XXHASH hashrate": "0 H/s"}