{"Active connections": 1111, "All-time mined DUCO": 80997528.41376603, "Current difficulty": 1000000, "DUCO-S1 hashrate": "3.3 GH/s", "Duco Furim price": 0.0, "Duco Node-S price": 0.0, "Duco PancakeSwap price": 2e-05, "Duco SunSwap price": 3.8e-05, "Duco SushiSwap price": 1.1e-05, "Duco UbeSwap price": 2.8e-05, "Duco price": 3.9e-05, "Duco price BCH": 2e-06, "Duco price NANO": 1.3e-05, "Duco price TRX": 9e-06, "Duco price XMG": 0.0, "Duino-Coin Server API": "github.com/revoxhere/duino-coin", "Kolka": {"Banned": 892, "Jailed": 49}, "Last block hash": "2eb3f8271cd947cdd6469be145558a7bcb72e0d9", "Last sync": 1655302950.8581753, "Last update": "15/06/2022 14:22:33 (UTC)", "Mined blocks": 202216552103, "Miner distribution": {"All": 39298, "Arduino": 5105, "CPU": 2745, "ESP32": 13409, "ESP8266": 16016, "GPU": 0, "Other": 63, "Phone": 96, "RPi": 1601, "Web": 263}, "Net energy usage": "34.64 kW", "Open threads": 21, "Pool hashrate": "3312.58 MH/s", "Registered users": 76772, "Server CPU usage": 43.4, "Server RAM usage": 51.9, "Server version": 3.0, "Top 10 richest miners": ["38879607.9766174 DUCO - bscDUCO", "16779508.4 DUCO - Ochios", "7751551.268956882 DUCO - ctecrypto", "6974991.289071771 DUCO - QQ44142894", "5202139.724818867 DUCO - renderman", "5000100.0 DUCO - Yookzs", "4920075.4133966975 DUCO - coinexchange", "4006511.999216166 DUCO - Demoel", "2210288.9385462017 DUCO - vyrdudji", "2041478.3138396414 DUCO - CryptSino_Exchange"], "XXHASH hashrate": "0 H/s"}