{"Active connections": 901, "All-time mined DUCO": 705791971.7575675, "Current difficulty": 75000, "DUCO-S1 hashrate": "2.0 GH/s", "Duco FluffySwap price": 1.862e-06, "Duco Furim price": 0.0, "Duco Node-S price": 0.0, "Duco PancakeSwap price": 1.98386e-05, "Duco SunSwap price": 2.415e-05, "Duco SushiSwap price": 1.78029e-05, "Duco UbeSwap price": 2.9828006500541712e-05, "Duco price": 2.9828006500541712e-05, "Duco price BCH": 2.66e-06, "Duco price NANO": 1.83e-06, "Duco price TRX": 2.31e-06, "Duco price XMG": 0.0, "Duino-Coin Server API": "github.com/revoxhere/duino-coin", "Kolka": {"Banned": 1346, "Jailed": 123}, "Last block hash": "8de4bc0b3fa1580ec7f3421feb9644fc8ead02b8", "Last sync": 1681601438.03492, "Last update": "15/04/2023 23:30:42 (UTC)", "Mined blocks": 386754811516, "Miner distribution": {"All": 27235, "Arduino": 3262, "CPU": 1000, "ESP32": 10475, "ESP8266": 10680, "GPU": 0, "Other": 20, "Phone": 15, "RPi": 1510, "Web": 273}, "Net energy usage": "19.35 kW", "Open threads": 24, "Pool hashrate": "2006.9 MH/s", "Registered users": 91688, "Server CPU usage": 48.7, "Server RAM usage": 54.9, "Server version": 3.0, "Top 10 richest miners": ["495743830.67087966 DUCO - coinexchange", "476718841.5389794 DUCO - coinexchange", "44453943.566 DUCO - bscDUCO", "20119947.6942 DUCO - viviana80", "15115368.927099999 DUCO - Ochios", "12720440.559071772 DUCO - QQ44142894", "10759939.638689265 DUCO - fiorella71", "8125736.123916335 DUCO - Orion_0x43b", "7200244.70300476 DUCO - msdo1006", "6832301.256573699 DUCO - lordachoo"], "XXHASH hashrate": "0 H/s"}