{"Active connections": 807, "All-time mined DUCO": 736889284.2399899, "Current difficulty": 200000, "DUCO-S1 hashrate": "2.492 GH/s", "Duco FluffySwap price": 8.568e-06, "Duco Furim price": 0.0, "Duco Node-S price": 0.0, "Duco PancakeSwap price": 8.57789e-06, "Duco SunSwap price": 9.954e-05, "Duco SushiSwap price": 1.2962107682626e-05, "Duco UbeSwap price": 1.1191491992827553e-05, "Duco price": 0.000242, "Duco price BCH": 0.00016996, "Duco price NANO": 0.000242, "Duco price TRX": 1.224e-05, "Duco price XMG": 4.016e-05, "Duino-Coin Server API": "github.com/revoxhere/duino-coin", "Kolka": {"Banned": 5937, "Jailed": 182}, "Last block hash": "8de4bc0b3fa1580ec7f3421feb9644fc8ead02b8", "Last sync": 1716084962.6542032, "Last update": "19/05/2024 02:16:02 (UTC)", "Mined blocks": 520425428668, "Miner distribution": {"All": 18112, "Arduino": 2162, "CPU": 1136, "ESP32": 7259, "ESP8266": 6048, "GPU": 0, "Other": 20, "Phone": 36, "RPi": 1260, "Web": 191}, "Net energy usage": "15.86 kW", "Open threads": 28, "Pool hashrate": "2491.98 MH/s", "Registered users": 102039, "Server CPU usage": 29.5, "Server RAM usage": 93.1, "Server version": 4.0, "Top 10 richest miners": ["78825233.74889731 DUCO - bscDUCO", "39493232.42763998 DUCO - AlmarRido", "30792510.456 DUCO - Flowen1985", "20119947.6942 DUCO - viviana80", "17045685.805999998 DUCO - bimbasimba94", "14868542.997910986 DUCO - aimbert", "14842908.415633626 DUCO - ctecrypto", "12720440.585598174 DUCO - QQ44142894", "11314937.342026362 DUCO - duinousa", "10759939.638689265 DUCO - fiorella71"], "XXHASH hashrate": "0 H/s"}