{"Duino-Coin Server API": "github.com/revoxhere/duino-coin", "Server version": 2.6, "Active connections": 8735, "Open threads": 24, "Server CPU usage": 66.9, "Server RAM usage": 51.4, "Last update": "16/08/2021 18:31:11 (UTC)", "Net energy usage": "7.42 kW", "Pool hashrate": "160.254 MH/s", "DUCO-S1 hashrate": "159.7 MH/s", "XXHASH hashrate": "577.9 kH/s", "Duco price": 0.018767, "Duco price XMG": 0.01876683, "Duco price BCH": 0.00172185, "Duco price TRX": 0.00186088, "Duco price XRP": 0.00217, "Duco price DGB": 0.0021138, "Duco Node-S price": 0.018767, "Duco JustSwap price": 0.00745966, "Duco PancakeSwap price": 0.00420784, "Registered users": 20012, "All-time mined DUCO": 5732838.125015417, "Current difficulty": 450276, "Mined blocks": 10806658484, "Last block hash": "a7d24f3764", "Kolka": {"Jailed": 0, "Banned": 417}, "Miner distribution": {"GPU": 0, "CPU": 233, "RPi": 105, "ESP32": 1667, "ESP8266": 2611, "Arduino": 461, "Other": 52}, "Top 10 richest miners": ["548008.569585928 DUCO - bscDUCO", "169738.28114064544 DUCO - Bacman", "113111.97612133504 DUCO - amornlit", "110353.98377963256 DUCO - coinexchange", "100106.99999999886 DUCO - WannaCry", "100101.13453716449 DUCO - 52Pickup", "86155.00609381207 DUCO - caancom", "50328.93139333234 DUCO - rootbori", "50288.45762651612 DUCO - duinocrfsh", "47119.90790638301 DUCO - chipsa"]}