{"Active connections": 962, "All-time mined DUCO": 746106234.9561778, "Current difficulty": 200000, "DUCO-S1 hashrate": "1.642 GH/s", "Duco FluffySwap price": 9.659999999999999e-06, "Duco Furim price": 0.0, "Duco Node-S price": 0.0, "Duco PancakeSwap price": 8.57789e-06, "Duco SunSwap price": 0.00015538, "Duco SushiSwap price": 1.2962107682626e-05, "Duco UbeSwap price": 1.1191491992827553e-05, "Duco price": 0.00015538, "Duco price BCH": 0.0, "Duco price NANO": 0.0, "Duco price TRX": 1.38e-05, "Duco price XMG": 1.31e-06, "Duino-Coin Server API": "github.com/revoxhere/duino-coin", "Kolka": {"Banned": 5991, "Jailed": 191}, "Last block hash": "8de4bc0b3fa1580ec7f3421feb9644fc8ead02b8", "Last sync": 1721060746.1611536, "Last update": "15/07/2024 16:25:46 (UTC)", "Mined blocks": 535720273093, "Miner distribution": {"All": 18626, "Arduino": 2300, "CPU": 899, "ESP32": 8061, "ESP8266": 6015, "GPU": 0, "Other": 12, "Phone": 11, "RPi": 1157, "Web": 171}, "Net energy usage": "14.51 kW", "Open threads": 27, "Pool hashrate": "1642.404 MH/s", "Registered users": 104165, "Server CPU usage": 58.6, "Server RAM usage": 90.7, "Server version": 4.0, "Top 10 richest miners": ["248152350.57695472 DUCO - coinexchange", "81473387.50800352 DUCO - bscDUCO", "30001087.442 DUCO - AlmarRido", "24635208.6964704 DUCO - Flowen1985", "18660226.832638856 DUCO - aimbert", "18280977.178 DUCO - bimbasimba94", "16096358.288900001 DUCO - viviana80", "14847133.194062889 DUCO - ctecrypto", "14176357.968819894 DUCO - duinousa", "12721940.59109726 DUCO - QQ44142894"], "XXHASH hashrate": "0 H/s"}