{"Active connections": 1425, "All-time mined DUCO": 709345840.9000585, "Current difficulty": 75000, "DUCO-S1 hashrate": "1.97 GH/s", "Duco FluffySwap price": 1.7149999999999997e-06, "Duco Furim price": 0.0, "Duco Node-S price": 0.0, "Duco PancakeSwap price": 1.81025e-05, "Duco SunSwap price": 2.247e-05, "Duco SushiSwap price": 1.64249e-05, "Duco UbeSwap price": 2.9828006500541712e-05, "Duco price": 2.9828006500541712e-05, "Duco price BCH": 2.45e-06, "Duco price NANO": 1.66e-06, "Duco price TRX": 2.3e-06, "Duco price XMG": 0.0, "Duino-Coin Server API": "github.com/revoxhere/duino-coin", "Kolka": {"Banned": 1352, "Jailed": 122}, "Last block hash": "8de4bc0b3fa1580ec7f3421feb9644fc8ead02b8", "Last sync": 1682079783.6435921, "Last update": "21/04/2023 12:23:10 (UTC)", "Mined blocks": 389475574721, "Miner distribution": {"All": 28450, "Arduino": 3306, "CPU": 941, "ESP32": 10883, "ESP8266": 11531, "GPU": 0, "Other": 29, "Phone": 18, "RPi": 1490, "Web": 252}, "Net energy usage": "19.53 kW", "Open threads": 25, "Pool hashrate": "1970.003 MH/s", "Registered users": 91892, "Server CPU usage": 67.5, "Server RAM usage": 62.1, "Server version": 3.0, "Top 10 richest miners": ["495743830.67087966 DUCO - coinexchange", "469038366.92062265 DUCO - coinexchange", "47182544.49839266 DUCO - bscDUCO", "20119947.6942 DUCO - viviana80", "15115368.927099999 DUCO - Ochios", "12720440.559071772 DUCO - QQ44142894", "10759939.638689265 DUCO - fiorella71", "8125736.123916335 DUCO - Orion_0x43b", "7871872.756764096 DUCO - revox", "7871872.756764096 DUCO - revox"], "XXHASH hashrate": "0 H/s"}