{"Active connections": 836, "All-time mined DUCO": 146229235.52385867, "Current difficulty": 75000, "DUCO-S1 hashrate": "3.2 GH/s", "Duco FluffySwap price": 1.0955e-05, "Duco Furim price": 0.0, "Duco Node-S price": 0.0, "Duco PancakeSwap price": 5.48628e-05, "Duco SunSwap price": 4.832e-05, "Duco SushiSwap price": 6.07346e-05, "Duco UbeSwap price": 2.9153541987802427e-05, "Duco price": 6.07346e-05, "Duco price BCH": 1.564e-05, "Duco price NANO": 5.7e-06, "Duco price TRX": 5.22e-06, "Duco price XMG": 0.0, "Duino-Coin Server API": "github.com/revoxhere/duino-coin", "Kolka": {"Banned": 1154, "Jailed": 88}, "Last block hash": "8de4bc0b3fa1580ec7f3421feb9644fc8ead02b8", "Last sync": 1669077938.901391, "Last update": "22/11/2022 00:45:42 (UTC)", "Mined blocks": 307464151451, "Miner distribution": {"All": 39197, "Arduino": 4586, "CPU": 1764, "ESP32": 13928, "ESP8266": 16667, "GPU": 0, "Other": 20, "Phone": 47, "RPi": 1738, "Web": 447}, "Net energy usage": "29.35 kW", "Open threads": 23, "Pool hashrate": "3228.91 MH/s", "Registered users": 84013, "Server CPU usage": 49.4, "Server RAM usage": 38.6, "Server version": 3.0, "Top 10 richest miners": ["38495483.43978844 DUCO - bscDUCO", "24161225.43012165 DUCO - coinexchange", "20119945.00125 DUCO - viviana80", "14965341.634141278 DUCO - Ochios", "13470297.01522339 DUCO - ctecrypto", "11692429.559071772 DUCO - QQ44142894", "10759939.638689265 DUCO - fiorella71", "6700309.447541476 DUCO - lordachoo", "2567742.791300181 DUCO - RNGesus", "2368507.0 DUCO - Brunomoyses23"], "XXHASH hashrate": "0 H/s"}