{"Active connections": 1178, "All-time mined DUCO": 176477767.14815527, "Current difficulty": 75000, "DUCO-S1 hashrate": "2.4 GH/s", "Duco FluffySwap price": 2.282e-06, "Duco Furim price": 0.0, "Duco Node-S price": 0.0, "Duco PancakeSwap price": 3.74045e-05, "Duco SunSwap price": 5.671e-05, "Duco SushiSwap price": 5.68722e-06, "Duco UbeSwap price": 2.870145832641265e-05, "Duco price": 5.671e-05, "Duco price BCH": 3.26e-06, "Duco price NANO": 1.97e-06, "Duco price TRX": 4.67e-06, "Duco price XMG": 0.0, "Duino-Coin Server API": "github.com/revoxhere/duino-coin", "Kolka": {"Banned": 1237, "Jailed": 97}, "Last block hash": "8de4bc0b3fa1580ec7f3421feb9644fc8ead02b8", "Last sync": 1674398820.3692565, "Last update": "22/01/2023 14:47:04 (UTC)", "Mined blocks": 342910154880, "Miner distribution": {"All": 34060, "Arduino": 4064, "CPU": 1308, "ESP32": 12742, "ESP8266": 13907, "GPU": 0, "Other": 10, "Phone": 15, "RPi": 1651, "Web": 363}, "Net energy usage": "24.29 kW", "Open threads": 24, "Pool hashrate": "2445.51 MH/s", "Registered users": 87364, "Server CPU usage": 56.6, "Server RAM usage": 51.4, "Server version": 3.0, "Top 10 richest miners": ["88434123.43020478 DUCO - coinexchange", "40994354.110702395 DUCO - bscDUCO", "20119946.6942 DUCO - viviana80", "11692429.559071772 DUCO - QQ44142894", "10759939.638689265 DUCO - fiorella71", "8125736.123916335 DUCO - Orion_0x43b", "6812815.392617891 DUCO - lordachoo", "4965363.69527713 DUCO - Ochios", "3850971.207 DUCO - AlmarRido", "3348777.6572924075 DUCO - msdo1006"], "XXHASH hashrate": "0 H/s"}