{"Active connections": 1123, "All-time mined DUCO": 19887630.743090928, "Current difficulty": 75000, "DUCO-S1 hashrate": "1402.9 MH/s", "Duco JustSwap price": 8.525e-05, "Duco Node-S price": 2.1e-05, "Duco PancakeSwap price": 0.000471918, "Duco SushiSwap price": 0.000116574, "Duco price": 0.000471918, "Duco price BCH": 3.37e-05, "Duco price NANO": 1.32e-05, "Duco price TRX": 7.688e-05, "Duco price XMG": 0.00024895, "Duino-Coin Server API": "github.com/revoxhere/duino-coin", "Kolka": {"Banned": 754, "Jailed": 24}, "Last block hash": "2eb3f8271c", "Last sync": 1641094356.2053158, "Last update": "02/01/2022 03:32:36 (UTC)", "Mined blocks": 75366011980, "Miner distribution": {"All": 28629, "Arduino": 5716, "CPU": 3739, "ESP32": 7568, "ESP8266": 7912, "GPU": 0, "Other": 33, "Phone": 469, "RPi": 1825, "Web": 1367}, "Net energy usage": "36.17 kW", "Open threads": 21, "Pool hashrate": "1402.89 MH/s", "Registered users": 35085, "Server CPU usage": 58.4, "Server RAM usage": 31.9, "Server version": 2.7, "Top 10 richest miners": ["5209742.365079354 DUCO - bscDUCO", "530779.5372981913 DUCO - NodeSBroker", "397162.15067505674 DUCO - James_themac", "305882.64505245566 DUCO - bimbasimba94", "300520.321607231 DUCO - 52Pickup", "299601.01035819284 DUCO - bloomindark", "273374.66610234685 DUCO - miningvir", "244834.60627132887 DUCO - coinexchange", "213104.40832993755 DUCO - maticDUCO", "190582.057104081 DUCO - celoDUCO"], "XXHASH hashrate": "0 H/s"}