{"Duino-Coin Server API": "github.com/revoxhere/duino-coin", "Server version": 2.6, "Active connections": 8908, "Open threads": 25, "Server CPU usage": 60.0, "Server RAM usage": 55.5, "Last update": "16/08/2021 23:22:48 (UTC)", "Net energy usage": "38.92 kW", "Pool hashrate": "653.6561 MH/s", "DUCO-S1 hashrate": "637.7 MH/s", "XXHASH hashrate": "16.0 MH/s", "Duco price": 0.018767, "Duco price XMG": 0.01876683, "Duco price BCH": 0.00169352, "Duco price TRX": 0.00179962, "Duco price XRP": 0.0020825, "Duco price DGB": 0.00205275, "Duco price NANO": 0.00156, "Duco Node-S price": 0.018767, "Duco JustSwap price": 0.00721409, "Duco PancakeSwap price": 0.00420784, "Registered users": 20038, "All-time mined DUCO": 5787476.684682979, "Current difficulty": 451202, "Mined blocks": 10828888550, "Last block hash": "ad7c736019", "Kolka": {"Jailed": 0, "Banned": 417}, "Miner distribution": {"GPU": 0, "CPU": 3301, "RPi": 902, "ESP32": 1756, "ESP8266": 3047, "Arduino": 968, "Other": 67}, "Top 10 richest miners": ["548827.269585928 DUCO - bscDUCO", "169741.7419356001 DUCO - Bacman", "127760.47377963255 DUCO - coinexchange", "120106.99999999886 DUCO - WannaCry", "113116.78240517738 DUCO - amornlit", "101001.15586840843 DUCO - 52Pickup", "86158.58772899676 DUCO - caancom", "52516.00272244515 DUCO - zero0", "50328.99879275615 DUCO - rootbori", "50288.45762651612 DUCO - duinocrfsh"]}