{"Active connections": 953, "All-time mined DUCO": 770169637.7806538, "Current difficulty": 200000, "DUCO-S1 hashrate": "1.88 GH/s", "Duco FluffySwap price": 2.0083e-05, "Duco Furim price": 0.0, "Duco Node-S price": 0.0, "Duco PancakeSwap price": 1.31425e-05, "Duco SunSwap price": 2.742e-05, "Duco SushiSwap price": 8.987494203495e-06, "Duco UbeSwap price": 1.568e-05, "Duco price": 3.551e-05, "Duco price BCH": 0.0, "Duco price NANO": 0.0, "Duco price TRX": 2.867e-05, "Duco price XMG": 3.551e-05, "Duino-Coin Server API": "github.com/revoxhere/duino-coin", "Kolka": {"Banned": 6018, "Jailed": 189}, "Last block hash": "8de4bc0b3fa1580ec7f3421feb9644fc8ead02b8", "Last sync": 1724109321.8876271, "Last update": "19/08/2024 23:15:21 (UTC)", "Mined blocks": 544516275406, "Miner distribution": {"All": 14632, "Arduino": 1831, "CPU": 707, "ESP32": 4833, "ESP8266": 5977, "GPU": 0, "Other": 7, "Phone": 0, "RPi": 1085, "Web": 192}, "Net energy usage": "11.8 kW", "Open threads": 29, "Pool hashrate": "1880.407 MH/s", "Registered users": 105248, "Server CPU usage": 69.0, "Server RAM usage": 88.6, "Server version": 4.0, "Top 10 richest miners": ["236402105.9673155 DUCO - coinexchange", "82974997.70122527 DUCO - bscDUCO", "35576240.569 DUCO - AlmarRido", "30855598.808 DUCO - Flowen1985", "18280977.178 DUCO - bimbasimba94", "16096358.288900001 DUCO - viviana80", "14928201.08589683 DUCO - aimbert", "14847133.194062889 DUCO - ctecrypto", "12721940.665481606 DUCO - QQ44142894", "11342416.7359428 DUCO - duinousa"], "XXHASH hashrate": "0 H/s"}