{"Active connections": 729, "All-time mined DUCO": 17598696.344989423, "Current difficulty": 125000, "DUCO-S1 hashrate": "848.4 MH/s", "Duco JustSwap price": 0.00081478, "Duco Node-S price": 0.00013, "Duco PancakeSwap price": 0.000656946, "Duco SushiSwap price": 0.000469464, "Duco price": 0.00115057, "Duco price BCH": 0.0, "Duco price DGB": 0.0, "Duco price NANO": 0.000564, "Duco price RVN": 0.0, "Duco price TRX": 0.0, "Duco price XMG": 0.00112138, "Duco price XRP": 0.0, "Duino-Coin Server API": "github.com/revoxhere/duino-coin", "Kolka": {"Banned": 680, "Jailed": 24}, "Last block hash": "65b3f612d0", "Last update": "12/11/2021 11:16:58 (UTC)", "Mined blocks": 41133721311, "Miner distribution": {"All": 30926, "Arduino": 5285, "CPU": 1965, "ESP32": 10266, "ESP8266": 11565, "GPU": 0, "Other": 14, "Phone": 177, "RPi": 1105, "Web": 549}, "Net energy usage": "25.75 kW", "Open threads": 24, "Pool hashrate": "848.39 MH/s", "Registered users": 23505, "Server CPU usage": 46.7, "Server RAM usage": 38.1, "Server version": 2.7, "Top 10 richest miners": ["3507073.7036185754 DUCO - bscDUCO", "1309738.8300902192 DUCO - coinexchange", "591756.6081317749 DUCO - NodeSBroker", "351148.6726146743 DUCO - James_themac", "300520.1555491204 DUCO - 52Pickup", "188487.89104597003 DUCO - celoDUCO", "170241.13285850236 DUCO - Bacman", "123387.18511437952 DUCO - amornlit", "119999.99999999892 DUCO - rootbori", "117075.88777253377 DUCO - maticDUCO"], "XXHASH hashrate": "0 H/s"}