{"Active connections": 748, "All-time mined DUCO": 746989696.8265575, "Current difficulty": 75000, "DUCO-S1 hashrate": "2.426 GH/s", "Duco FluffySwap price": 2.716e-06, "Duco Furim price": 0.0, "Duco Node-S price": 0.0, "Duco PancakeSwap price": 5.20156e-06, "Duco SunSwap price": 0.00010586, "Duco SushiSwap price": 1.67791e-05, "Duco UbeSwap price": 2.7898752414944825e-05, "Duco price": 0.00010586, "Duco price BCH": 3.88e-06, "Duco price NANO": 1.75e-06, "Duco price TRX": 3.11e-06, "Duco price XMG": 0.0, "Duino-Coin Server API": "github.com/revoxhere/duino-coin", "Kolka": {"Banned": 1421, "Jailed": 127}, "Last block hash": "8de4bc0b3fa1580ec7f3421feb9644fc8ead02b8", "Last sync": 1686305162.086917, "Last update": "09/06/2023 10:06:04 (UTC)", "Mined blocks": 412438790344, "Miner distribution": {"All": 24201, "Arduino": 3046, "CPU": 994, "ESP32": 10189, "ESP8266": 8279, "GPU": 0, "Other": 10, "Phone": 18, "RPi": 1403, "Web": 262}, "Net energy usage": "17.76 kW", "Open threads": 23, "Pool hashrate": "2426.239 MH/s", "Registered users": 93505, "Server CPU usage": 40.7, "Server RAM usage": 38.6, "Server version": 3.0, "Top 10 richest miners": ["495743830.67087966 DUCO - coinexchange", "403879627.8021212 DUCO - coinexchange", "52590616.04439265 DUCO - bscDUCO", "20119947.6942 DUCO - viviana80", "15115368.927099999 DUCO - Ochios", "12720440.559071772 DUCO - QQ44142894", "12318628.386431899 DUCO - Flowen1985", "10978733.483800199 DUCO - Rafa2000", "10759939.638689265 DUCO - fiorella71", "8125736.123916335 DUCO - Orion_0x43b"], "XXHASH hashrate": "0 H/s"}