{"Active connections": 1249, "All-time mined DUCO": 18654359.049374375, "Current difficulty": 75000, "DUCO-S1 hashrate": "1507.5 MH/s", "Duco JustSwap price": 9.305e-05, "Duco Node-S price": 5.7e-05, "Duco PancakeSwap price": 0.000594663, "Duco SushiSwap price": 0.000356015, "Duco price": 0.000594663, "Duco price BCH": 4.223e-05, "Duco price DGB": 0.0, "Duco price NANO": 1.28e-05, "Duco price RVN": 0.0, "Duco price TRX": 9.542e-05, "Duco price XMG": 0.00024062, "Duco price XRP": 0.0, "Duino-Coin Server API": "github.com/revoxhere/duino-coin", "Kolka": {"Banned": 719, "Jailed": 24}, "Last block hash": "2eb3f8271c", "Last update": "20/12/2021 12:54:48 (UTC)", "Mined blocks": 65738534625, "Miner distribution": {"All": 38551, "Arduino": 7389, "CPU": 4209, "ESP32": 10869, "ESP8266": 12155, "GPU": 0, "Other": 19, "Phone": 442, "RPi": 2488, "Web": 980}, "Net energy usage": "43.65 kW", "Open threads": 21, "Pool hashrate": "1507.53 MH/s", "Registered users": 31164, "Server CPU usage": 55.9, "Server RAM usage": 41.6, "Server version": 2.7, "Top 10 richest miners": ["4692298.799832258 DUCO - bscDUCO", "868547.6062999706 DUCO - coinexchange", "530426.5372981913 DUCO - NodeSBroker", "397162.15067505674 DUCO - James_themac", "300520.321607231 DUCO - 52Pickup", "253729.57021125744 DUCO - bimbasimba94", "249264.804861081 DUCO - miningvir", "195544.68804099757 DUCO - maticDUCO", "188782.057104081 DUCO - celoDUCO", "170241.298916613 DUCO - Bacman"], "XXHASH hashrate": "0 H/s"}