{"Active connections": 934, "All-time mined DUCO": 748002878.0190874, "Current difficulty": 200000, "DUCO-S1 hashrate": "3.871 GH/s", "Duco FluffySwap price": 8.806e-06, "Duco Furim price": 0.0, "Duco Node-S price": 0.0, "Duco PancakeSwap price": 8.57789e-06, "Duco SunSwap price": 0.00014189, "Duco SushiSwap price": 1.2962107682626e-05, "Duco UbeSwap price": 1.1191491992827553e-05, "Duco price": 0.00016126, "Duco price BCH": 3.423e-05, "Duco price NANO": 0.00016126, "Duco price TRX": 1.26e-05, "Duco price XMG": 3.442e-05, "Duino-Coin Server API": "github.com/revoxhere/duino-coin", "Kolka": {"Banned": 5984, "Jailed": 183}, "Last block hash": "8de4bc0b3fa1580ec7f3421feb9644fc8ead02b8", "Last sync": 1720108087.9309816, "Last update": "04/07/2024 15:48:07 (UTC)", "Mined blocks": 532734018616, "Miner distribution": {"All": 18906, "Arduino": 2292, "CPU": 1002, "ESP32": 7974, "ESP8266": 6187, "GPU": 0, "Other": 7, "Phone": 26, "RPi": 1217, "Web": 201}, "Net energy usage": "15.34 kW", "Open threads": 27, "Pool hashrate": "3871.203 MH/s", "Registered users": 103787, "Server CPU usage": 60.2, "Server RAM usage": 90.6, "Server version": 4.0, "Top 10 richest miners": ["248766639.99638477 DUCO - coinexchange", "80660425.50800352 DUCO - bscDUCO", "29548849.707830127 DUCO - AlmarRido", "24635208.6964704 DUCO - Flowen1985", "22851221.472 DUCO - bimbasimba94", "20120447.6942 DUCO - viviana80", "14898397.722124139 DUCO - aimbert", "14847133.194062889 DUCO - ctecrypto", "14175840.948462965 DUCO - duinousa", "12721940.59109726 DUCO - QQ44142894"], "XXHASH hashrate": "0 H/s"}