{"Active connections": 3136, "All-time mined DUCO": 35192090.37440401, "Current difficulty": 1000000, "DUCO-S1 hashrate": "492.7 GH/s", "Duco JustSwap price": 0.00022953, "Duco Node-S price": 3.2e-05, "Duco PancakeSwap price": 9.41186e-05, "Duco SushiSwap price": 0.000209454, "Duco price": 0.00105946, "Duco price BCH": 2.97e-06, "Duco price NANO": 1.21e-05, "Duco price TRX": 8.298e-05, "Duco price XMG": 0.00105874, "Duino-Coin Server API": "github.com/revoxhere/duino-coin", "Kolka": {"Banned": 787, "Jailed": 27}, "Last block hash": "2eb3f8271c", "Last sync": 1644328875.123964, "Last update": "08/02/2022 14:01:15 (UTC)", "Mined blocks": 105402983347, "Miner distribution": {"All": 22170, "Arduino": 5337, "CPU": 4470, "ESP32": 2134, "ESP8266": 6673, "GPU": 0, "Other": 32, "Phone": 135, "RPi": 2742, "Web": 647}, "Net energy usage": "38.67 kW", "Open threads": 21, "Pool hashrate": "492744.64 MH/s", "Registered users": 55330, "Server CPU usage": 32.5, "Server RAM usage": 33.0, "Server version": 2.7, "Top 10 richest miners": ["12670384.233126624 DUCO - bscDUCO", "9990034.72420869 DUCO - miningvir", "1474518.1508699139 DUCO - coinexchange", "1428028.0598490522 DUCO - bimbasimba94", "573162.1506750567 DUCO - James_themac", "515584.80190408434 DUCO - Techno78", "356199.8636235537 DUCO - NodeSBroker", "223082.1388045149 DUCO - maticDUCO", "190624.067104081 DUCO - celoDUCO", "170241.299416613 DUCO - Bacman"], "XXHASH hashrate": "0 H/s"}