{"Active connections": 1131, "All-time mined DUCO": 76708748.53024943, "Current difficulty": 75000, "DUCO-S1 hashrate": "2.8 GH/s", "Duco Furim price": 0.0, "Duco Node-S price": 0.0, "Duco PancakeSwap price": 4.4e-05, "Duco SunSwap price": 0.000307, "Duco SushiSwap price": 3.8e-05, "Duco UbeSwap price": 2.8e-05, "Duco price": 0.000307, "Duco price BCH": 2.4e-05, "Duco price NANO": 1.9e-05, "Duco price TRX": 2e-05, "Duco price XMG": 1.5e-05, "Duino-Coin Server API": "github.com/revoxhere/duino-coin", "Kolka": {"Banned": 973, "Jailed": 80}, "Last block hash": "2eb3f8271cd947cdd6469be145558a7bcb72e0d9", "Last sync": 1661123502.239944, "Last update": "21/08/2022 23:11:43 (UTC)", "Mined blocks": 245833429950, "Miner distribution": {"All": 36671, "Arduino": 4487, "CPU": 1799, "ESP32": 13423, "ESP8266": 15390, "GPU": 0, "Other": 28, "Phone": 41, "RPi": 1105, "Web": 398}, "Net energy usage": "27.55 kW", "Open threads": 22, "Pool hashrate": "2759.43 MH/s", "Registered users": 76819, "Server CPU usage": 64.0, "Server RAM usage": 56.7, "Server version": 3.0, "Top 10 richest miners": ["42014381.686995566 DUCO - bscDUCO", "31118655.35241963 DUCO - coinexchange", "6974991.289071771 DUCO - QQ44142894", "4020878.023824653 DUCO - Demoel", "3250453.0418339167 DUCO - renderman", "2368507.0 DUCO - Brunomoyses23", "2210288.919161586 DUCO - vyrdudji", "1731858.4064241096 DUCO - Sreeramzeno", "1629999.0000002678 DUCO - AlmarRido", "1499805.486177866 DUCO - giveaways"], "XXHASH hashrate": "0 H/s"}