{"Active connections": 2591, "All-time mined DUCO": 735933353.1888831, "Current difficulty": 75000, "DUCO-S1 hashrate": "2.303 GH/s", "Duco FluffySwap price": 2.758e-06, "Duco Furim price": 0.0, "Duco Node-S price": 0.0, "Duco PancakeSwap price": 5.98115e-06, "Duco SunSwap price": 0.00012354, "Duco SushiSwap price": 1.24869e-05, "Duco UbeSwap price": 2.8285092635326694e-05, "Duco price": 0.00012354, "Duco price BCH": 3.94e-06, "Duco price NANO": 1.74e-06, "Duco price TRX": 3.11e-06, "Duco price XMG": 0.0, "Duino-Coin Server API": "github.com/revoxhere/duino-coin", "Kolka": {"Banned": 1390, "Jailed": 128}, "Last block hash": "8de4bc0b3fa1580ec7f3421feb9644fc8ead02b8", "Last sync": 1684914836.5357318, "Last update": "24/05/2023 07:54:03 (UTC)", "Mined blocks": 405608485080, "Miner distribution": {"All": 24186, "Arduino": 3029, "CPU": 1000, "ESP32": 10314, "ESP8266": 8096, "GPU": 0, "Other": 6, "Phone": 12, "RPi": 1429, "Web": 300}, "Net energy usage": "17.83 kW", "Open threads": 24, "Pool hashrate": "2302.678 MH/s", "Registered users": 93061, "Server CPU usage": 65.2, "Server RAM usage": 55.5, "Server version": 3.0, "Top 10 richest miners": ["495743830.67087966 DUCO - coinexchange", "412325201.93854386 DUCO - coinexchange", "55628983.04439265 DUCO - bscDUCO", "20119947.6942 DUCO - viviana80", "15115368.927099999 DUCO - Ochios", "12720440.559071772 DUCO - QQ44142894", "12318955.642417403 DUCO - Flowen1985", "10759939.638689265 DUCO - fiorella71", "8125736.123916335 DUCO - Orion_0x43b", "7299325.394 DUCO - revox"], "XXHASH hashrate": "0 H/s"}