{"Active connections": 1234, "All-time mined DUCO": 190208931.86694428, "Current difficulty": 75000, "DUCO-S1 hashrate": "2.5 GH/s", "Duco FluffySwap price": 2.373e-06, "Duco Furim price": 0.0, "Duco Node-S price": 0.0, "Duco PancakeSwap price": 3.40281e-05, "Duco SunSwap price": 5.814e-05, "Duco SushiSwap price": 5.89572e-06, "Duco UbeSwap price": 2.891638595203949e-05, "Duco price": 5.814e-05, "Duco price BCH": 3.39e-06, "Duco price NANO": 2.03e-06, "Duco price TRX": 4.81e-06, "Duco price XMG": 0.0, "Duino-Coin Server API": "github.com/revoxhere/duino-coin", "Kolka": {"Banned": 1254, "Jailed": 98}, "Last block hash": "8de4bc0b3fa1580ec7f3421feb9644fc8ead02b8", "Last sync": 1674848209.8397028, "Last update": "27/01/2023 19:36:53 (UTC)", "Mined blocks": 345752877284, "Miner distribution": {"All": 33578, "Arduino": 3951, "CPU": 1397, "ESP32": 12680, "ESP8266": 13559, "GPU": 0, "Other": 25, "Phone": 19, "RPi": 1584, "Web": 363}, "Net energy usage": "24.51 kW", "Open threads": 24, "Pool hashrate": "2482.09 MH/s", "Registered users": 87662, "Server CPU usage": 53.4, "Server RAM usage": 51.4, "Server version": 3.0, "Top 10 richest miners": ["82502256.15646729 DUCO - coinexchange", "41220007.34345014 DUCO - bscDUCO", "20119946.6942 DUCO - viviana80", "11692429.559071772 DUCO - QQ44142894", "10759939.638689265 DUCO - fiorella71", "8125736.123916335 DUCO - Orion_0x43b", "7695798.286 DUCO - RNGesus", "6814199.470509956 DUCO - lordachoo", "6561235.024 DUCO - saikrsa", "5637139.684 DUCO - sudoerrno"], "XXHASH hashrate": "0 H/s"}