{"Duino-Coin Server API": "github.com/revoxhere/duino-coin", "Server version": 2.6, "Active connections": 5102, "Open threads": 21, "Server CPU usage": 54.4, "Server RAM usage": 29.9, "Last update": "25/08/2021 16:14:11 (UTC)", "Net energy usage": "19.78 kW", "Pool hashrate": "5.3428 GH/s", "DUCO-S1 hashrate": "5.3 GH/s", "XXHASH hashrate": "1.1 MH/s", "Duco price": 0.01877, "Duco price XMG": 0.00244265, "Duco price BCH": 0.00129418, "Duco price TRX": 0.00043641, "Duco price XRP": 0.00117, "Duco price DGB": 0.00070497, "Duco price NANO": 0.000679, "Duco price FJC": 0.00048056, "Duco Node-S price": 0.01877, "Duco JustSwap price": 0.00310939, "Duco PancakeSwap price": 0.00314783, "Registered users": 15167, "All-time mined DUCO": 7062099.959712469, "Current difficulty": 506075, "Mined blocks": 12145830784, "Last block hash": "dec8f4a0c2", "Kolka": {"Jailed": 0, "Banned": 440}, "Miner distribution": {"GPU": 0, "CPU": 1163, "RPi": 267, "ESP32": 2110, "ESP8266": 3293, "Arduino": 0, "Other": 505}, "Top 10 richest miners": ["1265374.6409713856 DUCO - bscDUCO", "270178.1555491204 DUCO - 52Pickup", "176691.6747796326 DUCO - coinexchange", "169937.594875061 DUCO - Bacman", "113387.18511437952 DUCO - amornlit", "86278.56927084453 DUCO - caancom", "70882.76488499498 DUCO - WannaCry", "51008.886599626116 DUCO - ducodoly", "50288.45762651612 DUCO - duinocrfsh", "47119.90790638301 DUCO - chipsa"], "Active workers": {"ppppondddd": 65, "huiimanoid": 56, "Mikinik23": 51, "Hypercoin": 50, "cha505": 48, "dvircanfi1": 47, "phreeminer3": 46, "kleks": 45, "chimera": 43, "peeraponggame": 43, "samfei": 40, "nui2kesp": 39, "phat1979": 39, "sphitsa": 38, "chatchaifakon": 38, "verbatim": 37, "E29DTD": 37, "omblomid": 36, "niceuncharm": 35, "sak": 35, "phitayakorn5": 35, "ddkk21": 34, "carloalbertolab": 34, "belofond": 33, "secondprompt": 31, "leechct": 31, "tanasan10254": 30, "Porsmooth": 30, "kotum": 30, "phat2tan": 30, "PPTG": 29, "porsmooth": 28, "sinner": 27, "molibden": 27, "gekson": 27, "damrong777": 26, "memo": 26, "devtest": 26, "ubnth": 26, "cha303": 26, "pmee04": 25, "Roxxs": 25, "kheim": 25, "markotpiotr": 25, "whiskey29": 24, "shiro": 24, "palmduino": 24, "suraphon_jaiwong": 24, "shellnix2013": 24, "soy": 24, "phitayakorn": 24, "culebravelox": 23, "krpppminerD": 23, "ambrozy": 23, "plom11": 23, "thawatchai": 23, "poxe": 23, "7824DC64": 23, "TonTawan": 22, "artstab2021ino32": 22, "Benny_duino_coin_83": 22, "tubuscalo": 21, "Rotary2255": 21, "kulfon": 21, "nanticha": 21, "sakcoin": 21, "witthaya2214": 21, "icolistvn": 21, "phitayakorn3": 21, "phupph": 20, "kpminer": 20, "ittipol4998": 20, "artstab2021pi3": 20, "artstab2021a1": 20, "artstab_2021wm": 20, "thenopkung1": 20, "binq1968": 20, "ilmsg": 20, "jonestum": 20, "kroopongplay": 20, "shellnix": 19, "ridwanhadipranata": 19, "Wirulyapat": 19, "komsil": 19, "boyphone99": 19, "koksmet": 19, "mek404": 18, "zzRootzz": 18, "Istuff": 18, "kirafilipova": 18, "micro-thai": 18, "juliet77": 18, "tm99asr": 18, "TaiNoi": 18, "rpoling123": 18, "tongbodyslam": 18, "savio2228": 18, "ahmet3838": 18, "soutak": 17, "phitayakorn2": 17, "pratik98": 17, "phitayakorn4": 17, "liewbizkit": 16, "liewbizkit01": 16, "tuntumrong": 16, "farm": 16, "Tonampon": 16, "wiboon0909": 16, "nattakan": 16, "PlusMetha": 16, "Jurairat_Umi": 16, "Artstab2021": 16, "pee581": 16, "apostolis1971": 16, "xgen": 16, "taptep": 16, "ecadio": 16, "cryptogogo50": 16, "jockson_corria": 16, "narumit": 16, "minerx": 15, "DuinoCoin01": 15, "Poyynet": 15, "EP2866_2021": 15, "johnb": 15, "MinerOfMead": 15, "suradetch": 15, "kcender": 15, "gaminggod": 15, "coinfarmer": 15, "spds965": 15, "forumkip": 15, "kipcoin": 15, "koos-werkeloos": 15, "saksittle": 15, "doly007": 15, "megabyte": 14, "jamestraynor": 14, "enterpannet": 14, "brydziu": 14, "lunaris": 14, "amaterasu": 14, "nzangel": 14, "Kea": 14, "namphuzaa": 14, "antisofe": 14, "bowlings1980": 14, "lee77": 14, "ruscharis": 14, "aumsound": 14, "TheArctuss": 14, "thotsaporn": 14, "taengoo": 13, "1uttaradit": 13, "sarawut2020": 13, "Fireburn": 13, "tonikazuki": 13, "jerodj5758": 13, "didinllg": 13, "phongeneral": 13, "Siwakorn": 13, "jessicasulaiman": 13, "Agus_Ari": 13, "Jojoejagrawut": 13, "juliolanzani": 13, "Catalin": 13, "oswaldzc": 13, "pmee0404": 12, "Ferreira": 12, "chaiduinowallet": 12, "saikrsa": 12, "Vechduino": 12, "Comeafter111": 12, "pisikak": 12, "Maitree": 12, "ardiyan": 12, "zyon": 12, "ochanont4879": 12, "warmglass": 12, "catfly": 12, "Thanormsin": 12, "sorawat60": 12, "Siwadol": 12, "roninlw": 12, "gricia1": 12, "cenc21": 12, "duinominer2021": 12, "ksssssssssssssssss": 12, "pbcrypto": 12, "narumita2": 12, "decoy4ik": 12, "cm111": 12, "cointhy-python": 12, "coiner8266": 12, "coinduino": 12, "arlei_jesus": 12, "LeoGamerz": 12, "thaweesakk": 11, "eiriknord": 11, "Chealer": 11, "Betmon": 11, "sabi1980": 11, "sz-test": 11, "tikphayathai": 11, "Mobiuss": 11, "anusun": 11, "watchara_tp": 11, "manuzilla": 11, "sellywijaya": 11, "calrasihombing": 11, "hansantonioavip": 11, "AiThai": 11, "jatekung": 11, "kpnac2008": 11, "vivaman": 11, "austin": 11, "mlnteam1": 10, "computerMonk_51": 10, "liewbizkit02": 10, "rootbori": 10, "Michael46": 10, "vadash": 10, "minemint": 10, "MemoMFU": 10, "Monsit": 10, "tuejjbs": 10, "kpnac2021DAKK": 10, "fandro": 10, "skyrogib13": 10, "ajtay": 10, "meckman05": 10, "cola": 10, "c-cat": 10, "wingshotXD": 10, "nanmee007": 10, "akkharin": 10, "mdgmining3": 10, "chan289": 10, "lafa": 10, "Panupong": 10, "ALEXSONG": 10, "benz101": 10, "shadow": 10, "samon2008": 10, "kiss23840": 10, "CraftMyBuild": 10, "nee24000": 10, "phitayakorn1": 10, "ernigozebanaag": 10, "infinex": 10, "HAP466": 10, "pinitko": 10, "TorLWD": 10, "erhanakkurt": 10, "saviopereira2228": 10, "johna_1212": 10, "jpalous": 10, "m45pur": 10, "CyborgC": 10, "TheSepman": 10, "arsaruz": 10, "andy007": 10, "iew": 10, "songbkk21": 9, "chudai95": 9, "petchburi": 9, "nattawutelec": 9, "witchaphon01": 9, "elettosilva": 9, "soulending00": 9, "colymbuzzdc": 9, "chong": 9, "Baroto1002": 9, "oxa": 9, "Nattiwut": 9, "e21bnt": 9, "VIKI": 9, "FatfishTH": 9, "zalert": 9, "GVG": 9, "samurai": 9, "blackholezt": 9, "Pui3PM2": 9, "Bure89": 9, "aharrys": 9, "arzo": 9, "mahesh": 9, "phitayakorn2515": 9, "Miners_Thai": 9, "muinno": 8, "kaimining": 8, "eno_one": 8, "ratenha": 8, "bananaoxy": 8, "Jury1985": 8, "mannontachai": 8, "mrgh14": 8, "bhask_": 8, "Pkfcnf": 8, "vo010": 8, "newionic": 8, "Duino-Nat": 8, "peancharoen": 8, "sholiqin21": 8, "kanisanan": 8, "yanisar": 8, "Boywifi2021": 8, "janvdberk": 8, "dodianwar1712": 8, "BosJohan": 8, "ulim": 8, "mdgmining1": 8, "zahiltf": 8, "bread": 8, "khunaphat": 8, "The_Prophet": 8, "Akyo4": 8, "butzel": 8, "LolosGr": 8, "idea08": 8, "anusorn": 8, "nanmee008": 8, "varanese67": 8, "kimrama2": 8, "fajarkhojek": 8, "pencari_receh901": 8, "stpnp25": 8, "kenjiaa33": 8, "kenny": 8, "gracias": 8, "oreryu": 8, "m1n1s": 8, "trx21": 8, "damag3": 8, "Pattiya2021": 8, "anson1l": 8, "cardiobe": 8, "WalCraft22": 8, "Pui3PM": 8, "gp10w": 8, "AhteVirus": 8, "BenLuiz": 8, "hungdung113": 8, "Remus110": 8, "mrejata": 8, "asramm": 8, "hongtoanhuy3": 8, "TosZira": 7, "weraponn": 7, "idea07": 7, "boontaweee": 7, "tiger4646": 7, "haleem": 7, "Jefhome": 7, "hpl": 7, "earth701": 7, "Widhyarta": 7, "xlonder": 7, "shaferj": 7, "oli737": 7, "demopepo": 7, "mek402": 7, "susiloang": 7, "dwphilbrick": 7, "aoritl213": 7, "ChocChip": 7, "jonnycn": 7, "winwin": 7, "blackpixel": 7, "sirawitkc": 7, "haamter": 7, "kitipongmapakdee": 7, "Kir456": 7, "Luamesmo": 7, "hrgnw": 7, "army32265": 7, "sijinii7012": 7, "Pablomoraes81": 7, "sammie": 7, "mirko_it": 7, "pansang": 7, "telsilva": 7, "Usop2": 7, "channilee": 7, "svsgamezone": 7, "kietnguyen": 6, "llfurr": 6, "demonzago07": 6, "pejaseba": 6, "dw0912": 6, "Megaplay": 6, "kudabelangfx": 6, "akachai1526": 6, "focus2013": 6, "pongpan664": 6, "wirattheree": 6, "somemouw": 6, "Hextor73": 6, "LunarisMemo": 6, "nSGjFdeBj387oF": 6, "AE35": 6, "dm500S": 6, "hs9hmw": 6, "ekawatford103": 6, "Zan3_Aqua7": 6,