{"Active connections": 918, "All-time mined DUCO": 739268089.0813332, "Current difficulty": 200000, "DUCO-S1 hashrate": "2.116 GH/s", "Duco FluffySwap price": 0.0, "Duco Furim price": 0.0, "Duco Node-S price": 0.0, "Duco PancakeSwap price": 0.0, "Duco SunSwap price": 0.0, "Duco SushiSwap price": 0.0, "Duco UbeSwap price": 0.0, "Duco price": 0.000218, "Duco price BCH": 0.00015326, "Duco price NANO": 0.000218, "Duco price TRX": 1.159e-05, "Duco price XMG": 4.017e-05, "Duino-Coin Server API": "github.com/revoxhere/duino-coin", "Kolka": {"Banned": 5967, "Jailed": 182}, "Last block hash": "8de4bc0b3fa1580ec7f3421feb9644fc8ead02b8", "Last sync": 1718361669.2094848, "Last update": "14/06/2024 10:41:09 (UTC)", "Mined blocks": 527320503140, "Miner distribution": {"All": 18022, "Arduino": 2323, "CPU": 902, "ESP32": 7381, "ESP8266": 5899, "GPU": 0, "Other": 13, "Phone": 17, "RPi": 1278, "Web": 209}, "Net energy usage": "14.45 kW", "Open threads": 28, "Pool hashrate": "2115.767 MH/s", "Registered users": 103024, "Server CPU usage": 57.9, "Server RAM usage": 89.5, "Server version": 4.0, "Top 10 richest miners": ["250017451.17114 DUCO - coinexchange", "79430419.78550309 DUCO - bscDUCO", "30794010.456 DUCO - Flowen1985", "29547732.707830127 DUCO - AlmarRido", "20120447.6942 DUCO - viviana80", "18547185.805999998 DUCO - bimbasimba94", "14898329.948412826 DUCO - aimbert", "14846358.40729778 DUCO - ctecrypto", "12721940.59109726 DUCO - QQ44142894", "11316305.490331536 DUCO - duinousa"], "XXHASH hashrate": "0 H/s"}