{"Active connections": 732, "All-time mined DUCO": 727530499.5475534, "Current difficulty": 75000, "DUCO-S1 hashrate": "1.997 GH/s", "Duco FluffySwap price": 1.694e-06, "Duco Furim price": 0.0, "Duco Node-S price": 0.0, "Duco PancakeSwap price": 1.92341e-05, "Duco SunSwap price": 2.275e-05, "Duco SushiSwap price": 1.54125e-05, "Duco UbeSwap price": 2.9828006500541712e-05, "Duco price": 2.9828006500541712e-05, "Duco price BCH": 2.43e-06, "Duco price NANO": 1.64e-06, "Duco price TRX": 2.33e-06, "Duco price XMG": 0.0, "Duino-Coin Server API": "github.com/revoxhere/duino-coin", "Kolka": {"Banned": 1355, "Jailed": 122}, "Last block hash": "8de4bc0b3fa1580ec7f3421feb9644fc8ead02b8", "Last sync": 1682250896.5951614, "Last update": "23/04/2023 11:54:59 (UTC)", "Mined blocks": 390533558247, "Miner distribution": {"All": 27745, "Arduino": 3482, "CPU": 974, "ESP32": 10508, "ESP8266": 10958, "GPU": 0, "Other": 26, "Phone": 22, "RPi": 1524, "Web": 251}, "Net energy usage": "19.39 kW", "Open threads": 23, "Pool hashrate": "1996.838 MH/s", "Registered users": 91964, "Server CPU usage": 50.8, "Server RAM usage": 35.9, "Server version": 3.0, "Top 10 richest miners": ["495743830.67087966 DUCO - coinexchange", "463292729.4306226 DUCO - coinexchange", "47185044.49839266 DUCO - bscDUCO", "20119947.6942 DUCO - viviana80", "15115368.927099999 DUCO - Ochios", "12720440.559071772 DUCO - QQ44142894", "10759939.638689265 DUCO - fiorella71", "8125736.123916335 DUCO - Orion_0x43b", "7871872.805962789 DUCO - revox", "7871872.805962789 DUCO - revox"], "XXHASH hashrate": "0 H/s"}