{"Active connections": 1065, "All-time mined DUCO": 74544006.5625036, "Current difficulty": 75000, "DUCO-S1 hashrate": "2.9 GH/s", "Duco Furim price": 0.0, "Duco Node-S price": 0.0, "Duco PancakeSwap price": 4.4e-05, "Duco SunSwap price": 0.000316, "Duco SushiSwap price": 3.8e-05, "Duco UbeSwap price": 2.8e-05, "Duco price": 0.000317, "Duco price BCH": 2.4e-05, "Duco price NANO": 1.8e-05, "Duco price TRX": 2e-05, "Duco price XMG": 1.5e-05, "Duino-Coin Server API": "github.com/revoxhere/duino-coin", "Kolka": {"Banned": 973, "Jailed": 73}, "Last block hash": "2eb3f8271cd947cdd6469be145558a7bcb72e0d9", "Last sync": 1660982192.3227983, "Last update": "20/08/2022 07:56:34 (UTC)", "Mined blocks": 244982022473, "Miner distribution": {"All": 36054, "Arduino": 4459, "CPU": 1862, "ESP32": 12991, "ESP8266": 15101, "GPU": 0, "Other": 24, "Phone": 33, "RPi": 1155, "Web": 429}, "Net energy usage": "27.73 kW", "Open threads": 22, "Pool hashrate": "2856.56 MH/s", "Registered users": 76715, "Server CPU usage": 67.6, "Server RAM usage": 58.0, "Server version": 3.0, "Top 10 richest miners": ["41721785.119341 DUCO - bscDUCO", "33639297.029119626 DUCO - coinexchange", "6974991.289071771 DUCO - QQ44142894", "4131369.1776682963 DUCO - Demoel", "3250423.4740415 DUCO - renderman", "2368507.0 DUCO - Brunomoyses23", "2210288.9385462017 DUCO - vyrdudji", "1482324.0084821829 DUCO - maticDUCO", "1436226.401 DUCO - amornlit", "1209999.0000002678 DUCO - AlmarRido"], "XXHASH hashrate": "0 H/s"}