{"Active connections": 826, "All-time mined DUCO": 754690778.6936128, "Current difficulty": 200000, "DUCO-S1 hashrate": "1.793 GH/s", "Duco FluffySwap price": 0.0, "Duco Furim price": 0.0, "Duco Node-S price": 0.0, "Duco PancakeSwap price": 0.0, "Duco SunSwap price": 0.0, "Duco SushiSwap price": 0.0, "Duco UbeSwap price": 0.0, "Duco price": 0.00016267, "Duco price BCH": 3.32e-05, "Duco price NANO": 0.00016267, "Duco price TRX": 1.259e-05, "Duco price XMG": 3.38e-05, "Duino-Coin Server API": "github.com/revoxhere/duino-coin", "Kolka": {"Banned": 5987, "Jailed": 192}, "Last block hash": "8de4bc0b3fa1580ec7f3421feb9644fc8ead02b8", "Last sync": 1720472523.4248998, "Last update": "08/07/2024 21:02:03 (UTC)", "Mined blocks": 533883915277, "Miner distribution": {"All": 18758, "Arduino": 2292, "CPU": 1144, "ESP32": 7920, "ESP8266": 5968, "GPU": 0, "Other": 9, "Phone": 27, "RPi": 1238, "Web": 160}, "Net energy usage": "16.09 kW", "Open threads": 29, "Pool hashrate": "1793.129 MH/s", "Registered users": 103927, "Server CPU usage": 47.9, "Server RAM usage": 63.7, "Server version": 4.0, "Top 10 richest miners": ["248682318.3270948 DUCO - coinexchange", "80671925.50800352 DUCO - bscDUCO", "30001031.442 DUCO - AlmarRido", "24635208.6964704 DUCO - Flowen1985", "22851221.472 DUCO - bimbasimba94", "20120447.6942 DUCO - viviana80", "18660221.928365607 DUCO - aimbert", "14847133.194062889 DUCO - ctecrypto", "14176118.543564668 DUCO - duinousa", "12721940.59109726 DUCO - QQ44142894"], "XXHASH hashrate": "0 H/s"}