{"Active connections": 1865, "All-time mined DUCO": 39631797.029873826, "Current difficulty": 1000000, "DUCO-S1 hashrate": "5.2 GH/s", "Duco JustSwap price": 0.00021395, "Duco Node-S price": 0.0, "Duco PancakeSwap price": 9.41186e-05, "Duco SushiSwap price": 0.000209454, "Duco price": 0.00103267, "Duco price BCH": 2.8e-06, "Duco price NANO": 1.095e-05, "Duco price TRX": 4.83e-06, "Duco price XMG": 0.00102962, "Duino-Coin Server API": "github.com/revoxhere/duino-coin", "Kolka": {"Banned": 789, "Jailed": 27}, "Last block hash": "2eb3f8271cd947cdd6469be145558a7bcb72e0d9", "Last sync": 1644693660.376291, "Last update": "12/02/2022 19:21:02 (UTC)", "Mined blocks": 107477785690, "Miner distribution": {"All": 37250, "Arduino": 6536, "CPU": 4383, "ESP32": 10314, "ESP8266": 12111, "GPU": 0, "Other": 8, "Phone": 398, "RPi": 2626, "Web": 874}, "Net energy usage": "44.45 kW", "Open threads": 21, "Pool hashrate": "5230.88 MH/s", "Registered users": 56558, "Server CPU usage": 41.6, "Server RAM usage": 45.6, "Server version": 2.7, "Top 10 richest miners": ["15201306.56560666 DUCO - bscDUCO", "10000000.0 DUCO - miningvir", "2551214.218152494 DUCO - bimbasimba94", "2284689.8628699137 DUCO - coinexchange", "1209837.627673189 DUCO - James_themac", "716382.2725857766 DUCO - Ochios", "546894.0520809168 DUCO - xdeceptionx", "288465.70492387784 DUCO - NGX", "229121.5598188949 DUCO - maticDUCO", "190624.067104081 DUCO - celoDUCO"], "XXHASH hashrate": "0 H/s"}