{"Active connections": 820, "All-time mined DUCO": 71533750.66150759, "Current difficulty": 1000000, "DUCO-S1 hashrate": "3.0 GH/s", "Duco Furim price": 0.0, "Duco Node-S price": 0.0, "Duco PancakeSwap price": 4.5e-05, "Duco SunSwap price": 0.003543, "Duco SushiSwap price": 2e-05, "Duco UbeSwap price": 3.5e-05, "Duco price": 0.003547, "Duco price BCH": 3e-05, "Duco price NANO": 2.3e-05, "Duco price TRX": 1.9e-05, "Duco price XMG": 0.000125, "Duino-Coin Server API": "github.com/revoxhere/duino-coin", "Kolka": {"Banned": 941, "Jailed": 68}, "Last block hash": "2eb3f8271cd947cdd6469be145558a7bcb72e0d9", "Last sync": 1659475276.4547296, "Last update": "02/08/2022 21:21:18 (UTC)", "Mined blocks": 235412983569, "Miner distribution": {"All": 36292, "Arduino": 4678, "CPU": 2440, "ESP32": 12520, "ESP8266": 14832, "GPU": 0, "Other": 49, "Phone": 99, "RPi": 1268, "Web": 406}, "Net energy usage": "31.26 kW", "Open threads": 22, "Pool hashrate": "2977.98 MH/s", "Registered users": 75515, "Server CPU usage": 35.5, "Server RAM usage": 28.9, "Server version": 3.2, "Top 10 richest miners": ["43673861.066675976 DUCO - coinexchange", "40380123.75368917 DUCO - bscDUCO", "7753983.318280362 DUCO - ctecrypto", "6974991.289071771 DUCO - QQ44142894", "4626605.216 DUCO - RNGesus", "2865692.091702106 DUCO - renderman", "2368507.0 DUCO - Brunomoyses23", "2210288.9385462017 DUCO - vyrdudji", "1471771.237242621 DUCO - siberia21", "1436300.074878601 DUCO - maticDUCO"], "XXHASH hashrate": "0 H/s"}