{"Active connections": 1699, "All-time mined DUCO": 18953607.33866616, "Current difficulty": 125000, "DUCO-S1 hashrate": "1349.6 MH/s", "Duco JustSwap price": 0.00031492, "Duco Node-S price": 0.00013, "Duco PancakeSwap price": 0.00080574, "Duco SushiSwap price": 0.000282931, "Duco price": 0.0016102, "Duco price BCH": 0.00030099, "Duco price DGB": 0.0, "Duco price NANO": 0.00012825, "Duco price RVN": 0.0, "Duco price TRX": 0.00034181, "Duco price XMG": 0.00160639, "Duco price XRP": 0.0, "Duino-Coin Server API": "github.com/revoxhere/duino-coin", "Kolka": {"Banned": 700, "Jailed": 24}, "Last block hash": "2eb3f8271c", "Last update": "24/11/2021 22:13:52 (UTC)", "Mined blocks": 47458790111, "Miner distribution": {"All": 36948, "Arduino": 6485, "CPU": 3644, "ESP32": 11289, "ESP8266": 12518, "GPU": 0, "Other": 42, "Phone": 434, "RPi": 2041, "Web": 495}, "Net energy usage": "39.02 kW", "Open threads": 24, "Pool hashrate": "1349.56 MH/s", "Registered users": 26013, "Server CPU usage": 51.7, "Server RAM usage": 39.3, "Server version": 2.7, "Top 10 richest miners": ["3519443.2760353256 DUCO - bscDUCO", "1292167.9181483292 DUCO - coinexchange", "591807.6749362791 DUCO - NodeSBroker", "351150.3267370898 DUCO - James_themac", "300520.32160723105 DUCO - 52Pickup", "253351.80820218768 DUCO - bimbasimba94", "188488.05710408065 DUCO - celoDUCO", "170241.29891661298 DUCO - Bacman", "142193.5496000892 DUCO - maticDUCO", "119999.99999999892 DUCO - rootbori"], "XXHASH hashrate": "0 H/s"}