{"Duino-Coin Server API": "github.com/revoxhere/duino-coin", "Server version": 2.7, "Active connections": 43016, "Open threads": 23, "Server CPU usage": 46.5, "Server RAM usage": 68.1, "Last update": "18/10/2021 11:12:29 (UTC)", "Net energy usage": "37.75 kW", "Pool hashrate": "1265.2 MH/s", "DUCO-S1 hashrate": "1265.2 MH/s", "XXHASH hashrate": "0 H/s", "Duco price": 0.0024596, "Duco price XMG": 0.0024596, "Duco price BCH": 0.00054868, "Duco price RVN": 0.00068134, "Duco price TRX": 0.00067978, "Duco price XRP": 0.00022708, "Duco price DGB": 0.00075583, "Duco price NANO": 0.00075725, "Duco price FJC": 0.00075, "Duco Node-S price": 5.1e-05, "Duco JustSwap price": 0.00067542, "Duco PancakeSwap price": 0.000691645, "Duco SushiSwap price": 0.000756806, "Registered users": 20826, "All-time mined DUCO": 14872852.839193754, "Current difficulty": 125000, "Mined blocks": 29516933595, "Last block hash": "f0e2290122", "Kolka": {"Jailed": 48, "Banned": 1338}, "Miner distribution": {"GPU": 0, "CPU": 3505, "RPi": 1967, "Phone": 150, "Web": 1050, "ESP32": 10551, "ESP8266": 11849, "Arduino": 5836, "Other": 247, "All": 35155}, "Top 10 richest miners": ["2815557.0873532677 DUCO - bscDUCO", "588139.9760101221 DUCO - NodeSBroker", "521520.1555491204 DUCO - 52Pickup", "463422.32009022025 DUCO - coinexchange", "400506.60180377855 DUCO - James_themac", "177887.10104597002 DUCO - celoDUCO", "170240.13285850236 DUCO - Bacman", "123387.18511437952 DUCO - amornlit", "121685.90546844892 DUCO - rootbori", "87937.43666558695 DUCO - caancom"]}