{"Active connections": 4449, "All-time mined DUCO": 18869968.601350598, "Current difficulty": 75000, "DUCO-S1 hashrate": "1057.2 MH/s", "Duco JustSwap price": 9.642e-05, "Duco Node-S price": 2.1e-05, "Duco PancakeSwap price": 0.000594663, "Duco SushiSwap price": 0.000356015, "Duco price": 0.000594663, "Duco price BCH": 4.371e-05, "Duco price DGB": 0.0, "Duco price NANO": 1.372e-05, "Duco price RVN": 0.0, "Duco price TRX": 9.887e-05, "Duco price XMG": 0.00025616, "Duco price XRP": 0.0, "Duino-Coin Server API": "github.com/revoxhere/duino-coin", "Kolka": {"Banned": 720, "Jailed": 24}, "Last block hash": "2eb3f8271c", "Last update": "22/12/2021 01:18:26 (UTC)", "Mined blocks": 66901796131, "Miner distribution": {"All": 24384, "Arduino": 5335, "CPU": 3165, "ESP32": 6170, "ESP8266": 6786, "GPU": 0, "Other": 9, "Phone": 189, "RPi": 1940, "Web": 790}, "Net energy usage": "30.94 kW", "Open threads": 21, "Pool hashrate": "1057.16 MH/s", "Registered users": 31342, "Server CPU usage": 74.9, "Server RAM usage": 44.3, "Server version": 2.7, "Top 10 richest miners": ["4706658.593935322 DUCO - bscDUCO", "869298.0562999706 DUCO - coinexchange", "530426.5372981913 DUCO - NodeSBroker", "397162.15067505674 DUCO - James_themac", "300520.321607231 DUCO - 52Pickup", "253793.76268865055 DUCO - bimbasimba94", "249264.804861081 DUCO - miningvir", "198922.65397534758 DUCO - maticDUCO", "190582.057104081 DUCO - celoDUCO", "170241.298916613 DUCO - Bacman"], "XXHASH hashrate": "0 H/s"}