{"Active connections": 1327, "All-time mined DUCO": 85566446.90803026, "Current difficulty": 75000, "DUCO-S1 hashrate": "3.0 GH/s", "Duco FluffySwap price": 3e-05, "Duco Furim price": 0.0, "Duco Node-S price": 0.0, "Duco PancakeSwap price": 4.3e-05, "Duco SunSwap price": 0.000159, "Duco SushiSwap price": 1.8e-05, "Duco UbeSwap price": 2.9e-05, "Duco price": 0.000351, "Duco price BCH": 4.3e-05, "Duco price NANO": 2.8e-05, "Duco price TRX": 2.9e-05, "Duco price XMG": 0.000351, "Duino-Coin Server API": "github.com/revoxhere/duino-coin", "Kolka": {"Banned": 1013, "Jailed": 80}, "Last block hash": "2eb3f8271cd947cdd6469be145558a7bcb72e0d9", "Last sync": 1662939294.533122, "Last update": "11/09/2022 23:34:55 (UTC)", "Mined blocks": 258880772957, "Miner distribution": {"All": 38870, "Arduino": 4601, "CPU": 2197, "ESP32": 14123, "ESP8266": 16238, "GPU": 0, "Other": 15, "Phone": 82, "RPi": 1124, "Web": 490}, "Net energy usage": "30.9 kW", "Open threads": 22, "Pool hashrate": "3026.81 MH/s", "Registered users": 78427, "Server CPU usage": 42.7, "Server RAM usage": 60.6, "Server version": 3.0, "Top 10 richest miners": ["41356648.77551492 DUCO - bscDUCO", "23449326.072275538 DUCO - coinexchange", "15964250.693 DUCO - Ochios", "6974991.289071771 DUCO - QQ44142894", "3718403.380645542 DUCO - ctecrypto", "2368507.0 DUCO - Brunomoyses23", "2277274.7290055677 DUCO - renderman", "2210288.919161586 DUCO - vyrdudji", "1650157.749758342 DUCO - Flowen1985", "1602402.0314821827 DUCO - maticDUCO"], "XXHASH hashrate": "0 H/s"}