{"Active connections": 2266, "All-time mined DUCO": 21586291.833181832, "Current difficulty": 1000000, "DUCO-S1 hashrate": "5145.5 MH/s", "Duco JustSwap price": 0.0002055, "Duco Node-S price": 2.1e-05, "Duco PancakeSwap price": 0.000322114, "Duco SushiSwap price": 0.000650466, "Duco price": 0.00119776, "Duco price BCH": 1.393e-05, "Duco price NANO": 9.15e-06, "Duco price TRX": 6.883e-05, "Duco price XMG": 0.00118656, "Duino-Coin Server API": "github.com/revoxhere/duino-coin", "Kolka": {"Banned": 775, "Jailed": 26}, "Last block hash": "2eb3f8271c", "Last sync": 1643058862.3893743, "Last update": "24/01/2022 21:14:22 (UTC)", "Mined blocks": 93280001619, "Miner distribution": {"All": 41308, "Arduino": 7379, "CPU": 5315, "ESP32": 10871, "ESP8266": 12905, "GPU": 0, "Other": 54, "Phone": 479, "RPi": 3009, "Web": 1296}, "Net energy usage": "52.18 kW", "Open threads": 21, "Pool hashrate": "5145.49 MH/s", "Registered users": 50525, "Server CPU usage": 50.6, "Server RAM usage": 42.9, "Server version": 2.7, "Top 10 richest miners": ["8092893.595051807 DUCO - bscDUCO", "611838.3908694914 DUCO - coinexchange", "600502.3978034224 DUCO - bimbasimba94", "531453.0320085537 DUCO - NodeSBroker", "397162.15067505674 DUCO - James_themac", "209702.79401684398 DUCO - maticDUCO", "190596.067104081 DUCO - celoDUCO", "170241.299416613 DUCO - Bacman", "160215.01118671388 DUCO - RNGesus", "140000.53560568305 DUCO - haxorcitoz"], "XXHASH hashrate": "0 H/s"}