{"Active connections": 7704, "All-time mined DUCO": 18661539.773505606, "Current difficulty": 125000, "DUCO-S1 hashrate": "1287.9 MH/s", "Duco JustSwap price": 0.0003301, "Duco Node-S price": 5.1e-05, "Duco PancakeSwap price": 0.000656946, "Duco SushiSwap price": 0.000469464, "Duco price": 0.00105098, "Duco price BCH": 0.00028, "Duco price DGB": 0.0, "Duco price NANO": 0.0001827, "Duco price RVN": 0.0, "Duco price TRX": 0.00035828, "Duco price XMG": 0.00059964, "Duco price XRP": 0.0, "Duino-Coin Server API": "github.com/revoxhere/duino-coin", "Kolka": {"Banned": 697, "Jailed": 24}, "Last block hash": "2eb3f8271c", "Last update": "22/11/2021 05:06:29 (UTC)", "Mined blocks": 45979454804, "Miner distribution": {"All": 36135, "Arduino": 6177, "CPU": 3647, "ESP32": 10926, "ESP8266": 12430, "GPU": 0, "Other": 44, "Phone": 438, "RPi": 2014, "Web": 459}, "Net energy usage": "38.71 kW", "Open threads": 24, "Pool hashrate": "1287.88 MH/s", "Registered users": 25502, "Server CPU usage": 49.6, "Server RAM usage": 52.4, "Server version": 2.7, "Top 10 richest miners": ["3448282.4678958817 DUCO - bscDUCO", "1283080.0320902192 DUCO - coinexchange", "591776.703081775 DUCO - NodeSBroker", "351150.1606789791 DUCO - James_themac", "300520.1555491204 DUCO - 52Pickup", "240243.74220309537 DUCO - bimbasimba94", "188487.89104597003 DUCO - celoDUCO", "170241.13285850236 DUCO - Bacman", "142860.15591238916 DUCO - maticDUCO", "123387.18511437952 DUCO - amornlit"], "XXHASH hashrate": "0 H/s"}