{"Active connections": 1074, "All-time mined DUCO": 735998828.832186, "Current difficulty": 200000, "DUCO-S1 hashrate": "2.417 GH/s", "Duco FluffySwap price": 7.826e-06, "Duco Furim price": 0.0, "Duco Node-S price": 0.0, "Duco PancakeSwap price": 8.57789e-06, "Duco SunSwap price": 9.094e-05, "Duco SushiSwap price": 1.2962107682626e-05, "Duco UbeSwap price": 1.1191491992827553e-05, "Duco price": 0.000256, "Duco price BCH": 0.00015906, "Duco price NANO": 0.000256, "Duco price TRX": 1.118e-05, "Duco price XMG": 4.04e-05, "Duino-Coin Server API": "github.com/revoxhere/duino-coin", "Kolka": {"Banned": 5949, "Jailed": 182}, "Last block hash": "8de4bc0b3fa1580ec7f3421feb9644fc8ead02b8", "Last sync": 1717170948.0179124, "Last update": "31/05/2024 15:55:48 (UTC)", "Mined blocks": 523680684173, "Miner distribution": {"All": 18096, "Arduino": 2251, "CPU": 938, "ESP32": 7397, "ESP8266": 6101, "GPU": 0, "Other": 11, "Phone": 18, "RPi": 1224, "Web": 156}, "Net energy usage": "14.62 kW", "Open threads": 27, "Pool hashrate": "2417.353 MH/s", "Registered users": 102488, "Server CPU usage": 56.9, "Server RAM usage": 91.5, "Server version": 4.0, "Top 10 richest miners": ["79023409.78550309 DUCO - bscDUCO", "30792510.456 DUCO - Flowen1985", "30547607.40829605 DUCO - AlmarRido", "20119947.6942 DUCO - viviana80", "18545685.805999998 DUCO - bimbasimba94", "14898326.669402188 DUCO - aimbert", "14843908.059111722 DUCO - ctecrypto", "12720440.585598174 DUCO - QQ44142894", "11315561.087075591 DUCO - duinousa", "10759939.638689265 DUCO - fiorella71"], "XXHASH hashrate": "0 H/s"}