{"Active connections": 1379, "All-time mined DUCO": 55640083.40901858, "Current difficulty": 1000000, "DUCO-S1 hashrate": "3.8 GH/s", "Duco Furim price": 0.0, "Duco Node-S price": 0.0, "Duco PancakeSwap price": 5.2e-05, "Duco SunSwap price": 9.7e-05, "Duco SushiSwap price": 5.9e-05, "Duco price": 9.8e-05, "Duco price BCH": 7e-06, "Duco price NANO": 3.8e-05, "Duco price TRX": 6e-06, "Duco price XMG": 0.0, "Duino-Coin Server API": "github.com/revoxhere/duino-coin", "Kolka": {"Banned": 683, "Jailed": 34}, "Last block hash": "2eb3f8271cd947cdd6469be145558a7bcb72e0d9", "Last sync": 1650040014.1808934, "Last update": "15/04/2022 16:26:55 (UTC)", "Mined blocks": 155503279874, "Miner distribution": {"All": 38985, "Arduino": 5990, "CPU": 3252, "ESP32": 12603, "ESP8266": 14667, "GPU": 0, "Other": 53, "Phone": 145, "RPi": 1874, "Web": 401}, "Net energy usage": "37.61 kW", "Open threads": 21, "Pool hashrate": "3801.87 MH/s", "Registered users": 69297, "Server CPU usage": 64.5, "Server RAM usage": 44.9, "Server version": 3.0, "Top 10 richest miners": ["22640348.20590838 DUCO - bscDUCO", "7548549.914401649 DUCO - Ochios", "3847587.842030468 DUCO - coinexchange", "3507871.7163266083 DUCO - Demoel", "3250098.6952358535 DUCO - miyan001", "2000299.9955040237 DUCO - varanese67", "1935344.2748668697 DUCO - QQ44142894", "1236447.4016057178 DUCO - maticDUCO", "1209838.627673189 DUCO - James_themac", "1200001.40117249 DUCO - amornlit"], "XXHASH hashrate": "0 H/s"}