{"Active connections": 1337, "All-time mined DUCO": 90813619.3431764, "Current difficulty": 75000, "DUCO-S1 hashrate": "2.3 GH/s", "Duco Furim price": 0.0, "Duco Node-S price": 0.0, "Duco PancakeSwap price": 4.7e-05, "Duco SunSwap price": 0.0002, "Duco SushiSwap price": 1.9e-05, "Duco UbeSwap price": 2.8e-05, "Duco price": 0.000205, "Duco price BCH": 2.7e-05, "Duco price NANO": 1.9e-05, "Duco price TRX": 2e-05, "Duco price XMG": 1.5e-05, "Duino-Coin Server API": "github.com/revoxhere/duino-coin", "Kolka": {"Banned": 976, "Jailed": 80}, "Last block hash": "2eb3f8271cd947cdd6469be145558a7bcb72e0d9", "Last sync": 1661366401.8505216, "Last update": "24/08/2022 18:40:05 (UTC)", "Mined blocks": 247334545472, "Miner distribution": {"All": 29654, "Arduino": 3544, "CPU": 1549, "ESP32": 11357, "ESP8266": 11806, "GPU": 0, "Other": 25, "Phone": 27, "RPi": 914, "Web": 432}, "Net energy usage": "22.87 kW", "Open threads": 22, "Pool hashrate": "2319.32 MH/s", "Registered users": 76998, "Server CPU usage": 45.1, "Server RAM usage": 54.9, "Server version": 3.0, "Top 10 richest miners": ["42017775.686995566 DUCO - bscDUCO", "28998134.45241963 DUCO - coinexchange", "15964250.693 DUCO - Ochios", "6974991.289071771 DUCO - QQ44142894", "4020893.621479073 DUCO - Demoel", "3249883.7381142965 DUCO - renderman", "2679999.0000002678 DUCO - AlmarRido", "2368507.0 DUCO - Brunomoyses23", "2210288.919161586 DUCO - vyrdudji", "1501589.0084821829 DUCO - maticDUCO"], "XXHASH hashrate": "0 H/s"}