{"Active connections": 968, "All-time mined DUCO": 78686436.22108969, "Current difficulty": 1000000, "DUCO-S1 hashrate": "3.2 GH/s", "Duco Furim price": 0.0, "Duco Node-S price": 0.0, "Duco PancakeSwap price": 2e-05, "Duco SunSwap price": 4.1e-05, "Duco SushiSwap price": 1.1e-05, "Duco UbeSwap price": 2.8e-05, "Duco price": 4.2e-05, "Duco price BCH": 2e-06, "Duco price NANO": 1.3e-05, "Duco price TRX": 9e-06, "Duco price XMG": 0.0, "Duino-Coin Server API": "github.com/revoxhere/duino-coin", "Kolka": {"Banned": 892, "Jailed": 49}, "Last block hash": "2eb3f8271cd947cdd6469be145558a7bcb72e0d9", "Last sync": 1655364436.2793112, "Last update": "16/06/2022 07:27:19 (UTC)", "Mined blocks": 202764630807, "Miner distribution": {"All": 38858, "Arduino": 4905, "CPU": 2642, "ESP32": 13398, "ESP8266": 15868, "GPU": 0, "Other": 64, "Phone": 94, "RPi": 1606, "Web": 281}, "Net energy usage": "33.9 kW", "Open threads": 21, "Pool hashrate": "3214.76 MH/s", "Registered users": 76816, "Server CPU usage": 38.9, "Server RAM usage": 55.7, "Server version": 3.0, "Top 10 richest miners": ["38879607.9766174 DUCO - bscDUCO", "16779508.4 DUCO - Ochios", "7751551.268956882 DUCO - ctecrypto", "6974991.289071771 DUCO - QQ44142894", "5202139.724818867 DUCO - renderman", "5000100.0 DUCO - Yookzs", "4920075.4133966975 DUCO - coinexchange", "4006511.999216166 DUCO - Demoel", "2210288.9385462017 DUCO - vyrdudji", "2041478.3138396414 DUCO - CryptSino_Exchange"], "XXHASH hashrate": "0 H/s"}