{"Duino-Coin Server API": "github.com/revoxhere/duino-coin", "Server version": 2.6, "Active connections": 8291, "Open threads": 25, "Server CPU usage": 65.5, "Server RAM usage": 49.2, "Last update": "16/08/2021 15:48:47 (UTC)", "Net energy usage": "9.36 kW", "Pool hashrate": "161.9561 MH/s", "DUCO-S1 hashrate": "158.1 MH/s", "XXHASH hashrate": "3.8 MH/s", "Duco price": 0.018767, "Duco price XMG": 0.01876683, "Duco price BCH": 0.00171165, "Duco price TRX": 0.00184154, "Duco price XRP": 0.0021525, "Duco price DGB": 0.00210735, "Duco Node-S price": 0.018767, "Duco JustSwap price": 0.00738213, "Duco PancakeSwap price": 0.00420784, "Registered users": 19994, "All-time mined DUCO": 5725495.983381794, "Current difficulty": 449713, "Mined blocks": 10793103204, "Last block hash": "1fb2bc74cb", "Kolka": {"Jailed": 0, "Banned": 417}, "Miner distribution": {"GPU": 0, "CPU": 459, "RPi": 199, "ESP32": 1551, "ESP8266": 2264, "Arduino": 567, "Other": 63}, "Top 10 richest miners": ["544868.1045703879 DUCO - bscDUCO", "169738.28114064544 DUCO - Bacman", "113110.20646442361 DUCO - amornlit", "107496.36377963255 DUCO - coinexchange", "100107.99999999886 DUCO - WannaCry", "100101.13453716449 DUCO - 52Pickup", "86151.55023636225 DUCO - caancom", "50328.93139333234 DUCO - rootbori", "50288.45762651612 DUCO - duinocrfsh", "47119.90790638301 DUCO - chipsa"]}