{"Active connections": 1323, "All-time mined DUCO": 175971997.5003565, "Current difficulty": 75000, "DUCO-S1 hashrate": "2.6 GH/s", "Duco FluffySwap price": 1.1298000000000001e-05, "Duco Furim price": 0.0, "Duco Node-S price": 0.0, "Duco PancakeSwap price": 5.3311e-05, "Duco SunSwap price": 5.131e-05, "Duco SushiSwap price": 1.59499e-05, "Duco UbeSwap price": 2.931300785709489e-05, "Duco price": 5.3311e-05, "Duco price BCH": 1.611e-05, "Duco price NANO": 7.67e-06, "Duco price TRX": 5.61e-06, "Duco price XMG": 0.0, "Duino-Coin Server API": "github.com/revoxhere/duino-coin", "Kolka": {"Banned": 1196, "Jailed": 92}, "Last block hash": "8de4bc0b3fa1580ec7f3421feb9644fc8ead02b8", "Last sync": 1671178520.7712872, "Last update": "16/12/2022 08:15:22 (UTC)", "Mined blocks": 322263123120, "Miner distribution": {"All": 33441, "Arduino": 3601, "CPU": 1335, "ESP32": 12764, "ESP8266": 13645, "GPU": 0, "Other": 21, "Phone": 36, "RPi": 1702, "Web": 337}, "Net energy usage": "24.32 kW", "Open threads": 24, "Pool hashrate": "2591.08 MH/s", "Registered users": 85413, "Server CPU usage": 44.8, "Server RAM usage": 53.8, "Server version": 3.0, "Top 10 richest miners": ["38975664.63978844 DUCO - bscDUCO", "20119945.00125 DUCO - viviana80", "14965353.225385074 DUCO - Ochios", "13674031.754786829 DUCO - ctecrypto", "11692429.559071772 DUCO - QQ44142894", "10759939.638689265 DUCO - fiorella71", "8125711.682346187 DUCO - Orion_0x43b", "4267666.823 DUCO - Demoel", "4094239.3669 DUCO - AlmarRido", "2415272.177863322 DUCO - msdo1006"], "XXHASH hashrate": "0 H/s"}