{"Active connections": 4904, "All-time mined DUCO": 17845075.018247094, "Current difficulty": 125000, "DUCO-S1 hashrate": "1070.0 MH/s", "Duco JustSwap price": 0.00049941, "Duco Node-S price": 5.1e-05, "Duco PancakeSwap price": 0.000656946, "Duco SushiSwap price": 0.000469464, "Duco price": 0.00139083, "Duco price BCH": 0.0, "Duco price DGB": 0.0, "Duco price NANO": 0.00043575, "Duco price RVN": 0.0, "Duco price TRX": 0.0, "Duco price XMG": 0.00116095, "Duco price XRP": 0.0, "Duino-Coin Server API": "github.com/revoxhere/duino-coin", "Kolka": {"Banned": 685, "Jailed": 24}, "Last block hash": "2eb3f8271c", "Last update": "15/11/2021 09:32:38 (UTC)", "Mined blocks": 42256326284, "Miner distribution": {"All": 32907, "Arduino": 5968, "CPU": 2652, "ESP32": 10228, "ESP8266": 12066, "GPU": 0, "Other": 24, "Phone": 273, "RPi": 1696, "Web": 0}, "Net energy usage": "30.93 kW", "Open threads": 24, "Pool hashrate": "1069.99 MH/s", "Registered users": 24085, "Server CPU usage": 44.2, "Server RAM usage": 43.2, "Server version": 2.7, "Top 10 richest miners": ["3548517.5086438693 DUCO - bscDUCO", "1287088.6900902193 DUCO - coinexchange", "591776.628131775 DUCO - NodeSBroker", "351150.1606789791 DUCO - James_themac", "300520.1555491204 DUCO - 52Pickup", "188487.89104597003 DUCO - celoDUCO", "170241.13285850236 DUCO - Bacman", "123387.18511437952 DUCO - amornlit", "119999.99999999892 DUCO - rootbori", "119819.10142340376 DUCO - maticDUCO"], "XXHASH hashrate": "0 H/s"}