{"Active connections": 977, "All-time mined DUCO": 87159319.33450538, "Current difficulty": 1000000, "DUCO-S1 hashrate": "3.0 GH/s", "Duco Furim price": 0.0, "Duco Node-S price": 0.0, "Duco PancakeSwap price": 2.3e-05, "Duco SunSwap price": 4.3e-05, "Duco SushiSwap price": 1.3e-05, "Duco UbeSwap price": 2.8e-05, "Duco price": 0.000117, "Duco price BCH": 1.3e-05, "Duco price NANO": 1.2e-05, "Duco price TRX": 1.6e-05, "Duco price XMG": 0.000117, "Duino-Coin Server API": "github.com/revoxhere/duino-coin", "Kolka": {"Banned": 933, "Jailed": 56}, "Last block hash": "2eb3f8271cd947cdd6469be145558a7bcb72e0d9", "Last sync": 1656504837.4066675, "Last update": "29/06/2022 12:13:58 (UTC)", "Mined blocks": 212493535233, "Miner distribution": {"All": 37542, "Arduino": 4960, "CPU": 2276, "ESP32": 12932, "ESP8266": 15458, "GPU": 0, "Other": 88, "Phone": 61, "RPi": 1509, "Web": 258}, "Net energy usage": "31.03 kW", "Open threads": 21, "Pool hashrate": "3043.95 MH/s", "Registered users": 73280, "Server CPU usage": 36.5, "Server RAM usage": 37.8, "Server version": 3.0, "Top 10 richest miners": ["35609168.27531917 DUCO - bscDUCO", "16868013.00251215 DUCO - Ochios", "7752728.473420199 DUCO - ctecrypto", "6974991.289071771 DUCO - QQ44142894", "5759209.004743463 DUCO - renderman", "4341438.273396698 DUCO - coinexchange", "4006678.400397697 DUCO - Demoel", "2368507.0 DUCO - Brunomoyses23", "2210288.9385462017 DUCO - vyrdudji", "2070152.565 DUCO - CryptSino_Exchange"], "XXHASH hashrate": "0 H/s"}