{"Active connections": 947, "All-time mined DUCO": 1071625253.1308817, "Current difficulty": 75000, "DUCO-S1 hashrate": "1.567 GH/s", "Duco FluffySwap price": 3.5419999999999997e-06, "Duco Furim price": 0.0, "Duco Node-S price": 0.0, "Duco PancakeSwap price": 1.19672e-05, "Duco SunSwap price": 0.00010987, "Duco SushiSwap price": 1.85117e-05, "Duco UbeSwap price": 2.7898752414944825e-05, "Duco price": 0.00010987, "Duco price BCH": 5.05e-06, "Duco price NANO": 1.1e-06, "Duco price TRX": 1.61e-06, "Duco price XMG": 0.0, "Duino-Coin Server API": "github.com/revoxhere/duino-coin", "Kolka": {"Banned": 5511, "Jailed": 144}, "Last block hash": "8de4bc0b3fa1580ec7f3421feb9644fc8ead02b8", "Last sync": 1689456136.265037, "Last update": "15/07/2023 21:22:19 (UTC)", "Mined blocks": 427543331402, "Miner distribution": {"All": 19344, "Arduino": 2169, "CPU": 613, "ESP32": 8462, "ESP8266": 7115, "GPU": 0, "Other": 11, "Phone": 7, "RPi": 967, "Web": 0}, "Net energy usage": "12.9 kW", "Open threads": 24, "Pool hashrate": "1567.012 MH/s", "Registered users": 94379, "Server CPU usage": 38.9, "Server RAM usage": 53.3, "Server version": 3.0, "Top 10 richest miners": ["495743830.67087966 DUCO - coinexchange", "385233880.9088502 DUCO - coinexchange", "50363867.80947695 DUCO - bscDUCO", "36165869.197 DUCO - AlmarRido", "24326348.334 DUCO - Flowen1985", "20119947.6942 DUCO - viviana80", "15110368.927099999 DUCO - Ochios", "14264497.326 DUCO - bimbasimba94", "12720440.559071772 DUCO - QQ44142894", "11661066.767301945 DUCO - ctecrypto"], "XXHASH hashrate": "0 H/s"}