{"Active connections": 1100, "All-time mined DUCO": 746659963.3730029, "Current difficulty": 200000, "DUCO-S1 hashrate": "1.533 GH/s", "Duco FluffySwap price": 9.338e-06, "Duco Furim price": 0.0, "Duco Node-S price": 0.0, "Duco PancakeSwap price": 8.57789e-06, "Duco SunSwap price": 2.552e-05, "Duco SushiSwap price": 1.2962107682626e-05, "Duco UbeSwap price": 1.1191491992827553e-05, "Duco price": 2.552e-05, "Duco price BCH": 0.0, "Duco price NANO": 0.0, "Duco price TRX": 1.334e-05, "Duco price XMG": 1.31e-06, "Duino-Coin Server API": "github.com/revoxhere/duino-coin", "Kolka": {"Banned": 5991, "Jailed": 191}, "Last block hash": "8de4bc0b3fa1580ec7f3421feb9644fc8ead02b8", "Last sync": 1721771665.167837, "Last update": "23/07/2024 21:54:25 (UTC)", "Mined blocks": 537895418763, "Miner distribution": {"All": 17725, "Arduino": 2048, "CPU": 897, "ESP32": 7536, "ESP8266": 5924, "GPU": 0, "Other": 9, "Phone": 8, "RPi": 1108, "Web": 195}, "Net energy usage": "14.13 kW", "Open threads": 29, "Pool hashrate": "1532.547 MH/s", "Registered users": 104405, "Server CPU usage": 60.1, "Server RAM usage": 91.3, "Server version": 4.0, "Top 10 richest miners": ["246284274.5075054 DUCO - coinexchange", "81473387.50800352 DUCO - bscDUCO", "30000991.1298474 DUCO - AlmarRido", "24635208.6964704 DUCO - Flowen1985", "18660230.416609924 DUCO - aimbert", "18280977.178 DUCO - bimbasimba94", "16096358.288900001 DUCO - viviana80", "14847133.194062889 DUCO - ctecrypto", "12721940.59109726 DUCO - QQ44142894", "11341324.872960076 DUCO - duinousa"], "XXHASH hashrate": "0 H/s"}