{"Active connections": 2943, "All-time mined DUCO": 19496682.608645253, "Current difficulty": 75000, "DUCO-S1 hashrate": "2536.3 MH/s", "Duco JustSwap price": 0.00011272, "Duco Node-S price": 2.1e-05, "Duco PancakeSwap price": 0.000536344, "Duco SushiSwap price": 0.000615972, "Duco price": 0.000615972, "Duco price BCH": 1.799e-05, "Duco price NANO": 1.076e-05, "Duco price TRX": 6.314e-05, "Duco price XMG": 0.00029193, "Duino-Coin Server API": "github.com/revoxhere/duino-coin", "Kolka": {"Banned": 771, "Jailed": 24}, "Last block hash": "2eb3f8271c", "Last sync": 1641844184.346163, "Last update": "10/01/2022 19:49:44 (UTC)", "Mined blocks": 81876832192, "Miner distribution": {"All": 37778, "Arduino": 6951, "CPU": 7265, "ESP32": 6869, "ESP8266": 10009, "GPU": 0, "Other": 20, "Phone": 510, "RPi": 2988, "Web": 3166}, "Net energy usage": "63.07 kW", "Open threads": 20, "Pool hashrate": "2536.33 MH/s", "Registered users": 42465, "Server CPU usage": 53.6, "Server RAM usage": 48.2, "Server version": 2.7, "Top 10 richest miners": ["6119627.85223589 DUCO - bscDUCO", "532105.820632083 DUCO - NodeSBroker", "397162.15067505674 DUCO - James_themac", "305949.26303955965 DUCO - bimbasimba94", "300520.321607231 DUCO - 52Pickup", "200914.92924613765 DUCO - maticDUCO", "190582.057104081 DUCO - celoDUCO", "170241.298916613 DUCO - Bacman", "120000.999999999 DUCO - rootbori", "109133.09840877242 DUCO - miningvir"], "XXHASH hashrate": "0 H/s"}