{"Active connections": 1075, "All-time mined DUCO": 158822612.9423423, "Current difficulty": 75000, "DUCO-S1 hashrate": "2.3 GH/s", "Duco FluffySwap price": 0.0, "Duco Furim price": 0.0, "Duco Node-S price": 0.0, "Duco PancakeSwap price": 0.0, "Duco SunSwap price": 0.0, "Duco SushiSwap price": 0.0, "Duco UbeSwap price": 0.0, "Duco price": 4.63e-06, "Duco price BCH": 3.11e-06, "Duco price NANO": 1.96e-06, "Duco price TRX": 4.63e-06, "Duco price XMG": 0.0, "Duino-Coin Server API": "github.com/revoxhere/duino-coin", "Kolka": {"Banned": 1254, "Jailed": 95}, "Last block hash": "8de4bc0b3fa1580ec7f3421feb9644fc8ead02b8", "Last sync": 1673790849.471522, "Last update": "15/01/2023 13:54:13 (UTC)", "Mined blocks": 339205861261, "Miner distribution": {"All": 33687, "Arduino": 3849, "CPU": 1260, "ESP32": 12890, "ESP8266": 13720, "GPU": 0, "Other": 20, "Phone": 15, "RPi": 1541, "Web": 392}, "Net energy usage": "23.75 kW", "Open threads": 24, "Pool hashrate": "2323.08 MH/s", "Registered users": 86996, "Server CPU usage": 58.0, "Server RAM usage": 49.5, "Server version": 3.0, "Top 10 richest miners": ["91694695.83031316 DUCO - coinexchange", "40592353.73070239 DUCO - bscDUCO", "20119946.6942 DUCO - viviana80", "11692429.559071772 DUCO - QQ44142894", "10759939.638689265 DUCO - fiorella71", "8125736.123916335 DUCO - Orion_0x43b", "6811153.341034233 DUCO - lordachoo", "4965363.69527713 DUCO - Ochios", "3951013.207 DUCO - AlmarRido", "2992256.334864786 DUCO - msdo1006"], "XXHASH hashrate": "0 H/s"}