{"Duino-Coin Server API": "github.com/revoxhere/duino-coin", "Server version": 2.6, "Active connections": 9137, "Open threads": 24, "Server CPU usage": 57.4, "Server RAM usage": 51.0, "Last update": "16/08/2021 21:54:19 (UTC)", "Net energy usage": "21.85 kW", "Pool hashrate": "372.6676 MH/s", "DUCO-S1 hashrate": "364.7 MH/s", "XXHASH hashrate": "7.9 MH/s", "Duco price": 0.018767, "Duco price XMG": 0.01876683, "Duco price BCH": 0.00171415, "Duco price TRX": 0.00181634, "Duco price XRP": 0.0021175, "Duco price DGB": 0.00207732, "Duco Node-S price": 0.018767, "Duco JustSwap price": 0.00728111, "Duco PancakeSwap price": 0.00420784, "Registered users": 20032, "All-time mined DUCO": 5782664.845103436, "Current difficulty": 450980, "Mined blocks": 10823566024, "Last block hash": "9ce8cd4709", "Kolka": {"Jailed": 0, "Banned": 417}, "Miner distribution": {"GPU": 0, "CPU": 1586, "RPi": 514, "ESP32": 1768, "ESP8266": 2905, "Arduino": 1139, "Other": 69}, "Top 10 richest miners": ["548339.569585928 DUCO - bscDUCO", "169741.16534306871 DUCO - Bacman", "126114.10377963255 DUCO - coinexchange", "120106.99999999886 DUCO - WannaCry", "113113.97228610725 DUCO - amornlit", "100101.13453716449 DUCO - 52Pickup", "86158.44925917199 DUCO - caancom", "52501.8977173989 DUCO - zero0", "50328.93139333234 DUCO - rootbori", "50288.45762651612 DUCO - duinocrfsh"]}