{"Active connections": 1230, "All-time mined DUCO": 19284389.5665385, "Current difficulty": 75000, "DUCO-S1 hashrate": "1455.5 MH/s", "Duco JustSwap price": 9.999e-05, "Duco Node-S price": 2.1e-05, "Duco PancakeSwap price": 0.000594663, "Duco SushiSwap price": 0.000356015, "Duco price": 0.000594663, "Duco price BCH": 4.546e-05, "Duco price DGB": 0.0, "Duco price NANO": 1.48e-05, "Duco price RVN": 0.0, "Duco price TRX": 0.00010253, "Duco price XMG": 0.00026755, "Duco price XRP": 0.0, "Duino-Coin Server API": "github.com/revoxhere/duino-coin", "Kolka": {"Banned": 723, "Jailed": 24}, "Last block hash": "2eb3f8271c", "Last update": "24/12/2021 17:45:34 (UTC)", "Mined blocks": 68937562251, "Miner distribution": {"All": 31292, "Arduino": 7021, "CPU": 4287, "ESP32": 7630, "ESP8266": 8363, "GPU": 0, "Other": 64, "Phone": 302, "RPi": 2555, "Web": 1070}, "Net energy usage": "41.05 kW", "Open threads": 21, "Pool hashrate": "1455.45 MH/s", "Registered users": 31760, "Server CPU usage": 61.9, "Server RAM usage": 46.5, "Server version": 2.7, "Top 10 richest miners": ["4699182.578174308 DUCO - bscDUCO", "530426.5372981913 DUCO - NodeSBroker", "487628.6562999706 DUCO - coinexchange", "397162.15067505674 DUCO - James_themac", "379071.06009736354 DUCO - bloomindark", "300520.321607231 DUCO - 52Pickup", "299962.1378640209 DUCO - bimbasimba94", "249636.95133234802 DUCO - miningvir", "201564.93242534756 DUCO - maticDUCO", "190582.057104081 DUCO - celoDUCO"], "XXHASH hashrate": "0 H/s"}