{"Active connections": 1360, "All-time mined DUCO": 737690092.6503989, "Current difficulty": 200000, "DUCO-S1 hashrate": "2.602 GH/s", "Duco FluffySwap price": 7.784e-06, "Duco Furim price": 0.0, "Duco Node-S price": 0.0, "Duco PancakeSwap price": 8.57789e-06, "Duco SunSwap price": 9.047e-05, "Duco SushiSwap price": 1.2962107682626e-05, "Duco UbeSwap price": 1.1191491992827553e-05, "Duco price": 0.000248, "Duco price BCH": 0.00016431, "Duco price NANO": 0.000248, "Duco price TRX": 1.112e-05, "Duco price XMG": 4.1e-05, "Duino-Coin Server API": "github.com/revoxhere/duino-coin", "Kolka": {"Banned": 5949, "Jailed": 182}, "Last block hash": "8de4bc0b3fa1580ec7f3421feb9644fc8ead02b8", "Last sync": 1716925612.9250278, "Last update": "28/05/2024 19:46:52 (UTC)", "Mined blocks": 522937954094, "Miner distribution": {"All": 18425, "Arduino": 2382, "CPU": 994, "ESP32": 7495, "ESP8266": 6163, "GPU": 0, "Other": 16, "Phone": 11, "RPi": 1168, "Web": 196}, "Net energy usage": "15.01 kW", "Open threads": 28, "Pool hashrate": "2601.689 MH/s", "Registered users": 102400, "Server CPU usage": 60.4, "Server RAM usage": 91.7, "Server version": 4.0, "Top 10 richest miners": ["79233663.74889731 DUCO - bscDUCO", "30792510.456 DUCO - Flowen1985", "30547606.40829605 DUCO - AlmarRido", "20119947.6942 DUCO - viviana80", "18545685.805999998 DUCO - bimbasimba94", "14898322.345457533 DUCO - aimbert", "14843699.447954888 DUCO - ctecrypto", "12720440.585598174 DUCO - QQ44142894", "11315430.580290264 DUCO - duinousa", "10759939.638689265 DUCO - fiorella71"], "XXHASH hashrate": "0 H/s"}