{"Active connections": 1364, "All-time mined DUCO": 18663621.360449836, "Current difficulty": 75000, "DUCO-S1 hashrate": "1483.2 MH/s", "Duco JustSwap price": 9.338e-05, "Duco Node-S price": 2.1e-05, "Duco PancakeSwap price": 0.000594663, "Duco SushiSwap price": 0.000356015, "Duco price": 0.000594663, "Duco price BCH": 4.256e-05, "Duco price DGB": 0.0, "Duco price NANO": 1.276e-05, "Duco price RVN": 0.0, "Duco price TRX": 9.576e-05, "Duco price XMG": 0.00024338, "Duco price XRP": 0.0, "Duino-Coin Server API": "github.com/revoxhere/duino-coin", "Kolka": {"Banned": 719, "Jailed": 24}, "Last block hash": "2eb3f8271c", "Last update": "20/12/2021 17:56:27 (UTC)", "Mined blocks": 65896876335, "Miner distribution": {"All": 38564, "Arduino": 7439, "CPU": 4263, "ESP32": 10938, "ESP8266": 12080, "GPU": 0, "Other": 35, "Phone": 460, "RPi": 2496, "Web": 853}, "Net energy usage": "43.88 kW", "Open threads": 21, "Pool hashrate": "1483.25 MH/s", "Registered users": 31201, "Server CPU usage": 56.1, "Server RAM usage": 42.3, "Server version": 2.7, "Top 10 richest miners": ["4705506.799832258 DUCO - bscDUCO", "860996.6862999706 DUCO - coinexchange", "530426.5372981913 DUCO - NodeSBroker", "397162.15067505674 DUCO - James_themac", "300520.321607231 DUCO - 52Pickup", "253732.07010540337 DUCO - bimbasimba94", "249264.804861081 DUCO - miningvir", "195617.68804099757 DUCO - maticDUCO", "190582.057104081 DUCO - celoDUCO", "170241.298916613 DUCO - Bacman"], "XXHASH hashrate": "0 H/s"}