{"Active connections": 1783, "All-time mined DUCO": 190353657.3847896, "Current difficulty": 75000, "DUCO-S1 hashrate": "2.3 GH/s", "Duco FluffySwap price": 3.913e-06, "Duco Furim price": 0.0, "Duco Node-S price": 0.0, "Duco PancakeSwap price": 2.92879e-05, "Duco SunSwap price": 6.272e-05, "Duco SushiSwap price": 8.32413e-06, "Duco UbeSwap price": 2.8687163822298956e-05, "Duco price": 6.272e-05, "Duco price BCH": 5.59e-06, "Duco price NANO": 3.74e-06, "Duco price TRX": 5.19e-06, "Duco price XMG": 0.0, "Duino-Coin Server API": "github.com/revoxhere/duino-coin", "Kolka": {"Banned": 1312, "Jailed": 112}, "Last block hash": "8de4bc0b3fa1580ec7f3421feb9644fc8ead02b8", "Last sync": 1677098760.8489022, "Last update": "22/02/2023 20:46:05 (UTC)", "Mined blocks": 359850028752, "Miner distribution": {"All": 30035, "Arduino": 3653, "CPU": 959, "ESP32": 11450, "ESP8266": 11979, "GPU": 0, "Other": 7, "Phone": 23, "RPi": 1608, "Web": 356}, "Net energy usage": "20.47 kW", "Open threads": 25, "Pool hashrate": "2272.68 MH/s", "Registered users": 89318, "Server CPU usage": 51.8, "Server RAM usage": 55.4, "Server version": 3.0, "Top 10 richest miners": ["42488762.794576176 DUCO - bscDUCO", "20119946.6942 DUCO - viviana80", "15115363.695 DUCO - Ochios", "12043702.27 DUCO - infternet", "11692429.559071772 DUCO - QQ44142894", "10759939.638689265 DUCO - fiorella71", "9291334.784911454 DUCO - coinexchange", "8125736.123916335 DUCO - Orion_0x43b", "6820640.196143659 DUCO - lordachoo", "4486581.089952859 DUCO - msdo1006"], "XXHASH hashrate": "0 H/s"}