{"Active connections": 961, "All-time mined DUCO": 153980348.3499548, "Current difficulty": 75000, "DUCO-S1 hashrate": "3.0 GH/s", "Duco FluffySwap price": 1.1878999999999998e-05, "Duco Furim price": 0.0, "Duco Node-S price": 0.0, "Duco PancakeSwap price": 6.26759e-05, "Duco SunSwap price": 4.92e-05, "Duco SushiSwap price": 1.50251e-05, "Duco UbeSwap price": 2.918998625959315e-05, "Duco price": 6.26759e-05, "Duco price BCH": 1.696e-05, "Duco price NANO": 7.95e-06, "Duco price TRX": 5.32e-06, "Duco price XMG": 0.0, "Duino-Coin Server API": "github.com/revoxhere/duino-coin", "Kolka": {"Banned": 1184, "Jailed": 88}, "Last block hash": "8de4bc0b3fa1580ec7f3421feb9644fc8ead02b8", "Last sync": 1669515884.0754604, "Last update": "27/11/2022 02:24:48 (UTC)", "Mined blocks": 311001176686, "Miner distribution": {"All": 36690, "Arduino": 4300, "CPU": 1709, "ESP32": 13276, "ESP8266": 15279, "GPU": 0, "Other": 18, "Phone": 46, "RPi": 1715, "Web": 347}, "Net energy usage": "27.85 kW", "Open threads": 24, "Pool hashrate": "3015.09 MH/s", "Registered users": 84262, "Server CPU usage": 63.3, "Server RAM usage": 41.3, "Server version": 3.0, "Top 10 richest miners": ["38527201.63978844 DUCO - bscDUCO", "20119945.00125 DUCO - viviana80", "14965344.293607898 DUCO - Ochios", "14846640.775619663 DUCO - coinexchange", "11692429.559071772 DUCO - QQ44142894", "10759939.638689265 DUCO - fiorella71", "7470017.026 DUCO - RNGesus", "6701422.10972871 DUCO - lordachoo", "3151951.599994975 DUCO - kotethetk", "2368507.0 DUCO - Brunomoyses23"], "XXHASH hashrate": "0 H/s"}