{"Active connections": 1214, "All-time mined DUCO": 234173245.82615325, "Current difficulty": 75000, "DUCO-S1 hashrate": "2.3 GH/s", "Duco FluffySwap price": 3.605e-06, "Duco Furim price": 0.0, "Duco Node-S price": 0.0, "Duco PancakeSwap price": 3.17471e-05, "Duco SunSwap price": 5.765e-05, "Duco SushiSwap price": 6.48802e-06, "Duco UbeSwap price": 2.8567641015443758e-05, "Duco price": 5.765e-05, "Duco price BCH": 5.15e-06, "Duco price NANO": 3.33e-06, "Duco price TRX": 4.77e-06, "Duco price XMG": 0.0, "Duino-Coin Server API": "github.com/revoxhere/duino-coin", "Kolka": {"Banned": 1280, "Jailed": 100}, "Last block hash": "8de4bc0b3fa1580ec7f3421feb9644fc8ead02b8", "Last sync": 1675976945.777317, "Last update": "09/02/2023 21:09:11 (UTC)", "Mined blocks": 352952665928, "Miner distribution": {"All": 30812, "Arduino": 3725, "CPU": 1213, "ESP32": 12036, "ESP8266": 11804, "GPU": 0, "Other": 12, "Phone": 39, "RPi": 1634, "Web": 349}, "Net energy usage": "22.26 kW", "Open threads": 24, "Pool hashrate": "2309.94 MH/s", "Registered users": 88563, "Server CPU usage": 44.7, "Server RAM usage": 58.9, "Server version": 3.0, "Top 10 richest miners": ["49721641.302386284 DUCO - AlmarRido", "41539890.35752013 DUCO - bscDUCO", "20119946.6942 DUCO - viviana80", "16126390.582667485 DUCO - coinexchange", "15115363.695 DUCO - Ochios", "11692429.559071772 DUCO - QQ44142894", "11066925.27 DUCO - infternet", "10759939.638689265 DUCO - fiorella71", "8125736.123916335 DUCO - Orion_0x43b", "6817708.190710356 DUCO - lordachoo"], "XXHASH hashrate": "0 H/s"}