{"Active connections": 816, "All-time mined DUCO": 195502561.8816761, "Current difficulty": 75000, "DUCO-S1 hashrate": "2.3 GH/s", "Duco FluffySwap price": 3.507e-06, "Duco Furim price": 0.0, "Duco Node-S price": 0.0, "Duco PancakeSwap price": 2.40111e-05, "Duco SunSwap price": 2.469e-05, "Duco SushiSwap price": 8.26598e-06, "Duco UbeSwap price": 2.8687163822298956e-05, "Duco price": 2.8687163822298956e-05, "Duco price BCH": 5.01e-06, "Duco price NANO": 3.48e-06, "Duco price TRX": 5.07e-06, "Duco price XMG": 0.0, "Duino-Coin Server API": "github.com/revoxhere/duino-coin", "Kolka": {"Banned": 1329, "Jailed": 114}, "Last block hash": "8de4bc0b3fa1580ec7f3421feb9644fc8ead02b8", "Last sync": 1677845217.4451635, "Last update": "03/03/2023 12:07:05 (UTC)", "Mined blocks": 364397077877, "Miner distribution": {"All": 30341, "Arduino": 3795, "CPU": 915, "ESP32": 11677, "ESP8266": 12086, "GPU": 0, "Other": 12, "Phone": 31, "RPi": 1538, "Web": 287}, "Net energy usage": "20.18 kW", "Open threads": 24, "Pool hashrate": "2322.02 MH/s", "Registered users": 89742, "Server CPU usage": 47.3, "Server RAM usage": 31.7, "Server version": 3.0, "Top 10 richest miners": ["506790134.26172054 DUCO - coinexchange", "41885570.794576176 DUCO - bscDUCO", "20119946.6942 DUCO - viviana80", "15115364.7271 DUCO - Ochios", "12283086.27 DUCO - infternet", "11692429.559071772 DUCO - QQ44142894", "10759939.638689265 DUCO - fiorella71", "8125736.123916335 DUCO - Orion_0x43b", "6822506.339023893 DUCO - lordachoo", "5390341.8249977 DUCO - msdo1006"], "XXHASH hashrate": "0 H/s"}