{"Active connections": 1768, "All-time mined DUCO": 176149700.30002916, "Current difficulty": 75000, "DUCO-S1 hashrate": "2.7 GH/s", "Duco FluffySwap price": 1.1395999999999999e-05, "Duco Furim price": 0.0, "Duco Node-S price": 0.0, "Duco PancakeSwap price": 5.3311e-05, "Duco SunSwap price": 5.094e-05, "Duco SushiSwap price": 1.59499e-05, "Duco UbeSwap price": 2.931300785709489e-05, "Duco price": 5.3311e-05, "Duco price BCH": 1.628e-05, "Duco price NANO": 7.62e-06, "Duco price TRX": 5.57e-06, "Duco price XMG": 0.0, "Duino-Coin Server API": "github.com/revoxhere/duino-coin", "Kolka": {"Banned": 1196, "Jailed": 92}, "Last block hash": "8de4bc0b3fa1580ec7f3421feb9644fc8ead02b8", "Last sync": 1671106126.192879, "Last update": "15/12/2022 12:08:52 (UTC)", "Mined blocks": 321759982808, "Miner distribution": {"All": 34230, "Arduino": 3629, "CPU": 1301, "ESP32": 12977, "ESP8266": 14161, "GPU": 0, "Other": 19, "Phone": 34, "RPi": 1702, "Web": 407}, "Net energy usage": "24.52 kW", "Open threads": 24, "Pool hashrate": "2651.04 MH/s", "Registered users": 85374, "Server CPU usage": 49.0, "Server RAM usage": 50.5, "Server version": 3.0, "Top 10 richest miners": ["38751325.63978844 DUCO - bscDUCO", "20119945.00125 DUCO - viviana80", "14965353.225385074 DUCO - Ochios", "13674007.584155012 DUCO - ctecrypto", "11692429.559071772 DUCO - QQ44142894", "10759939.638689265 DUCO - fiorella71", "8125682.061242455 DUCO - Orion_0x43b", "4267666.823 DUCO - Demoel", "4094239.3669 DUCO - AlmarRido", "2415258.021855718 DUCO - msdo1006"], "XXHASH hashrate": "0 H/s"}