{"Active connections": 1359, "All-time mined DUCO": 91205388.0426932, "Current difficulty": 75000, "DUCO-S1 hashrate": "3.0 GH/s", "Duco Furim price": 0.0, "Duco Node-S price": 0.0, "Duco PancakeSwap price": 3.4e-05, "Duco SunSwap price": 0.000193, "Duco SushiSwap price": 2.8e-05, "Duco UbeSwap price": 2.9e-05, "Duco price": 0.000675, "Duco price BCH": 3.8e-05, "Duco price NANO": 2.7e-05, "Duco price TRX": 2.9e-05, "Duco price XMG": 0.000224, "Duino-Coin Server API": "github.com/revoxhere/duino-coin", "Kolka": {"Banned": 980, "Jailed": 80}, "Last block hash": "2eb3f8271cd947cdd6469be145558a7bcb72e0d9", "Last sync": 1661876409.657009, "Last update": "30/08/2022 16:20:13 (UTC)", "Mined blocks": 250360009196, "Miner distribution": {"All": 38073, "Arduino": 4547, "CPU": 1997, "ESP32": 14012, "ESP8266": 15696, "GPU": 0, "Other": 41, "Phone": 58, "RPi": 1232, "Web": 490}, "Net energy usage": "29.5 kW", "Open threads": 24, "Pool hashrate": "2971.95 MH/s", "Registered users": 77384, "Server CPU usage": 47.0, "Server RAM usage": 53.9, "Server version": 3.0, "Top 10 richest miners": ["42392145.258514926 DUCO - bscDUCO", "26467034.51853224 DUCO - coinexchange", "15964250.693 DUCO - Ochios", "6974991.289071771 DUCO - QQ44142894", "4420000.000000268 DUCO - AlmarRido", "4020919.3344634506 DUCO - Demoel", "2368507.0 DUCO - Brunomoyses23", "2210288.919161586 DUCO - vyrdudji", "2059925.3063217807 DUCO - renderman", "1520920.8314821827 DUCO - maticDUCO"], "XXHASH hashrate": "0 H/s"}