{"Active connections": 1553, "All-time mined DUCO": 93464373.24880269, "Current difficulty": 75000, "DUCO-S1 hashrate": "3.1 GH/s", "Duco FluffySwap price": 2.079e-05, "Duco Furim price": 0.0, "Duco Node-S price": 0.0, "Duco PancakeSwap price": 3.58391e-05, "Duco SunSwap price": 8.848e-05, "Duco SushiSwap price": 1.51461e-05, "Duco UbeSwap price": 2.9033013345820652e-05, "Duco price": 0.00011589, "Duco price BCH": 2.97e-05, "Duco price NANO": 1.258e-05, "Duco price TRX": 1.592e-05, "Duco price XMG": 0.00011589, "Duino-Coin Server API": "github.com/revoxhere/duino-coin", "Kolka": {"Banned": 1082, "Jailed": 86}, "Last block hash": "8de4bc0b3fa1580ec7f3421feb9644fc8ead02b8", "Last sync": 1665174339.9304225, "Last update": "07/10/2022 20:25:41 (UTC)", "Mined blocks": 276198002479, "Miner distribution": {"All": 39206, "Arduino": 4674, "CPU": 2195, "ESP32": 13778, "ESP8266": 16936, "GPU": 0, "Other": 21, "Phone": 58, "RPi": 1236, "Web": 308}, "Net energy usage": "31.12 kW", "Open threads": 23, "Pool hashrate": "3089.19 MH/s", "Registered users": 80564, "Server CPU usage": 40.6, "Server RAM usage": 54.1, "Server version": 3.0, "Top 10 richest miners": ["46804173.5574307 DUCO - coinexchange", "39546079.437422335 DUCO - bscDUCO", "15965314.016999999 DUCO - Ochios", "6974991.289071771 DUCO - QQ44142894", "4075220.2860000003 DUCO - AlmarRido", "2368507.0 DUCO - Brunomoyses23", "2210288.919161586 DUCO - vyrdudji", "1819730.047219419 DUCO - giveaways", "1634175.8630387518 DUCO - maticDUCO", "1457898.898 DUCO - amornlit"], "XXHASH hashrate": "0 H/s"}