{"Active connections": 1314, "All-time mined DUCO": 64409111.55522956, "Current difficulty": 1000000, "DUCO-S1 hashrate": "5.4 GH/s", "Duco Furim price": 0.0, "Duco Node-S price": 0.0, "Duco PancakeSwap price": 4.7e-05, "Duco SunSwap price": 8.4e-05, "Duco SushiSwap price": 7.6e-05, "Duco price": 8.5e-05, "Duco price BCH": 4e-06, "Duco price NANO": 1.6e-05, "Duco price TRX": 3e-06, "Duco price XMG": 8e-06, "Duino-Coin Server API": "github.com/revoxhere/duino-coin", "Kolka": {"Banned": 531, "Jailed": 29}, "Last block hash": "2eb3f8271cd947cdd6469be145558a7bcb72e0d9", "Last sync": 1647214077.6045315, "Last update": "13/03/2022 23:28:05 (UTC)", "Mined blocks": 130024307438, "Miner distribution": {"All": 43816, "Arduino": 7429, "CPU": 4291, "ESP32": 13135, "ESP8266": 14829, "GPU": 0, "Other": 47, "Phone": 306, "RPi": 2938, "Web": 841}, "Net energy usage": "47.03 kW", "Open threads": 21, "Pool hashrate": "5435.01 MH/s", "Registered users": 63258, "Server CPU usage": 49.2, "Server RAM usage": 38.5, "Server version": 2.7, "Top 10 richest miners": ["24830298.566127222 DUCO - bscDUCO", "12530866.269761559 DUCO - miningvir", "6965348.014869814 DUCO - Ochios", "3962275.8619908057 DUCO - RNGesus", "2627432.4693082203 DUCO - coinexchange", "2453550.087773999 DUCO - ifdeduco", "1554122.4640976884 DUCO - Demoel", "1259800.8178643247 DUCO - T3rminator", "1209837.627673189 DUCO - James_themac", "1201636.2057032483 DUCO - juanjefraire"], "XXHASH hashrate": "0 H/s"}