{"Active connections": 1336, "All-time mined DUCO": 192167602.87101802, "Current difficulty": 75000, "DUCO-S1 hashrate": "2.6 GH/s", "Duco FluffySwap price": 3.703e-06, "Duco Furim price": 0.0, "Duco Node-S price": 0.0, "Duco PancakeSwap price": 2.79369e-05, "Duco SunSwap price": 5.628e-05, "Duco SushiSwap price": 6.23366e-06, "Duco UbeSwap price": 2.891638595203949e-05, "Duco price": 5.628e-05, "Duco price BCH": 5.29e-06, "Duco price NANO": 3.4e-06, "Duco price TRX": 4.66e-06, "Duco price XMG": 0.0, "Duino-Coin Server API": "github.com/revoxhere/duino-coin", "Kolka": {"Banned": 1265, "Jailed": 98}, "Last block hash": "8de4bc0b3fa1580ec7f3421feb9644fc8ead02b8", "Last sync": 1675079781.9966087, "Last update": "30/01/2023 11:56:24 (UTC)", "Mined blocks": 347266392890, "Miner distribution": {"All": 33818, "Arduino": 3997, "CPU": 1460, "ESP32": 12750, "ESP8266": 13643, "GPU": 0, "Other": 13, "Phone": 18, "RPi": 1586, "Web": 351}, "Net energy usage": "24.98 kW", "Open threads": 24, "Pool hashrate": "2601.04 MH/s", "Registered users": 87819, "Server CPU usage": 55.5, "Server RAM usage": 59.7, "Server version": 3.0, "Top 10 richest miners": ["82250161.13311628 DUCO - coinexchange", "41220007.34345014 DUCO - bscDUCO", "20119946.6942 DUCO - viviana80", "11692429.559071772 DUCO - QQ44142894", "10759939.638689265 DUCO - fiorella71", "8125736.123916335 DUCO - Orion_0x43b", "7695798.286 DUCO - RNGesus", "6814969.387544095 DUCO - lordachoo", "5637139.684 DUCO - sudoerrno", "4965363.69527713 DUCO - Ochios"], "XXHASH hashrate": "0 H/s"}