{"Active connections": 925, "All-time mined DUCO": 735505193.8740675, "Current difficulty": 200000, "DUCO-S1 hashrate": "2.108 GH/s", "Duco FluffySwap price": 8.057e-06, "Duco Furim price": 0.0, "Duco Node-S price": 0.0, "Duco PancakeSwap price": 8.57789e-06, "Duco SunSwap price": 9.356e-05, "Duco SushiSwap price": 1.2962107682626e-05, "Duco UbeSwap price": 1.1191491992827553e-05, "Duco price": 0.0002178, "Duco price BCH": 0.00014891, "Duco price NANO": 0.0002178, "Duco price TRX": 1.15e-05, "Duco price XMG": 3.969e-05, "Duino-Coin Server API": "github.com/revoxhere/duino-coin", "Kolka": {"Banned": 5968, "Jailed": 183}, "Last block hash": "8de4bc0b3fa1580ec7f3421feb9644fc8ead02b8", "Last sync": 1718448285.059958, "Last update": "15/06/2024 10:44:45 (UTC)", "Mined blocks": 527575755168, "Miner distribution": {"All": 18111, "Arduino": 2299, "CPU": 935, "ESP32": 7323, "ESP8266": 6063, "GPU": 0, "Other": 15, "Phone": 27, "RPi": 1243, "Web": 206}, "Net energy usage": "14.65 kW", "Open threads": 27, "Pool hashrate": "2108.418 MH/s", "Registered users": 103066, "Server CPU usage": 56.7, "Server RAM usage": 76.6, "Server version": 4.0, "Top 10 richest miners": ["250047540.29147 DUCO - coinexchange", "79929919.78550309 DUCO - bscDUCO", "29547732.707830127 DUCO - AlmarRido", "24635208.6964704 DUCO - Flowen1985", "20120447.6942 DUCO - viviana80", "18547185.805999998 DUCO - bimbasimba94", "14898329.948412826 DUCO - aimbert", "14846462.650803229 DUCO - ctecrypto", "14173237.671023192 DUCO - duinousa", "12721940.59109726 DUCO - QQ44142894"], "XXHASH hashrate": "0 H/s"}