{"Active connections": 2071, "All-time mined DUCO": 17219035.88160669, "Current difficulty": 125000, "DUCO-S1 hashrate": "1258.4 MH/s", "Duco JustSwap price": 0.00104523, "Duco Node-S price": 0.000131, "Duco PancakeSwap price": 0.000656946, "Duco SushiSwap price": 0.000469464, "Duco price": 0.00272819, "Duco price BCH": 0.00012384, "Duco price DGB": 0.0, "Duco price NANO": 0.00043875, "Duco price RVN": 0.0, "Duco price TRX": 0.00032218, "Duco price XMG": 0.00132198, "Duco price XRP": 0.0, "Duino-Coin Server API": "github.com/revoxhere/duino-coin", "Kolka": {"Banned": 680, "Jailed": 24}, "Last block hash": "65b3f612d0", "Last update": "08/11/2021 12:19:42 (UTC)", "Mined blocks": 39317882411, "Miner distribution": {"All": 35400, "Arduino": 6147, "CPU": 3287, "ESP32": 10697, "ESP8266": 12341, "GPU": 0, "Other": 51, "Phone": 298, "RPi": 2028, "Web": 551}, "Net energy usage": "36.4 kW", "Open threads": 24, "Pool hashrate": "1258.44 MH/s", "Registered users": 23087, "Server CPU usage": 62.5, "Server RAM usage": 33.1, "Server version": 2.7, "Top 10 richest miners": ["3319012.754288351 DUCO - bscDUCO", "839237.2400902195 DUCO - coinexchange", "588412.6081317749 DUCO - NodeSBroker", "522520.1555491204 DUCO - 52Pickup", "401096.7198646554 DUCO - James_themac", "195997.89104597003 DUCO - celoDUCO", "170241.13285850236 DUCO - Bacman", "129633.19777253376 DUCO - maticDUCO", "123387.18511437952 DUCO - amornlit", "119999.99999999892 DUCO - rootbori"], "XXHASH hashrate": "0 H/s"}