{"Active connections": 15412, "All-time mined DUCO": 18400522.59199166, "Current difficulty": 125000, "DUCO-S1 hashrate": "1247.3 MH/s", "Duco JustSwap price": 0.00033801, "Duco Node-S price": 5.1e-05, "Duco PancakeSwap price": 0.000656946, "Duco SushiSwap price": 0.000469464, "Duco price": 0.00082897, "Duco price BCH": 0.00029136, "Duco price DGB": 0.0, "Duco price NANO": 0.0001967, "Duco price RVN": 0.0, "Duco price TRX": 0.00036687, "Duco price XMG": 0.00082582, "Duco price XRP": 0.0, "Duino-Coin Server API": "github.com/revoxhere/duino-coin", "Kolka": {"Banned": 691, "Jailed": 24}, "Last block hash": "2eb3f8271c", "Last update": "20/11/2021 06:56:43 (UTC)", "Mined blocks": 44921398813, "Miner distribution": {"All": 34663, "Arduino": 6020, "CPU": 3280, "ESP32": 10334, "ESP8266": 12195, "GPU": 0, "Other": 35, "Phone": 372, "RPi": 1919, "Web": 508}, "Net energy usage": "35.89 kW", "Open threads": 24, "Pool hashrate": "1247.34 MH/s", "Registered users": 25128, "Server CPU usage": 44.2, "Server RAM usage": 48.5, "Server version": 2.7, "Top 10 richest miners": ["3406706.718895882 DUCO - bscDUCO", "1298511.2020902191 DUCO - coinexchange", "591776.703081775 DUCO - NodeSBroker", "351150.1606789791 DUCO - James_themac", "300520.1555491204 DUCO - 52Pickup", "240224.7254804263 DUCO - bimbasimba94", "188487.89104597003 DUCO - celoDUCO", "170241.13285850236 DUCO - Bacman", "129717.52039028866 DUCO - maticDUCO", "123387.18511437952 DUCO - amornlit"], "XXHASH hashrate": "0 H/s"}