{"Active connections": 1650, "All-time mined DUCO": 93987168.52933949, "Current difficulty": 75000, "DUCO-S1 hashrate": "3.2 GH/s", "Duco FluffySwap price": 2.2568e-05, "Duco Furim price": 0.0, "Duco Node-S price": 0.0, "Duco PancakeSwap price": 3.58391e-05, "Duco SunSwap price": 8.844e-05, "Duco SushiSwap price": 1.51461e-05, "Duco UbeSwap price": 2.9033013345820652e-05, "Duco price": 0.0001228, "Duco price BCH": 3.224e-05, "Duco price NANO": 1.382e-05, "Duco price TRX": 1.716e-05, "Duco price XMG": 0.0001228, "Duino-Coin Server API": "github.com/revoxhere/duino-coin", "Kolka": {"Banned": 1084, "Jailed": 86}, "Last block hash": "8de4bc0b3fa1580ec7f3421feb9644fc8ead02b8", "Last sync": 1665311725.4853907, "Last update": "09/10/2022 10:35:31 (UTC)", "Mined blocks": 277334895788, "Miner distribution": {"All": 38462, "Arduino": 4630, "CPU": 2099, "ESP32": 13680, "ESP8266": 16336, "GPU": 0, "Other": 22, "Phone": 60, "RPi": 1232, "Web": 403}, "Net energy usage": "30.26 kW", "Open threads": 25, "Pool hashrate": "3169.07 MH/s", "Registered users": 80682, "Server CPU usage": 40.0, "Server RAM usage": 62.5, "Server version": 3.0, "Top 10 richest miners": ["45852703.739715464 DUCO - coinexchange", "39546079.437422335 DUCO - bscDUCO", "15965314.016999999 DUCO - Ochios", "6974991.289071771 DUCO - QQ44142894", "4075220.2860000003 DUCO - AlmarRido", "2368507.0 DUCO - Brunomoyses23", "2210288.919161586 DUCO - vyrdudji", "1820080.9404568337 DUCO - giveaways", "1634175.8630387518 DUCO - maticDUCO", "1457898.898 DUCO - amornlit"], "XXHASH hashrate": "0 H/s"}