{"Active connections": 901, "All-time mined DUCO": 754522614.3268051, "Current difficulty": 200000, "DUCO-S1 hashrate": "1.416 GH/s", "Duco FluffySwap price": 8.631e-06, "Duco Furim price": 0.0, "Duco Node-S price": 0.0, "Duco PancakeSwap price": 0.0, "Duco SunSwap price": 2.352e-05, "Duco SushiSwap price": 0.0, "Duco UbeSwap price": 0.0, "Duco price": 2.352e-05, "Duco price BCH": 0.0, "Duco price NANO": 0.0, "Duco price TRX": 1.229e-05, "Duco price XMG": 1.243e-05, "Duino-Coin Server API": "github.com/revoxhere/duino-coin", "Kolka": {"Banned": 5991, "Jailed": 191}, "Last block hash": "8de4bc0b3fa1580ec7f3421feb9644fc8ead02b8", "Last sync": 1722637740.7585216, "Last update": "02/08/2024 22:29:00 (UTC)", "Mined blocks": 540427448943, "Miner distribution": {"All": 15818, "Arduino": 1909, "CPU": 774, "ESP32": 5847, "ESP8266": 6030, "GPU": 0, "Other": 10, "Phone": 1, "RPi": 1040, "Web": 207}, "Net energy usage": "12.6 kW", "Open threads": 27, "Pool hashrate": "1416.114 MH/s", "Registered users": 104726, "Server CPU usage": 56.1, "Server RAM usage": 88.4, "Server version": 4.0, "Top 10 richest miners": ["241861095.39543545 DUCO - coinexchange", "81976627.19825932 DUCO - bscDUCO", "30855598.808 DUCO - Flowen1985", "28000980.1298474 DUCO - AlmarRido", "18280977.178 DUCO - bimbasimba94", "16096358.288900001 DUCO - viviana80", "14928186.132784702 DUCO - aimbert", "14847133.194062889 DUCO - ctecrypto", "12721940.59109726 DUCO - QQ44142894", "11341706.939623687 DUCO - duinousa"], "XXHASH hashrate": "0 H/s"}