{"Active connections": 1357, "All-time mined DUCO": 191107206.16126004, "Current difficulty": 75000, "DUCO-S1 hashrate": "2.2 GH/s", "Duco FluffySwap price": 3.647e-06, "Duco Furim price": 0.0, "Duco Node-S price": 0.0, "Duco PancakeSwap price": 2.86131e-05, "Duco SunSwap price": 6.237e-05, "Duco SushiSwap price": 6.72233e-06, "Duco UbeSwap price": 2.8687163822298956e-05, "Duco price": 6.237e-05, "Duco price BCH": 5.21e-06, "Duco price NANO": 3.82e-06, "Duco price TRX": 5.16e-06, "Duco price XMG": 0.0, "Duino-Coin Server API": "github.com/revoxhere/duino-coin", "Kolka": {"Banned": 1300, "Jailed": 101}, "Last block hash": "8de4bc0b3fa1580ec7f3421feb9644fc8ead02b8", "Last sync": 1676639006.3429503, "Last update": "17/02/2023 13:03:31 (UTC)", "Mined blocks": 357012328378, "Miner distribution": {"All": 30286, "Arduino": 3627, "CPU": 954, "ESP32": 11817, "ESP8266": 11906, "GPU": 0, "Other": 11, "Phone": 40, "RPi": 1583, "Web": 348}, "Net energy usage": "20.5 kW", "Open threads": 24, "Pool hashrate": "2215.01 MH/s", "Registered users": 89022, "Server CPU usage": 53.6, "Server RAM usage": 60.2, "Server version": 3.0, "Top 10 richest miners": ["41487523.794576176 DUCO - bscDUCO", "20119946.6942 DUCO - viviana80", "15115363.695 DUCO - Ochios", "13046973.261486456 DUCO - coinexchange", "11692429.559071772 DUCO - QQ44142894", "11575849.27 DUCO - infternet", "10759939.638689265 DUCO - fiorella71", "8125736.123916335 DUCO - Orion_0x43b", "6819571.711664653 DUCO - lordachoo", "4023552.3534542527 DUCO - msdo1006"], "XXHASH hashrate": "0 H/s"}