{"Active connections": 895, "All-time mined DUCO": 739083694.7693403, "Current difficulty": 200000, "DUCO-S1 hashrate": "1.894 GH/s", "Duco FluffySwap price": 8.288e-06, "Duco Furim price": 0.0, "Duco Node-S price": 0.0, "Duco PancakeSwap price": 8.57789e-06, "Duco SunSwap price": 0.00013335, "Duco SushiSwap price": 1.2962107682626e-05, "Duco UbeSwap price": 1.1191491992827553e-05, "Duco price": 0.00018236, "Duco price BCH": 0.00013404, "Duco price NANO": 0.00018236, "Duco price TRX": 1.184e-05, "Duco price XMG": 3.93e-06, "Duino-Coin Server API": "github.com/revoxhere/duino-coin", "Kolka": {"Banned": 5970, "Jailed": 183}, "Last block hash": "8de4bc0b3fa1580ec7f3421feb9644fc8ead02b8", "Last sync": 1719011145.9332674, "Last update": "21/06/2024 23:05:45 (UTC)", "Mined blocks": 529310029829, "Miner distribution": {"All": 18002, "Arduino": 2448, "CPU": 879, "ESP32": 7331, "ESP8266": 5985, "GPU": 0, "Other": 17, "Phone": 4, "RPi": 1174, "Web": 164}, "Net energy usage": "14.13 kW", "Open threads": 27, "Pool hashrate": "1893.604 MH/s", "Registered users": 103282, "Server CPU usage": 55.4, "Server RAM usage": 90.5, "Server version": 4.0, "Top 10 richest miners": ["248877491.61020997 DUCO - coinexchange", "80431448.78550309 DUCO - bscDUCO", "29548802.707830127 DUCO - AlmarRido", "24635208.6964704 DUCO - Flowen1985", "20120447.6942 DUCO - viviana80", "18547185.805999998 DUCO - bimbasimba94", "14898343.846637528 DUCO - aimbert", "14847078.715049233 DUCO - ctecrypto", "14175112.380337255 DUCO - duinousa", "12721940.59109726 DUCO - QQ44142894"], "XXHASH hashrate": "0 H/s"}