{"Active connections": 935, "All-time mined DUCO": 723548474.3897865, "Current difficulty": 75000, "DUCO-S1 hashrate": "1.98 GH/s", "Duco FluffySwap price": 1.694e-06, "Duco Furim price": 0.0, "Duco Node-S price": 0.0, "Duco PancakeSwap price": 1.92179e-05, "Duco SunSwap price": 2.263e-05, "Duco SushiSwap price": 1.49415e-05, "Duco UbeSwap price": 2.9828006500541712e-05, "Duco price": 2.9828006500541712e-05, "Duco price BCH": 2.42e-06, "Duco price NANO": 1.68e-06, "Duco price TRX": 2.32e-06, "Duco price XMG": 0.0, "Duino-Coin Server API": "github.com/revoxhere/duino-coin", "Kolka": {"Banned": 1356, "Jailed": 122}, "Last block hash": "8de4bc0b3fa1580ec7f3421feb9644fc8ead02b8", "Last sync": 1682511499.1165292, "Last update": "26/04/2023 12:18:23 (UTC)", "Mined blocks": 392147224908, "Miner distribution": {"All": 28353, "Arduino": 3458, "CPU": 956, "ESP32": 10986, "ESP8266": 11083, "GPU": 0, "Other": 34, "Phone": 22, "RPi": 1507, "Web": 307}, "Net energy usage": "19.55 kW", "Open threads": 24, "Pool hashrate": "1979.629 MH/s", "Registered users": 92069, "Server CPU usage": 56.1, "Server RAM usage": 40.1, "Server version": 3.0, "Top 10 richest miners": ["495743830.67087966 DUCO - coinexchange", "456791444.3195878 DUCO - coinexchange", "47260044.49839266 DUCO - bscDUCO", "20119947.6942 DUCO - viviana80", "15115368.927099999 DUCO - Ochios", "12720440.559071772 DUCO - QQ44142894", "10759939.638689265 DUCO - fiorella71", "8125736.123916335 DUCO - Orion_0x43b", "7871982.840968047 DUCO - revox", "7871982.840968047 DUCO - revox"], "XXHASH hashrate": "0 H/s"}