{"Active connections": 792, "All-time mined DUCO": 90014303.75570092, "Current difficulty": 75000, "DUCO-S1 hashrate": "3.1 GH/s", "Duco FluffySwap price": 1.1136999999999999e-05, "Duco Furim price": 0.0, "Duco Node-S price": 0.0, "Duco PancakeSwap price": 3.41383e-05, "Duco SunSwap price": 0.00010713, "Duco SushiSwap price": 3.06371e-05, "Duco UbeSwap price": 2.9098580230377713e-05, "Duco price": 0.00010713, "Duco price BCH": 1.593e-05, "Duco price NANO": 7.26e-06, "Duco price TRX": 6.19e-06, "Duco price XMG": 5.756e-05, "Duino-Coin Server API": "github.com/revoxhere/duino-coin", "Kolka": {"Banned": 1106, "Jailed": 85}, "Last block hash": "8de4bc0b3fa1580ec7f3421feb9644fc8ead02b8", "Last sync": 1666234425.7669268, "Last update": "20/10/2022 02:53:47 (UTC)", "Mined blocks": 284497309486, "Miner distribution": {"All": 37513, "Arduino": 4399, "CPU": 2229, "ESP32": 13207, "ESP8266": 15986, "GPU": 0, "Other": 24, "Phone": 40, "RPi": 1230, "Web": 398}, "Net energy usage": "30.65 kW", "Open threads": 23, "Pool hashrate": "3124.32 MH/s", "Registered users": 81469, "Server CPU usage": 44.8, "Server RAM usage": 28.0, "Server version": 3.0, "Top 10 richest miners": ["38407730.025158234 DUCO - bscDUCO", "37856112.51481092 DUCO - coinexchange", "15965318.216999998 DUCO - Ochios", "8552892.059071772 DUCO - QQ44142894", "2368507.0 DUCO - Brunomoyses23", "2210288.919161586 DUCO - vyrdudji", "1935517.509725098 DUCO - giveaways", "1614984.8630387518 DUCO - maticDUCO", "1457898.898 DUCO - amornlit", "1427571.513 DUCO - malga15"], "XXHASH hashrate": "0 H/s"}