{"Active connections": 771, "All-time mined DUCO": 194274125.09699002, "Current difficulty": 75000, "DUCO-S1 hashrate": "2.4 GH/s", "Duco FluffySwap price": 3.6819999999999996e-06, "Duco Furim price": 0.0, "Duco Node-S price": 0.0, "Duco PancakeSwap price": 2.40111e-05, "Duco SunSwap price": 6.274e-05, "Duco SushiSwap price": 8.26598e-06, "Duco UbeSwap price": 2.8687163822298956e-05, "Duco price": 6.274e-05, "Duco price BCH": 5.26e-06, "Duco price NANO": 3.58e-06, "Duco price TRX": 5.19e-06, "Duco price XMG": 0.0, "Duino-Coin Server API": "github.com/revoxhere/duino-coin", "Kolka": {"Banned": 1328, "Jailed": 114}, "Last block hash": "8de4bc0b3fa1580ec7f3421feb9644fc8ead02b8", "Last sync": 1677769240.1280696, "Last update": "02/03/2023 15:00:44 (UTC)", "Mined blocks": 363925032759, "Miner distribution": {"All": 30189, "Arduino": 3815, "CPU": 991, "ESP32": 11470, "ESP8266": 12028, "GPU": 0, "Other": 9, "Phone": 25, "RPi": 1571, "Web": 280}, "Net energy usage": "20.59 kW", "Open threads": 24, "Pool hashrate": "2357.73 MH/s", "Registered users": 89706, "Server CPU usage": 46.7, "Server RAM usage": 31.8, "Server version": 3.0, "Top 10 richest miners": ["507035039.87624556 DUCO - coinexchange", "41885570.794576176 DUCO - bscDUCO", "20119946.6942 DUCO - viviana80", "15115364.7271 DUCO - Ochios", "12283086.27 DUCO - infternet", "11692429.559071772 DUCO - QQ44142894", "10759939.638689265 DUCO - fiorella71", "8125736.123916335 DUCO - Orion_0x43b", "6822324.549020492 DUCO - lordachoo", "5145298.627459324 DUCO - msdo1006"], "XXHASH hashrate": "0 H/s"}