{"Active connections": 1090, "All-time mined DUCO": 1103458314.0440707, "Current difficulty": 75000, "DUCO-S1 hashrate": "1.985 GH/s", "Duco FluffySwap price": 3.997e-06, "Duco Furim price": 0.0, "Duco Node-S price": 0.0, "Duco PancakeSwap price": 7.2694e-06, "Duco SunSwap price": 0.00010312, "Duco SushiSwap price": 1.01312e-05, "Duco UbeSwap price": 2.9093097913322633e-05, "Duco price": 0.00029413, "Duco price BCH": 5.71e-06, "Duco price NANO": 1.15e-06, "Duco price TRX": 1.93e-06, "Duco price XMG": 0.00029413, "Duino-Coin Server API": "github.com/revoxhere/duino-coin", "Kolka": {"Banned": 5576, "Jailed": 152}, "Last block hash": "8de4bc0b3fa1580ec7f3421feb9644fc8ead02b8", "Last sync": 1692038057.8290844, "Last update": "14/08/2023 18:34:22 (UTC)", "Mined blocks": 438121595888, "Miner distribution": {"All": 19972, "Arduino": 2387, "CPU": 713, "ESP32": 8230, "ESP8266": 7398, "GPU": 0, "Other": 8, "Phone": 11, "RPi": 1120, "Web": 105}, "Net energy usage": "13.99 kW", "Open threads": 25, "Pool hashrate": "1984.578 MH/s", "Registered users": 94891, "Server CPU usage": 49.8, "Server RAM usage": 55.8, "Server version": 3.0, "Top 10 richest miners": ["495743830.67087966 DUCO - coinexchange", "382372236.7812404 DUCO - coinexchange", "70267869.64457695 DUCO - bscDUCO", "35298227.85615001 DUCO - AlmarRido", "24375487.137 DUCO - Flowen1985", "20119947.6942 DUCO - viviana80", "12720440.559071772 DUCO - QQ44142894", "11701433.102280406 DUCO - ctecrypto", "11436497.326 DUCO - bimbasimba94", "10759939.638689265 DUCO - fiorella71"], "XXHASH hashrate": "0 H/s"}