{"Active connections": 1061, "All-time mined DUCO": 746767997.2666051, "Current difficulty": 200000, "DUCO-S1 hashrate": "1.509 GH/s", "Duco FluffySwap price": 9.554999999999999e-06, "Duco Furim price": 0.0, "Duco Node-S price": 0.0, "Duco PancakeSwap price": 8.57789e-06, "Duco SunSwap price": 2.615e-05, "Duco SushiSwap price": 1.2962107682626e-05, "Duco UbeSwap price": 1.1191491992827553e-05, "Duco price": 2.615e-05, "Duco price BCH": 0.0, "Duco price NANO": 0.0, "Duco price TRX": 1.367e-05, "Duco price XMG": 1.31e-06, "Duino-Coin Server API": "github.com/revoxhere/duino-coin", "Kolka": {"Banned": 5991, "Jailed": 191}, "Last block hash": "8de4bc0b3fa1580ec7f3421feb9644fc8ead02b8", "Last sync": 1721966532.978376, "Last update": "26/07/2024 04:02:13 (UTC)", "Mined blocks": 538461636900, "Miner distribution": {"All": 16254, "Arduino": 1996, "CPU": 876, "ESP32": 6190, "ESP8266": 5824, "GPU": 0, "Other": 10, "Phone": 0, "RPi": 1175, "Web": 183}, "Net energy usage": "13.5 kW", "Open threads": 29, "Pool hashrate": "1509.083 MH/s", "Registered users": 104465, "Server CPU usage": 57.0, "Server RAM usage": 91.3, "Server version": 4.0, "Top 10 richest miners": ["245226956.93596542 DUCO - coinexchange", "81477088.50800352 DUCO - bscDUCO", "30000980.1298474 DUCO - AlmarRido", "24635208.6964704 DUCO - Flowen1985", "18660231.12531346 DUCO - aimbert", "18280977.178 DUCO - bimbasimba94", "16096358.288900001 DUCO - viviana80", "14847133.194062889 DUCO - ctecrypto", "12721940.59109726 DUCO - QQ44142894", "11341401.20058966 DUCO - duinousa"], "XXHASH hashrate": "0 H/s"}