{"Active connections": 2487, "All-time mined DUCO": 20149998.137799785, "Current difficulty": 1000000, "DUCO-S1 hashrate": "2942.8 MH/s", "Duco JustSwap price": 0.00030803, "Duco Node-S price": 2.1e-05, "Duco PancakeSwap price": 0.000322114, "Duco SushiSwap price": 0.000650466, "Duco price": 0.00084698, "Duco price BCH": 2.059e-05, "Duco price NANO": 1.125e-05, "Duco price TRX": 8.742e-05, "Duco price XMG": 0.00083384, "Duino-Coin Server API": "github.com/revoxhere/duino-coin", "Kolka": {"Banned": 772, "Jailed": 26}, "Last block hash": "2eb3f8271c", "Last sync": 1642458450.0065289, "Last update": "17/01/2022 22:27:30 (UTC)", "Mined blocks": 86138949496, "Miner distribution": {"All": 37265, "Arduino": 6561, "CPU": 5483, "ESP32": 8802, "ESP8266": 11320, "GPU": 0, "Other": 11, "Phone": 377, "RPi": 2826, "Web": 1885}, "Net energy usage": "51.69 kW", "Open threads": 21, "Pool hashrate": "2942.77 MH/s", "Registered users": 46953, "Server CPU usage": 47.5, "Server RAM usage": 36.2, "Server version": 2.7, "Top 10 richest miners": ["6482409.297044679 DUCO - bscDUCO", "532455.820632083 DUCO - NodeSBroker", "443694.41207628284 DUCO - bimbasimba94", "440000.827138843 DUCO - miningvir", "397162.15067505674 DUCO - James_themac", "205112.79235569396 DUCO - maticDUCO", "190583.057104081 DUCO - celoDUCO", "170241.298916613 DUCO - Bacman", "131727.39631958495 DUCO - haxorcitoz", "120000.999999999 DUCO - rootbori"], "XXHASH hashrate": "0 H/s"}