{"Active connections": 1221, "All-time mined DUCO": 59765132.936850116, "Current difficulty": 1000000, "DUCO-S1 hashrate": "5.4 GH/s", "Duco Furim price": 0.0, "Duco Node-S price": 0.0, "Duco PancakeSwap price": 4.7e-05, "Duco SunSwap price": 0.000411, "Duco SushiSwap price": 7.6e-05, "Duco price": 0.000413, "Duco price BCH": 5e-06, "Duco price NANO": 2.9e-05, "Duco price TRX": 5e-06, "Duco price XMG": 1.3e-05, "Duino-Coin Server API": "github.com/revoxhere/duino-coin", "Kolka": {"Banned": 598, "Jailed": 29}, "Last block hash": "2eb3f8271cd947cdd6469be145558a7bcb72e0d9", "Last sync": 1647657653.9776983, "Last update": "19/03/2022 02:40:54 (UTC)", "Mined blocks": 133694407187, "Miner distribution": {"All": 41959, "Arduino": 7154, "CPU": 4099, "ESP32": 12583, "ESP8266": 14505, "GPU": 0, "Other": 57, "Phone": 206, "RPi": 2655, "Web": 700}, "Net energy usage": "44.73 kW", "Open threads": 21, "Pool hashrate": "5440.72 MH/s", "Registered users": 65231, "Server CPU usage": 36.4, "Server RAM usage": 52.4, "Server version": 3.0, "Top 10 richest miners": ["25847976.673074927 DUCO - bscDUCO", "10000001.269761559 DUCO - miningvir", "3965348.014869814 DUCO - Ochios", "3962275.8619908057 DUCO - RNGesus", "2637588.7493082196 DUCO - coinexchange", "2453550.087773999 DUCO - ifdeduco", "1712361.0164621277 DUCO - DeVisdude", "1259846.9759602326 DUCO - T3rminator", "1209837.627673189 DUCO - James_themac", "1201802.3405119586 DUCO - juanjefraire"], "XXHASH hashrate": "0 H/s"}