{"Active connections": 1424, "All-time mined DUCO": 59538187.4451012, "Current difficulty": 1000000, "DUCO-S1 hashrate": "3.8 GH/s", "Duco Furim price": 0.0, "Duco Node-S price": 0.0, "Duco PancakeSwap price": 5.2e-05, "Duco SunSwap price": 9.7e-05, "Duco SushiSwap price": 5.9e-05, "Duco price": 9.8e-05, "Duco price BCH": 8e-06, "Duco price NANO": 5.3e-05, "Duco price TRX": 1.5e-05, "Duco price XMG": 0.0, "Duino-Coin Server API": "github.com/revoxhere/duino-coin", "Kolka": {"Banned": 703, "Jailed": 35}, "Last block hash": "2eb3f8271cd947cdd6469be145558a7bcb72e0d9", "Last sync": 1650231469.4012723, "Last update": "17/04/2022 21:37:51 (UTC)", "Mined blocks": 157270921465, "Miner distribution": {"All": 36950, "Arduino": 5500, "CPU": 3142, "ESP32": 12137, "ESP8266": 13704, "GPU": 0, "Other": 59, "Phone": 129, "RPi": 1882, "Web": 397}, "Net energy usage": "36.17 kW", "Open threads": 21, "Pool hashrate": "3809.85 MH/s", "Registered users": 69804, "Server CPU usage": 38.1, "Server RAM usage": 50.5, "Server version": 3.0, "Top 10 richest miners": ["22576358.20590838 DUCO - bscDUCO", "7998549.914401649 DUCO - Ochios", "7410600.394500319 DUCO - skynet", "4294694.067 DUCO - RNGesus", "3872809.4920304683 DUCO - coinexchange", "3807419.2212425224 DUCO - Demoel", "2135431.0129495542 DUCO - QQ44142894", "2000419.904870635 DUCO - varanese67", "1237886.899605718 DUCO - maticDUCO", "1210033.99754406 DUCO - vyrdudji"], "XXHASH hashrate": "0 H/s"}