{"Active connections": 480, "All-time mined DUCO": 777177173.2630832, "Current difficulty": 200000, "DUCO-S1 hashrate": "1.76 GH/s", "Duco FluffySwap price": 2.1294e-05, "Duco Furim price": 0.0, "Duco Node-S price": 0.0, "Duco PancakeSwap price": 1.31425e-05, "Duco SunSwap price": 2.91e-05, "Duco SushiSwap price": 8.987494203495e-06, "Duco UbeSwap price": 1.568e-05, "Duco price": 3.395e-05, "Duco price BCH": 0.0, "Duco price NANO": 0.0, "Duco price TRX": 3.042e-05, "Duco price XMG": 3.395e-05, "Duino-Coin Server API": "github.com/revoxhere/duino-coin", "Kolka": {"Banned": 6032, "Jailed": 191}, "Last block hash": "8de4bc0b3fa1580ec7f3421feb9644fc8ead02b8", "Last sync": 1726043194.7223701, "Last update": "11/09/2024 08:26:34 (UTC)", "Mined blocks": 549779898283, "Miner distribution": {"All": 14702, "Arduino": 1780, "CPU": 697, "ESP32": 5054, "ESP8266": 6012, "GPU": 0, "Other": 9, "Phone": 0, "RPi": 997, "Web": 153}, "Net energy usage": "11.64 kW", "Open threads": 29, "Pool hashrate": "1759.729 MH/s", "Registered users": 105906, "Server CPU usage": 65.4, "Server RAM usage": 64.1, "Server version": 4.0, "Top 10 richest miners": ["235441179.68801278 DUCO - coinexchange", "85495978.52646369 DUCO - bscDUCO", "35576240.569 DUCO - AlmarRido", "30855598.808 DUCO - Flowen1985", "20160690.628000002 DUCO - viviana80", "18317539.132 DUCO - bimbasimba94", "14928742.761798795 DUCO - aimbert", "14847133.194062889 DUCO - ctecrypto", "12721943.39257476 DUCO - QQ44142894", "11365364.570515376 DUCO - duinousa"], "XXHASH hashrate": "0 H/s"}