{"Active connections": 650, "All-time mined DUCO": 743446840.2305961, "Current difficulty": 75000, "DUCO-S1 hashrate": "2.274 GH/s", "Duco FluffySwap price": 2.835e-06, "Duco Furim price": 0.0, "Duco Node-S price": 0.0, "Duco PancakeSwap price": 1.15039e-05, "Duco SunSwap price": 0.00011041, "Duco SushiSwap price": 2.01831e-05, "Duco UbeSwap price": 2.8285092635326694e-05, "Duco price": 0.00011041, "Duco price BCH": 4.04e-06, "Duco price NANO": 1.8e-06, "Duco price TRX": 3.24e-06, "Duco price XMG": 0.0, "Duino-Coin Server API": "github.com/revoxhere/duino-coin", "Kolka": {"Banned": 1399, "Jailed": 127}, "Last block hash": "8de4bc0b3fa1580ec7f3421feb9644fc8ead02b8", "Last sync": 1685925712.5466073, "Last update": "05/06/2023 00:41:53 (UTC)", "Mined blocks": 410887182510, "Miner distribution": {"All": 23160, "Arduino": 2883, "CPU": 939, "ESP32": 9500, "ESP8266": 8125, "GPU": 0, "Other": 9, "Phone": 44, "RPi": 1402, "Web": 258}, "Net energy usage": "17.03 kW", "Open threads": 23, "Pool hashrate": "2274.101 MH/s", "Registered users": 93375, "Server CPU usage": 37.4, "Server RAM usage": 35.3, "Server version": 3.0, "Top 10 richest miners": ["495743830.67087966 DUCO - coinexchange", "404530573.7045106 DUCO - coinexchange", "52378557.04439265 DUCO - bscDUCO", "20119947.6942 DUCO - viviana80", "15115368.927099999 DUCO - Ochios", "12720440.559071772 DUCO - QQ44142894", "12318290.802490192 DUCO - Flowen1985", "10759939.638689265 DUCO - fiorella71", "8125736.123916335 DUCO - Orion_0x43b", "7301325.017630027 DUCO - revox"], "XXHASH hashrate": "0 H/s"}