{"Duino-Coin Server API": "github.com/revoxhere/duino-coin", "Server version": 2.7, "Active connections": 6396, "Open threads": 17, "Server CPU usage": 71.2, "Server RAM usage": 28.3, "Last update": "04/09/2021 10:06:49 (UTC)", "Net energy usage": "2.63 kW", "Pool hashrate": "48.1584 MH/s", "DUCO-S1 hashrate": "48.2 MH/s", "XXHASH hashrate": "0 H/s", "Duco price": 0.0050069, "Duco price XMG": 0.0040356, "Duco price BCH": 0.00109086, "Duco price TRX": 0.00102852, "Duco price XRP": 0.00128, "Duco price DGB": 0.00069147, "Duco price NANO": 0.0010395, "Duco price FJC": 0.0050069, "Duco Node-S price": 0.002515, "Duco JustSwap price": 0.00359214, "Duco PancakeSwap price": 0.0018854, "Registered users": 16504, "All-time mined DUCO": 8233270.5338873, "Current difficulty": 576926, "Mined blocks": 13846228621, "Last block hash": "730b6127b9", "Kolka": {"Jailed": 21, "Banned": 597}, "Miner distribution": {"GPU": 0, "CPU": 145, "RPi": 60, "Phone": 0, "Web": 0, "ESP32": 351, "ESP8266": 649, "Arduino": 8, "Other": 0}, "Top 10 richest miners": ["1773818.953874958 DUCO - bscDUCO", "418930.09685510676 DUCO - coinexchange", "240000.1555491204 DUCO - 52Pickup", "182704.4014265065 DUCO - WannaCry", "169937.594875061 DUCO - Bacman", "119758.87676933417 DUCO - rootbori", "113387.18511437952 DUCO - amornlit", "86282.3829499439 DUCO - caancom", "51081.960035611126 DUCO - ducodoly", "50288.45762651612 DUCO - duinocrfsh"]}