{"Active connections": 786, "All-time mined DUCO": 740953196.4015791, "Current difficulty": 75000, "DUCO-S1 hashrate": "2.1 GH/s", "Duco FluffySwap price": 1.6869999999999997e-06, "Duco Furim price": 0.0, "Duco Node-S price": 0.0, "Duco PancakeSwap price": 1.35484e-05, "Duco SunSwap price": 2.362e-05, "Duco SushiSwap price": 1.72849e-05, "Duco UbeSwap price": 2.996165722235418e-05, "Duco price": 2.996165722235418e-05, "Duco price BCH": 2.41e-06, "Duco price NANO": 1.76e-06, "Duco price TRX": 2.26e-06, "Duco price XMG": 0.0, "Duino-Coin Server API": "github.com/revoxhere/duino-coin", "Kolka": {"Banned": 1337, "Jailed": 117}, "Last block hash": "8de4bc0b3fa1580ec7f3421feb9644fc8ead02b8", "Last sync": 1680211271.5082898, "Last update": "30/03/2023 21:21:15 (UTC)", "Mined blocks": 378137405126, "Miner distribution": {"All": 28873, "Arduino": 3580, "CPU": 946, "ESP32": 10985, "ESP8266": 11489, "GPU": 0, "Other": 14, "Phone": 17, "RPi": 1578, "Web": 264}, "Net energy usage": "19.8 kW", "Open threads": 24, "Pool hashrate": "2073.03 MH/s", "Registered users": 90998, "Server CPU usage": 53.6, "Server RAM usage": 49.3, "Server version": 3.0, "Top 10 richest miners": ["495743830.67087966 DUCO - coinexchange", "490968057.6539535 DUCO - coinexchange", "44576037.117 DUCO - AlmarRido", "36211059.56591818 DUCO - bscDUCO", "20119947.6942 DUCO - viviana80", "15115364.7271 DUCO - Ochios", "12720440.559071772 DUCO - QQ44142894", "10759939.638689265 DUCO - fiorella71", "8125736.123916335 DUCO - Orion_0x43b", "6828027.835026049 DUCO - lordachoo"], "XXHASH hashrate": "0 H/s"}