{"Active connections": 1363, "All-time mined DUCO": 60294753.98777096, "Current difficulty": 1000000, "DUCO-S1 hashrate": "5.5 GH/s", "Duco Furim price": 0.0, "Duco Node-S price": 0.0, "Duco PancakeSwap price": 4.7e-05, "Duco SunSwap price": 0.000313, "Duco SushiSwap price": 7.6e-05, "Duco price": 0.000314, "Duco price BCH": 4e-06, "Duco price NANO": 2.3e-05, "Duco price TRX": 3e-06, "Duco price XMG": 6e-06, "Duino-Coin Server API": "github.com/revoxhere/duino-coin", "Kolka": {"Banned": 543, "Jailed": 29}, "Last block hash": "2eb3f8271cd947cdd6469be145558a7bcb72e0d9", "Last sync": 1647585399.558934, "Last update": "18/03/2022 06:36:42 (UTC)", "Mined blocks": 133006534529, "Miner distribution": {"All": 42744, "Arduino": 7269, "CPU": 4148, "ESP32": 13035, "ESP8266": 14652, "GPU": 0, "Other": 59, "Phone": 158, "RPi": 2671, "Web": 752}, "Net energy usage": "45.38 kW", "Open threads": 21, "Pool hashrate": "5522.04 MH/s", "Registered users": 65092, "Server CPU usage": 38.6, "Server RAM usage": 48.6, "Server version": 3.0, "Top 10 richest miners": ["25867976.673074927 DUCO - bscDUCO", "10000000.269761559 DUCO - miningvir", "3965348.014869814 DUCO - Ochios", "3962275.8619908057 DUCO - RNGesus", "2635469.7493082196 DUCO - coinexchange", "2453550.087773999 DUCO - ifdeduco", "1712329.395674789 DUCO - DeVisdude", "1554207.2784782005 DUCO - Demoel", "1259839.3526365666 DUCO - T3rminator", "1209837.627673189 DUCO - James_themac"], "XXHASH hashrate": "0 H/s"}