{"Active connections": 5475, "All-time mined DUCO": 17732396.86688842, "Current difficulty": 125000, "DUCO-S1 hashrate": "970.1 MH/s", "Duco JustSwap price": 0.00079064, "Duco Node-S price": 5.1e-05, "Duco PancakeSwap price": 0.000656946, "Duco SushiSwap price": 0.000469464, "Duco price": 0.00114901, "Duco price BCH": 0.0, "Duco price DGB": 0.0, "Duco price NANO": 0.000575, "Duco price RVN": 0.0, "Duco price TRX": 0.0, "Duco price XMG": 0.0011369, "Duco price XRP": 0.0, "Duino-Coin Server API": "github.com/revoxhere/duino-coin", "Kolka": {"Banned": 682, "Jailed": 24}, "Last block hash": "32df6a635e", "Last update": "14/11/2021 04:25:59 (UTC)", "Mined blocks": 41794143707, "Miner distribution": {"All": 31526, "Arduino": 5693, "CPU": 2442, "ESP32": 9370, "ESP8266": 11646, "GPU": 0, "Other": 115, "Phone": 265, "RPi": 1517, "Web": 478}, "Net energy usage": "29.17 kW", "Open threads": 24, "Pool hashrate": "970.06 MH/s", "Registered users": 23828, "Server CPU usage": 72.0, "Server RAM usage": 42.4, "Server version": 2.7, "Top 10 richest miners": ["3531032.9806000832 DUCO - bscDUCO", "1283257.7600902193 DUCO - coinexchange", "591776.628131775 DUCO - NodeSBroker", "351150.1606789791 DUCO - James_themac", "300520.1555491204 DUCO - 52Pickup", "188487.89104597003 DUCO - celoDUCO", "170241.13285850236 DUCO - Bacman", "123387.18511437952 DUCO - amornlit", "119999.99999999892 DUCO - rootbori", "118239.84277253377 DUCO - maticDUCO"], "XXHASH hashrate": "0 H/s"}