{"Active connections": 1246, "All-time mined DUCO": 234774554.4303995, "Current difficulty": 75000, "DUCO-S1 hashrate": "2.3 GH/s", "Duco FluffySwap price": 3.7309999999999995e-06, "Duco Furim price": 0.0, "Duco Node-S price": 0.0, "Duco PancakeSwap price": 3.17471e-05, "Duco SunSwap price": 5.879e-05, "Duco SushiSwap price": 6.48802e-06, "Duco UbeSwap price": 2.8567641015443758e-05, "Duco price": 5.879e-05, "Duco price BCH": 5.33e-06, "Duco price NANO": 3.46e-06, "Duco price TRX": 4.87e-06, "Duco price XMG": 0.0, "Duino-Coin Server API": "github.com/revoxhere/duino-coin", "Kolka": {"Banned": 1277, "Jailed": 100}, "Last block hash": "8de4bc0b3fa1580ec7f3421feb9644fc8ead02b8", "Last sync": 1675796067.636029, "Last update": "07/02/2023 18:54:34 (UTC)", "Mined blocks": 351821565935, "Miner distribution": {"All": 31009, "Arduino": 3847, "CPU": 1260, "ESP32": 11936, "ESP8266": 11908, "GPU": 0, "Other": 10, "Phone": 29, "RPi": 1629, "Web": 390}, "Net energy usage": "22.62 kW", "Open threads": 24, "Pool hashrate": "2322.45 MH/s", "Registered users": 88398, "Server CPU usage": 45.3, "Server RAM usage": 56.2, "Server version": 3.0, "Top 10 richest miners": ["51123056.302386284 DUCO - AlmarRido", "41623890.35752013 DUCO - bscDUCO", "20119946.6942 DUCO - viviana80", "17543094.337617487 DUCO - coinexchange", "15115363.695 DUCO - Ochios", "11692429.559071772 DUCO - QQ44142894", "10759939.638689265 DUCO - fiorella71", "9413403.5 DUCO - infternet", "8125736.123916335 DUCO - Orion_0x43b", "6817260.505023831 DUCO - lordachoo"], "XXHASH hashrate": "0 H/s"}