{"Active connections": 9592, "All-time mined DUCO": 18155386.627237372, "Current difficulty": 125000, "DUCO-S1 hashrate": "1221.7 MH/s", "Duco JustSwap price": 0.00043968, "Duco Node-S price": 5.1e-05, "Duco PancakeSwap price": 0.000656946, "Duco SushiSwap price": 0.000469464, "Duco price": 0.00085317, "Duco price BCH": 0.00029796, "Duco price DGB": 0.0, "Duco price NANO": 0.0002121, "Duco price RVN": 0.0, "Duco price TRX": 0.00039173, "Duco price XMG": 0.00085204, "Duco price XRP": 0.0, "Duino-Coin Server API": "github.com/revoxhere/duino-coin", "Kolka": {"Banned": 683, "Jailed": 24}, "Last block hash": "2eb3f8271c", "Last update": "18/11/2021 00:46:20 (UTC)", "Mined blocks": 43644257410, "Miner distribution": {"All": 36190, "Arduino": 6939, "CPU": 3157, "ESP32": 10901, "ESP8266": 12539, "GPU": 0, "Other": 35, "Phone": 262, "RPi": 1904, "Web": 453}, "Net energy usage": "35.6 kW", "Open threads": 24, "Pool hashrate": "1221.69 MH/s", "Registered users": 24693, "Server CPU usage": 40.2, "Server RAM usage": 40.1, "Server version": 2.7, "Top 10 richest miners": ["3353835.510625882 DUCO - bscDUCO", "1272079.7920902192 DUCO - coinexchange", "591776.703081775 DUCO - NodeSBroker", "351150.1606789791 DUCO - James_themac", "300520.1555491204 DUCO - 52Pickup", "240200.0885148971 DUCO - bimbasimba94", "188487.89104597003 DUCO - celoDUCO", "170241.13285850236 DUCO - Bacman", "126707.07842340376 DUCO - maticDUCO", "123387.18511437952 DUCO - amornlit"], "XXHASH hashrate": "0 H/s"}