{"Active connections": 935, "All-time mined DUCO": 171982114.21738997, "Current difficulty": 75000, "DUCO-S1 hashrate": "2.7 GH/s", "Duco FluffySwap price": 1.7472e-05, "Duco Furim price": 0.0, "Duco Node-S price": 0.0, "Duco PancakeSwap price": 4.76309e-05, "Duco SunSwap price": 4.983e-05, "Duco SushiSwap price": 3.47457e-06, "Duco UbeSwap price": 2.8267968466536925e-05, "Duco price": 4.983e-05, "Duco price BCH": 2.496e-05, "Duco price NANO": 1.621e-05, "Duco price TRX": 4.084e-05, "Duco price XMG": 0.0, "Duino-Coin Server API": "github.com/revoxhere/duino-coin", "Kolka": {"Banned": 1225, "Jailed": 93}, "Last block hash": "8de4bc0b3fa1580ec7f3421feb9644fc8ead02b8", "Last sync": 1672329286.079005, "Last update": "29/12/2022 15:54:51 (UTC)", "Mined blocks": 330071142134, "Miner distribution": {"All": 33596, "Arduino": 3822, "CPU": 1266, "ESP32": 12481, "ESP8266": 13963, "GPU": 0, "Other": 29, "Phone": 14, "RPi": 1687, "Web": 334}, "Net energy usage": "23.94 kW", "Open threads": 24, "Pool hashrate": "2717.44 MH/s", "Registered users": 86106, "Server CPU usage": 53.2, "Server RAM usage": 37.8, "Server version": 3.0, "Top 10 richest miners": ["39089708.73070239 DUCO - bscDUCO", "20119945.00125 DUCO - viviana80", "14965357.425395073 DUCO - Ochios", "13675334.218015814 DUCO - ctecrypto", "11692429.559071772 DUCO - QQ44142894", "10759939.638689265 DUCO - fiorella71", "8125736.123916335 DUCO - Orion_0x43b", "6807801.897205897 DUCO - lordachoo", "4267666.823 DUCO - Demoel", "2621436.6339731156 DUCO - msdo1006"], "XXHASH hashrate": "0 H/s"}