{"Active connections": 937, "All-time mined DUCO": 745204712.8385135, "Current difficulty": 200000, "DUCO-S1 hashrate": "1.732 GH/s", "Duco FluffySwap price": 8.533e-06, "Duco Furim price": 0.0, "Duco Node-S price": 0.0, "Duco PancakeSwap price": 8.57789e-06, "Duco SunSwap price": 0.00013744, "Duco SushiSwap price": 1.2962107682626e-05, "Duco UbeSwap price": 1.1191491992827553e-05, "Duco price": 0.00018623, "Duco price BCH": 0.00013484, "Duco price NANO": 0.00018623, "Duco price TRX": 1.221e-05, "Duco price XMG": 3.692e-05, "Duino-Coin Server API": "github.com/revoxhere/duino-coin", "Kolka": {"Banned": 5970, "Jailed": 183}, "Last block hash": "8de4bc0b3fa1580ec7f3421feb9644fc8ead02b8", "Last sync": 1719516295.3196168, "Last update": "27/06/2024 19:24:55 (UTC)", "Mined blocks": 530895719425, "Miner distribution": {"All": 17755, "Arduino": 2307, "CPU": 957, "ESP32": 7313, "ESP8266": 5771, "GPU": 0, "Other": 17, "Phone": 21, "RPi": 1116, "Web": 253}, "Net energy usage": "14.46 kW", "Open threads": 29, "Pool hashrate": "1732.206 MH/s", "Registered users": 103503, "Server CPU usage": 58.1, "Server RAM usage": 90.7, "Server version": 4.0, "Top 10 richest miners": ["248784631.68825993 DUCO - coinexchange", "79668478.50800352 DUCO - bscDUCO", "29548821.707830127 DUCO - AlmarRido", "24635208.6964704 DUCO - Flowen1985", "22851221.472 DUCO - bimbasimba94", "20120447.6942 DUCO - viviana80", "14898386.09868789 DUCO - aimbert", "14847133.194062889 DUCO - ctecrypto", "14175431.912012154 DUCO - duinousa", "12721940.59109726 DUCO - QQ44142894"], "XXHASH hashrate": "0 H/s"}