{"Active connections": 1534, "All-time mined DUCO": 166817001.06551287, "Current difficulty": 75000, "DUCO-S1 hashrate": "2.3 GH/s", "Duco FluffySwap price": 1.1500999999999999e-05, "Duco Furim price": 0.0, "Duco Node-S price": 0.0, "Duco PancakeSwap price": 5.20473e-05, "Duco SunSwap price": 4.887e-05, "Duco SushiSwap price": 1.61159e-05, "Duco UbeSwap price": 2.9311039484286864e-05, "Duco price": 5.20473e-05, "Duco price BCH": 1.644e-05, "Duco price NANO": 7.63e-06, "Duco price TRX": 5.34e-06, "Duco price XMG": 0.0, "Duino-Coin Server API": "github.com/revoxhere/duino-coin", "Kolka": {"Banned": 1181, "Jailed": 90}, "Last block hash": "8de4bc0b3fa1580ec7f3421feb9644fc8ead02b8", "Last sync": 1670498008.6600695, "Last update": "08/12/2022 11:13:34 (UTC)", "Mined blocks": 317632708339, "Miner distribution": {"All": 23759, "Arduino": 2978, "CPU": 1000, "ESP32": 8185, "ESP8266": 9696, "GPU": 0, "Other": 8, "Phone": 22, "RPi": 1474, "Web": 396}, "Net energy usage": "17.95 kW", "Open threads": 21, "Pool hashrate": "2255.82 MH/s", "Registered users": 84975, "Server CPU usage": 67.5, "Server RAM usage": 40.0, "Server version": 3.0, "Top 10 richest miners": ["38531229.63978844 DUCO - bscDUCO", "20119945.00125 DUCO - viviana80", "14965353.225385074 DUCO - Ochios", "11692429.559071772 DUCO - QQ44142894", "10759939.638689265 DUCO - fiorella71", "8125627.40620022 DUCO - Orion_0x43b", "5624132.482333553 DUCO - coinexchange", "5411407.81916534 DUCO - ivanrpz", "4267666.823 DUCO - Demoel", "4196758.466899999 DUCO - AlmarRido"], "XXHASH hashrate": "0 H/s"}