{"Active connections": 521, "All-time mined DUCO": 780139352.858818, "Current difficulty": 200000, "DUCO-S1 hashrate": "1.878 GH/s", "Duco FluffySwap price": 2.156e-05, "Duco Furim price": 0.0, "Duco Node-S price": 0.0, "Duco PancakeSwap price": 1.31425e-05, "Duco SunSwap price": 2.946e-05, "Duco SushiSwap price": 8.987494203495e-06, "Duco UbeSwap price": 1.568e-05, "Duco price": 3.318e-05, "Duco price BCH": 0.0, "Duco price NANO": 0.0, "Duco price TRX": 3.08e-05, "Duco price XMG": 3.318e-05, "Duino-Coin Server API": "github.com/revoxhere/duino-coin", "Kolka": {"Banned": 6032, "Jailed": 191}, "Last block hash": "8de4bc0b3fa1580ec7f3421feb9644fc8ead02b8", "Last sync": 1725880690.8447087, "Last update": "09/09/2024 11:18:10 (UTC)", "Mined blocks": 549330336374, "Miner distribution": {"All": 14956, "Arduino": 1825, "CPU": 793, "ESP32": 5053, "ESP8266": 6027, "GPU": 0, "Other": 11, "Phone": 36, "RPi": 997, "Web": 214}, "Net energy usage": "12.32 kW", "Open threads": 27, "Pool hashrate": "1877.833 MH/s", "Registered users": 105864, "Server CPU usage": 69.7, "Server RAM usage": 62.0, "Server version": 4.0, "Top 10 richest miners": ["235498945.71073315 DUCO - coinexchange", "85495878.52646369 DUCO - bscDUCO", "35576240.569 DUCO - AlmarRido", "30855598.808 DUCO - Flowen1985", "20160690.628000002 DUCO - viviana80", "18317539.132 DUCO - bimbasimba94", "14928741.668259546 DUCO - aimbert", "14847133.194062889 DUCO - ctecrypto", "14206674.601313839 DUCO - duinousa", "12721943.39257476 DUCO - QQ44142894"], "XXHASH hashrate": "0 H/s"}