{"Active connections": 1148, "All-time mined DUCO": 836698300.0191479, "Current difficulty": 75000, "DUCO-S1 hashrate": "2.438 GH/s", "Duco FluffySwap price": 2.6389999999999996e-06, "Duco Furim price": 0.0, "Duco Node-S price": 0.0, "Duco PancakeSwap price": 9.50883e-06, "Duco SunSwap price": 9.593e-05, "Duco SushiSwap price": 1.31398e-05, "Duco UbeSwap price": 2.7898752414944825e-05, "Duco price": 9.593e-05, "Duco price BCH": 3.77e-06, "Duco price NANO": 1.64e-06, "Duco price TRX": 2.82e-06, "Duco price XMG": 0.0, "Duino-Coin Server API": "github.com/revoxhere/duino-coin", "Kolka": {"Banned": 1, "Jailed": 129}, "Last block hash": "8de4bc0b3fa1580ec7f3421feb9644fc8ead02b8", "Last sync": 1687097150.109883, "Last update": "18/06/2023 14:05:50 (UTC)", "Mined blocks": 416549267679, "Miner distribution": {"All": 22830, "Arduino": 2625, "CPU": 980, "ESP32": 9690, "ESP8266": 7957, "GPU": 0, "Other": 13, "Phone": 4, "RPi": 1346, "Web": 215}, "Net energy usage": "17.08 kW", "Open threads": 24, "Pool hashrate": "2438.15 MH/s", "Registered users": 93743, "Server CPU usage": 58.0, "Server RAM usage": 33.5, "Server version": 3.0, "Top 10 richest miners": ["495743830.67087966 DUCO - coinexchange", "388088870.50103223 DUCO - coinexchange", "49333857.02939265 DUCO - bscDUCO", "20119947.6942 DUCO - viviana80", "15115368.927099999 DUCO - Ochios", "14236198.058543807 DUCO - bimbasimba94", "12720440.559071772 DUCO - QQ44142894", "12513841.494351095 DUCO - duinousa", "10978766.04658526 DUCO - Rafa2000", "10759939.638689265 DUCO - fiorella71"], "XXHASH hashrate": "0 H/s"}