{"Active connections": 336, "All-time mined DUCO": 783589229.0460107, "Current difficulty": 200000, "DUCO-S1 hashrate": "1.95 GH/s", "Duco FluffySwap price": 2.1076999999999998e-05, "Duco Furim price": 0.0, "Duco Node-S price": 0.0, "Duco PancakeSwap price": 1.31425e-05, "Duco SunSwap price": 2.876e-05, "Duco SushiSwap price": 8.987494203495e-06, "Duco UbeSwap price": 1.568e-05, "Duco price": 3.404e-05, "Duco price BCH": 0.0, "Duco price NANO": 0.0, "Duco price TRX": 3.007e-05, "Duco price XMG": 3.404e-05, "Duino-Coin Server API": "github.com/revoxhere/duino-coin", "Kolka": {"Banned": 6027, "Jailed": 191}, "Last block hash": "8de4bc0b3fa1580ec7f3421feb9644fc8ead02b8", "Last sync": 1725442900.26856, "Last update": "04/09/2024 09:41:40 (UTC)", "Mined blocks": 548135134398, "Miner distribution": {"All": 14923, "Arduino": 1880, "CPU": 804, "ESP32": 4885, "ESP8266": 6102, "GPU": 0, "Other": 10, "Phone": 6, "RPi": 1059, "Web": 177}, "Net energy usage": "12.44 kW", "Open threads": 28, "Pool hashrate": "1949.623 MH/s", "Registered users": 105709, "Server CPU usage": 53.4, "Server RAM usage": 60.0, "Server version": 4.0, "Top 10 richest miners": ["235434171.27118552 DUCO - coinexchange", "85494792.52646369 DUCO - bscDUCO", "35576240.569 DUCO - AlmarRido", "30855598.808 DUCO - Flowen1985", "22896923.915 DUCO - bimbasimba94", "20160690.628000002 DUCO - viviana80", "14928227.774346847 DUCO - aimbert", "14847133.194062889 DUCO - ctecrypto", "14206531.366900764 DUCO - duinousa", "12721943.39257476 DUCO - QQ44142894"], "XXHASH hashrate": "0 H/s"}