{"Active connections": 593, "All-time mined DUCO": 730539726.4437304, "Current difficulty": 75000, "DUCO-S1 hashrate": "2.243 GH/s", "Duco FluffySwap price": 2.527e-06, "Duco Furim price": 0.0, "Duco Node-S price": 0.0, "Duco PancakeSwap price": 3.21109e-06, "Duco SunSwap price": 9.569e-05, "Duco SushiSwap price": 1.29971e-05, "Duco UbeSwap price": 2.7898752414944825e-05, "Duco price": 9.569e-05, "Duco price BCH": 3.6e-06, "Duco price NANO": 1.6e-06, "Duco price TRX": 2.81e-06, "Duco price XMG": 0.0, "Duino-Coin Server API": "github.com/revoxhere/duino-coin", "Kolka": {"Banned": 2253, "Jailed": 129}, "Last block hash": "8de4bc0b3fa1580ec7f3421feb9644fc8ead02b8", "Last sync": 1686525804.857307, "Last update": "11/06/2023 23:23:28 (UTC)", "Mined blocks": 413588697018, "Miner distribution": {"All": 22434, "Arduino": 2822, "CPU": 943, "ESP32": 9463, "ESP8266": 7707, "GPU": 0, "Other": 8, "Phone": 8, "RPi": 1342, "Web": 141}, "Net energy usage": "16.59 kW", "Open threads": 23, "Pool hashrate": "2243.028 MH/s", "Registered users": 93576, "Server CPU usage": 33.7, "Server RAM usage": 31.5, "Server version": 3.0, "Top 10 richest miners": ["495743830.67087966 DUCO - coinexchange", "390480662.9832323 DUCO - coinexchange", "57689307.02939265 DUCO - bscDUCO", "20119947.6942 DUCO - viviana80", "15115368.927099999 DUCO - Ochios", "12720440.559071772 DUCO - QQ44142894", "10978748.993053352 DUCO - Rafa2000", "10759939.638689265 DUCO - fiorella71", "8660741.379959991 DUCO - duinousa", "8125736.123916335 DUCO - Orion_0x43b"], "XXHASH hashrate": "0 H/s"}