{"Active connections": 699, "All-time mined DUCO": 740159917.2006258, "Current difficulty": 200000, "DUCO-S1 hashrate": "2.532 GH/s", "Duco FluffySwap price": 8.574999999999998e-06, "Duco Furim price": 0.0, "Duco Node-S price": 0.0, "Duco PancakeSwap price": 8.57789e-06, "Duco SunSwap price": 9.965e-05, "Duco SushiSwap price": 1.2962107682626e-05, "Duco UbeSwap price": 1.1191491992827553e-05, "Duco price": 0.0002078, "Duco price BCH": 0.00014565, "Duco price NANO": 0.0002078, "Duco price TRX": 1.225e-05, "Duco price XMG": 0.0, "Duino-Coin Server API": "github.com/revoxhere/duino-coin", "Kolka": {"Banned": 5907, "Jailed": 177}, "Last block hash": "8de4bc0b3fa1580ec7f3421feb9644fc8ead02b8", "Last sync": 1714631025.3150437, "Last update": "02/05/2024 06:23:45 (UTC)", "Mined blocks": 516552508447, "Miner distribution": {"All": 14969, "Arduino": 2157, "CPU": 1022, "ESP32": 5344, "ESP8266": 5022, "GPU": 0, "Other": 38, "Phone": 3, "RPi": 1319, "Web": 64}, "Net energy usage": "13.84 kW", "Open threads": 26, "Pool hashrate": "2531.647 MH/s", "Registered users": 101403, "Server CPU usage": 24.4, "Server RAM usage": 93.2, "Server version": 4.0, "Top 10 richest miners": ["78442378.74889731 DUCO - bscDUCO", "39491496.79265186 DUCO - AlmarRido", "30792510.456 DUCO - Flowen1985", "20119947.6942 DUCO - viviana80", "17011708.804704107 DUCO - bimbasimba94", "14868531.194595315 DUCO - aimbert", "14841874.440919967 DUCO - ctecrypto", "14142890.855592927 DUCO - duinousa", "12720440.559071772 DUCO - QQ44142894", "10759939.638689265 DUCO - fiorella71"], "XXHASH hashrate": "0 H/s"}