{"Active connections": 479, "All-time mined DUCO": 777485252.2993698, "Current difficulty": 200000, "DUCO-S1 hashrate": "1.798 GH/s", "Duco FluffySwap price": 2.1406e-05, "Duco Furim price": 0.0, "Duco Node-S price": 0.0, "Duco PancakeSwap price": 1.31425e-05, "Duco SunSwap price": 2.925e-05, "Duco SushiSwap price": 8.987494203495e-06, "Duco UbeSwap price": 1.568e-05, "Duco price": 3.44e-05, "Duco price BCH": 0.0, "Duco price NANO": 0.0, "Duco price TRX": 3.058e-05, "Duco price XMG": 3.44e-05, "Duino-Coin Server API": "github.com/revoxhere/duino-coin", "Kolka": {"Banned": 6032, "Jailed": 191}, "Last block hash": "8de4bc0b3fa1580ec7f3421feb9644fc8ead02b8", "Last sync": 1725956581.747465, "Last update": "10/09/2024 08:23:01 (UTC)", "Mined blocks": 549540227098, "Miner distribution": {"All": 14857, "Arduino": 1810, "CPU": 732, "ESP32": 5133, "ESP8266": 6037, "GPU": 0, "Other": 10, "Phone": 9, "RPi": 970, "Web": 156}, "Net energy usage": "11.86 kW", "Open threads": 28, "Pool hashrate": "1797.718 MH/s", "Registered users": 105880, "Server CPU usage": 63.8, "Server RAM usage": 64.0, "Server version": 4.0, "Top 10 richest miners": ["235486110.93308315 DUCO - coinexchange", "85495878.52646369 DUCO - bscDUCO", "35576240.569 DUCO - AlmarRido", "30855598.808 DUCO - Flowen1985", "20160690.628000002 DUCO - viviana80", "18317539.132 DUCO - bimbasimba94", "14928742.009395758 DUCO - aimbert", "14847133.194062889 DUCO - ctecrypto", "12721943.39257476 DUCO - QQ44142894", "11365358.479482714 DUCO - duinousa"], "XXHASH hashrate": "0 H/s"}