{"Active connections": 1428, "All-time mined DUCO": 171643588.0568002, "Current difficulty": 75000, "DUCO-S1 hashrate": "2.4 GH/s", "Duco FluffySwap price": 1.3971999999999998e-05, "Duco Furim price": 0.0, "Duco Node-S price": 0.0, "Duco PancakeSwap price": 5.22373e-05, "Duco SunSwap price": 5.034e-05, "Duco SushiSwap price": 1.38636e-05, "Duco UbeSwap price": 2.8375119743665973e-05, "Duco price": 5.22373e-05, "Duco price BCH": 1.995e-05, "Duco price NANO": 1.305e-05, "Duco price TRX": 2.751e-05, "Duco price XMG": 0.0, "Duino-Coin Server API": "github.com/revoxhere/duino-coin", "Kolka": {"Banned": 1213, "Jailed": 93}, "Last block hash": "8de4bc0b3fa1580ec7f3421feb9644fc8ead02b8", "Last sync": 1671728705.9197125, "Last update": "22/12/2022 17:05:11 (UTC)", "Mined blocks": 326126097849, "Miner distribution": {"All": 33656, "Arduino": 3876, "CPU": 1289, "ESP32": 12644, "ESP8266": 13819, "GPU": 0, "Other": 19, "Phone": 14, "RPi": 1622, "Web": 373}, "Net energy usage": "24.01 kW", "Open threads": 24, "Pool hashrate": "2436.45 MH/s", "Registered users": 85742, "Server CPU usage": 46.0, "Server RAM usage": 60.4, "Server version": 3.0, "Top 10 richest miners": ["39083307.73070239 DUCO - bscDUCO", "20119945.00125 DUCO - viviana80", "14965357.425385073 DUCO - Ochios", "13674603.24790794 DUCO - ctecrypto", "11692429.559071772 DUCO - QQ44142894", "10759939.638689265 DUCO - fiorella71", "8125736.123916335 DUCO - Orion_0x43b", "4267666.823 DUCO - Demoel", "3897617.2068999996 DUCO - AlmarRido", "2400511.1889879405 DUCO - msdo1006"], "XXHASH hashrate": "0 H/s"}