{"Active connections": 1481, "All-time mined DUCO": 17843661.011004966, "Current difficulty": 75000, "DUCO-S1 hashrate": "1519.2 MH/s", "Duco JustSwap price": 0.00013621, "Duco Node-S price": 5.7e-05, "Duco PancakeSwap price": 0.000594663, "Duco SushiSwap price": 0.000356015, "Duco price": 0.0011, "Duco price BCH": 8.136e-05, "Duco price DGB": 0.0, "Duco price NANO": 1.714e-05, "Duco price RVN": 0.0, "Duco price TRX": 0.00018073, "Duco price XMG": 0.0004465, "Duco price XRP": 0.0, "Duino-Coin Server API": "github.com/revoxhere/duino-coin", "Kolka": {"Banned": 711, "Jailed": 24}, "Last block hash": "2eb3f8271c", "Last update": "11/12/2021 12:09:42 (UTC)", "Mined blocks": 59487111444, "Miner distribution": {"All": 37182, "Arduino": 6892, "CPU": 4472, "ESP32": 10406, "ESP8266": 11386, "GPU": 0, "Other": 7, "Phone": 421, "RPi": 2634, "Web": 964}, "Net energy usage": "44.86 kW", "Open threads": 21, "Pool hashrate": "1519.17 MH/s", "Registered users": 29605, "Server CPU usage": 54.4, "Server RAM usage": 47.5, "Server version": 2.7, "Top 10 richest miners": ["4449321.910296655 DUCO - bscDUCO", "1148170.0881484298 DUCO - coinexchange", "530162.5806861913 DUCO - NodeSBroker", "397162.15067505674 DUCO - James_themac", "300520.321607231 DUCO - 52Pickup", "203898.88557892916 DUCO - miningvir", "188782.057104081 DUCO - celoDUCO", "181377.08691112456 DUCO - maticDUCO", "170241.298916613 DUCO - Bacman", "166777.54892839296 DUCO - bloomindark"], "XXHASH hashrate": "0 H/s"}