{"Duino-Coin Server API": "github.com/revoxhere/duino-coin", "Server version": 2.6, "Active connections": 9158, "Open threads": 22, "Server CPU usage": 61.3, "Server RAM usage": 56.9, "Last update": "17/08/2021 00:09:40 (UTC)", "Net energy usage": "8.04 kW", "Pool hashrate": "138.5501 MH/s", "DUCO-S1 hashrate": "138.3 MH/s", "XXHASH hashrate": "242.0 kH/s", "Duco price": 0.018767, "Duco price XMG": 0.01876683, "Duco price BCH": 0.00168833, "Duco price TRX": 0.00178914, "Duco price XRP": 0.0020825, "Duco price DGB": 0.00204411, "Duco price NANO": 0.0015575, "Duco Node-S price": 0.018767, "Duco JustSwap price": 0.00717208, "Duco PancakeSwap price": 0.00420784, "Registered users": 20043, "All-time mined DUCO": 5789367.9253976, "Current difficulty": 451370, "Mined blocks": 10832899720, "Last block hash": "4e3156c3b0", "Kolka": {"Jailed": 0, "Banned": 417}, "Miner distribution": {"GPU": 0, "CPU": 248, "RPi": 113, "ESP32": 1778, "ESP8266": 2789, "Arduino": 489, "Other": 81}, "Top 10 richest miners": ["548859.269585928 DUCO - bscDUCO", "169741.7419356001 DUCO - Bacman", "127759.47377963255 DUCO - coinexchange", "120106.99999999886 DUCO - WannaCry", "113116.96486580715 DUCO - amornlit", "101001.15586840843 DUCO - 52Pickup", "86158.58772899676 DUCO - caancom", "52523.78059048856 DUCO - zero0", "50328.99879275615 DUCO - rootbori", "50288.45762651612 DUCO - duinocrfsh"]}