{"Active connections": 741, "All-time mined DUCO": 698757254.0262496, "Current difficulty": 75000, "DUCO-S1 hashrate": "2.1 GH/s", "Duco FluffySwap price": 1.7569999999999999e-06, "Duco Furim price": 0.0, "Duco Node-S price": 0.0, "Duco PancakeSwap price": 3.13039e-05, "Duco SunSwap price": 2.355e-05, "Duco SushiSwap price": 1.88429e-05, "Duco UbeSwap price": 2.949693582059398e-05, "Duco price": 3.13039e-05, "Duco price BCH": 2.51e-06, "Duco price NANO": 1.81e-06, "Duco price TRX": 2.26e-06, "Duco price XMG": 0.0, "Duino-Coin Server API": "github.com/revoxhere/duino-coin", "Kolka": {"Banned": 1331, "Jailed": 115}, "Last block hash": "8de4bc0b3fa1580ec7f3421feb9644fc8ead02b8", "Last sync": 1679842068.2411075, "Last update": "26/03/2023 14:47:54 (UTC)", "Mined blocks": 376160608277, "Miner distribution": {"All": 29599, "Arduino": 3725, "CPU": 1049, "ESP32": 11136, "ESP8266": 11710, "GPU": 0, "Other": 31, "Phone": 19, "RPi": 1621, "Web": 308}, "Net energy usage": "20.76 kW", "Open threads": 25, "Pool hashrate": "2134.92 MH/s", "Registered users": 90820, "Server CPU usage": 49.6, "Server RAM usage": 36.2, "Server version": 3.0, "Top 10 richest miners": ["495743830.67087966 DUCO - coinexchange", "32414285.708276175 DUCO - bscDUCO", "20119946.6942 DUCO - viviana80", "15115364.7271 DUCO - Ochios", "12720440.559071772 DUCO - QQ44142894", "10759939.638689265 DUCO - fiorella71", "8125736.123916335 DUCO - Orion_0x43b", "6827248.164079652 DUCO - lordachoo", "6785730.71670846 DUCO - msdo1006", "5808232.416929584 DUCO - revox"], "XXHASH hashrate": "0 H/s"}