{"Active connections": 633, "All-time mined DUCO": 1128805635.1671972, "Current difficulty": 75000, "DUCO-S1 hashrate": "2.332 GH/s", "Duco FluffySwap price": 3.4719999999999995e-06, "Duco Furim price": 0.0, "Duco Node-S price": 0.0, "Duco PancakeSwap price": 7.2694e-06, "Duco SunSwap price": 0.00010739, "Duco SushiSwap price": 1.01312e-05, "Duco UbeSwap price": 2.9093097913322633e-05, "Duco price": 0.00010739, "Duco price BCH": 4.95e-06, "Duco price NANO": 1.05e-06, "Duco price TRX": 2.01e-06, "Duco price XMG": 1.295e-05, "Duino-Coin Server API": "github.com/revoxhere/duino-coin", "Kolka": {"Banned": 5661, "Jailed": 161}, "Last block hash": "8de4bc0b3fa1580ec7f3421feb9644fc8ead02b8", "Last sync": 1694576871.5285032, "Last update": "13/09/2023 03:47:56 (UTC)", "Mined blocks": 448274363671, "Miner distribution": {"All": 19888, "Arduino": 2023, "CPU": 876, "ESP32": 8331, "ESP8266": 7468, "GPU": 0, "Other": 10, "Phone": 12, "RPi": 1168, "Web": 0}, "Net energy usage": "14.99 kW", "Open threads": 24, "Pool hashrate": "2331.933 MH/s", "Registered users": 95674, "Server CPU usage": 38.5, "Server RAM usage": 41.4, "Server version": 3.0, "Top 10 richest miners": ["495743830.67087966 DUCO - coinexchange", "364660821.32267 DUCO - coinexchange", "70408419.64457695 DUCO - bscDUCO", "44222470.968 DUCO - AlmarRido", "26700861.881426554 DUCO - giveaways", "24485940.745 DUCO - Flowen1985", "20119947.6942 DUCO - viviana80", "14281362.881 DUCO - bimbasimba94", "12720440.559071772 DUCO - QQ44142894", "11758322.739780247 DUCO - ctecrypto"], "XXHASH hashrate": "0 H/s"}