{"Active connections": 1498, "All-time mined DUCO": 66532002.75571538, "Current difficulty": 1000000, "DUCO-S1 hashrate": "5.2 GH/s", "Duco Furim price": 0.0, "Duco Node-S price": 0.0, "Duco PancakeSwap price": 4.7e-05, "Duco SushiSwap price": 7.6e-05, "Duco price": 8.5e-05, "Duco price BCH": 4e-06, "Duco price NANO": 1.7e-05, "Duco price TRX": 3e-06, "Duco price XMG": 6e-06, "Duco sunswap price": 8.5e-05, "Duino-Coin Server API": "github.com/revoxhere/duino-coin", "Kolka": {"Banned": 514, "Jailed": 29}, "Last block hash": "2eb3f8271cd947cdd6469be145558a7bcb72e0d9", "Last sync": 1647170699.4549718, "Last update": "13/03/2022 11:25:00 (UTC)", "Mined blocks": 129660054290, "Miner distribution": {"All": 40788, "Arduino": 6831, "CPU": 4015, "ESP32": 12189, "ESP8266": 14116, "GPU": 0, "Other": 68, "Phone": 271, "RPi": 2691, "Web": 607}, "Net energy usage": "43.78 kW", "Open threads": 21, "Pool hashrate": "5199.07 MH/s", "Registered users": 63184, "Server CPU usage": 39.5, "Server RAM usage": 39.7, "Server version": 2.7, "Top 10 richest miners": ["25420188.212190636 DUCO - bscDUCO", "12530866.269761559 DUCO - miningvir", "6989348.014869814 DUCO - Ochios", "3962275.8619908057 DUCO - RNGesus", "2616722.05930822 DUCO - coinexchange", "2453550.087773999 DUCO - ifdeduco", "1554112.6052695422 DUCO - Demoel", "1340941.8665382436 DUCO - naderi57", "1259796.122369096 DUCO - T3rminator", "1209837.627673189 DUCO - James_themac"], "XXHASH hashrate": "0 H/s"}