{"Active connections": 1917, "All-time mined DUCO": 17417944.035309993, "Current difficulty": 75000, "DUCO-S1 hashrate": "1662.2 MH/s", "Duco JustSwap price": 0.00076813, "Duco Node-S price": 5.1e-05, "Duco PancakeSwap price": 0.000594663, "Duco SushiSwap price": 0.000356015, "Duco price": 0.00077198, "Duco price BCH": 0.0, "Duco price DGB": 0.0, "Duco price NANO": 4.21e-05, "Duco price RVN": 0.0, "Duco price TRX": 0.00030493, "Duco price XMG": 0.00051502, "Duco price XRP": 0.0, "Duino-Coin Server API": "github.com/revoxhere/duino-coin", "Kolka": {"Banned": 707, "Jailed": 24}, "Last block hash": "2eb3f8271c", "Last update": "04/12/2021 23:05:54 (UTC)", "Mined blocks": 54294627824, "Miner distribution": {"All": 42135, "Arduino": 6974, "CPU": 4641, "ESP32": 12246, "ESP8266": 13567, "GPU": 0, "Other": 75, "Phone": 568, "RPi": 2512, "Web": 1552}, "Net energy usage": "48.17 kW", "Open threads": 21, "Pool hashrate": "1662.15 MH/s", "Registered users": 28118, "Server CPU usage": 54.0, "Server RAM usage": 48.7, "Server version": 2.7, "Top 10 richest miners": ["4035788.847658422 DUCO - bscDUCO", "1477804.6981484294 DUCO - coinexchange", "588826.4976891754 DUCO - NodeSBroker", "351162.15067505674 DUCO - James_themac", "300520.321607231 DUCO - 52Pickup", "188488.057104081 DUCO - celoDUCO", "170241.298916613 DUCO - Bacman", "169841.81189109458 DUCO - maticDUCO", "119999.999999999 DUCO - rootbori", "113387.35117249 DUCO - amornlit"], "XXHASH hashrate": "0 H/s"}