{"Active connections": 863, "All-time mined DUCO": 794235746.6139184, "Current difficulty": 75000, "DUCO-S1 hashrate": "2.218 GH/s", "Duco FluffySwap price": 2.5829999999999997e-06, "Duco Furim price": 0.0, "Duco Node-S price": 0.0, "Duco PancakeSwap price": 5.62178e-06, "Duco SunSwap price": 9.79e-05, "Duco SushiSwap price": 1.40057e-05, "Duco UbeSwap price": 2.7898752414944825e-05, "Duco price": 9.79e-05, "Duco price BCH": 3.7e-06, "Duco price NANO": 1.66e-06, "Duco price TRX": 2.88e-06, "Duco price XMG": 0.0, "Duino-Coin Server API": "github.com/revoxhere/duino-coin", "Kolka": {"Banned": 6132, "Jailed": 129}, "Last block hash": "8de4bc0b3fa1580ec7f3421feb9644fc8ead02b8", "Last sync": 1686688391.3803632, "Last update": "13/06/2023 20:33:21 (UTC)", "Mined blocks": 414459302787, "Miner distribution": {"All": 23084, "Arduino": 2878, "CPU": 968, "ESP32": 9614, "ESP8266": 8073, "GPU": 0, "Other": 10, "Phone": 9, "RPi": 1353, "Web": 179}, "Net energy usage": "17.06 kW", "Open threads": 23, "Pool hashrate": "2218.183 MH/s", "Registered users": 93622, "Server CPU usage": 43.2, "Server RAM usage": 44.5, "Server version": 3.0, "Top 10 richest miners": ["495743830.67087966 DUCO - coinexchange", "388314125.0832323 DUCO - coinexchange", "52371893.02939265 DUCO - bscDUCO", "20119947.6942 DUCO - viviana80", "15115368.927099999 DUCO - Ochios", "12720440.559071772 DUCO - QQ44142894", "10978754.78591761 DUCO - Rafa2000", "10759939.638689265 DUCO - fiorella71", "8660937.955094624 DUCO - duinousa", "8125736.123916335 DUCO - Orion_0x43b"], "XXHASH hashrate": "0 H/s"}