{"Active connections": 1938, "All-time mined DUCO": 37620643.53663473, "Current difficulty": 1000000, "DUCO-S1 hashrate": "6.4 GH/s", "Duco JustSwap price": 0.00022115, "Duco Node-S price": 0.00693, "Duco PancakeSwap price": 9.41186e-05, "Duco SushiSwap price": 0.000209454, "Duco price": 0.00693, "Duco price BCH": 2.88e-06, "Duco price NANO": 1.175e-05, "Duco price TRX": 1.333e-05, "Duco price XMG": 0.00104868, "Duino-Coin Server API": "github.com/revoxhere/duino-coin", "Kolka": {"Banned": 790, "Jailed": 27}, "Last block hash": "2eb3f8271cd947cdd6469be145558a7bcb72e0d9", "Last sync": 1644592559.473358, "Last update": "11/02/2022 15:16:00 (UTC)", "Mined blocks": 106684364422, "Miner distribution": {"All": 35188, "Arduino": 6280, "CPU": 5104, "ESP32": 9153, "ESP8266": 10448, "GPU": 0, "Other": 14, "Phone": 414, "RPi": 2864, "Web": 911}, "Net energy usage": "48.07 kW", "Open threads": 21, "Pool hashrate": "6361.99 MH/s", "Registered users": 56161, "Server CPU usage": 43.9, "Server RAM usage": 42.4, "Server version": 2.7, "Top 10 richest miners": ["16097455.974068882 DUCO - bscDUCO", "10000000.0 DUCO - miningvir", "2223843.9708699137 DUCO - coinexchange", "1741633.8540921155 DUCO - bimbasimba94", "938162.1506750567 DUCO - James_themac", "716376.3325857767 DUCO - Ochios", "228195.72881889492 DUCO - maticDUCO", "214195.5003678302 DUCO - Backrndsource", "190624.067104081 DUCO - celoDUCO", "170241.299416613 DUCO - Bacman"], "XXHASH hashrate": "0 H/s"}