{"Active connections": 1112, "All-time mined DUCO": 739461680.9412878, "Current difficulty": 200000, "DUCO-S1 hashrate": "2.695 GH/s", "Duco FluffySwap price": 8.028999999999999e-06, "Duco Furim price": 0.0, "Duco Node-S price": 0.0, "Duco PancakeSwap price": 8.57789e-06, "Duco SunSwap price": 9.332e-05, "Duco SushiSwap price": 1.2962107682626e-05, "Duco UbeSwap price": 1.1191491992827553e-05, "Duco price": 0.000226, "Duco price BCH": 0.00016481, "Duco price NANO": 0.000226, "Duco price TRX": 1.147e-05, "Duco price XMG": 0.00020846, "Duino-Coin Server API": "github.com/revoxhere/duino-coin", "Kolka": {"Banned": 5949, "Jailed": 182}, "Last block hash": "8de4bc0b3fa1580ec7f3421feb9644fc8ead02b8", "Last sync": 1717874587.4746542, "Last update": "08/06/2024 19:23:07 (UTC)", "Mined blocks": 525825649852, "Miner distribution": {"All": 18601, "Arduino": 2387, "CPU": 1089, "ESP32": 7493, "ESP8266": 6152, "GPU": 0, "Other": 16, "Phone": 41, "RPi": 1236, "Web": 187}, "Net energy usage": "15.72 kW", "Open threads": 28, "Pool hashrate": "2695.051 MH/s", "Registered users": 102812, "Server CPU usage": 58.3, "Server RAM usage": 90.3, "Server version": 4.0, "Top 10 richest miners": ["79266409.78550309 DUCO - bscDUCO", "30792510.456 DUCO - Flowen1985", "30547106.689035717 DUCO - AlmarRido", "20119947.6942 DUCO - viviana80", "18545685.805999998 DUCO - bimbasimba94", "14898328.612932766 DUCO - aimbert", "14844434.90939678 DUCO - ctecrypto", "12720440.59109726 DUCO - QQ44142894", "11316012.60704993 DUCO - duinousa", "11015478.642 DUCO - Rafa2000"], "XXHASH hashrate": "0 H/s"}