{"Active connections": 1334, "All-time mined DUCO": 87945924.69841525, "Current difficulty": 75000, "DUCO-S1 hashrate": "3.2 GH/s", "Duco Furim price": 0.0, "Duco Node-S price": 0.0, "Duco PancakeSwap price": 3.4e-05, "Duco SunSwap price": 0.000156, "Duco SushiSwap price": 2.8e-05, "Duco UbeSwap price": 2.9e-05, "Duco price": 0.000584, "Duco price BCH": 3.9e-05, "Duco price NANO": 2.7e-05, "Duco price TRX": 2.8e-05, "Duco price XMG": 0.000584, "Duino-Coin Server API": "github.com/revoxhere/duino-coin", "Kolka": {"Banned": 1001, "Jailed": 81}, "Last block hash": "2eb3f8271cd947cdd6469be145558a7bcb72e0d9", "Last sync": 1662585076.6012137, "Last update": "07/09/2022 21:11:17 (UTC)", "Mined blocks": 256038801680, "Miner distribution": {"All": 38607, "Arduino": 4606, "CPU": 2136, "ESP32": 13963, "ESP8266": 16224, "GPU": 0, "Other": 19, "Phone": 70, "RPi": 1148, "Web": 441}, "Net energy usage": "30.44 kW", "Open threads": 22, "Pool hashrate": "3218.47 MH/s", "Registered users": 78073, "Server CPU usage": 40.8, "Server RAM usage": 58.4, "Server version": 3.0, "Top 10 richest miners": ["39822260.258514926 DUCO - bscDUCO", "25122858.855517548 DUCO - coinexchange", "15964250.693 DUCO - Ochios", "6974991.289071771 DUCO - QQ44142894", "4863927.517 DUCO - jules_pilot", "2443387.43191868 DUCO - ctecrypto", "2368507.0 DUCO - Brunomoyses23", "2210288.919161586 DUCO - vyrdudji", "2130666.830528357 DUCO - econnaty", "1977466.2412062443 DUCO - renderman"], "XXHASH hashrate": "0 H/s"}