{"Active connections": 1426, "All-time mined DUCO": 55422114.01963254, "Current difficulty": 1000000, "DUCO-S1 hashrate": "5.1 GH/s", "Duco Furim price": 0.0, "Duco JustSwap price": 8.448e-05, "Duco Node-S price": 0.0, "Duco PancakeSwap price": 3.72448e-05, "Duco SushiSwap price": 8.29325e-05, "Duco price": 8.451e-05, "Duco price BCH": 4.37e-06, "Duco price NANO": 1.71e-05, "Duco price TRX": 0.0, "Duco price XMG": 5.87e-06, "Duino-Coin Server API": "github.com/revoxhere/duino-coin", "Kolka": {"Banned": 514, "Jailed": 29}, "Last block hash": "2eb3f8271cd947cdd6469be145558a7bcb72e0d9", "Last sync": 1647116531.3565724, "Last update": "12/03/2022 20:22:13 (UTC)", "Mined blocks": 129172397597, "Miner distribution": {"All": 41589, "Arduino": 6945, "CPU": 3946, "ESP32": 12523, "ESP8266": 14482, "GPU": 0, "Other": 56, "Phone": 226, "RPi": 2706, "Web": 705}, "Net energy usage": "43.8 kW", "Open threads": 21, "Pool hashrate": "5140.23 MH/s", "Registered users": 63114, "Server CPU usage": 39.6, "Server RAM usage": 33.6, "Server version": 2.7, "Top 10 richest miners": ["21420628.212190636 DUCO - bscDUCO", "4710445.912583939 DUCO - Ochios", "4045000.0 DUCO - RNGesus", "4000060.054761558 DUCO - miningvir", "2612487.30930822 DUCO - coinexchange", "2453550.087773999 DUCO - ifdeduco", "1401849.1324678569 DUCO - Demoel", "1340923.6018286971 DUCO - naderi57", "1259789.9901127259 DUCO - T3rminator", "1209837.627673189 DUCO - James_themac"], "XXHASH hashrate": "0 H/s"}