{"Active connections": 1209, "All-time mined DUCO": 190291627.04874796, "Current difficulty": 75000, "DUCO-S1 hashrate": "2.4 GH/s", "Duco FluffySwap price": 3.7099999999999996e-06, "Duco Furim price": 0.0, "Duco Node-S price": 0.0, "Duco PancakeSwap price": 2.79369e-05, "Duco SunSwap price": 5.675e-05, "Duco SushiSwap price": 6.23366e-06, "Duco UbeSwap price": 2.891638595203949e-05, "Duco price": 5.675e-05, "Duco price BCH": 5.31e-06, "Duco price NANO": 3.44e-06, "Duco price TRX": 4.7e-06, "Duco price XMG": 0.0, "Duino-Coin Server API": "github.com/revoxhere/duino-coin", "Kolka": {"Banned": 1266, "Jailed": 98}, "Last block hash": "8de4bc0b3fa1580ec7f3421feb9644fc8ead02b8", "Last sync": 1675170251.0367196, "Last update": "31/01/2023 13:04:14 (UTC)", "Mined blocks": 347852630476, "Miner distribution": {"All": 33877, "Arduino": 4049, "CPU": 1370, "ESP32": 12787, "ESP8266": 13696, "GPU": 0, "Other": 10, "Phone": 14, "RPi": 1577, "Web": 374}, "Net energy usage": "24.47 kW", "Open threads": 24, "Pool hashrate": "2434.03 MH/s", "Registered users": 87873, "Server CPU usage": 50.5, "Server RAM usage": 51.0, "Server version": 3.0, "Top 10 richest miners": ["82208614.94311628 DUCO - coinexchange", "41220007.34345014 DUCO - bscDUCO", "20119946.6942 DUCO - viviana80", "15115363.695 DUCO - Ochios", "11692429.559071772 DUCO - QQ44142894", "10759939.638689265 DUCO - fiorella71", "8125736.123916335 DUCO - Orion_0x43b", "7058999.152918586 DUCO - Alessandro_Duino", "6815357.855911273 DUCO - lordachoo", "5637139.684 DUCO - sudoerrno"], "XXHASH hashrate": "0 H/s"}