{"Active connections": 2943, "All-time mined DUCO": 735898160.52497, "Current difficulty": 75000, "DUCO-S1 hashrate": "2.314 GH/s", "Duco FluffySwap price": 2.7929999999999998e-06, "Duco Furim price": 0.0, "Duco Node-S price": 0.0, "Duco PancakeSwap price": 5.86642e-06, "Duco SunSwap price": 0.00010543, "Duco SushiSwap price": 1.30752e-05, "Duco UbeSwap price": 2.8285092635326694e-05, "Duco price": 0.00010543, "Duco price BCH": 3.99e-06, "Duco price NANO": 1.79e-06, "Duco price TRX": 3.1e-06, "Duco price XMG": 0.0, "Duino-Coin Server API": "github.com/revoxhere/duino-coin", "Kolka": {"Banned": 1398, "Jailed": 128}, "Last block hash": "8de4bc0b3fa1580ec7f3421feb9644fc8ead02b8", "Last sync": 1685265679.5017285, "Last update": "28/05/2023 09:21:32 (UTC)", "Mined blocks": 407442636306, "Miner distribution": {"All": 24017, "Arduino": 2927, "CPU": 1015, "ESP32": 10375, "ESP8266": 8191, "GPU": 0, "Other": 7, "Phone": 19, "RPi": 1483, "Web": 0}, "Net energy usage": "17.77 kW", "Open threads": 24, "Pool hashrate": "2314.057 MH/s", "Registered users": 93193, "Server CPU usage": 68.4, "Server RAM usage": 58.7, "Server version": 3.0, "Top 10 richest miners": ["495743830.67087966 DUCO - coinexchange", "407921851.0567886 DUCO - coinexchange", "55629783.04439265 DUCO - bscDUCO", "20119947.6942 DUCO - viviana80", "15115368.927099999 DUCO - Ochios", "12720440.559071772 DUCO - QQ44142894", "12319058.98151773 DUCO - Flowen1985", "10759939.638689265 DUCO - fiorella71", "8125736.123916335 DUCO - Orion_0x43b", "7299324.64216045 DUCO - revox"], "XXHASH hashrate": "0 H/s"}