{"Duino-Coin Server API": "github.com/revoxhere/duino-coin", "Server version": 2.7, "Active connections": 4998, "Open threads": 21, "Server CPU usage": 65.6, "Server RAM usage": 28.4, "Last update": "03/09/2021 16:07:19 (UTC)", "Net energy usage": "39.06 kW", "Pool hashrate": "625.6402 MH/s", "DUCO-S1 hashrate": "604.0 MH/s", "XXHASH hashrate": "21.6 MH/s", "Duco price": 0.0048641, "Duco price XMG": 0.00202016, "Duco price BCH": 0.0010586, "Duco price TRX": 0.00102069, "Duco price XRP": 0.0013, "Duco price DGB": 0.00067798, "Duco price NANO": 0.0010245, "Duco price FJC": 0.0048641, "Duco Node-S price": 0.002709, "Duco JustSwap price": 0.0035648, "Duco PancakeSwap price": 0.0018854, "Registered users": 16447, "All-time mined DUCO": 8196362.011813648, "Current difficulty": 573371, "Mined blocks": 13760966921, "Last block hash": "730b6127b9", "Kolka": {"Jailed": 21, "Banned": 597}, "Miner distribution": {"GPU": 0, "CPU": 2047, "RPi": 1165, "Phone": 0, "Web": 0, "ESP32": 6842, "ESP8266": 8615, "Arduino": 479, "Other": 33}, "Top 10 richest miners": ["1881662.5287112782 DUCO - bscDUCO", "528259.4268551067 DUCO - coinexchange", "240000.1555491204 DUCO - 52Pickup", "169937.594875061 DUCO - Bacman", "119726.00961618403 DUCO - rootbori", "113387.18511437952 DUCO - amornlit", "86282.3829499439 DUCO - caancom", "51077.7144333856 DUCO - ducodoly", "50288.45762651612 DUCO - duinocrfsh", "48575.233732144225 DUCO - giveaways"]}