{"Duino-Coin Server API": "github.com/revoxhere/duino-coin", "Server version": 2.7, "Active connections": 10518, "Open threads": 23, "Server CPU usage": 53.7, "Server RAM usage": 37.3, "Last update": "23/09/2021 02:06:39 (UTC)", "Net energy usage": "69.4 kW", "Pool hashrate": "1388.0527 MH/s", "DUCO-S1 hashrate": "1357.0 MH/s", "XXHASH hashrate": "31.1 MH/s", "Duco price": 0.00111629, "Duco price XMG": 0.00087678, "Duco price BCH": 0.00054447, "Duco price RVN": 0.0007456, "Duco price TRX": 0.00074335, "Duco price XRP": 0.00035, "Duco price DGB": 0.00067229, "Duco price NANO": 0.0007163, "Duco price FJC": 0.00087185, "Duco Node-S price": 0.000394, "Duco JustSwap price": 0.00064623, "Duco PancakeSwap price": 0.00111629, "Duco SushiSwap price": 0.000608, "Registered users": 18428, "All-time mined DUCO": 10732953.943667533, "Current difficulty": 855285, "Mined blocks": 20527054457, "Last block hash": "730b6127b9", "Kolka": {"Jailed": 24, "Banned": 642}, "Miner distribution": {"GPU": 1, "CPU": 3949, "RPi": 2315, "Phone": 235, "Web": 911, "ESP32": 10075, "ESP8266": 11798, "Arduino": 6024, "Other": 99}, "Top 10 richest miners": ["2241562.1411347343 DUCO - bscDUCO", "521500.1558491204 DUCO - 52Pickup", "301088.25033657526 DUCO - James_themac", "170056.7577352893 DUCO - Bacman", "121106.03463887969 DUCO - rootbori", "113387.18511437952 DUCO - amornlit", "101969.7309365755 DUCO - bimbasimba94", "86568.3647783569 DUCO - caancom", "67015.20892208056 DUCO - giveaways", "65103.921703569 DUCO - maticDUCO"]}