{"Active connections": 935, "All-time mined DUCO": 79219899.79851787, "Current difficulty": 1000000, "DUCO-S1 hashrate": "2.2 GH/s", "Duco Furim price": 0.0, "Duco Node-S price": 0.0, "Duco PancakeSwap price": 2.8e-05, "Duco SunSwap price": 0.000331, "Duco SushiSwap price": 8e-06, "Duco UbeSwap price": 3.5e-05, "Duco price": 0.000335, "Duco price BCH": 3.2e-05, "Duco price NANO": 2.3e-05, "Duco price TRX": 1.9e-05, "Duco price XMG": 0.000165, "Duino-Coin Server API": "github.com/revoxhere/duino-coin", "Kolka": {"Banned": 957, "Jailed": 70}, "Last block hash": "2eb3f8271cd947cdd6469be145558a7bcb72e0d9", "Last sync": 1659809631.0300357, "Last update": "06/08/2022 18:13:52 (UTC)", "Mined blocks": 237527948927, "Miner distribution": {"All": 28517, "Arduino": 4074, "CPU": 1374, "ESP32": 7139, "ESP8266": 14426, "GPU": 0, "Other": 40, "Phone": 14, "RPi": 1087, "Web": 363}, "Net energy usage": "21.74 kW", "Open threads": 22, "Pool hashrate": "2219.7 MH/s", "Registered users": 75737, "Server CPU usage": 43.5, "Server RAM usage": 37.1, "Server version": 3.0, "Top 10 richest miners": ["40395824.75368917 DUCO - bscDUCO", "40252866.56167598 DUCO - coinexchange", "7753983.318280362 DUCO - ctecrypto", "6974991.289071771 DUCO - QQ44142894", "3670861.24190929 DUCO - siberia21", "2865692.091702106 DUCO - renderman", "2368507.0 DUCO - Brunomoyses23", "2210288.9385462017 DUCO - vyrdudji", "1512586.074878601 DUCO - maticDUCO", "1436226.401 DUCO - amornlit"], "XXHASH hashrate": "0 H/s"}