{"Active connections": 982, "All-time mined DUCO": 758292537.2006645, "Current difficulty": 200000, "DUCO-S1 hashrate": "1.824 GH/s", "Duco FluffySwap price": 1.7758999999999997e-05, "Duco Furim price": 0.0, "Duco Node-S price": 0.0, "Duco PancakeSwap price": 1.34905e-05, "Duco SunSwap price": 2.426e-05, "Duco SushiSwap price": 8.331891935491e-06, "Duco UbeSwap price": 1.642e-05, "Duco price": 2.536e-05, "Duco price BCH": 0.0, "Duco price NANO": 0.0, "Duco price TRX": 2.536e-05, "Duco price XMG": 2.352e-05, "Duino-Coin Server API": "github.com/revoxhere/duino-coin", "Kolka": {"Banned": 6014, "Jailed": 190}, "Last block hash": "8de4bc0b3fa1580ec7f3421feb9644fc8ead02b8", "Last sync": 1723550119.7097404, "Last update": "13/08/2024 11:55:19 (UTC)", "Mined blocks": 543005148101, "Miner distribution": {"All": 14601, "Arduino": 1856, "CPU": 841, "ESP32": 4907, "ESP8266": 5810, "GPU": 0, "Other": 8, "Phone": 0, "RPi": 1044, "Web": 135}, "Net energy usage": "12.46 kW", "Open threads": 29, "Pool hashrate": "1823.694 MH/s", "Registered users": 105066, "Server CPU usage": 69.9, "Server RAM usage": 85.7, "Server version": 4.0, "Top 10 richest miners": ["238661765.3457555 DUCO - coinexchange", "81979480.19825932 DUCO - bscDUCO", "30855598.808 DUCO - Flowen1985", "28000980.1298474 DUCO - AlmarRido", "18280977.178 DUCO - bimbasimba94", "16096358.288900001 DUCO - viviana80", "14928193.02326529 DUCO - aimbert", "14847133.194062889 DUCO - ctecrypto", "12721940.59109726 DUCO - QQ44142894", "11342178.900616666 DUCO - duinousa"], "XXHASH hashrate": "0 H/s"}