{"Active connections": 965, "All-time mined DUCO": 757063670.6065899, "Current difficulty": 200000, "DUCO-S1 hashrate": "1.475 GH/s", "Duco FluffySwap price": 9.288999999999999e-06, "Duco Furim price": 0.0, "Duco Node-S price": 0.0, "Duco PancakeSwap price": 1.42855e-05, "Duco SunSwap price": 2.54e-05, "Duco SushiSwap price": 9.464632013668e-06, "Duco UbeSwap price": 0.0, "Duco price": 2.54e-05, "Duco price BCH": 0.0, "Duco price NANO": 0.0, "Duco price TRX": 1.328e-05, "Duco price XMG": 1.31e-06, "Duino-Coin Server API": "github.com/revoxhere/duino-coin", "Kolka": {"Banned": 5991, "Jailed": 191}, "Last block hash": "8de4bc0b3fa1580ec7f3421feb9644fc8ead02b8", "Last sync": 1722374298.388675, "Last update": "30/07/2024 21:18:18 (UTC)", "Mined blocks": 539653408860, "Miner distribution": {"All": 16389, "Arduino": 2034, "CPU": 912, "ESP32": 6129, "ESP8266": 6005, "GPU": 0, "Other": 9, "Phone": 12, "RPi": 1115, "Web": 173}, "Net energy usage": "13.69 kW", "Open threads": 27, "Pool hashrate": "1474.636 MH/s", "Registered users": 104635, "Server CPU usage": 65.6, "Server RAM usage": 90.8, "Server version": 4.0, "Top 10 richest miners": ["244095383.67692548 DUCO - coinexchange", "81976627.19825932 DUCO - bscDUCO", "30855598.808 DUCO - Flowen1985", "30000980.1298474 DUCO - AlmarRido", "18660231.933085453 DUCO - aimbert", "18280977.178 DUCO - bimbasimba94", "16096358.288900001 DUCO - viviana80", "14847133.194062889 DUCO - ctecrypto", "12721940.59109726 DUCO - QQ44142894", "11341601.053675517 DUCO - duinousa"], "XXHASH hashrate": "0 H/s"}