{"Active connections": 1491, "All-time mined DUCO": 152673229.36158967, "Current difficulty": 75000, "DUCO-S1 hashrate": "3.0 GH/s", "Duco FluffySwap price": 1.1886e-05, "Duco Furim price": 0.0, "Duco Node-S price": 0.0, "Duco PancakeSwap price": 6.26759e-05, "Duco SunSwap price": 4.974e-05, "Duco SushiSwap price": 1.50251e-05, "Duco UbeSwap price": 2.918998625959315e-05, "Duco price": 6.26759e-05, "Duco price BCH": 1.698e-05, "Duco price NANO": 7.88e-06, "Duco price TRX": 5.38e-06, "Duco price XMG": 0.0, "Duino-Coin Server API": "github.com/revoxhere/duino-coin", "Kolka": {"Banned": 1184, "Jailed": 88}, "Last block hash": "8de4bc0b3fa1580ec7f3421feb9644fc8ead02b8", "Last sync": 1669555719.4627943, "Last update": "27/11/2022 13:28:43 (UTC)", "Mined blocks": 311023498934, "Miner distribution": {"All": 36204, "Arduino": 4127, "CPU": 1628, "ESP32": 13251, "ESP8266": 15114, "GPU": 0, "Other": 14, "Phone": 24, "RPi": 1690, "Web": 356}, "Net energy usage": "27.18 kW", "Open threads": 24, "Pool hashrate": "3018.98 MH/s", "Registered users": 84285, "Server CPU usage": 55.5, "Server RAM usage": 62.9, "Server version": 3.0, "Top 10 richest miners": ["38522228.63978844 DUCO - bscDUCO", "20119945.00125 DUCO - viviana80", "14965344.293607898 DUCO - Ochios", "14848626.555619664 DUCO - coinexchange", "11692429.559071772 DUCO - QQ44142894", "10759939.638689265 DUCO - fiorella71", "7470017.026 DUCO - RNGesus", "6701501.124661842 DUCO - lordachoo", "3151964.155728627 DUCO - kotethetk", "2368507.0 DUCO - Brunomoyses23"], "XXHASH hashrate": "0 H/s"}