{"Active connections": 655, "All-time mined DUCO": 1114430202.767152, "Current difficulty": 75000, "DUCO-S1 hashrate": "1.895 GH/s", "Duco FluffySwap price": 3.5979999999999997e-06, "Duco Furim price": 0.0, "Duco Node-S price": 0.0, "Duco PancakeSwap price": 7.2694e-06, "Duco SunSwap price": 0.00010318, "Duco SushiSwap price": 1.01312e-05, "Duco UbeSwap price": 2.9093097913322633e-05, "Duco price": 0.00010318, "Duco price BCH": 5.13e-06, "Duco price NANO": 1.13e-06, "Duco price TRX": 1.93e-06, "Duco price XMG": 1.563e-05, "Duino-Coin Server API": "github.com/revoxhere/duino-coin", "Kolka": {"Banned": 5654, "Jailed": 161}, "Last block hash": "8de4bc0b3fa1580ec7f3421feb9644fc8ead02b8", "Last sync": 1693554941.9606118, "Last update": "01/09/2023 07:55:50 (UTC)", "Mined blocks": 443737814083, "Miner distribution": {"All": 19182, "Arduino": 2228, "CPU": 636, "ESP32": 8154, "ESP8266": 6992, "GPU": 0, "Other": 9, "Phone": 2, "RPi": 1150, "Web": 11}, "Net energy usage": "13.2 kW", "Open threads": 24, "Pool hashrate": "1894.647 MH/s", "Registered users": 95352, "Server CPU usage": 35.8, "Server RAM usage": 41.3, "Server version": 3.0, "Top 10 richest miners": ["495743830.67087966 DUCO - coinexchange", "365942215.15266997 DUCO - coinexchange", "70383919.64457695 DUCO - bscDUCO", "35298317.008099996 DUCO - AlmarRido", "26698742.939427346 DUCO - giveaways", "24485940.745 DUCO - Flowen1985", "20119947.6942 DUCO - viviana80", "12720440.559071772 DUCO - QQ44142894", "11757537.21285198 DUCO - ctecrypto", "11394221.861 DUCO - bimbasimba94"], "XXHASH hashrate": "0 H/s"}