{"Active connections": 1491, "All-time mined DUCO": 152659894.96591887, "Current difficulty": 75000, "DUCO-S1 hashrate": "3.2 GH/s", "Duco FluffySwap price": 0.0, "Duco Furim price": 0.0, "Duco Node-S price": 0.0, "Duco PancakeSwap price": 0.0, "Duco SunSwap price": 0.0, "Duco SushiSwap price": 0.0, "Duco UbeSwap price": 0.0, "Duco price": 1.692e-05, "Duco price BCH": 1.692e-05, "Duco price NANO": 7.82e-06, "Duco price TRX": 5.38e-06, "Duco price XMG": 0.0, "Duino-Coin Server API": "github.com/revoxhere/duino-coin", "Kolka": {"Banned": 1184, "Jailed": 88}, "Last block hash": "8de4bc0b3fa1580ec7f3421feb9644fc8ead02b8", "Last sync": 1669559337.9739459, "Last update": "27/11/2022 14:29:06 (UTC)", "Mined blocks": 311052669296, "Miner distribution": {"All": 36776, "Arduino": 4234, "CPU": 1701, "ESP32": 13389, "ESP8266": 15290, "GPU": 0, "Other": 13, "Phone": 30, "RPi": 1753, "Web": 366}, "Net energy usage": "27.92 kW", "Open threads": 25, "Pool hashrate": "3205.52 MH/s", "Registered users": 84286, "Server CPU usage": 53.2, "Server RAM usage": 63.5, "Server version": 3.0, "Top 10 richest miners": ["38522228.63978844 DUCO - bscDUCO", "20119945.00125 DUCO - viviana80", "14965344.293607898 DUCO - Ochios", "14848626.555619664 DUCO - coinexchange", "11692429.559071772 DUCO - QQ44142894", "10759939.638689265 DUCO - fiorella71", "7470017.026 DUCO - RNGesus", "6701501.124661842 DUCO - lordachoo", "3151964.155728627 DUCO - kotethetk", "2368507.0 DUCO - Brunomoyses23"], "XXHASH hashrate": "0 H/s"}