{"Active connections": 1181, "All-time mined DUCO": 232945197.5146896, "Current difficulty": 75000, "DUCO-S1 hashrate": "2.2 GH/s", "Duco FluffySwap price": 3.4789999999999996e-06, "Duco Furim price": 0.0, "Duco Node-S price": 0.0, "Duco PancakeSwap price": 3.17471e-05, "Duco SunSwap price": 5.748e-05, "Duco SushiSwap price": 6.48802e-06, "Duco UbeSwap price": 2.8567641015443758e-05, "Duco price": 5.748e-05, "Duco price BCH": 4.97e-06, "Duco price NANO": 3.32e-06, "Duco price TRX": 4.76e-06, "Duco price XMG": 0.0, "Duino-Coin Server API": "github.com/revoxhere/duino-coin", "Kolka": {"Banned": 1290, "Jailed": 100}, "Last block hash": "8de4bc0b3fa1580ec7f3421feb9644fc8ead02b8", "Last sync": 1676074631.754774, "Last update": "11/02/2023 00:17:16 (UTC)", "Mined blocks": 353551461456, "Miner distribution": {"All": 29873, "Arduino": 3504, "CPU": 1131, "ESP32": 11573, "ESP8266": 11685, "GPU": 0, "Other": 10, "Phone": 8, "RPi": 1584, "Web": 378}, "Net energy usage": "21.39 kW", "Open threads": 24, "Pool hashrate": "2183.75 MH/s", "Registered users": 88645, "Server CPU usage": 44.6, "Server RAM usage": 58.5, "Server version": 3.0, "Top 10 richest miners": ["41623162.35752013 DUCO - bscDUCO", "40000000.302386284 DUCO - AlmarRido", "20119946.6942 DUCO - viviana80", "16135937.711581009 DUCO - coinexchange", "15115363.695 DUCO - Ochios", "11692429.559071772 DUCO - QQ44142894", "11153422.27 DUCO - infternet", "10759939.638689265 DUCO - fiorella71", "9636706.569283579 DUCO - paranoid64", "8125736.123916335 DUCO - Orion_0x43b"], "XXHASH hashrate": "0 H/s"}