{"Active connections": 2370, "All-time mined DUCO": 731709761.2302697, "Current difficulty": 75000, "DUCO-S1 hashrate": "2.493 GH/s", "Duco FluffySwap price": 2.772e-06, "Duco Furim price": 0.0, "Duco Node-S price": 0.0, "Duco PancakeSwap price": 5.83344e-06, "Duco SunSwap price": 0.00010368, "Duco SushiSwap price": 1.25311e-05, "Duco UbeSwap price": 2.8285092635326694e-05, "Duco price": 0.00010368, "Duco price BCH": 3.96e-06, "Duco price NANO": 1.77e-06, "Duco price TRX": 3.05e-06, "Duco price XMG": 0.0, "Duino-Coin Server API": "github.com/revoxhere/duino-coin", "Kolka": {"Banned": 1391, "Jailed": 129}, "Last block hash": "8de4bc0b3fa1580ec7f3421feb9644fc8ead02b8", "Last sync": 1685174258.3833063, "Last update": "27/05/2023 07:57:47 (UTC)", "Mined blocks": 406963661563, "Miner distribution": {"All": 24314, "Arduino": 3025, "CPU": 1042, "ESP32": 10296, "ESP8266": 8168, "GPU": 0, "Other": 7, "Phone": 19, "RPi": 1491, "Web": 266}, "Net energy usage": "18.2 kW", "Open threads": 24, "Pool hashrate": "2493.371 MH/s", "Registered users": 93156, "Server CPU usage": 70.8, "Server RAM usage": 54.9, "Server version": 3.0, "Top 10 richest miners": ["495743830.67087966 DUCO - coinexchange", "411159515.61552197 DUCO - coinexchange", "55629783.04439265 DUCO - bscDUCO", "20119947.6942 DUCO - viviana80", "15115368.927099999 DUCO - Ochios", "12720440.559071772 DUCO - QQ44142894", "12319041.484902645 DUCO - Flowen1985", "10759939.638689265 DUCO - fiorella71", "8125736.123916335 DUCO - Orion_0x43b", "7299324.64216045 DUCO - revox"], "XXHASH hashrate": "0 H/s"}