{"Active connections": 370, "All-time mined DUCO": 775828616.744626, "Current difficulty": 200000, "DUCO-S1 hashrate": "1.607 GH/s", "Duco FluffySwap price": 2.1133e-05, "Duco Furim price": 0.0, "Duco Node-S price": 0.0, "Duco PancakeSwap price": 1.31425e-05, "Duco SunSwap price": 2.89e-05, "Duco SushiSwap price": 8.987494203495e-06, "Duco UbeSwap price": 1.568e-05, "Duco price": 3.475e-05, "Duco price BCH": 0.0, "Duco price NANO": 0.0, "Duco price TRX": 3.021e-05, "Duco price XMG": 3.475e-05, "Duino-Coin Server API": "github.com/revoxhere/duino-coin", "Kolka": {"Banned": 6032, "Jailed": 191}, "Last block hash": "8de4bc0b3fa1580ec7f3421feb9644fc8ead02b8", "Last sync": 1726213022.8712878, "Last update": "13/09/2024 07:37:02 (UTC)", "Mined blocks": 550250536601, "Miner distribution": {"All": 14571, "Arduino": 1893, "CPU": 650, "ESP32": 4950, "ESP8266": 5849, "GPU": 0, "Other": 9, "Phone": 10, "RPi": 1038, "Web": 172}, "Net energy usage": "11.34 kW", "Open threads": 29, "Pool hashrate": "1606.539 MH/s", "Registered users": 105957, "Server CPU usage": 57.7, "Server RAM usage": 65.2, "Server version": 4.0, "Top 10 richest miners": ["235425354.78878278 DUCO - coinexchange", "85495978.52646369 DUCO - bscDUCO", "35576240.569 DUCO - AlmarRido", "30855598.808 DUCO - Flowen1985", "20160690.628000002 DUCO - viviana80", "18317539.132 DUCO - bimbasimba94", "14958489.71469729 DUCO - aimbert", "14847133.194062889 DUCO - ctecrypto", "12721943.39257476 DUCO - QQ44142894", "11365368.193432942 DUCO - duinousa"], "XXHASH hashrate": "0 H/s"}