{"Active connections": 1454, "All-time mined DUCO": 1053959044.8275889, "Current difficulty": 75000, "DUCO-S1 hashrate": "1.695 GH/s", "Duco FluffySwap price": 3.3739999999999994e-06, "Duco Furim price": 0.0, "Duco Node-S price": 0.0, "Duco PancakeSwap price": 7.2694e-06, "Duco SunSwap price": 0.00011285, "Duco SushiSwap price": 1.01312e-05, "Duco UbeSwap price": 2.9093097913322633e-05, "Duco price": 0.00011285, "Duco price BCH": 4.82e-06, "Duco price NANO": 1.07e-06, "Duco price TRX": 1.69e-06, "Duco price XMG": 0.0, "Duino-Coin Server API": "github.com/revoxhere/duino-coin", "Kolka": {"Banned": 5513, "Jailed": 144}, "Last block hash": "8de4bc0b3fa1580ec7f3421feb9644fc8ead02b8", "Last sync": 1690601563.85329, "Last update": "29/07/2023 03:32:47 (UTC)", "Mined blocks": 431996732743, "Miner distribution": {"All": 18910, "Arduino": 2142, "CPU": 581, "ESP32": 8243, "ESP8266": 7006, "GPU": 0, "Other": 10, "Phone": 0, "RPi": 928, "Web": 0}, "Net energy usage": "12.48 kW", "Open threads": 24, "Pool hashrate": "1694.642 MH/s", "Registered users": 94554, "Server CPU usage": 47.0, "Server RAM usage": 60.4, "Server version": 3.0, "Top 10 richest miners": ["495743830.67087966 DUCO - coinexchange", "384981752.7864603 DUCO - coinexchange", "69671267.73957695 DUCO - bscDUCO", "35439957.657000005 DUCO - AlmarRido", "24375487.137 DUCO - Flowen1985", "20119947.6942 DUCO - viviana80", "14654856.70292719 DUCO - ctecrypto", "12720440.559071772 DUCO - QQ44142894", "11436497.326 DUCO - bimbasimba94", "10759939.638689265 DUCO - fiorella71"], "XXHASH hashrate": "0 H/s"}