{"Active connections": 1110, "All-time mined DUCO": 55314968.4255174, "Current difficulty": 1000000, "DUCO-S1 hashrate": "3.8 GH/s", "Duco Furim price": 0.0, "Duco Node-S price": 0.0, "Duco PancakeSwap price": 5.2e-05, "Duco SunSwap price": 9.5e-05, "Duco SushiSwap price": 5.9e-05, "Duco price": 9.5e-05, "Duco price BCH": 7e-06, "Duco price NANO": 3.8e-05, "Duco price TRX": 6e-06, "Duco price XMG": 0.0, "Duino-Coin Server API": "github.com/revoxhere/duino-coin", "Kolka": {"Banned": 682, "Jailed": 34}, "Last block hash": "2eb3f8271cd947cdd6469be145558a7bcb72e0d9", "Last sync": 1649982187.4611928, "Last update": "15/04/2022 00:23:08 (UTC)", "Mined blocks": 155015212141, "Miner distribution": {"All": 40019, "Arduino": 6010, "CPU": 3336, "ESP32": 13496, "ESP8266": 14586, "GPU": 0, "Other": 47, "Phone": 134, "RPi": 1949, "Web": 461}, "Net energy usage": "38.65 kW", "Open threads": 21, "Pool hashrate": "3775.21 MH/s", "Registered users": 69175, "Server CPU usage": 63.5, "Server RAM usage": 32.7, "Server version": 3.0, "Top 10 richest miners": ["22940348.20590838 DUCO - bscDUCO", "7548549.914401649 DUCO - Ochios", "4205848.742961165 DUCO - Flowen1985", "3837179.972030468 DUCO - coinexchange", "3507858.9942617635 DUCO - Demoel", "3250098.6952358535 DUCO - miyan001", "2000273.573108788 DUCO - varanese67", "1935322.8656338025 DUCO - QQ44142894", "1236118.1316057178 DUCO - maticDUCO", "1209838.627673189 DUCO - James_themac"], "XXHASH hashrate": "0 H/s"}