{"Active connections": 1616, "All-time mined DUCO": 110776168.63715774, "Current difficulty": 75000, "DUCO-S1 hashrate": "3.0 GH/s", "Duco FluffySwap price": 2e-05, "Duco Furim price": 0.0, "Duco Node-S price": 0.0, "Duco PancakeSwap price": 3.6e-05, "Duco SunSwap price": 0.000108, "Duco SushiSwap price": 1.5e-05, "Duco UbeSwap price": 2.9e-05, "Duco price": 0.000155, "Duco price BCH": 2.8e-05, "Duco price NANO": 1.1e-05, "Duco price TRX": 1.5e-05, "Duco price XMG": 0.000155, "Duino-Coin Server API": "github.com/revoxhere/duino-coin", "Kolka": {"Banned": 1062, "Jailed": 82}, "Last block hash": "2eb3f8271cd947cdd6469be145558a7bcb72e0d9", "Last sync": 1664302720.276864, "Last update": "27/09/2022 18:18:41 (UTC)", "Mined blocks": 268936678143, "Miner distribution": {"All": 39821, "Arduino": 4779, "CPU": 2031, "ESP32": 14351, "ESP8266": 16892, "GPU": 0, "Other": 15, "Phone": 48, "RPi": 1218, "Web": 487}, "Net energy usage": "30.47 kW", "Open threads": 22, "Pool hashrate": "2990.6 MH/s", "Registered users": 79789, "Server CPU usage": 53.8, "Server RAM usage": 55.7, "Server version": 3.0, "Top 10 richest miners": ["39777318.437422335 DUCO - bscDUCO", "15965314.007 DUCO - Ochios", "13071884.047534056 DUCO - ctecrypto", "6974991.289071771 DUCO - QQ44142894", "4075220.2860000003 DUCO - AlmarRido", "2574974.384735563 DUCO - ThePurpleMadMan", "2368507.0 DUCO - Brunomoyses23", "2210288.919161586 DUCO - vyrdudji", "2000122.5163383363 DUCO - treaks", "1885136.0646904123 DUCO - coinexchange"], "XXHASH hashrate": "0 H/s"}