{"Active connections": 1082, "All-time mined DUCO": 173380213.1536835, "Current difficulty": 75000, "DUCO-S1 hashrate": "2.4 GH/s", "Duco FluffySwap price": 1.7779999999999997e-06, "Duco Furim price": 0.0, "Duco Node-S price": 0.0, "Duco PancakeSwap price": 3.08548e-05, "Duco SunSwap price": 4.722e-05, "Duco SushiSwap price": 3.43818e-06, "Duco UbeSwap price": 2.7980974249630965e-05, "Duco price": 4.722e-05, "Duco price BCH": 2.54e-06, "Duco price NANO": 1.76e-06, "Duco price TRX": 3.87e-06, "Duco price XMG": 0.0, "Duino-Coin Server API": "github.com/revoxhere/duino-coin", "Kolka": {"Banned": 1234, "Jailed": 96}, "Last block hash": "8de4bc0b3fa1580ec7f3421feb9644fc8ead02b8", "Last sync": 1673128630.881309, "Last update": "07/01/2023 21:57:15 (UTC)", "Mined blocks": 335103253741, "Miner distribution": {"All": 34073, "Arduino": 3829, "CPU": 1284, "ESP32": 12788, "ESP8266": 14085, "GPU": 0, "Other": 18, "Phone": 10, "RPi": 1644, "Web": 415}, "Net energy usage": "24.24 kW", "Open threads": 26, "Pool hashrate": "2432.8 MH/s", "Registered users": 86589, "Server CPU usage": 50.9, "Server RAM usage": 52.8, "Server version": 3.0, "Top 10 richest miners": ["98059744.31593814 DUCO - coinexchange", "40220617.73070239 DUCO - bscDUCO", "20119946.6942 DUCO - viviana80", "14965362.6942 DUCO - Ochios", "13675334.218015814 DUCO - ctecrypto", "11692429.559071772 DUCO - QQ44142894", "10759939.638689265 DUCO - fiorella71", "8125736.123916335 DUCO - Orion_0x43b", "6809501.739114767 DUCO - lordachoo", "4267666.823 DUCO - Demoel"], "XXHASH hashrate": "0 H/s"}