{"Active connections": 1478, "All-time mined DUCO": 54129587.00668978, "Current difficulty": 1000000, "DUCO-S1 hashrate": "4.3 GH/s", "Duco Furim price": 0.0, "Duco Node-S price": 0.0, "Duco PancakeSwap price": 5.3e-05, "Duco SunSwap price": 8.5e-05, "Duco SushiSwap price": 1.7e-05, "Duco UbeSwap price": 0.000103, "Duco price": 0.000103, "Duco price BCH": 9e-06, "Duco price NANO": 4.4e-05, "Duco price TRX": 2.1e-05, "Duco price XMG": 6.4e-05, "Duino-Coin Server API": "github.com/revoxhere/duino-coin", "Kolka": {"Banned": 775, "Jailed": 47}, "Last block hash": "2eb3f8271cd947cdd6469be145558a7bcb72e0d9", "Last sync": 1651759825.8448377, "Last update": "05/05/2022 14:10:27 (UTC)", "Mined blocks": 170866129765, "Miner distribution": {"All": 40750, "Arduino": 6017, "CPU": 3469, "ESP32": 13189, "ESP8266": 15479, "GPU": 0, "Other": 65, "Phone": 171, "RPi": 1992, "Web": 368}, "Net energy usage": "39.8 kW", "Open threads": 21, "Pool hashrate": "4331.75 MH/s", "Registered users": 72308, "Server CPU usage": 37.0, "Server RAM usage": 28.7, "Server version": 3.0, "Top 10 richest miners": ["25230231.70799496 DUCO - bscDUCO", "8803499.99999709 DUCO - Ochios", "4028934.8042469006 DUCO - QQ44142894", "2283021.6920304666 DUCO - coinexchange", "2210288.9385462017 DUCO - vyrdudji", "2100767.625090846 DUCO - varanese67", "1457344.357733561 DUCO - maticDUCO", "1209839.3105654893 DUCO - James_themac", "1202437.1706845302 DUCO - ivanrpz", "958040.2855457123 DUCO - econnaty"], "XXHASH hashrate": "0 H/s"}