{"Active connections": 1057, "All-time mined DUCO": 130851786.34223929, "Current difficulty": 75000, "DUCO-S1 hashrate": "3.1 GH/s", "Duco FluffySwap price": 1.2341e-05, "Duco Furim price": 0.0, "Duco Node-S price": 0.0, "Duco PancakeSwap price": 3.73398e-05, "Duco SunSwap price": 4.994e-05, "Duco SushiSwap price": 4.69978e-05, "Duco UbeSwap price": 2.929910624286002e-05, "Duco price": 4.994e-05, "Duco price BCH": 1.765e-05, "Duco price NANO": 7.45e-06, "Duco price TRX": 6.22e-06, "Duco price XMG": 0.0, "Duino-Coin Server API": "github.com/revoxhere/duino-coin", "Kolka": {"Banned": 1128, "Jailed": 90}, "Last block hash": "8de4bc0b3fa1580ec7f3421feb9644fc8ead02b8", "Last sync": 1667456997.915689, "Last update": "03/11/2022 06:30:02 (UTC)", "Mined blocks": 294013570823, "Miner distribution": {"All": 37548, "Arduino": 4403, "CPU": 2321, "ESP32": 12914, "ESP8266": 16061, "GPU": 0, "Other": 54, "Phone": 69, "RPi": 1332, "Web": 394}, "Net energy usage": "31.33 kW", "Open threads": 23, "Pool hashrate": "3123.44 MH/s", "Registered users": 82584, "Server CPU usage": 47.9, "Server RAM usage": 44.1, "Server version": 3.0, "Top 10 richest miners": ["38406538.025158234 DUCO - bscDUCO", "21990973.983372416 DUCO - coinexchange", "16965320.67115637 DUCO - Ochios", "11692429.559071772 DUCO - QQ44142894", "4596340.674841276 DUCO - lordachoo", "4004611.60987083 DUCO - Orion_0x43b", "2368507.0 DUCO - Brunomoyses23", "2210288.919161586 DUCO - vyrdudji", "1656591.613158366 DUCO - Alessandro_Duino", "1646019.8808087118 DUCO - maticDUCO"], "XXHASH hashrate": "0 H/s"}