{"Active connections": 1040, "All-time mined DUCO": 161877478.4425411, "Current difficulty": 75000, "DUCO-S1 hashrate": "2.4 GH/s", "Duco FluffySwap price": 2.2679999999999997e-06, "Duco Furim price": 0.0, "Duco Node-S price": 0.0, "Duco PancakeSwap price": 3.77822e-05, "Duco SunSwap price": 5.673e-05, "Duco SushiSwap price": 5.86515e-06, "Duco UbeSwap price": 2.870145832641265e-05, "Duco price": 5.673e-05, "Duco price BCH": 3.17e-06, "Duco price NANO": 1.98e-06, "Duco price TRX": 4.67e-06, "Duco price XMG": 0.0, "Duino-Coin Server API": "github.com/revoxhere/duino-coin", "Kolka": {"Banned": 1236, "Jailed": 97}, "Last block hash": "8de4bc0b3fa1580ec7f3421feb9644fc8ead02b8", "Last sync": 1674297528.5813222, "Last update": "21/01/2023 10:38:51 (UTC)", "Mined blocks": 342301758081, "Miner distribution": {"All": 34016, "Arduino": 3835, "CPU": 1289, "ESP32": 12894, "ESP8266": 13936, "GPU": 0, "Other": 15, "Phone": 10, "RPi": 1692, "Web": 345}, "Net energy usage": "24.26 kW", "Open threads": 25, "Pool hashrate": "2426.79 MH/s", "Registered users": 87313, "Server CPU usage": 45.4, "Server RAM usage": 54.5, "Server version": 3.0, "Top 10 richest miners": ["88800504.6070954 DUCO - coinexchange", "40991354.110702395 DUCO - bscDUCO", "20119946.6942 DUCO - viviana80", "11692429.559071772 DUCO - QQ44142894", "10759939.638689265 DUCO - fiorella71", "8125736.123916335 DUCO - Orion_0x43b", "6812547.287839879 DUCO - lordachoo", "4965363.69527713 DUCO - Ochios", "3850971.207 DUCO - AlmarRido", "3348748.043088433 DUCO - msdo1006"], "XXHASH hashrate": "0 H/s"}