{"Active connections": 1231, "All-time mined DUCO": 1055639851.9103144, "Current difficulty": 75000, "DUCO-S1 hashrate": "1.711 GH/s", "Duco FluffySwap price": 3.2829999999999997e-06, "Duco Furim price": 0.0, "Duco Node-S price": 0.0, "Duco PancakeSwap price": 7.20733e-06, "Duco SunSwap price": 0.00010846, "Duco SushiSwap price": 1.03082e-05, "Duco UbeSwap price": 2.9093097913322633e-05, "Duco price": 0.00010846, "Duco price BCH": 4.68e-06, "Duco price NANO": 1.01e-06, "Duco price TRX": 1.62e-06, "Duco price XMG": 0.0, "Duino-Coin Server API": "github.com/revoxhere/duino-coin", "Kolka": {"Banned": 5512, "Jailed": 144}, "Last block hash": "8de4bc0b3fa1580ec7f3421feb9644fc8ead02b8", "Last sync": 1690276231.3424428, "Last update": "25/07/2023 09:10:35 (UTC)", "Mined blocks": 430641410143, "Miner distribution": {"All": 19469, "Arduino": 2267, "CPU": 594, "ESP32": 8374, "ESP8266": 7170, "GPU": 0, "Other": 10, "Phone": 2, "RPi": 1052, "Web": 0}, "Net energy usage": "12.94 kW", "Open threads": 24, "Pool hashrate": "1710.885 MH/s", "Registered users": 94507, "Server CPU usage": 51.3, "Server RAM usage": 57.9, "Server version": 3.0, "Top 10 richest miners": ["495743830.67087966 DUCO - coinexchange", "384981752.7864603 DUCO - coinexchange", "69671267.73957695 DUCO - bscDUCO", "35439957.657000005 DUCO - AlmarRido", "24375487.137 DUCO - Flowen1985", "20119947.6942 DUCO - viviana80", "14654856.70292719 DUCO - ctecrypto", "12720440.559071772 DUCO - QQ44142894", "11436497.326 DUCO - bimbasimba94", "10759939.638689265 DUCO - fiorella71"], "XXHASH hashrate": "0 H/s"}