{"Active connections": 1111, "All-time mined DUCO": 746002031.1513729, "Current difficulty": 200000, "DUCO-S1 hashrate": "1.643 GH/s", "Duco FluffySwap price": 9.666999999999999e-06, "Duco Furim price": 0.0, "Duco Node-S price": 0.0, "Duco PancakeSwap price": 8.57789e-06, "Duco SunSwap price": 0.00015566, "Duco SushiSwap price": 1.2962107682626e-05, "Duco UbeSwap price": 1.1191491992827553e-05, "Duco price": 0.00015566, "Duco price BCH": 0.0, "Duco price NANO": 0.0, "Duco price TRX": 1.382e-05, "Duco price XMG": 1.31e-06, "Duino-Coin Server API": "github.com/revoxhere/duino-coin", "Kolka": {"Banned": 5991, "Jailed": 191}, "Last block hash": "8de4bc0b3fa1580ec7f3421feb9644fc8ead02b8", "Last sync": 1720963303.6155155, "Last update": "14/07/2024 13:21:43 (UTC)", "Mined blocks": 535415316350, "Miner distribution": {"All": 18521, "Arduino": 2296, "CPU": 875, "ESP32": 7881, "ESP8266": 6082, "GPU": 0, "Other": 9, "Phone": 12, "RPi": 1187, "Web": 179}, "Net energy usage": "14.38 kW", "Open threads": 30, "Pool hashrate": "1643.159 MH/s", "Registered users": 104130, "Server CPU usage": 68.1, "Server RAM usage": 91.7, "Server version": 4.0, "Top 10 richest miners": ["248146459.21695474 DUCO - coinexchange", "81472607.50800352 DUCO - bscDUCO", "30001087.442 DUCO - AlmarRido", "24635208.6964704 DUCO - Flowen1985", "18660226.832638856 DUCO - aimbert", "18280977.178 DUCO - bimbasimba94", "16096358.288900001 DUCO - viviana80", "14847133.194062889 DUCO - ctecrypto", "14176323.110791001 DUCO - duinousa", "12721940.59109726 DUCO - QQ44142894"], "XXHASH hashrate": "0 H/s"}