{"Active connections": 910, "All-time mined DUCO": 17821433.295748025, "Current difficulty": 75000, "DUCO-S1 hashrate": "1563.5 MH/s", "Duco JustSwap price": 0.00013369, "Duco Node-S price": 5.7e-05, "Duco PancakeSwap price": 0.000594663, "Duco SushiSwap price": 0.000356015, "Duco price": 0.0011, "Duco price BCH": 7.979e-05, "Duco price DGB": 0.0, "Duco price NANO": 1.692e-05, "Duco price RVN": 0.0, "Duco price TRX": 0.00017738, "Duco price XMG": 0.0004435, "Duco price XRP": 0.0, "Duino-Coin Server API": "github.com/revoxhere/duino-coin", "Kolka": {"Banned": 711, "Jailed": 24}, "Last block hash": "2eb3f8271c", "Last update": "11/12/2021 02:07:06 (UTC)", "Mined blocks": 59137901239, "Miner distribution": {"All": 37388, "Arduino": 6769, "CPU": 4548, "ESP32": 10629, "ESP8266": 11459, "GPU": 0, "Other": 7, "Phone": 446, "RPi": 2628, "Web": 902}, "Net energy usage": "45.37 kW", "Open threads": 21, "Pool hashrate": "1563.49 MH/s", "Registered users": 29536, "Server CPU usage": 55.0, "Server RAM usage": 47.9, "Server version": 2.7, "Top 10 richest miners": ["4423684.910296655 DUCO - bscDUCO", "1155554.8681484298 DUCO - coinexchange", "530162.5806861913 DUCO - NodeSBroker", "397162.15067505674 DUCO - James_themac", "300520.321607231 DUCO - 52Pickup", "203391.1666653777 DUCO - miningvir", "188782.057104081 DUCO - celoDUCO", "180823.08691112456 DUCO - maticDUCO", "170241.298916613 DUCO - Bacman", "166758.87649456985 DUCO - bloomindark"], "XXHASH hashrate": "0 H/s"}