{"Active connections": 4395, "All-time mined DUCO": 17880260.380826782, "Current difficulty": 75000, "DUCO-S1 hashrate": "1509.2 MH/s", "Duco JustSwap price": 0.00013371, "Duco Node-S price": 7.5e-05, "Duco PancakeSwap price": 0.000594663, "Duco SushiSwap price": 0.000356015, "Duco price": 0.000594663, "Duco price BCH": 7.978e-05, "Duco price DGB": 0.0, "Duco price NANO": 1.688e-05, "Duco price RVN": 0.0, "Duco price TRX": 0.00017742, "Duco price XMG": 0.00035928, "Duco price XRP": 0.0, "Duino-Coin Server API": "github.com/revoxhere/duino-coin", "Kolka": {"Banned": 712, "Jailed": 24}, "Last block hash": "2eb3f8271c", "Last update": "13/12/2021 13:21:53 (UTC)", "Mined blocks": 61157193954, "Miner distribution": {"All": 38368, "Arduino": 6963, "CPU": 4514, "ESP32": 11074, "ESP8266": 11720, "GPU": 0, "Other": 20, "Phone": 415, "RPi": 2671, "Web": 991}, "Net energy usage": "45.66 kW", "Open threads": 21, "Pool hashrate": "1509.22 MH/s", "Registered users": 30015, "Server CPU usage": 58.4, "Server RAM usage": 57.1, "Server version": 2.7, "Top 10 richest miners": ["4684979.509258009 DUCO - bscDUCO", "1152572.2081484296 DUCO - coinexchange", "530162.5806861913 DUCO - NodeSBroker", "397162.15067505674 DUCO - James_themac", "300520.321607231 DUCO - 52Pickup", "188782.057104081 DUCO - celoDUCO", "184935.4090509292 DUCO - maticDUCO", "170241.298916613 DUCO - Bacman", "167300.3083710206 DUCO - bloomindark", "119999.999999999 DUCO - rootbori"], "XXHASH hashrate": "0 H/s"}