{"Active connections": 1612, "All-time mined DUCO": 0, "Current difficulty": 75000, "DUCO-S1 hashrate": "1978.5 MH/s", "Duco JustSwap price": 8.468e-05, "Duco Node-S price": 2.1e-05, "Duco PancakeSwap price": 0.000471918, "Duco SushiSwap price": 0.000116574, "Duco price": 0.000471918, "Duco price BCH": 2.143e-05, "Duco price NANO": 1.388e-05, "Duco price TRX": 7.637e-05, "Duco price XMG": 0.00032224, "Duino-Coin Server API": "github.com/revoxhere/duino-coin", "Kolka": {"Banned": 771, "Jailed": 24}, "Last block hash": "2eb3f8271c", "Last sync": 1641327222.9936645, "Last update": "04/01/2022 20:13:42 (UTC)", "Mined blocks": 77412597608, "Miner distribution": {"All": 33779, "Arduino": 6901, "CPU": 5538, "ESP32": 7427, "ESP8266": 9001, "GPU": 0, "Other": 35, "Phone": 308, "RPi": 2510, "Web": 2059}, "Net energy usage": "49.99 kW", "Open threads": 21, "Pool hashrate": "1978.54 MH/s", "Registered users": 17619, "Server CPU usage": 67.5, "Server RAM usage": 49.5, "Server version": 2.7, "Top 10 richest miners": ["169085.22830696122 DUCO - Bacman", "156999.39427244445 DUCO - varanese67", "102928.66217789402 DUCO - amornlit", "85881.48155122665 DUCO - caancom", "61624.65085957255 DUCO - coinexchange", "57788.75699303833 DUCO - 52Pickup", "51485.64241748016 DUCO - rootbori", "50288.45762651612 DUCO - duinocrfsh", "47119.90790638301 DUCO - chipsa", "44983.467734046004 DUCO - NodeSBroker"], "XXHASH hashrate": "0 H/s"}