{"Active connections": 2371, "All-time mined DUCO": 21781056.753565077, "Current difficulty": 1000000, "DUCO-S1 hashrate": "5174.3 MH/s", "Duco JustSwap price": 0.00021643, "Duco Node-S price": 2.3e-05, "Duco PancakeSwap price": 0.000322114, "Duco SushiSwap price": 0.000650466, "Duco price": 0.00123181, "Duco price BCH": 1.451e-05, "Duco price NANO": 9.26e-06, "Duco price TRX": 7.249e-05, "Duco price XMG": 0.00122266, "Duino-Coin Server API": "github.com/revoxhere/duino-coin", "Kolka": {"Banned": 775, "Jailed": 26}, "Last block hash": "2eb3f8271c", "Last sync": 1643210725.578381, "Last update": "26/01/2022 15:25:25 (UTC)", "Mined blocks": 95258917717, "Miner distribution": {"All": 43195, "Arduino": 9316, "CPU": 5233, "ESP32": 10802, "ESP8266": 13112, "GPU": 0, "Other": 41, "Phone": 376, "RPi": 3084, "Web": 1231}, "Net energy usage": "52.17 kW", "Open threads": 21, "Pool hashrate": "5174.27 MH/s", "Registered users": 51248, "Server CPU usage": 49.8, "Server RAM usage": 42.7, "Server version": 2.7, "Top 10 richest miners": ["8119624.762515697 DUCO - bscDUCO", "664959.5008694914 DUCO - coinexchange", "600511.7948045133 DUCO - bimbasimba94", "501294.23782355373 DUCO - NodeSBroker", "427162.15067505674 DUCO - James_themac", "211663.43831306402 DUCO - maticDUCO", "190596.067104081 DUCO - celoDUCO", "170249.22911652114 DUCO - RNGesus", "170241.299416613 DUCO - Bacman", "140000.53560568305 DUCO - haxorcitoz"], "XXHASH hashrate": "0 H/s"}