{"Active connections": 1595, "All-time mined DUCO": 51510511.90140763, "Current difficulty": 1000000, "DUCO-S1 hashrate": "4.0 GH/s", "Duco Furim price": 0.0, "Duco Node-S price": 0.0, "Duco PancakeSwap price": 2.8e-05, "Duco SunSwap price": 6.8e-05, "Duco SushiSwap price": 3.5e-05, "Duco price": 0.000856, "Duco price BCH": 8e-06, "Duco price NANO": 5.3e-05, "Duco price TRX": 1.6e-05, "Duco price XMG": 0.000854, "Duino-Coin Server API": "github.com/revoxhere/duino-coin", "Kolka": {"Banned": 727, "Jailed": 37}, "Last block hash": "2eb3f8271cd947cdd6469be145558a7bcb72e0d9", "Last sync": 1650383158.4846249, "Last update": "19/04/2022 15:46:01 (UTC)", "Mined blocks": 158654332537, "Miner distribution": {"All": 37862, "Arduino": 5719, "CPU": 3289, "ESP32": 12162, "ESP8266": 14060, "GPU": 0, "Other": 73, "Phone": 132, "RPi": 1909, "Web": 518}, "Net energy usage": "37.49 kW", "Open threads": 21, "Pool hashrate": "4035.97 MH/s", "Registered users": 70191, "Server CPU usage": 37.3, "Server RAM usage": 52.5, "Server version": 3.0, "Top 10 richest miners": ["23394893.641737044 DUCO - bscDUCO", "7938549.914401649 DUCO - Ochios", "3894775.442030468 DUCO - coinexchange", "2535490.6256638607 DUCO - QQ44142894", "2210054.0739228465 DUCO - vyrdudji", "1239803.567712718 DUCO - maticDUCO", "1209838.627673189 DUCO - James_themac", "1200001.40117249 DUCO - amornlit", "1021213.4150378772 DUCO - ivanrpz", "1000000.2697615586 DUCO - miningvir"], "XXHASH hashrate": "0 H/s"}