{"Active connections": 1267, "All-time mined DUCO": 1050843307.134687, "Current difficulty": 75000, "DUCO-S1 hashrate": "1.965 GH/s", "Duco FluffySwap price": 3.829e-06, "Duco Furim price": 0.0, "Duco Node-S price": 0.0, "Duco PancakeSwap price": 1.50569e-05, "Duco SunSwap price": 0.0001037, "Duco SushiSwap price": 1.41731e-05, "Duco UbeSwap price": 2.7898752414944825e-05, "Duco price": 0.0001037, "Duco price BCH": 5.47e-06, "Duco price NANO": 1.1e-06, "Duco price TRX": 1.52e-06, "Duco price XMG": 0.0, "Duino-Coin Server API": "github.com/revoxhere/duino-coin", "Kolka": {"Banned": 5727, "Jailed": 142}, "Last block hash": "8de4bc0b3fa1580ec7f3421feb9644fc8ead02b8", "Last sync": 1688272270.280568, "Last update": "02/07/2023 04:31:24 (UTC)", "Mined blocks": 422297610397, "Miner distribution": {"All": 21331, "Arduino": 2688, "CPU": 719, "ESP32": 9233, "ESP8266": 7452, "GPU": 0, "Other": 8, "Phone": 7, "RPi": 1224, "Web": 0}, "Net energy usage": "14.59 kW", "Open threads": 23, "Pool hashrate": "1964.628 MH/s", "Registered users": 94168, "Server CPU usage": 47.4, "Server RAM usage": 52.5, "Server version": 3.0, "Top 10 richest miners": ["495743830.67087966 DUCO - coinexchange", "384863761.8484739 DUCO - coinexchange", "49388457.02939265 DUCO - bscDUCO", "24326348.334 DUCO - Flowen1985", "20119947.6942 DUCO - viviana80", "15115368.927099999 DUCO - Ochios", "12720440.559071772 DUCO - QQ44142894", "12715126.206683962 DUCO - duinousa", "11408217.326238636 DUCO - bimbasimba94", "11242886.442071278 DUCO - paranoid64"], "XXHASH hashrate": "0 H/s"}