{"Active connections": 950, "All-time mined DUCO": 746866515.0889841, "Current difficulty": 200000, "DUCO-S1 hashrate": "1.768 GH/s", "Duco FluffySwap price": 8.757e-06, "Duco Furim price": 0.0, "Duco Node-S price": 0.0, "Duco PancakeSwap price": 8.57789e-06, "Duco SunSwap price": 0.00014086, "Duco SushiSwap price": 1.2962107682626e-05, "Duco UbeSwap price": 1.1191491992827553e-05, "Duco price": 0.00017383, "Duco price BCH": 0.00013372, "Duco price NANO": 0.00017383, "Duco price TRX": 1.251e-05, "Duco price XMG": 3.64e-05, "Duino-Coin Server API": "github.com/revoxhere/duino-coin", "Kolka": {"Banned": 5970, "Jailed": 183}, "Last block hash": "8de4bc0b3fa1580ec7f3421feb9644fc8ead02b8", "Last sync": 1719725602.8669205, "Last update": "30/06/2024 05:33:22 (UTC)", "Mined blocks": 531541295682, "Miner distribution": {"All": 17831, "Arduino": 2189, "CPU": 967, "ESP32": 7408, "ESP8266": 5919, "GPU": 0, "Other": 8, "Phone": 38, "RPi": 1141, "Web": 161}, "Net energy usage": "14.57 kW", "Open threads": 27, "Pool hashrate": "1767.985 MH/s", "Registered users": 103594, "Server CPU usage": 55.8, "Server RAM usage": 90.2, "Server version": 4.0, "Top 10 richest miners": ["248801345.38593996 DUCO - coinexchange", "79668480.50800352 DUCO - bscDUCO", "29548821.707830127 DUCO - AlmarRido", "24635208.6964704 DUCO - Flowen1985", "22851221.472 DUCO - bimbasimba94", "20120447.6942 DUCO - viviana80", "14898389.497414265 DUCO - aimbert", "14847133.194062889 DUCO - ctecrypto", "14175570.016390136 DUCO - duinousa", "12721940.59109726 DUCO - QQ44142894"], "XXHASH hashrate": "0 H/s"}