{"Active connections": 959, "All-time mined DUCO": 87202287.0098626, "Current difficulty": 1000000, "DUCO-S1 hashrate": "3.1 GH/s", "Duco Furim price": 0.0, "Duco Node-S price": 0.0, "Duco PancakeSwap price": 2.3e-05, "Duco SunSwap price": 4.2e-05, "Duco SushiSwap price": 1.3e-05, "Duco UbeSwap price": 2.8e-05, "Duco price": 0.000117, "Duco price BCH": 1.3e-05, "Duco price NANO": 1.2e-05, "Duco price TRX": 1.6e-05, "Duco price XMG": 0.000117, "Duino-Coin Server API": "github.com/revoxhere/duino-coin", "Kolka": {"Banned": 933, "Jailed": 56}, "Last block hash": "2eb3f8271cd947cdd6469be145558a7bcb72e0d9", "Last sync": 1656522914.2922478, "Last update": "29/06/2022 17:15:15 (UTC)", "Mined blocks": 212636839667, "Miner distribution": {"All": 37457, "Arduino": 4888, "CPU": 2323, "ESP32": 12885, "ESP8266": 15442, "GPU": 0, "Other": 95, "Phone": 50, "RPi": 1516, "Web": 258}, "Net energy usage": "31.29 kW", "Open threads": 21, "Pool hashrate": "3133.61 MH/s", "Registered users": 73303, "Server CPU usage": 38.0, "Server RAM usage": 40.5, "Server version": 3.0, "Top 10 richest miners": ["35609168.27531917 DUCO - bscDUCO", "16868013.00251215 DUCO - Ochios", "7752733.140923254 DUCO - ctecrypto", "6974991.289071771 DUCO - QQ44142894", "5759209.577794591 DUCO - renderman", "4341438.273396698 DUCO - coinexchange", "4006679.5336540523 DUCO - Demoel", "2368507.0 DUCO - Brunomoyses23", "2210288.9385462017 DUCO - vyrdudji", "2070152.565 DUCO - CryptSino_Exchange"], "XXHASH hashrate": "0 H/s"}