{"Active connections": 1587, "All-time mined DUCO": 56556071.52749281, "Current difficulty": 1000000, "DUCO-S1 hashrate": "4.9 GH/s", "Duco Furim price": 0.0, "Duco Node-S price": 0.0, "Duco PancakeSwap price": 5.2e-05, "Duco SunSwap price": 9.2e-05, "Duco SushiSwap price": 5.9e-05, "Duco price": 9.3e-05, "Duco price BCH": 6e-06, "Duco price NANO": 3.3e-05, "Duco price TRX": 5e-06, "Duco price XMG": 0.0, "Duino-Coin Server API": "github.com/revoxhere/duino-coin", "Kolka": {"Banned": 666, "Jailed": 34}, "Last block hash": "2eb3f8271cd947cdd6469be145558a7bcb72e0d9", "Last sync": 1649257581.0364664, "Last update": "06/04/2022 15:06:22 (UTC)", "Mined blocks": 148556867906, "Miner distribution": {"All": 42285, "Arduino": 6707, "CPU": 3967, "ESP32": 13522, "ESP8266": 15060, "GPU": 0, "Other": 39, "Phone": 133, "RPi": 2316, "Web": 541}, "Net energy usage": "43.7 kW", "Open threads": 21, "Pool hashrate": "4947.3 MH/s", "Registered users": 67938, "Server CPU usage": 44.4, "Server RAM usage": 58.3, "Server version": 3.0, "Top 10 richest miners": ["23976602.97890838 DUCO - bscDUCO", "10283449.914401649 DUCO - Ochios", "5000000.269761559 DUCO - miningvir", "3789388.2793131582 DUCO - coinexchange", "3250098.6952358535 DUCO - miyan001", "1562679.147115368 DUCO - Demoel", "1209838.627673189 DUCO - James_themac", "1202392.4060047178 DUCO - juanjefraire", "1200001.40117249 DUCO - amornlit", "830257.4757288157 DUCO - xxl"], "XXHASH hashrate": "0 H/s"}