{"Active connections": 1210, "All-time mined DUCO": 53598391.86453583, "Current difficulty": 1000000, "DUCO-S1 hashrate": "4.4 GH/s", "Duco Furim price": 0.0, "Duco Node-S price": 0.0, "Duco PancakeSwap price": 7.3e-05, "Duco SunSwap price": 6.1e-05, "Duco SushiSwap price": 1.5e-05, "Duco UbeSwap price": 9.9e-05, "Duco price": 9.9e-05, "Duco price BCH": 8e-06, "Duco price NANO": 4.1e-05, "Duco price TRX": 2.1e-05, "Duco price XMG": 6e-05, "Duino-Coin Server API": "github.com/revoxhere/duino-coin", "Kolka": {"Banned": 777, "Jailed": 47}, "Last block hash": "2eb3f8271cd947cdd6469be145558a7bcb72e0d9", "Last sync": 1651893518.5439606, "Last update": "07/05/2022 03:18:39 (UTC)", "Mined blocks": 172064899067, "Miner distribution": {"All": 40527, "Arduino": 5804, "CPU": 3506, "ESP32": 13236, "ESP8266": 15257, "GPU": 0, "Other": 79, "Phone": 137, "RPi": 2002, "Web": 506}, "Net energy usage": "40.04 kW", "Open threads": 21, "Pool hashrate": "4409.69 MH/s", "Registered users": 72879, "Server CPU usage": 29.0, "Server RAM usage": 34.0, "Server version": 3.0, "Top 10 richest miners": ["24756710.70799496 DUCO - bscDUCO", "6803499.999997091 DUCO - Ochios", "4028983.0113870003 DUCO - QQ44142894", "3201185.663327713 DUCO - ivanrpz", "2210288.9385462017 DUCO - vyrdudji", "2100823.8454462374 DUCO - varanese67", "1994589.2620304665 DUCO - coinexchange", "1457594.357733561 DUCO - maticDUCO", "1209839.3105654893 DUCO - James_themac", "1025029.4598700451 DUCO - ctecrypto"], "XXHASH hashrate": "0 H/s"}