{"Active connections": 1118, "All-time mined DUCO": 95841872.10439797, "Current difficulty": 1000000, "DUCO-S1 hashrate": "3.5 GH/s", "Duco Furim price": 0.0, "Duco Node-S price": 0.0, "Duco PancakeSwap price": 2.4e-05, "Duco SunSwap price": 4.1e-05, "Duco SushiSwap price": 1.5e-05, "Duco UbeSwap price": 2.9e-05, "Duco price": 5e-05, "Duco price BCH": 3e-06, "Duco price NANO": 1.2e-05, "Duco price TRX": 9e-06, "Duco price XMG": 0.0, "Duino-Coin Server API": "github.com/revoxhere/duino-coin", "Kolka": {"Banned": 878, "Jailed": 48}, "Last block hash": "2eb3f8271cd947cdd6469be145558a7bcb72e0d9", "Last sync": 1655125625.4276817, "Last update": "13/06/2022 13:07:07 (UTC)", "Mined blocks": 200694584089, "Miner distribution": {"All": 39920, "Arduino": 5491, "CPU": 2900, "ESP32": 13338, "ESP8266": 16061, "GPU": 0, "Other": 59, "Phone": 91, "RPi": 1626, "Web": 354}, "Net energy usage": "35.81 kW", "Open threads": 21, "Pool hashrate": "3501.84 MH/s", "Registered users": 76662, "Server CPU usage": 37.8, "Server RAM usage": 41.9, "Server version": 3.0, "Top 10 richest miners": ["39033230.97661735 DUCO - bscDUCO", "16779508.4 DUCO - Ochios", "12688842.623396724 DUCO - coinexchange", "7751309.536119502 DUCO - ctecrypto", "6974991.289071771 DUCO - QQ44142894", "4006499.361450408 DUCO - Demoel", "2946862.475083976 DUCO - renderman", "2210288.9385462017 DUCO - vyrdudji", "2146023.2084399755 DUCO - jules_pilot", "2041478.3138396414 DUCO - CryptSino_Exchange"], "XXHASH hashrate": "0 H/s"}