{"Active connections": 1060, "All-time mined DUCO": 754755081.7217861, "Current difficulty": 200000, "DUCO-S1 hashrate": "1.529 GH/s", "Duco FluffySwap price": 8.561e-06, "Duco Furim price": 0.0, "Duco Node-S price": 0.0, "Duco PancakeSwap price": 0.0, "Duco SunSwap price": 2.348e-05, "Duco SushiSwap price": 0.0, "Duco UbeSwap price": 0.0, "Duco price": 2.348e-05, "Duco price BCH": 0.0, "Duco price NANO": 0.0, "Duco price TRX": 1.228e-05, "Duco price XMG": 1.098e-05, "Duino-Coin Server API": "github.com/revoxhere/duino-coin", "Kolka": {"Banned": 6012, "Jailed": 190}, "Last block hash": "8de4bc0b3fa1580ec7f3421feb9644fc8ead02b8", "Last sync": 1722937227.0100605, "Last update": "06/08/2024 09:40:27 (UTC)", "Mined blocks": 541301894989, "Miner distribution": {"All": 14904, "Arduino": 1870, "CPU": 809, "ESP32": 4991, "ESP8266": 5976, "GPU": 0, "Other": 10, "Phone": 12, "RPi": 1053, "Web": 183}, "Net energy usage": "12.44 kW", "Open threads": 29, "Pool hashrate": "1529.458 MH/s", "Registered users": 104835, "Server CPU usage": 67.7, "Server RAM usage": 90.3, "Server version": 4.0, "Top 10 richest miners": ["241761005.63339543 DUCO - coinexchange", "81977128.19825932 DUCO - bscDUCO", "30855598.808 DUCO - Flowen1985", "28000980.1298474 DUCO - AlmarRido", "18280977.178 DUCO - bimbasimba94", "16096358.288900001 DUCO - viviana80", "14928186.52306039 DUCO - aimbert", "14847133.194062889 DUCO - ctecrypto", "12721940.59109726 DUCO - QQ44142894", "11341866.25452415 DUCO - duinousa"], "XXHASH hashrate": "0 H/s"}