{"Active connections": 1437, "All-time mined DUCO": 17755802.957035445, "Current difficulty": 75000, "DUCO-S1 hashrate": "1553.5 MH/s", "Duco JustSwap price": 0.00013955, "Duco Node-S price": 5.1e-05, "Duco PancakeSwap price": 0.000594663, "Duco SushiSwap price": 0.000356015, "Duco price": 0.00060882, "Duco price BCH": 8.253e-05, "Duco price DGB": 0.0, "Duco price NANO": 1.737e-05, "Duco price RVN": 0.0, "Duco price TRX": 0.00018099, "Duco price XMG": 0.00044831, "Duco price XRP": 0.0, "Duino-Coin Server API": "github.com/revoxhere/duino-coin", "Kolka": {"Banned": 711, "Jailed": 24}, "Last block hash": "2eb3f8271c", "Last update": "09/12/2021 17:58:37 (UTC)", "Mined blocks": 58020890850, "Miner distribution": {"All": 37398, "Arduino": 6835, "CPU": 4506, "ESP32": 10628, "ESP8266": 11384, "GPU": 0, "Other": 7, "Phone": 453, "RPi": 2653, "Web": 932}, "Net energy usage": "45.16 kW", "Open threads": 21, "Pool hashrate": "1553.52 MH/s", "Registered users": 29268, "Server CPU usage": 58.1, "Server RAM usage": 48.4, "Server version": 2.7, "Top 10 richest miners": ["4305225.150048392 DUCO - bscDUCO", "1405356.1281484298 DUCO - coinexchange", "588952.0732451914 DUCO - NodeSBroker", "351162.15067505674 DUCO - James_themac", "300520.321607231 DUCO - 52Pickup", "188488.057104081 DUCO - celoDUCO", "177651.58691112456 DUCO - maticDUCO", "170241.298916613 DUCO - Bacman", "166607.41851455686 DUCO - bloomindark", "119999.999999999 DUCO - rootbori"], "XXHASH hashrate": "0 H/s"}