{"Duino-Coin Server API": "github.com/revoxhere/duino-coin", "Server version": 2.7, "Active connections": 13943, "Open threads": 24, "Server CPU usage": 74.4, "Server RAM usage": 33.9, "Last update": "07/09/2021 13:08:34 (UTC)", "Net energy usage": "36.85 kW", "Pool hashrate": "763.6292 MH/s", "DUCO-S1 hashrate": "746.2 MH/s", "XXHASH hashrate": "17.4 MH/s", "Duco price": 0.00774435, "Duco price XMG": 0.00153153, "Duco price BCH": 0.00136961, "Duco price RVN": 0.00033983, "Duco price TRX": 0.00131454, "Duco price XRP": 0.00129, "Duco price DGB": 0.00123713, "Duco price NANO": 0.00125245, "Duco price FJC": 0.00774435, "Duco Node-S price": 0.002153, "Duco JustSwap price": 0.0047081, "Duco PancakeSwap price": 0.00194971, "Registered users": 16834, "All-time mined DUCO": 8591524.750958197, "Current difficulty": 608703, "Mined blocks": 14608906237, "Last block hash": "730b6127b9", "Kolka": {"Jailed": 21, "Banned": 595}, "Miner distribution": {"GPU": 0, "CPU": 2365, "RPi": 1311, "Phone": 0, "Web": 1368, "ESP32": 3998, "ESP8266": 4373, "Arduino": 2092, "Other": 214}, "Top 10 richest miners": ["1816610.6132481447 DUCO - bscDUCO", "494946.95600289304 DUCO - coinexchange", "240000.1555491204 DUCO - 52Pickup", "218548.58203540338 DUCO - WannaCry", "169937.594875061 DUCO - Bacman", "119911.91410190938 DUCO - rootbori", "113387.18511437952 DUCO - amornlit", "86304.62174900684 DUCO - caancom", "51248.17791319055 DUCO - ducodoly", "50288.45762651612 DUCO - duinocrfsh"]}