{"Active connections": 958, "All-time mined DUCO": 751611380.3865852, "Current difficulty": 200000, "DUCO-S1 hashrate": "1.747 GH/s", "Duco FluffySwap price": 9.093e-06, "Duco Furim price": 0.0, "Duco Node-S price": 0.0, "Duco PancakeSwap price": 8.57789e-06, "Duco SunSwap price": 0.00014651, "Duco SushiSwap price": 1.2962107682626e-05, "Duco UbeSwap price": 1.1191491992827553e-05, "Duco price": 0.00015853, "Duco price BCH": 3.408e-05, "Duco price NANO": 0.00015853, "Duco price TRX": 1.301e-05, "Duco price XMG": 3.475e-05, "Duino-Coin Server API": "github.com/revoxhere/duino-coin", "Kolka": {"Banned": 5984, "Jailed": 190}, "Last block hash": "8de4bc0b3fa1580ec7f3421feb9644fc8ead02b8", "Last sync": 1720288499.195439, "Last update": "06/07/2024 17:54:59 (UTC)", "Mined blocks": 533300123530, "Miner distribution": {"All": 18706, "Arduino": 2267, "CPU": 1025, "ESP32": 7937, "ESP8266": 6011, "GPU": 0, "Other": 8, "Phone": 20, "RPi": 1220, "Web": 218}, "Net energy usage": "15.4 kW", "Open threads": 27, "Pool hashrate": "1746.634 MH/s", "Registered users": 103853, "Server CPU usage": 54.5, "Server RAM usage": 90.5, "Server version": 4.0, "Top 10 richest miners": ["248741947.0165648 DUCO - coinexchange", "80660425.50800352 DUCO - bscDUCO", "29548849.707830127 DUCO - AlmarRido", "24635208.6964704 DUCO - Flowen1985", "22851221.472 DUCO - bimbasimba94", "20120447.6942 DUCO - viviana80", "18660221.767044943 DUCO - aimbert", "14847133.194062889 DUCO - ctecrypto", "14175996.454519095 DUCO - duinousa", "12721940.59109726 DUCO - QQ44142894"], "XXHASH hashrate": "0 H/s"}