{"Active connections": 1324, "All-time mined DUCO": 97460087.61717898, "Current difficulty": 75000, "DUCO-S1 hashrate": "3.1 GH/s", "Duco Furim price": 0.0, "Duco Node-S price": 0.0, "Duco PancakeSwap price": 4.5e-05, "Duco SunSwap price": 0.000204, "Duco SushiSwap price": 3.6e-05, "Duco UbeSwap price": 2.8e-05, "Duco price": 0.000307, "Duco price BCH": 2.4e-05, "Duco price NANO": 1.8e-05, "Duco price TRX": 2e-05, "Duco price XMG": 1.6e-05, "Duino-Coin Server API": "github.com/revoxhere/duino-coin", "Kolka": {"Banned": 973, "Jailed": 80}, "Last block hash": "2eb3f8271cd947cdd6469be145558a7bcb72e0d9", "Last sync": 1661185104.7558994, "Last update": "22/08/2022 16:18:27 (UTC)", "Mined blocks": 246212293303, "Miner distribution": {"All": 37301, "Arduino": 4647, "CPU": 1974, "ESP32": 13644, "ESP8266": 15389, "GPU": 0, "Other": 25, "Phone": 41, "RPi": 1160, "Web": 421}, "Net energy usage": "28.88 kW", "Open threads": 22, "Pool hashrate": "3061.48 MH/s", "Registered users": 76852, "Server CPU usage": 69.8, "Server RAM usage": 61.5, "Server version": 3.0, "Top 10 richest miners": ["42014381.686995566 DUCO - bscDUCO", "31118655.35241963 DUCO - coinexchange", "6974991.289071771 DUCO - QQ44142894", "4020878.023824653 DUCO - Demoel", "3250453.0418339167 DUCO - renderman", "2368507.0 DUCO - Brunomoyses23", "2210288.919161586 DUCO - vyrdudji", "1731858.4064241096 DUCO - Sreeramzeno", "1629999.0000002678 DUCO - AlmarRido", "1499805.486177866 DUCO - giveaways"], "XXHASH hashrate": "0 H/s"}