{"Active connections": 1568, "All-time mined DUCO": 110246532.78346565, "Current difficulty": 75000, "DUCO-S1 hashrate": "3.1 GH/s", "Duco FluffySwap price": 2.1e-05, "Duco Furim price": 0.0, "Duco Node-S price": 0.0, "Duco PancakeSwap price": 4e-05, "Duco SunSwap price": 0.000111, "Duco SushiSwap price": 1.5e-05, "Duco UbeSwap price": 2.9e-05, "Duco price": 0.000155, "Duco price BCH": 3e-05, "Duco price NANO": 1.2e-05, "Duco price TRX": 1.5e-05, "Duco price XMG": 0.000155, "Duino-Coin Server API": "github.com/revoxhere/duino-coin", "Kolka": {"Banned": 1062, "Jailed": 85}, "Last block hash": "2eb3f8271cd947cdd6469be145558a7bcb72e0d9", "Last sync": 1664277394.6546595, "Last update": "27/09/2022 11:16:37 (UTC)", "Mined blocks": 268762281193, "Miner distribution": {"All": 40433, "Arduino": 4680, "CPU": 2132, "ESP32": 14655, "ESP8266": 17191, "GPU": 0, "Other": 17, "Phone": 39, "RPi": 1265, "Web": 454}, "Net energy usage": "31.4 kW", "Open threads": 22, "Pool hashrate": "3104.06 MH/s", "Registered users": 79768, "Server CPU usage": 53.7, "Server RAM usage": 59.0, "Server version": 3.0, "Top 10 richest miners": ["39777318.437422335 DUCO - bscDUCO", "15965314.007 DUCO - Ochios", "13071859.086535865 DUCO - ctecrypto", "6974991.289071771 DUCO - QQ44142894", "4075220.2860000003 DUCO - AlmarRido", "2574918.251324313 DUCO - ThePurpleMadMan", "2368507.0 DUCO - Brunomoyses23", "2210288.919161586 DUCO - vyrdudji", "2000122.5163383363 DUCO - treaks", "1895004.7590804123 DUCO - coinexchange"], "XXHASH hashrate": "0 H/s"}