{"Active connections": 808, "All-time mined DUCO": 107331672.70573953, "Current difficulty": 75000, "DUCO-S1 hashrate": "3.2 GH/s", "Duco FluffySwap price": 1.1249e-05, "Duco Furim price": 0.0, "Duco Node-S price": 0.0, "Duco PancakeSwap price": 3.06528e-05, "Duco SunSwap price": 8.92e-05, "Duco SushiSwap price": 4.22794e-05, "Duco UbeSwap price": 2.9098580230377713e-05, "Duco price": 8.92e-05, "Duco price BCH": 1.609e-05, "Duco price NANO": 6.93e-06, "Duco price TRX": 6.14e-06, "Duco price XMG": 5.756e-05, "Duino-Coin Server API": "github.com/revoxhere/duino-coin", "Kolka": {"Banned": 1109, "Jailed": 85}, "Last block hash": "8de4bc0b3fa1580ec7f3421feb9644fc8ead02b8", "Last sync": 1666426084.9673774, "Last update": "22/10/2022 08:08:07 (UTC)", "Mined blocks": 286046363596, "Miner distribution": {"All": 37299, "Arduino": 4434, "CPU": 2315, "ESP32": 12956, "ESP8266": 15897, "GPU": 0, "Other": 13, "Phone": 48, "RPi": 1214, "Web": 422}, "Net energy usage": "31.04 kW", "Open threads": 23, "Pool hashrate": "3167.52 MH/s", "Registered users": 81626, "Server CPU usage": 44.2, "Server RAM usage": 30.4, "Server version": 3.0, "Top 10 richest miners": ["38301731.025158234 DUCO - bscDUCO", "36805116.5196068 DUCO - coinexchange", "15965318.216999998 DUCO - Ochios", "13269391.562532427 DUCO - ctecrypto", "8552892.059071772 DUCO - QQ44142894", "2368507.0 DUCO - Brunomoyses23", "2210288.919161586 DUCO - vyrdudji", "1937652.668512474 DUCO - giveaways", "1615235.8630387518 DUCO - maticDUCO", "1457898.898 DUCO - amornlit"], "XXHASH hashrate": "0 H/s"}