{"Duino-Coin Server API": "github.com/revoxhere/duino-coin", "Server version": 2.7, "Active connections": 38131, "Open threads": 24, "Server CPU usage": 71.5, "Server RAM usage": 84.9, "Last update": "10/10/2021 11:16:34 (UTC)", "Net energy usage": "52.99 kW", "Pool hashrate": "1095.89 MH/s", "DUCO-S1 hashrate": "1095.9 MH/s", "XXHASH hashrate": "0 H/s", "Duco price": 0.00274775, "Duco price XMG": 0.00274775, "Duco price BCH": 0.00053856, "Duco price RVN": 0.00066746, "Duco price TRX": 0.00067127, "Duco price XRP": 0.00022312, "Duco price DGB": 0.00074139, "Duco price NANO": 0.00074449, "Duco price FJC": 0.00075, "Duco Node-S price": 0.000501, "Duco JustSwap price": 0.00263261, "Duco PancakeSwap price": 0.000962842, "Duco SushiSwap price": 0.00124512, "Registered users": 20048, "All-time mined DUCO": 13591113.252500478, "Current difficulty": 1068302, "Mined blocks": 25639530610, "Last block hash": "730b6127b9", "Kolka": {"Jailed": 48, "Banned": 1330}, "Miner distribution": {"GPU": 0, "CPU": 2993, "RPi": 1807, "Phone": 155, "Web": 1014, "ESP32": 7290, "ESP8266": 9181, "Arduino": 4506, "Other": 56, "All": 27002}, "Top 10 richest miners": ["2518710.929378808 DUCO - bscDUCO", "912131.2035050463 DUCO - James_themac", "521520.1555491204 DUCO - 52Pickup", "266925.2059145401 DUCO - coinexchange", "170240.13285850236 DUCO - Bacman", "170226.10104597002 DUCO - celoDUCO", "123741.44487049007 DUCO - bimbasimba94", "123387.18511437952 DUCO - amornlit", "121685.90546844892 DUCO - rootbori", "87231.04927467907 DUCO - caancom"]}