{"Active connections": 661, "All-time mined DUCO": 1054108031.8035291, "Current difficulty": 75000, "DUCO-S1 hashrate": "1.868 GH/s", "Duco FluffySwap price": 3.1849999999999996e-06, "Duco Furim price": 0.0, "Duco Node-S price": 0.0, "Duco PancakeSwap price": 7.2694e-06, "Duco SunSwap price": 0.00010313, "Duco SushiSwap price": 1.01312e-05, "Duco UbeSwap price": 2.9093097913322633e-05, "Duco price": 0.00010313, "Duco price BCH": 4.54e-06, "Duco price NANO": 1e-06, "Duco price TRX": 1.54e-06, "Duco price XMG": 0.0, "Duino-Coin Server API": "github.com/revoxhere/duino-coin", "Kolka": {"Banned": 5518, "Jailed": 148}, "Last block hash": "8de4bc0b3fa1580ec7f3421feb9644fc8ead02b8", "Last sync": 1691112841.8259656, "Last update": "04/08/2023 01:34:08 (UTC)", "Mined blocks": 434050474724, "Miner distribution": {"All": 19278, "Arduino": 2239, "CPU": 701, "ESP32": 8243, "ESP8266": 7160, "GPU": 0, "Other": 10, "Phone": 10, "RPi": 915, "Web": 0}, "Net energy usage": "13.31 kW", "Open threads": 23, "Pool hashrate": "1867.515 MH/s", "Registered users": 94629, "Server CPU usage": 37.8, "Server RAM usage": 35.8, "Server version": 3.0, "Top 10 richest miners": ["495743830.67087966 DUCO - coinexchange", "384168042.5251703 DUCO - coinexchange", "69768369.64457695 DUCO - bscDUCO", "35300116.85615001 DUCO - AlmarRido", "24375487.137 DUCO - Flowen1985", "20119947.6942 DUCO - viviana80", "12720440.559071772 DUCO - QQ44142894", "11700968.694744185 DUCO - ctecrypto", "11436497.326 DUCO - bimbasimba94", "10759939.638689265 DUCO - fiorella71"], "XXHASH hashrate": "0 H/s"}