{"Active connections": 1220, "All-time mined DUCO": 231840087.8617966, "Current difficulty": 75000, "DUCO-S1 hashrate": "2.3 GH/s", "Duco FluffySwap price": 3.7449999999999993e-06, "Duco Furim price": 0.0, "Duco Node-S price": 0.0, "Duco PancakeSwap price": 3.17471e-05, "Duco SunSwap price": 5.854e-05, "Duco SushiSwap price": 6.48802e-06, "Duco UbeSwap price": 2.8567641015443758e-05, "Duco price": 5.854e-05, "Duco price BCH": 5.35e-06, "Duco price NANO": 3.53e-06, "Duco price TRX": 4.85e-06, "Duco price XMG": 0.0, "Duino-Coin Server API": "github.com/revoxhere/duino-coin", "Kolka": {"Banned": 1274, "Jailed": 100}, "Last block hash": "8de4bc0b3fa1580ec7f3421feb9644fc8ead02b8", "Last sync": 1675774363.3116622, "Last update": "07/02/2023 12:52:49 (UTC)", "Mined blocks": 351694237359, "Miner distribution": {"All": 31056, "Arduino": 3785, "CPU": 1315, "ESP32": 11964, "ESP8266": 11890, "GPU": 0, "Other": 11, "Phone": 20, "RPi": 1596, "Web": 475}, "Net energy usage": "22.98 kW", "Open threads": 25, "Pool hashrate": "2348.57 MH/s", "Registered users": 88374, "Server CPU usage": 53.4, "Server RAM usage": 53.7, "Server version": 3.0, "Top 10 richest miners": ["59646829.302386284 DUCO - AlmarRido", "41623890.35752013 DUCO - bscDUCO", "20119946.6942 DUCO - viviana80", "18498715.229242485 DUCO - coinexchange", "15115363.695 DUCO - Ochios", "11692429.559071772 DUCO - QQ44142894", "10759939.638689265 DUCO - fiorella71", "8125736.123916335 DUCO - Orion_0x43b", "6817228.17607494 DUCO - lordachoo", "3349197.420455125 DUCO - msdo1006"], "XXHASH hashrate": "0 H/s"}