{"Duino-Coin Server API": "github.com/revoxhere/duino-coin", "Server version": 2.6, "Active connections": 1, "Open threads": 24, "Server CPU usage": 63.6, "Server RAM usage": 53.8, "Last update": "16/08/2021 13:13:07 (UTC)", "Net energy usage": "2.37 kW", "Pool hashrate": "27.8475 MH/s", "DUCO-S1 hashrate": "27.8 MH/s", "XXHASH hashrate": "0 H/s", "Duco price": 0.018767, "Duco price XMG": 0.01876683, "Duco price BCH": 0.00174803, "Duco price TRX": 0.00189278, "Duco price XRP": 0.00224, "Duco price DGB": 0.00216252, "Duco Node-S price": 0.018767, "Duco JustSwap price": 0.00758753, "Duco PancakeSwap price": 0.00507655, "Registered users": 19972, "All-time mined DUCO": 5719309.130100905, "Current difficulty": 449396, "Mined blocks": 10785489288, "Last block hash": "07956ca114", "Kolka": {"Jailed": 0, "Banned": 417}, "Miner distribution": {"GPU": 0, "CPU": 21, "RPi": 13, "ESP32": 786, "ESP8266": 1138, "Arduino": 358, "Other": 6}, "Top 10 richest miners": ["542824.5845703878 DUCO - bscDUCO", "169737.86759613658 DUCO - Bacman", "113101.31084662999 DUCO - amornlit", "104397.36377963255 DUCO - coinexchange", "100101.05781299026 DUCO - 52Pickup", "100007.99999999886 DUCO - WannaCry", "86151.55023636225 DUCO - caancom", "50328.471982747506 DUCO - rootbori", "50288.45762651612 DUCO - duinocrfsh", "47119.90790638301 DUCO - chipsa"]}