{"Active connections": 737, "All-time mined DUCO": 717918777.135191, "Current difficulty": 75000, "DUCO-S1 hashrate": "2.049 GH/s", "Duco FluffySwap price": 1.6799999999999998e-06, "Duco Furim price": 0.0, "Duco Node-S price": 0.0, "Duco PancakeSwap price": 1.85801e-05, "Duco SunSwap price": 2.319e-05, "Duco SushiSwap price": 1.51177e-05, "Duco UbeSwap price": 2.9828006500541712e-05, "Duco price": 2.9828006500541712e-05, "Duco price BCH": 2.41e-06, "Duco price NANO": 1.63e-06, "Duco price TRX": 2.38e-06, "Duco price XMG": 0.0, "Duino-Coin Server API": "github.com/revoxhere/duino-coin", "Kolka": {"Banned": 1356, "Jailed": 122}, "Last block hash": "8de4bc0b3fa1580ec7f3421feb9644fc8ead02b8", "Last sync": 1682873908.0602446, "Last update": "30/04/2023 16:58:33 (UTC)", "Mined blocks": 394398882968, "Miner distribution": {"All": 28179, "Arduino": 3449, "CPU": 1045, "ESP32": 10848, "ESP8266": 11037, "GPU": 0, "Other": 26, "Phone": 21, "RPi": 1536, "Web": 217}, "Net energy usage": "19.99 kW", "Open threads": 24, "Pool hashrate": "2049.362 MH/s", "Registered users": 92246, "Server CPU usage": 49.4, "Server RAM usage": 32.9, "Server version": 3.0, "Top 10 richest miners": ["495743830.67087966 DUCO - coinexchange", "454207339.6195877 DUCO - coinexchange", "49429476.49839266 DUCO - bscDUCO", "20119947.6942 DUCO - viviana80", "15115368.927099999 DUCO - Ochios", "12720440.559071772 DUCO - QQ44142894", "10759939.638689265 DUCO - fiorella71", "8125736.123916335 DUCO - Orion_0x43b", "7871982.841046517 DUCO - revox", "7871982.841046517 DUCO - revox"], "XXHASH hashrate": "0 H/s"}