{"Active connections": 1185, "All-time mined DUCO": 19891175.901138674, "Current difficulty": 75000, "DUCO-S1 hashrate": "1338.4 MH/s", "Duco JustSwap price": 8.466e-05, "Duco Node-S price": 2.1e-05, "Duco PancakeSwap price": 0.000471918, "Duco SushiSwap price": 0.000116574, "Duco price": 0.000471918, "Duco price BCH": 3.317e-05, "Duco price NANO": 1.294e-05, "Duco price TRX": 7.634e-05, "Duco price XMG": 0.00024836, "Duino-Coin Server API": "github.com/revoxhere/duino-coin", "Kolka": {"Banned": 752, "Jailed": 24}, "Last block hash": "2eb3f8271c", "Last sync": 1641058188.158426, "Last update": "01/01/2022 17:29:48 (UTC)", "Mined blocks": 75111486436, "Miner distribution": {"All": 27096, "Arduino": 5482, "CPU": 3409, "ESP32": 7454, "ESP8266": 7133, "GPU": 0, "Other": 31, "Phone": 427, "RPi": 1656, "Web": 1504}, "Net energy usage": "33.46 kW", "Open threads": 21, "Pool hashrate": "1338.36 MH/s", "Registered users": 34731, "Server CPU usage": 59.0, "Server RAM usage": 31.4, "Server version": 2.7, "Top 10 richest miners": ["5206796.3362548845 DUCO - bscDUCO", "530779.5372981913 DUCO - NodeSBroker", "397162.15067505674 DUCO - James_themac", "305878.8159881362 DUCO - bimbasimba94", "300520.321607231 DUCO - 52Pickup", "299601.01035819284 DUCO - bloomindark", "273368.21011616866 DUCO - miningvir", "240886.60627132887 DUCO - coinexchange", "212015.08832993757 DUCO - maticDUCO", "190582.057104081 DUCO - celoDUCO"], "XXHASH hashrate": "0 H/s"}