{"Active connections": 802, "All-time mined DUCO": 739600704.4416169, "Current difficulty": 200000, "DUCO-S1 hashrate": "2.657 GH/s", "Duco FluffySwap price": 8.876e-06, "Duco Furim price": 0.0, "Duco Node-S price": 0.0, "Duco PancakeSwap price": 8.57789e-06, "Duco SunSwap price": 0.0001031, "Duco SushiSwap price": 1.2962107682626e-05, "Duco UbeSwap price": 1.1191491992827553e-05, "Duco price": 0.000224, "Duco price BCH": 0.00014966, "Duco price NANO": 0.000224, "Duco price TRX": 1.268e-05, "Duco price XMG": 3.75e-06, "Duino-Coin Server API": "github.com/revoxhere/duino-coin", "Kolka": {"Banned": 5922, "Jailed": 181}, "Last block hash": "8de4bc0b3fa1580ec7f3421feb9644fc8ead02b8", "Last sync": 1715424722.2410405, "Last update": "11/05/2024 10:52:02 (UTC)", "Mined blocks": 518579628669, "Miner distribution": {"All": 17470, "Arduino": 2164, "CPU": 1048, "ESP32": 6714, "ESP8266": 5934, "GPU": 0, "Other": 22, "Phone": 13, "RPi": 1364, "Web": 211}, "Net energy usage": "15.24 kW", "Open threads": 29, "Pool hashrate": "2656.826 MH/s", "Registered users": 101787, "Server CPU usage": 30.9, "Server RAM usage": 93.2, "Server version": 4.0, "Top 10 richest miners": ["78442380.74889731 DUCO - bscDUCO", "39493232.42763998 DUCO - AlmarRido", "30792510.456 DUCO - Flowen1985", "20119947.6942 DUCO - viviana80", "17045685.805999998 DUCO - bimbasimba94", "14868536.131377593 DUCO - aimbert", "14842457.321836527 DUCO - ctecrypto", "12720440.585598174 DUCO - QQ44142894", "11314606.642265977 DUCO - duinousa", "10759939.638689265 DUCO - fiorella71"], "XXHASH hashrate": "0 H/s"}