{"Active connections": 1342, "All-time mined DUCO": 737678785.0302192, "Current difficulty": 200000, "DUCO-S1 hashrate": "2.457 GH/s", "Duco FluffySwap price": 7.826e-06, "Duco Furim price": 0.0, "Duco Node-S price": 0.0, "Duco PancakeSwap price": 8.57789e-06, "Duco SunSwap price": 9.097e-05, "Duco SushiSwap price": 1.2962107682626e-05, "Duco UbeSwap price": 1.1191491992827553e-05, "Duco price": 0.000258, "Duco price BCH": 0.00016326, "Duco price NANO": 0.000258, "Duco price TRX": 1.118e-05, "Duco price XMG": 3.54e-06, "Duino-Coin Server API": "github.com/revoxhere/duino-coin", "Kolka": {"Banned": 5949, "Jailed": 182}, "Last block hash": "8de4bc0b3fa1580ec7f3421feb9644fc8ead02b8", "Last sync": 1716986958.0191727, "Last update": "29/05/2024 12:49:18 (UTC)", "Mined blocks": 523125551787, "Miner distribution": {"All": 18727, "Arduino": 2433, "CPU": 934, "ESP32": 7651, "ESP8266": 6271, "GPU": 0, "Other": 16, "Phone": 21, "RPi": 1190, "Web": 211}, "Net energy usage": "14.82 kW", "Open threads": 28, "Pool hashrate": "2457.249 MH/s", "Registered users": 102423, "Server CPU usage": 58.9, "Server RAM usage": 91.6, "Server version": 4.0, "Top 10 richest miners": ["79233663.74889731 DUCO - bscDUCO", "30792510.456 DUCO - Flowen1985", "30547606.40829605 DUCO - AlmarRido", "20119947.6942 DUCO - viviana80", "18545685.805999998 DUCO - bimbasimba94", "14898324.032056421 DUCO - aimbert", "14843759.322231447 DUCO - ctecrypto", "12720440.585598174 DUCO - QQ44142894", "11315462.553180063 DUCO - duinousa", "10759939.638689265 DUCO - fiorella71"], "XXHASH hashrate": "0 H/s"}