{"Active connections": 1543, "All-time mined DUCO": 109998585.90671769, "Current difficulty": 75000, "DUCO-S1 hashrate": "3.4 GH/s", "Duco FluffySwap price": 2e-05, "Duco Furim price": 0.0, "Duco Node-S price": 0.0, "Duco PancakeSwap price": 3.8e-05, "Duco SunSwap price": 0.000129, "Duco SushiSwap price": 1.4e-05, "Duco UbeSwap price": 2.9e-05, "Duco price": 0.000155, "Duco price BCH": 2.9e-05, "Duco price NANO": 1.2e-05, "Duco price TRX": 1.5e-05, "Duco price XMG": 0.000155, "Duino-Coin Server API": "github.com/revoxhere/duino-coin", "Kolka": {"Banned": 1657, "Jailed": 84}, "Last block hash": "2eb3f8271cd947cdd6469be145558a7bcb72e0d9", "Last sync": 1663966351.3659866, "Last update": "23/09/2022 20:52:35 (UTC)", "Mined blocks": 266533262050, "Miner distribution": {"All": 39212, "Arduino": 4461, "CPU": 2092, "ESP32": 14173, "ESP8266": 16705, "GPU": 0, "Other": 15, "Phone": 58, "RPi": 1244, "Web": 464}, "Net energy usage": "30.64 kW", "Open threads": 22, "Pool hashrate": "3392.53 MH/s", "Registered users": 79491, "Server CPU usage": 49.1, "Server RAM usage": 57.3, "Server version": 3.0, "Top 10 richest miners": ["39771897.437422335 DUCO - bscDUCO", "15965309.807 DUCO - Ochios", "13071628.710103758 DUCO - ctecrypto", "6974991.289071771 DUCO - QQ44142894", "6074168.949 DUCO - AlmarRido", "5241471.904123682 DUCO - coinexchange", "2574468.4849900003 DUCO - ThePurpleMadMan", "2368507.0 DUCO - Brunomoyses23", "2236044.701462984 DUCO - Alessandro_Duino", "2210288.919161586 DUCO - vyrdudji"], "XXHASH hashrate": "0 H/s"}