{"Active connections": 896, "All-time mined DUCO": 86554482.41673273, "Current difficulty": 1000000, "DUCO-S1 hashrate": "3.0 GH/s", "Duco Furim price": 0.0, "Duco Node-S price": 0.0, "Duco PancakeSwap price": 7.1e-05, "Duco SunSwap price": 4.3e-05, "Duco SushiSwap price": 1.8e-05, "Duco UbeSwap price": 3.5e-05, "Duco price": 8.7e-05, "Duco price BCH": 1.3e-05, "Duco price NANO": 1.3e-05, "Duco price TRX": 1.6e-05, "Duco price XMG": 8.7e-05, "Duino-Coin Server API": "github.com/revoxhere/duino-coin", "Kolka": {"Banned": 925, "Jailed": 58}, "Last block hash": "2eb3f8271cd947cdd6469be145558a7bcb72e0d9", "Last sync": 1657713363.2477376, "Last update": "13/07/2022 11:56:05 (UTC)", "Mined blocks": 222109486939, "Miner distribution": {"All": 36302, "Arduino": 4733, "CPU": 2162, "ESP32": 12363, "ESP8266": 15176, "GPU": 0, "Other": 94, "Phone": 78, "RPi": 1475, "Web": 221}, "Net energy usage": "29.81 kW", "Open threads": 22, "Pool hashrate": "3000.55 MH/s", "Registered users": 74189, "Server CPU usage": 35.7, "Server RAM usage": 42.9, "Server version": 3.0, "Top 10 richest miners": ["34166310.622689165 DUCO - bscDUCO", "16868017.35010215 DUCO - Ochios", "7753861.316381578 DUCO - ctecrypto", "6974991.289071771 DUCO - QQ44142894", "5883729.0888020145 DUCO - renderman", "2368507.0 DUCO - Brunomoyses23", "2210288.9385462017 DUCO - vyrdudji", "2070152.565 DUCO - CryptSino_Exchange", "1413836.5421398599 DUCO - maticDUCO", "1318298.6141799383 DUCO - giveaways"], "XXHASH hashrate": "0 H/s"}