{"Active connections": 1716, "All-time mined DUCO": 51995026.71725638, "Current difficulty": 1000000, "DUCO-S1 hashrate": "4.2 GH/s", "Duco Furim price": 0.0, "Duco Node-S price": 0.0, "Duco PancakeSwap price": 6.4e-05, "Duco SunSwap price": 6.5e-05, "Duco SushiSwap price": 2.5e-05, "Duco UbeSwap price": 0.001, "Duco price": 0.001, "Duco price BCH": 9e-06, "Duco price NANO": 5.2e-05, "Duco price TRX": 1.6e-05, "Duco price XMG": 6.4e-05, "Duino-Coin Server API": "github.com/revoxhere/duino-coin", "Kolka": {"Banned": 738, "Jailed": 48}, "Last block hash": "2eb3f8271cd947cdd6469be145558a7bcb72e0d9", "Last sync": 1650813546.6955378, "Last update": "24/04/2022 15:19:09 (UTC)", "Mined blocks": 162443659758, "Miner distribution": {"All": 38951, "Arduino": 5827, "CPU": 3488, "ESP32": 12218, "ESP8266": 14804, "GPU": 0, "Other": 69, "Phone": 156, "RPi": 1999, "Web": 390}, "Net energy usage": "39.18 kW", "Open threads": 21, "Pool hashrate": "4206.7 MH/s", "Registered users": 71075, "Server CPU usage": 37.2, "Server RAM usage": 54.1, "Server version": 3.0, "Top 10 richest miners": ["22801062.103153344 DUCO - bscDUCO", "7338549.914401649 DUCO - Ochios", "3978049.3220304674 DUCO - coinexchange", "3000133.9559325697 DUCO - varanese67", "2751651.5627758354 DUCO - QQ44142894", "2210290.5733709554 DUCO - vyrdudji", "1241809.392057218 DUCO - maticDUCO", "1218379.6888559752 DUCO - ivanrpz", "1209839.3040619874 DUCO - James_themac", "830257.4757288157 DUCO - xxl"], "XXHASH hashrate": "0 H/s"}