{"Active connections": 332, "All-time mined DUCO": 783777564.7557483, "Current difficulty": 200000, "DUCO-S1 hashrate": "1.994 GH/s", "Duco FluffySwap price": 2.1805e-05, "Duco Furim price": 0.0, "Duco Node-S price": 0.0, "Duco PancakeSwap price": 1.31425e-05, "Duco SunSwap price": 2.98e-05, "Duco SushiSwap price": 8.987494203495e-06, "Duco UbeSwap price": 1.568e-05, "Duco price": 3.458e-05, "Duco price BCH": 0.0, "Duco price NANO": 0.0, "Duco price TRX": 3.115e-05, "Duco price XMG": 3.458e-05, "Duino-Coin Server API": "github.com/revoxhere/duino-coin", "Kolka": {"Banned": 6027, "Jailed": 191}, "Last block hash": "8de4bc0b3fa1580ec7f3421feb9644fc8ead02b8", "Last sync": 1725244466.080763, "Last update": "02/09/2024 02:34:26 (UTC)", "Mined blocks": 547580015110, "Miner distribution": {"All": 14551, "Arduino": 1945, "CPU": 779, "ESP32": 4732, "ESP8266": 5826, "GPU": 0, "Other": 11, "Phone": 10, "RPi": 1092, "Web": 156}, "Net energy usage": "12.13 kW", "Open threads": 27, "Pool hashrate": "1994.008 MH/s", "Registered users": 105643, "Server CPU usage": 54.6, "Server RAM usage": 57.3, "Server version": 4.0, "Top 10 richest miners": ["235409425.0934555 DUCO - coinexchange", "85494792.52646369 DUCO - bscDUCO", "35576240.569 DUCO - AlmarRido", "30855598.808 DUCO - Flowen1985", "22896923.915 DUCO - bimbasimba94", "20160690.628000002 DUCO - viviana80", "14928224.121692607 DUCO - aimbert", "14847133.194062889 DUCO - ctecrypto", "14206469.064840078 DUCO - duinousa", "12721943.39257476 DUCO - QQ44142894"], "XXHASH hashrate": "0 H/s"}