{"Active connections": 925, "All-time mined DUCO": 745020460.3439258, "Current difficulty": 200000, "DUCO-S1 hashrate": "1.744 GH/s", "Duco FluffySwap price": 8.526e-06, "Duco Furim price": 0.0, "Duco Node-S price": 0.0, "Duco PancakeSwap price": 8.57789e-06, "Duco SunSwap price": 0.0001372, "Duco SushiSwap price": 1.2962107682626e-05, "Duco UbeSwap price": 1.1191491992827553e-05, "Duco price": 0.00018507, "Duco price BCH": 0.00013627, "Duco price NANO": 0.00018507, "Duco price TRX": 1.218e-05, "Duco price XMG": 0.0, "Duino-Coin Server API": "github.com/revoxhere/duino-coin", "Kolka": {"Banned": 5970, "Jailed": 183}, "Last block hash": "8de4bc0b3fa1580ec7f3421feb9644fc8ead02b8", "Last sync": 1719548776.7305553, "Last update": "28/06/2024 04:26:16 (UTC)", "Mined blocks": 530994331135, "Miner distribution": {"All": 17919, "Arduino": 2285, "CPU": 964, "ESP32": 7385, "ESP8266": 5873, "GPU": 0, "Other": 15, "Phone": 20, "RPi": 1145, "Web": 232}, "Net energy usage": "14.61 kW", "Open threads": 27, "Pool hashrate": "1744.218 MH/s", "Registered users": 103514, "Server CPU usage": 56.6, "Server RAM usage": 89.8, "Server version": 4.0, "Top 10 richest miners": ["248750530.41242993 DUCO - coinexchange", "79668478.50800352 DUCO - bscDUCO", "29548821.707830127 DUCO - AlmarRido", "24635208.6964704 DUCO - Flowen1985", "22851221.472 DUCO - bimbasimba94", "20120447.6942 DUCO - viviana80", "14898386.669811837 DUCO - aimbert", "14847133.194062889 DUCO - ctecrypto", "14175449.95193116 DUCO - duinousa", "12721940.59109726 DUCO - QQ44142894"], "XXHASH hashrate": "0 H/s"}