{"Active connections": 634, "All-time mined DUCO": 780028699.689213, "Current difficulty": 200000, "DUCO-S1 hashrate": "1.785 GH/s", "Duco FluffySwap price": 2.1189e-05, "Duco Furim price": 0.0, "Duco Node-S price": 0.0, "Duco PancakeSwap price": 1.31425e-05, "Duco SunSwap price": 2.897e-05, "Duco SushiSwap price": 8.987494203495e-06, "Duco UbeSwap price": 1.568e-05, "Duco price": 3.24e-05, "Duco price BCH": 0.0, "Duco price NANO": 0.0, "Duco price TRX": 3.029e-05, "Duco price XMG": 3.24e-05, "Duino-Coin Server API": "github.com/revoxhere/duino-coin", "Kolka": {"Banned": 6032, "Jailed": 191}, "Last block hash": "8de4bc0b3fa1580ec7f3421feb9644fc8ead02b8", "Last sync": 1725753322.9040372, "Last update": "07/09/2024 23:55:22 (UTC)", "Mined blocks": 548990347858, "Miner distribution": {"All": 13004, "Arduino": 1658, "CPU": 699, "ESP32": 4497, "ESP8266": 5146, "GPU": 0, "Other": 8, "Phone": 9, "RPi": 987, "Web": 0}, "Net energy usage": "10.8 kW", "Open threads": 27, "Pool hashrate": "1785.33 MH/s", "Registered users": 105812, "Server CPU usage": 83.5, "Server RAM usage": 62.1, "Server version": 4.0, "Top 10 richest miners": ["235437789.80484316 DUCO - coinexchange", "85495878.52646369 DUCO - bscDUCO", "35576240.569 DUCO - AlmarRido", "30855598.808 DUCO - Flowen1985", "20160690.628000002 DUCO - viviana80", "18317539.132 DUCO - bimbasimba94", "14928737.692312498 DUCO - aimbert", "14847133.194062889 DUCO - ctecrypto", "14206632.837862011 DUCO - duinousa", "12721943.39257476 DUCO - QQ44142894"], "XXHASH hashrate": "0 H/s"}