{"Active connections": 1648, "All-time mined DUCO": 51878412.08658932, "Current difficulty": 1000000, "DUCO-S1 hashrate": "4.3 GH/s", "Duco Furim price": 0.0, "Duco Node-S price": 0.0, "Duco PancakeSwap price": 6.4e-05, "Duco SunSwap price": 6.6e-05, "Duco SushiSwap price": 2.5e-05, "Duco UbeSwap price": 0.0, "Duco price": 6.6e-05, "Duco price BCH": 9e-06, "Duco price NANO": 5.1e-05, "Duco price TRX": 1.6e-05, "Duco price XMG": 6.4e-05, "Duino-Coin Server API": "github.com/revoxhere/duino-coin", "Kolka": {"Banned": 738, "Jailed": 47}, "Last block hash": "2eb3f8271cd947cdd6469be145558a7bcb72e0d9", "Last sync": 1650842440.0457718, "Last update": "24/04/2022 23:20:41 (UTC)", "Mined blocks": 162688499596, "Miner distribution": {"All": 39423, "Arduino": 5890, "CPU": 3540, "ESP32": 12358, "ESP8266": 14971, "GPU": 0, "Other": 88, "Phone": 166, "RPi": 2041, "Web": 369}, "Net energy usage": "39.71 kW", "Open threads": 21, "Pool hashrate": "4334.3 MH/s", "Registered users": 71135, "Server CPU usage": 43.9, "Server RAM usage": 53.1, "Server version": 3.0, "Top 10 richest miners": ["22801062.103153344 DUCO - bscDUCO", "7289649.914401649 DUCO - Ochios", "3978453.3220304674 DUCO - coinexchange", "3000150.6053198203 DUCO - varanese67", "2751662.9798526433 DUCO - QQ44142894", "2210290.556490195 DUCO - vyrdudji", "1241819.392057218 DUCO - maticDUCO", "1218210.2865372428 DUCO - ivanrpz", "1209839.3043566686 DUCO - James_themac", "830257.4757288157 DUCO - xxl"], "XXHASH hashrate": "0 H/s"}