{"Active connections": 1058, "All-time mined DUCO": 182505584.15538946, "Current difficulty": 75000, "DUCO-S1 hashrate": "2.4 GH/s", "Duco FluffySwap price": 1.7779999999999997e-06, "Duco Furim price": 0.0, "Duco Node-S price": 0.0, "Duco PancakeSwap price": 3.08548e-05, "Duco SunSwap price": 4.713e-05, "Duco SushiSwap price": 3.43818e-06, "Duco UbeSwap price": 2.7980974249630965e-05, "Duco price": 4.713e-05, "Duco price BCH": 2.54e-06, "Duco price NANO": 1.82e-06, "Duco price TRX": 3.86e-06, "Duco price XMG": 0.0, "Duino-Coin Server API": "github.com/revoxhere/duino-coin", "Kolka": {"Banned": 1234, "Jailed": 96}, "Last block hash": "8de4bc0b3fa1580ec7f3421feb9644fc8ead02b8", "Last sync": 1673150322.7370043, "Last update": "08/01/2023 03:58:47 (UTC)", "Mined blocks": 335241615213, "Miner distribution": {"All": 33826, "Arduino": 3803, "CPU": 1248, "ESP32": 12751, "ESP8266": 13987, "GPU": 0, "Other": 15, "Phone": 6, "RPi": 1632, "Web": 384}, "Net energy usage": "23.9 kW", "Open threads": 24, "Pool hashrate": "2387.4 MH/s", "Registered users": 86596, "Server CPU usage": 50.7, "Server RAM usage": 51.6, "Server version": 3.0, "Top 10 richest miners": ["97581566.12593815 DUCO - coinexchange", "40220617.73070239 DUCO - bscDUCO", "20119946.6942 DUCO - viviana80", "14965362.6942 DUCO - Ochios", "13675334.218015814 DUCO - ctecrypto", "11692429.559071772 DUCO - QQ44142894", "10759939.638689265 DUCO - fiorella71", "8125736.123916335 DUCO - Orion_0x43b", "6809627.639295637 DUCO - lordachoo", "4267666.823 DUCO - Demoel"], "XXHASH hashrate": "0 H/s"}