{"Active connections": 1066, "All-time mined DUCO": 745798299.0174925, "Current difficulty": 200000, "DUCO-S1 hashrate": "1.568 GH/s", "Duco FluffySwap price": 9.366e-06, "Duco Furim price": 0.0, "Duco Node-S price": 0.0, "Duco PancakeSwap price": 8.57789e-06, "Duco SunSwap price": 2.555e-05, "Duco SushiSwap price": 1.2962107682626e-05, "Duco UbeSwap price": 1.1191491992827553e-05, "Duco price": 2.555e-05, "Duco price BCH": 0.0, "Duco price NANO": 0.0, "Duco price TRX": 1.336e-05, "Duco price XMG": 1.31e-06, "Duino-Coin Server API": "github.com/revoxhere/duino-coin", "Kolka": {"Banned": 5991, "Jailed": 191}, "Last block hash": "8de4bc0b3fa1580ec7f3421feb9644fc8ead02b8", "Last sync": 1721876309.7558026, "Last update": "25/07/2024 02:58:29 (UTC)", "Mined blocks": 538202515580, "Miner distribution": {"All": 16487, "Arduino": 1974, "CPU": 1038, "ESP32": 6356, "ESP8266": 5790, "GPU": 0, "Other": 9, "Phone": 8, "RPi": 1156, "Web": 156}, "Net energy usage": "14.5 kW", "Open threads": 28, "Pool hashrate": "1567.614 MH/s", "Registered users": 104434, "Server CPU usage": 65.6, "Server RAM usage": 91.2, "Server version": 4.0, "Top 10 richest miners": ["246284759.65596542 DUCO - coinexchange", "81473387.50800352 DUCO - bscDUCO", "30000980.1298474 DUCO - AlmarRido", "24635208.6964704 DUCO - Flowen1985", "18660230.821662046 DUCO - aimbert", "18280977.178 DUCO - bimbasimba94", "16096358.288900001 DUCO - viviana80", "14847133.194062889 DUCO - ctecrypto", "12721940.59109726 DUCO - QQ44142894", "11341364.899797428 DUCO - duinousa"], "XXHASH hashrate": "0 H/s"}