{"Active connections": 958, "All-time mined DUCO": 174689857.7553145, "Current difficulty": 75000, "DUCO-S1 hashrate": "2.4 GH/s", "Duco FluffySwap price": 1.7429999999999999e-06, "Duco Furim price": 0.0, "Duco Node-S price": 0.0, "Duco PancakeSwap price": 3.52548e-05, "Duco SunSwap price": 5.065e-05, "Duco SushiSwap price": 3.46807e-06, "Duco UbeSwap price": 2.852410137485506e-05, "Duco price": 5.065e-05, "Duco price BCH": 2.49e-06, "Duco price NANO": 1.62e-06, "Duco price TRX": 4.15e-06, "Duco price XMG": 0.0, "Duino-Coin Server API": "github.com/revoxhere/duino-coin", "Kolka": {"Banned": 1228, "Jailed": 94}, "Last block hash": "8de4bc0b3fa1580ec7f3421feb9644fc8ead02b8", "Last sync": 1672694701.5750296, "Last update": "02/01/2023 21:25:07 (UTC)", "Mined blocks": 332369496999, "Miner distribution": {"All": 33275, "Arduino": 3743, "CPU": 1269, "ESP32": 12452, "ESP8266": 13809, "GPU": 0, "Other": 23, "Phone": 19, "RPi": 1632, "Web": 328}, "Net energy usage": "23.75 kW", "Open threads": 24, "Pool hashrate": "2445.5 MH/s", "Registered users": 86304, "Server CPU usage": 46.2, "Server RAM usage": 34.5, "Server version": 3.0, "Top 10 richest miners": ["98670021.04262175 DUCO - coinexchange", "40199117.73070239 DUCO - bscDUCO", "20119945.00125 DUCO - viviana80", "14965357.425395073 DUCO - Ochios", "13675334.218015814 DUCO - ctecrypto", "11692429.559071772 DUCO - QQ44142894", "10759939.638689265 DUCO - fiorella71", "8125736.123916335 DUCO - Orion_0x43b", "6808527.696447369 DUCO - lordachoo", "5083676.291679942 DUCO - DarYo"], "XXHASH hashrate": "0 H/s"}