{"Duino-Coin Server API": "github.com/revoxhere/duino-coin", "Server version": 2.7, "Active connections": 16200, "Open threads": 23, "Server CPU usage": 59.0, "Server RAM usage": 42.4, "Last update": "26/09/2021 02:51:24 (UTC)", "Net energy usage": "67.97 kW", "Pool hashrate": "1482.375 MH/s", "DUCO-S1 hashrate": "1444.5 MH/s", "XXHASH hashrate": "37.9 MH/s", "Duco price": 0.00106335, "Duco price XMG": 0.00084328, "Duco price BCH": 0.00034984, "Duco price RVN": 0.00048847, "Duco price TRX": 0.0004989, "Duco price XRP": 0.00019916, "Duco price DGB": 0.00049557, "Duco price NANO": 0.00049229, "Duco price FJC": 0.0005, "Duco Node-S price": 0.000392, "Duco JustSwap price": 0.00040176, "Duco PancakeSwap price": 0.00106335, "Duco SushiSwap price": 0.000692305, "Registered users": 18814, "All-time mined DUCO": 12036317.039660359, "Current difficulty": 932099, "Mined blocks": 22370839641, "Last block hash": "730b6127b9", "Kolka": {"Jailed": 24, "Banned": 642}, "Miner distribution": {"GPU": 1, "CPU": 3634, "RPi": 2349, "Phone": 207, "Web": 696, "ESP32": 11028, "ESP8266": 12310, "Arduino": 6909, "Other": 105, "All": 37239}, "Top 10 richest miners": ["2291438.8833677904 DUCO - bscDUCO", "911427.2380860834 DUCO - James_themac", "521520.1555491204 DUCO - 52Pickup", "170240.13285850236 DUCO - Bacman", "143601.10104597002 DUCO - celoDUCO", "123387.18511437952 DUCO - amornlit", "121381.63208994894 DUCO - rootbori", "100048.7052112777 DUCO - bimbasimba94", "86852.45539550796 DUCO - caancom", "57340.22337335238 DUCO - phat1979"]}