{"Active connections": 1112, "All-time mined DUCO": 73134923.75699237, "Current difficulty": 75000, "DUCO-S1 hashrate": "2.6 GH/s", "Duco Furim price": 0.0, "Duco Node-S price": 0.0, "Duco PancakeSwap price": 4.1e-05, "Duco SunSwap price": 0.000344, "Duco SushiSwap price": 8e-06, "Duco UbeSwap price": 3.5e-05, "Duco price": 0.000345, "Duco price BCH": 3.4e-05, "Duco price NANO": 2.6e-05, "Duco price TRX": 2.1e-05, "Duco price XMG": 0.000254, "Duino-Coin Server API": "github.com/revoxhere/duino-coin", "Kolka": {"Banned": 959, "Jailed": 70}, "Last block hash": "2eb3f8271cd947cdd6469be145558a7bcb72e0d9", "Last sync": 1660062857.071212, "Last update": "09/08/2022 16:34:20 (UTC)", "Mined blocks": 238935082419, "Miner distribution": {"All": 33578, "Arduino": 4431, "CPU": 1691, "ESP32": 10773, "ESP8266": 15090, "GPU": 0, "Other": 45, "Phone": 26, "RPi": 1061, "Web": 461}, "Net energy usage": "25.63 kW", "Open threads": 22, "Pool hashrate": "2563.62 MH/s", "Registered users": 75978, "Server CPU usage": 41.3, "Server RAM usage": 45.8, "Server version": 3.0, "Top 10 richest miners": ["39754048.96167598 DUCO - coinexchange", "39585872.79868917 DUCO - bscDUCO", "6974991.289071771 DUCO - QQ44142894", "5202162.806346853 DUCO - DeVisdude", "2859790.499778229 DUCO - renderman", "2368507.0 DUCO - Brunomoyses23", "2210288.9385462017 DUCO - vyrdudji", "1556172.7428140556 DUCO - maticDUCO", "1436226.401 DUCO - amornlit", "1209839.3183971192 DUCO - James_themac"], "XXHASH hashrate": "0 H/s"}