{"Duino-Coin Server API": "github.com/revoxhere/duino-coin", "Server version": 2.7, "Active connections": 9129, "Open threads": 24, "Server CPU usage": 74.6, "Server RAM usage": 30.2, "Last update": "07/09/2021 10:06:30 (UTC)", "Net energy usage": "57.8 kW", "Pool hashrate": "1387.4291 MH/s", "DUCO-S1 hashrate": "1358.8 MH/s", "XXHASH hashrate": "28.7 MH/s", "Duco price": 0.00774435, "Duco price XMG": 0.00152805, "Duco price BCH": 0.00136397, "Duco price RVN": 0.00033578, "Duco price TRX": 0.00131044, "Duco price XRP": 0.00128, "Duco price DGB": 0.00122799, "Duco price NANO": 0.0012469, "Duco price FJC": 0.00774435, "Duco Node-S price": 0.002153, "Duco JustSwap price": 0.00469345, "Duco PancakeSwap price": 0.00194971, "Registered users": 16825, "All-time mined DUCO": 8576164.97337545, "Current difficulty": 607262, "Mined blocks": 14574426460, "Last block hash": "730b6127b9", "Kolka": {"Jailed": 21, "Banned": 595}, "Miner distribution": {"GPU": 0, "CPU": 3615, "RPi": 1787, "Phone": 0, "Web": 1326, "ESP32": 6685, "ESP8266": 8783, "Arduino": 3035, "Other": 314}, "Top 10 richest miners": ["1813420.6132481447 DUCO - bscDUCO", "491834.95600289304 DUCO - coinexchange", "240000.1555491204 DUCO - 52Pickup", "218543.17256745737 DUCO - WannaCry", "169937.594875061 DUCO - Bacman", "119904.93178091692 DUCO - rootbori", "113387.18511437952 DUCO - amornlit", "86301.06518405442 DUCO - caancom", "51239.7967398738 DUCO - ducodoly", "50288.45762651612 DUCO - duinocrfsh"]}