{"Duino-Coin Server API": "github.com/revoxhere/duino-coin", "Server version": 2.6, "Active connections": 9326, "Open threads": 28, "Server CPU usage": 74.4, "Server RAM usage": 67.0, "Last update": "15/08/2021 07:49:44 (UTC)", "Net energy usage": "79.73 kW", "Pool hashrate": "3.3392 GH/s", "DUCO-S1 hashrate": "3.3 GH/s", "XXHASH hashrate": "44.2 MH/s", "Duco price": 0.019778, "Duco price XMG": 0.01966032, "Duco price BCH": 0.00172108, "Duco price TRX": 0.00183722, "Duco price XRP": 0.0022225, "Duco price DGB": 0.00183593, "Duco Node-S price": 0.019778, "Duco JustSwap price": 0.00567903, "Duco PancakeSwap price": 0.00507655, "Registered users": 19798, "All-time mined DUCO": 5551804.2981451545, "Current difficulty": 440505, "Mined blocks": 10572246702, "Last block hash": "8290e4bd05", "Kolka": {"Jailed": 0, "Banned": 417}, "Miner distribution": {"GPU": 0, "CPU": 6612, "RPi": 1676, "ESP32": 5744, "ESP8266": 5586, "Arduino": 5614, "Other": 265}, "Top 10 richest miners": ["472191.70977461786 DUCO - bscDUCO", "169675.25656773162 DUCO - Bacman", "113056.79081413122 DUCO - amornlit", "100091.70234379859 DUCO - 52Pickup", "99999.99999999886 DUCO - WannaCry", "86123.85498880468 DUCO - caancom", "71906.43377963257 DUCO - coinexchange", "50288.45762651612 DUCO - duinocrfsh", "50287.065080563545 DUCO - rootbori", "47119.90790638301 DUCO - chipsa"]}