{"Active connections": 1352, "All-time mined DUCO": 85291026.33699648, "Current difficulty": 1000000, "DUCO-S1 hashrate": "3.8 GH/s", "Duco Furim price": 0.0, "Duco Node-S price": 0.0, "Duco PancakeSwap price": 3.5e-05, "Duco SunSwap price": 5.8e-05, "Duco SushiSwap price": 3.3e-05, "Duco UbeSwap price": 2.9e-05, "Duco price": 8.5e-05, "Duco price BCH": 3e-06, "Duco price NANO": 1.4e-05, "Duco price TRX": 1e-05, "Duco price XMG": 8.5e-05, "Duino-Coin Server API": "github.com/revoxhere/duino-coin", "Kolka": {"Banned": 855, "Jailed": 47}, "Last block hash": "2eb3f8271cd947cdd6469be145558a7bcb72e0d9", "Last sync": 1654290376.8910544, "Last update": "03/06/2022 21:06:18 (UTC)", "Mined blocks": 193358738139, "Miner distribution": {"All": 40593, "Arduino": 5558, "CPU": 3217, "ESP32": 13542, "ESP8266": 15985, "GPU": 0, "Other": 77, "Phone": 134, "RPi": 1679, "Web": 401}, "Net energy usage": "38.0 kW", "Open threads": 21, "Pool hashrate": "3764.34 MH/s", "Registered users": 75999, "Server CPU usage": 52.0, "Server RAM usage": 51.4, "Server version": 3.0, "Top 10 richest miners": ["32886410.594722692 DUCO - bscDUCO", "17779504.2 DUCO - Ochios", "6974991.289071771 DUCO - QQ44142894", "5235052.956794953 DUCO - ctecrypto", "4007928.3524725055 DUCO - Demoel", "2396203.892095863 DUCO - renderman", "2210288.9385462017 DUCO - vyrdudji", "2145647.382447601 DUCO - jules_pilot", "2091979.3138396414 DUCO - CryptSino_Exchange", "1665452.692139856 DUCO - maticDUCO"], "XXHASH hashrate": "0 H/s"}