{"Active connections": 1301, "All-time mined DUCO": 1078099389.449183, "Current difficulty": 75000, "DUCO-S1 hashrate": "1.975 GH/s", "Duco FluffySwap price": 3.892e-06, "Duco Furim price": 0.0, "Duco Node-S price": 0.0, "Duco PancakeSwap price": 1.13832e-05, "Duco SunSwap price": 0.00010545, "Duco SushiSwap price": 1.50861e-05, "Duco UbeSwap price": 2.7898752414944825e-05, "Duco price": 0.00010545, "Duco price BCH": 5.55e-06, "Duco price NANO": 1.05e-06, "Duco price TRX": 1.55e-06, "Duco price XMG": 0.0, "Duino-Coin Server API": "github.com/revoxhere/duino-coin", "Kolka": {"Banned": 5727, "Jailed": 144}, "Last block hash": "8de4bc0b3fa1580ec7f3421feb9644fc8ead02b8", "Last sync": 1688608671.061534, "Last update": "06/07/2023 01:57:58 (UTC)", "Mined blocks": 423777420098, "Miner distribution": {"All": 20574, "Arduino": 2387, "CPU": 696, "ESP32": 8981, "ESP8266": 7299, "GPU": 0, "Other": 12, "Phone": 1, "RPi": 1198, "Web": 0}, "Net energy usage": "14.17 kW", "Open threads": 23, "Pool hashrate": "1975.305 MH/s", "Registered users": 94256, "Server CPU usage": 47.7, "Server RAM usage": 51.4, "Server version": 3.0, "Top 10 richest miners": ["495743830.67087966 DUCO - coinexchange", "385423886.34255016 DUCO - coinexchange", "50308867.80947695 DUCO - bscDUCO", "36165869.187 DUCO - AlmarRido", "24326348.334 DUCO - Flowen1985", "20119947.6942 DUCO - viviana80", "15115368.927099999 DUCO - Ochios", "12720440.559071772 DUCO - QQ44142894", "12715458.433214605 DUCO - duinousa", "11660063.712615365 DUCO - ctecrypto"], "XXHASH hashrate": "0 H/s"}