{"Duino-Coin Server API": "github.com/revoxhere/duino-coin", "Server version": 2.7, "Active connections": 24927, "Open threads": 24, "Server CPU usage": 66.4, "Server RAM usage": 51.2, "Last update": "09/10/2021 05:05:23 (UTC)", "Net energy usage": "57.17 kW", "Pool hashrate": "1142.97 MH/s", "DUCO-S1 hashrate": "1143.0 MH/s", "XXHASH hashrate": "0 H/s", "Duco price": 0.00273555, "Duco price XMG": 0.00273555, "Duco price BCH": 0.0005437, "Duco price RVN": 0.00067553, "Duco price TRX": 0.00067084, "Duco price XRP": 0.000225, "Duco price DGB": 0.00075081, "Duco price NANO": 0.00075139, "Duco price FJC": 0.00075, "Duco Node-S price": 0.000532, "Duco JustSwap price": 0.00261992, "Duco PancakeSwap price": 0.00108436, "Duco SushiSwap price": 0.0011183, "Registered users": 19890, "All-time mined DUCO": 13387821.88384223, "Current difficulty": 1046548, "Mined blocks": 25117407641, "Last block hash": "730b6127b9", "Kolka": {"Jailed": 24, "Banned": 664}, "Miner distribution": {"GPU": 0, "CPU": 2917, "RPi": 1756, "Phone": 168, "Web": 588, "ESP32": 10158, "ESP8266": 11770, "Arduino": 4863, "Other": 97, "All": 32317}, "Top 10 richest miners": ["2491119.190819628 DUCO - bscDUCO", "912035.6095164085 DUCO - James_themac", "521520.1555491204 DUCO - 52Pickup", "224093.55591454 DUCO - coinexchange", "170240.13285850236 DUCO - Bacman", "170226.10104597002 DUCO - celoDUCO", "123702.01274215108 DUCO - bimbasimba94", "123387.18511437952 DUCO - amornlit", "121685.90546844892 DUCO - rootbori", "87166.46287707941 DUCO - caancom"]}