{"Active connections": 997, "All-time mined DUCO": 735965231.8817143, "Current difficulty": 200000, "DUCO-S1 hashrate": "1.97 GH/s", "Duco FluffySwap price": 8.001e-06, "Duco Furim price": 0.0, "Duco Node-S price": 0.0, "Duco PancakeSwap price": 8.57789e-06, "Duco SunSwap price": 9.299e-05, "Duco SushiSwap price": 1.2962107682626e-05, "Duco UbeSwap price": 1.1191491992827553e-05, "Duco price": 0.00018262, "Duco price BCH": 0.00013667, "Duco price NANO": 0.00018262, "Duco price TRX": 1.143e-05, "Duco price XMG": 3.921e-05, "Duino-Coin Server API": "github.com/revoxhere/duino-coin", "Kolka": {"Banned": 5968, "Jailed": 183}, "Last block hash": "8de4bc0b3fa1580ec7f3421feb9644fc8ead02b8", "Last sync": 1718679198.5338018, "Last update": "18/06/2024 02:53:18 (UTC)", "Mined blocks": 528280954556, "Miner distribution": {"All": 18142, "Arduino": 2415, "CPU": 937, "ESP32": 7403, "ESP8266": 5999, "GPU": 0, "Other": 14, "Phone": 19, "RPi": 1176, "Web": 179}, "Net energy usage": "14.54 kW", "Open threads": 28, "Pool hashrate": "1969.66 MH/s", "Registered users": 103147, "Server CPU usage": 56.4, "Server RAM usage": 91.4, "Server version": 4.0, "Top 10 richest miners": ["250069822.02855998 DUCO - coinexchange", "80429680.78550309 DUCO - bscDUCO", "29547802.707830127 DUCO - AlmarRido", "24635208.6964704 DUCO - Flowen1985", "20120447.6942 DUCO - viviana80", "18547185.805999998 DUCO - bimbasimba94", "14898330.000123119 DUCO - aimbert", "14846754.632499337 DUCO - ctecrypto", "14173402.378741922 DUCO - duinousa", "12721940.59109726 DUCO - QQ44142894"], "XXHASH hashrate": "0 H/s"}