{"Active connections": 1168, "All-time mined DUCO": 78069224.93025032, "Current difficulty": 75000, "DUCO-S1 hashrate": "2.9 GH/s", "Duco Furim price": 0.0, "Duco Node-S price": 0.0, "Duco PancakeSwap price": 4.4e-05, "Duco SunSwap price": 0.000318, "Duco SushiSwap price": 3.8e-05, "Duco UbeSwap price": 2.8e-05, "Duco price": 0.000318, "Duco price BCH": 2.3e-05, "Duco price NANO": 1.8e-05, "Duco price TRX": 2e-05, "Duco price XMG": 1.5e-05, "Duino-Coin Server API": "github.com/revoxhere/duino-coin", "Kolka": {"Banned": 973, "Jailed": 73}, "Last block hash": "2eb3f8271cd947cdd6469be145558a7bcb72e0d9", "Last sync": 1661014813.680261, "Last update": "20/08/2022 17:00:15 (UTC)", "Mined blocks": 245165117035, "Miner distribution": {"All": 36119, "Arduino": 4533, "CPU": 1878, "ESP32": 12920, "ESP8266": 15060, "GPU": 0, "Other": 29, "Phone": 55, "RPi": 1172, "Web": 472}, "Net energy usage": "27.88 kW", "Open threads": 21, "Pool hashrate": "2893.72 MH/s", "Registered users": 76733, "Server CPU usage": 66.4, "Server RAM usage": 48.8, "Server version": 3.0, "Top 10 richest miners": ["42008361.686995566 DUCO - bscDUCO", "32648639.769119628 DUCO - coinexchange", "6974991.289071771 DUCO - QQ44142894", "4020874.4996441454 DUCO - Demoel", "3316047.929260067 DUCO - ivanrpz", "3250439.8577595204 DUCO - renderman", "2368507.0 DUCO - Brunomoyses23", "2210288.919161586 DUCO - vyrdudji", "1499784.6925268632 DUCO - giveaways", "1487709.0084821829 DUCO - maticDUCO"], "XXHASH hashrate": "0 H/s"}