{"Active connections": 786, "All-time mined DUCO": 19507781.046625264, "Current difficulty": 75000, "DUCO-S1 hashrate": "1495.9 MH/s", "Duco JustSwap price": 9.117e-05, "Duco Node-S price": 5.7e-05, "Duco PancakeSwap price": 0.000594663, "Duco SushiSwap price": 0.000356015, "Duco price": 0.000594663, "Duco price BCH": 3.41e-05, "Duco price DGB": 0.0, "Duco price NANO": 1.436e-05, "Duco price RVN": 0.0, "Duco price TRX": 8.221e-05, "Duco price XMG": 0.00026655, "Duco price XRP": 0.0, "Duino-Coin Server API": "github.com/revoxhere/duino-coin", "Kolka": {"Banned": 723, "Jailed": 24}, "Last block hash": "2eb3f8271c", "Last update": "26/12/2021 01:58:37 (UTC)", "Mined blocks": 70032159454, "Miner distribution": {"All": 30599, "Arduino": 7036, "CPU": 4297, "ESP32": 7328, "ESP8266": 8046, "GPU": 0, "Other": 8, "Phone": 310, "RPi": 2609, "Web": 965}, "Net energy usage": "40.83 kW", "Open threads": 21, "Pool hashrate": "1495.92 MH/s", "Registered users": 31941, "Server CPU usage": 48.7, "Server RAM usage": 46.8, "Server version": 2.7, "Top 10 richest miners": ["4803536.90469874 DUCO - bscDUCO", "530636.5372981913 DUCO - NodeSBroker", "479132.51247611054 DUCO - coinexchange", "397162.15067505674 DUCO - James_themac", "300968.47474525735 DUCO - bloomindark", "300520.321607231 DUCO - 52Pickup", "299993.9441152723 DUCO - bimbasimba94", "251464.62800347165 DUCO - miningvir", "201949.19242534754 DUCO - maticDUCO", "190582.057104081 DUCO - celoDUCO"], "XXHASH hashrate": "0 H/s"}