{"Active connections": 1489, "All-time mined DUCO": 53511024.92673678, "Current difficulty": 1000000, "DUCO-S1 hashrate": "4.2 GH/s", "Duco Furim price": 0.0, "Duco Node-S price": 0.0, "Duco PancakeSwap price": 7.3e-05, "Duco SunSwap price": 5.8e-05, "Duco SushiSwap price": 1.5e-05, "Duco UbeSwap price": 9.9e-05, "Duco price": 9.9e-05, "Duco price BCH": 8e-06, "Duco price NANO": 4.9e-05, "Duco price TRX": 2e-05, "Duco price XMG": 6e-05, "Duino-Coin Server API": "github.com/revoxhere/duino-coin", "Kolka": {"Banned": 777, "Jailed": 47}, "Last block hash": "2eb3f8271cd947cdd6469be145558a7bcb72e0d9", "Last sync": 1651907987.9137816, "Last update": "07/05/2022 07:19:48 (UTC)", "Mined blocks": 172194826699, "Miner distribution": {"All": 39981, "Arduino": 5761, "CPU": 3354, "ESP32": 13037, "ESP8266": 15187, "GPU": 0, "Other": 82, "Phone": 130, "RPi": 1942, "Web": 488}, "Net energy usage": "38.84 kW", "Open threads": 21, "Pool hashrate": "4217.14 MH/s", "Registered users": 72906, "Server CPU usage": 35.5, "Server RAM usage": 34.6, "Server version": 3.0, "Top 10 richest miners": ["24756710.70799496 DUCO - bscDUCO", "6803499.999997091 DUCO - Ochios", "4028983.0113870003 DUCO - QQ44142894", "3201185.663327713 DUCO - ivanrpz", "2210288.9385462017 DUCO - vyrdudji", "2100823.8454462374 DUCO - varanese67", "1994589.2620304665 DUCO - coinexchange", "1457594.357733561 DUCO - maticDUCO", "1209839.3105654893 DUCO - James_themac", "1025029.4598700451 DUCO - ctecrypto"], "XXHASH hashrate": "0 H/s"}