{"Duino-Coin Server API": "github.com/revoxhere/duino-coin", "Server version": 2.7, "Active connections": 45963, "Open threads": 23, "Server CPU usage": 47.6, "Server RAM usage": 66.7, "Last update": "18/10/2021 14:12:26 (UTC)", "Net energy usage": "37.78 kW", "Pool hashrate": "1277.07 MH/s", "DUCO-S1 hashrate": "1277.1 MH/s", "XXHASH hashrate": "0 H/s", "Duco price": 0.00248956, "Duco price XMG": 0.00248956, "Duco price BCH": 0.00055066, "Duco price RVN": 0.00068851, "Duco price TRX": 0.00068596, "Duco price XRP": 0.00022921, "Duco price DGB": 0.00076649, "Duco price NANO": 0.00076596, "Duco price FJC": 0.00075, "Duco Node-S price": 5.1e-05, "Duco JustSwap price": 0.00068361, "Duco PancakeSwap price": 0.0011967, "Duco SushiSwap price": 0.000863903, "Registered users": 20844, "All-time mined DUCO": 14892896.56809364, "Current difficulty": 125000, "Mined blocks": 29577493858, "Last block hash": "b8b17241a1", "Kolka": {"Jailed": 48, "Banned": 1338}, "Miner distribution": {"GPU": 0, "CPU": 3523, "RPi": 2005, "Phone": 157, "Web": 624, "ESP32": 10629, "ESP8266": 12310, "Arduino": 5896, "Other": 206, "All": 35350}, "Top 10 richest miners": ["2819284.0873532677 DUCO - bscDUCO", "588139.9760101221 DUCO - NodeSBroker", "521520.1555491204 DUCO - 52Pickup", "469374.0300902203 DUCO - coinexchange", "400514.7862856539 DUCO - James_themac", "177887.10104597002 DUCO - celoDUCO", "170240.13285850236 DUCO - Bacman", "123387.18511437952 DUCO - amornlit", "121685.90546844892 DUCO - rootbori", "87946.37667854641 DUCO - caancom"]}