{"Active connections": 994, "All-time mined DUCO": 758379555.2836831, "Current difficulty": 200000, "DUCO-S1 hashrate": "1.824 GH/s", "Duco FluffySwap price": 1.8129999999999998e-05, "Duco Furim price": 0.0, "Duco Node-S price": 0.0, "Duco PancakeSwap price": 1.34905e-05, "Duco SunSwap price": 2.478e-05, "Duco SushiSwap price": 8.331891935491e-06, "Duco UbeSwap price": 1.642e-05, "Duco price": 2.59e-05, "Duco price BCH": 0.0, "Duco price NANO": 0.0, "Duco price TRX": 2.59e-05, "Duco price XMG": 2.426e-05, "Duino-Coin Server API": "github.com/revoxhere/duino-coin", "Kolka": {"Banned": 6014, "Jailed": 190}, "Last block hash": "8de4bc0b3fa1580ec7f3421feb9644fc8ead02b8", "Last sync": 1723308953.990317, "Last update": "10/08/2024 16:55:54 (UTC)", "Mined blocks": 542331749442, "Miner distribution": {"All": 14768, "Arduino": 1925, "CPU": 880, "ESP32": 4869, "ESP8266": 5839, "GPU": 0, "Other": 8, "Phone": 2, "RPi": 1057, "Web": 188}, "Net energy usage": "12.79 kW", "Open threads": 28, "Pool hashrate": "1823.692 MH/s", "Registered users": 104978, "Server CPU usage": 67.7, "Server RAM usage": 85.4, "Server version": 4.0, "Top 10 richest miners": ["238677674.65579543 DUCO - coinexchange", "81978729.19825932 DUCO - bscDUCO", "30855598.808 DUCO - Flowen1985", "28000980.1298474 DUCO - AlmarRido", "18280977.178 DUCO - bimbasimba94", "16096358.288900001 DUCO - viviana80", "14928190.429341203 DUCO - aimbert", "14847133.194062889 DUCO - ctecrypto", "12721940.59109726 DUCO - QQ44142894", "11342023.898905242 DUCO - duinousa"], "XXHASH hashrate": "0 H/s"}