{"Duino-Coin Server API": "github.com/revoxhere/duino-coin", "Server version": 2.7, "Active connections": 9826, "Open threads": 24, "Server CPU usage": 59.5, "Server RAM usage": 38.3, "Last update": "04/09/2021 22:02:13 (UTC)", "Net energy usage": "23.86 kW", "Pool hashrate": "458.0319 MH/s", "DUCO-S1 hashrate": "451.4 MH/s", "XXHASH hashrate": "6.7 MH/s", "Duco price": 0.0049885, "Duco price XMG": 0.00401832, "Duco price BCH": 0.00106629, "Duco price TRX": 0.00101755, "Duco price XRP": 0.00126, "Duco price DGB": 0.00069104, "Duco price NANO": 0.001017, "Duco price FJC": 0.0049885, "Duco Node-S price": 0.002119, "Duco JustSwap price": 0.00355383, "Duco PancakeSwap price": 0.0018854, "Registered users": 16547, "All-time mined DUCO": 8265324.954086112, "Current difficulty": 579466, "Mined blocks": 13907192945, "Last block hash": "730b6127b9", "Kolka": {"Jailed": 21, "Banned": 597}, "Miner distribution": {"GPU": 0, "CPU": 1174, "RPi": 469, "Phone": 0, "Web": 606, "ESP32": 3986, "ESP8266": 6044, "Arduino": 637, "Other": 94}, "Top 10 richest miners": ["1777066.7186463783 DUCO - bscDUCO", "404294.3806316368 DUCO - coinexchange", "240000.1555491204 DUCO - 52Pickup", "182742.01046517768 DUCO - WannaCry", "169937.594875061 DUCO - Bacman", "119783.19416980627 DUCO - rootbori", "113387.18511437952 DUCO - amornlit", "86282.3829499439 DUCO - caancom", "51088.984873716894 DUCO - ducodoly", "50288.45762651612 DUCO - duinocrfsh"]}