{"Duino-Coin Server API": "github.com/revoxhere/duino-coin", "Server version": 2.7, "Active connections": 5032, "Open threads": 23, "Server CPU usage": 54.5, "Server RAM usage": 36.4, "Last update": "22/09/2021 23:06:35 (UTC)", "Net energy usage": "68.17 kW", "Pool hashrate": "1375.1867 MH/s", "DUCO-S1 hashrate": "1349.6 MH/s", "XXHASH hashrate": "25.5 MH/s", "Duco price": 0.00111629, "Duco price XMG": 0.00087184, "Duco price BCH": 0.00054565, "Duco price RVN": 0.00074622, "Duco price TRX": 0.00073966, "Duco price XRP": 0.00035, "Duco price DGB": 0.00067114, "Duco price NANO": 0.00072355, "Duco price FJC": 0.00087185, "Duco Node-S price": 0.000393, "Duco JustSwap price": 0.00064302, "Duco PancakeSwap price": 0.00111629, "Duco SushiSwap price": 0.000608, "Registered users": 18414, "All-time mined DUCO": 10705502.943255724, "Current difficulty": 853128, "Mined blocks": 20475410317, "Last block hash": "730b6127b9", "Kolka": {"Jailed": 24, "Banned": 642}, "Miner distribution": {"GPU": 0, "CPU": 3794, "RPi": 2345, "Phone": 226, "Web": 863, "ESP32": 10117, "ESP8266": 11918, "Arduino": 5901, "Other": 91}, "Top 10 richest miners": ["2272518.964134734 DUCO - bscDUCO", "521500.1558491204 DUCO - 52Pickup", "301070.03968394623 DUCO - James_themac", "170056.7577352893 DUCO - Bacman", "121168.87695096292 DUCO - rootbori", "113387.18511437952 DUCO - amornlit", "86557.72104857725 DUCO - caancom", "71118.0692997226 DUCO - bimbasimba94", "66990.9788636951 DUCO - giveaways", "64831.921503569 DUCO - maticDUCO"]}