{"Active connections": 1567, "All-time mined DUCO": 782478969.6455183, "Current difficulty": 200000, "DUCO-S1 hashrate": "2.131 GH/s", "Duco FluffySwap price": 2.2295e-05, "Duco Furim price": 0.0, "Duco Node-S price": 0.0, "Duco PancakeSwap price": 1.31425e-05, "Duco SunSwap price": 3.056e-05, "Duco SushiSwap price": 8.987494203495e-06, "Duco UbeSwap price": 1.568e-05, "Duco price": 3.565e-05, "Duco price BCH": 0.0, "Duco price NANO": 0.0, "Duco price TRX": 3.194e-05, "Duco price XMG": 3.565e-05, "Duino-Coin Server API": "github.com/revoxhere/duino-coin", "Kolka": {"Banned": 6025, "Jailed": 191}, "Last block hash": "8de4bc0b3fa1580ec7f3421feb9644fc8ead02b8", "Last sync": 1724912992.8604019, "Last update": "29/08/2024 06:29:52 (UTC)", "Mined blocks": 546730666999, "Miner distribution": {"All": 14648, "Arduino": 1781, "CPU": 876, "ESP32": 4808, "ESP8266": 5914, "GPU": 0, "Other": 9, "Phone": 2, "RPi": 1125, "Web": 133}, "Net energy usage": "12.81 kW", "Open threads": 28, "Pool hashrate": "2130.854 MH/s", "Registered users": 105518, "Server CPU usage": 66.4, "Server RAM usage": 95.3, "Server version": 4.0, "Top 10 richest miners": ["235014936.8035555 DUCO - coinexchange", "85494792.52646369 DUCO - bscDUCO", "35576240.569 DUCO - AlmarRido", "30855598.808 DUCO - Flowen1985", "22896923.915 DUCO - bimbasimba94", "20160688.723 DUCO - viviana80", "14928221.006666083 DUCO - aimbert", "14847133.194062889 DUCO - ctecrypto", "14206329.469700867 DUCO - duinousa", "12721943.39257476 DUCO - QQ44142894"], "XXHASH hashrate": "0 H/s"}