{"Active connections": 923, "All-time mined DUCO": 769606979.0488026, "Current difficulty": 200000, "DUCO-S1 hashrate": "1.874 GH/s", "Duco FluffySwap price": 2.2364999999999997e-05, "Duco Furim price": 0.0, "Duco Node-S price": 0.0, "Duco PancakeSwap price": 1.31425e-05, "Duco SunSwap price": 3.056e-05, "Duco SushiSwap price": 8.987494203495e-06, "Duco UbeSwap price": 1.568e-05, "Duco price": 3.564e-05, "Duco price BCH": 0.0, "Duco price NANO": 0.0, "Duco price TRX": 3.194e-05, "Duco price XMG": 3.564e-05, "Duino-Coin Server API": "github.com/revoxhere/duino-coin", "Kolka": {"Banned": 6019, "Jailed": 189}, "Last block hash": "8de4bc0b3fa1580ec7f3421feb9644fc8ead02b8", "Last sync": 1724195925.8985724, "Last update": "20/08/2024 23:18:45 (UTC)", "Mined blocks": 544750451521, "Miner distribution": {"All": 14379, "Arduino": 1933, "CPU": 706, "ESP32": 4652, "ESP8266": 5833, "GPU": 0, "Other": 9, "Phone": 9, "RPi": 1103, "Web": 134}, "Net energy usage": "11.64 kW", "Open threads": 27, "Pool hashrate": "1874.433 MH/s", "Registered users": 105292, "Server CPU usage": 68.5, "Server RAM usage": 88.8, "Server version": 4.0, "Top 10 richest miners": ["236428149.57731548 DUCO - coinexchange", "83474497.70122527 DUCO - bscDUCO", "35576240.569 DUCO - AlmarRido", "30855598.808 DUCO - Flowen1985", "18280977.178 DUCO - bimbasimba94", "16096358.288900001 DUCO - viviana80", "14928202.6355975 DUCO - aimbert", "14847133.194062889 DUCO - ctecrypto", "12721940.665481606 DUCO - QQ44142894", "11342445.534242963 DUCO - duinousa"], "XXHASH hashrate": "0 H/s"}