{"Active connections": 350, "All-time mined DUCO": 783838322.1455646, "Current difficulty": 200000, "DUCO-S1 hashrate": "1.95 GH/s", "Duco FluffySwap price": 2.0965e-05, "Duco Furim price": 0.0, "Duco Node-S price": 0.0, "Duco PancakeSwap price": 1.31425e-05, "Duco SunSwap price": 2.872e-05, "Duco SushiSwap price": 8.987494203495e-06, "Duco UbeSwap price": 1.568e-05, "Duco price": 3.391e-05, "Duco price BCH": 0.0, "Duco price NANO": 0.0, "Duco price TRX": 3.002e-05, "Duco price XMG": 3.391e-05, "Duino-Coin Server API": "github.com/revoxhere/duino-coin", "Kolka": {"Banned": 6027, "Jailed": 191}, "Last block hash": "8de4bc0b3fa1580ec7f3421feb9644fc8ead02b8", "Last sync": 1725457322.256885, "Last update": "04/09/2024 13:42:02 (UTC)", "Mined blocks": 548175515291, "Miner distribution": {"All": 15109, "Arduino": 1873, "CPU": 792, "ESP32": 5029, "ESP8266": 6117, "GPU": 0, "Other": 12, "Phone": 19, "RPi": 1055, "Web": 212}, "Net energy usage": "12.46 kW", "Open threads": 28, "Pool hashrate": "1949.633 MH/s", "Registered users": 105713, "Server CPU usage": 56.6, "Server RAM usage": 59.7, "Server version": 4.0, "Top 10 richest miners": ["235434171.27118552 DUCO - coinexchange", "85494792.52646369 DUCO - bscDUCO", "35576240.569 DUCO - AlmarRido", "30855598.808 DUCO - Flowen1985", "22896923.915 DUCO - bimbasimba94", "20160690.628000002 DUCO - viviana80", "14928228.249318356 DUCO - aimbert", "14847133.194062889 DUCO - ctecrypto", "14206535.873050943 DUCO - duinousa", "12721943.39257476 DUCO - QQ44142894"], "XXHASH hashrate": "0 H/s"}