{"Duino-Coin Server API": "github.com/revoxhere/duino-coin", "Server version": 2.7, "Active connections": 86932, "Open threads": 23, "Server CPU usage": 53.7, "Server RAM usage": 72.2, "Last update": "20/10/2021 21:22:18 (UTC)", "Net energy usage": "37.68 kW", "Pool hashrate": "1275.86 MH/s", "DUCO-S1 hashrate": "1275.9 MH/s", "XXHASH hashrate": "0 H/s", "Duco price": 0.0011967, "Duco price XMG": 0.0003973, "Duco price BCH": 0.00050831, "Duco price RVN": 0.00056486, "Duco price TRX": 0.00050942, "Duco price XRP": 0.00021, "Duco price DGB": 0.00069611, "Duco price NANO": 0.0007, "Duco price FJC": 0.0007, "Duco Node-S price": 5.4e-05, "Duco JustSwap price": 0.00061956, "Duco PancakeSwap price": 0.0011967, "Duco SushiSwap price": 0.000863903, "Registered users": 21098, "All-time mined DUCO": 15263729.774088526, "Current difficulty": 125000, "Mined blocks": 30737155366, "Last block hash": "de2b4d19fb", "Kolka": {"Jailed": 48, "Banned": 1342}, "Miner distribution": {"GPU": 0, "CPU": 3477, "RPi": 1966, "Phone": 215, "Web": 524, "ESP32": 11029, "ESP8266": 12741, "Arduino": 5730, "Other": 160, "All": 35842}, "Top 10 richest miners": ["2878752.1029857276 DUCO - bscDUCO", "586542.3539601222 DUCO - NodeSBroker", "521520.1555491204 DUCO - 52Pickup", "502658.8700902202 DUCO - coinexchange", "400688.9880185447 DUCO - James_themac", "173612.89104597003 DUCO - celoDUCO", "170240.13285850236 DUCO - Bacman", "123387.18511437952 DUCO - amornlit", "121685.90546844892 DUCO - rootbori", "88135.67752963309 DUCO - caancom"]}