{"Active connections": 1127, "All-time mined DUCO": 758897926.6805347, "Current difficulty": 200000, "DUCO-S1 hashrate": "1.813 GH/s", "Duco FluffySwap price": 1.8038999999999998e-05, "Duco Furim price": 0.0, "Duco Node-S price": 0.0, "Duco PancakeSwap price": 1.34905e-05, "Duco SunSwap price": 2.464e-05, "Duco SushiSwap price": 8.331891935491e-06, "Duco UbeSwap price": 1.642e-05, "Duco price": 2.576e-05, "Duco price BCH": 0.0, "Duco price NANO": 0.0, "Duco price TRX": 2.576e-05, "Duco price XMG": 2.438e-05, "Duino-Coin Server API": "github.com/revoxhere/duino-coin", "Kolka": {"Banned": 6014, "Jailed": 190}, "Last block hash": "8de4bc0b3fa1580ec7f3421feb9644fc8ead02b8", "Last sync": 1723353711.7023292, "Last update": "11/08/2024 05:21:51 (UTC)", "Mined blocks": 542459725548, "Miner distribution": {"All": 14588, "Arduino": 1840, "CPU": 864, "ESP32": 4809, "ESP8266": 5840, "GPU": 0, "Other": 8, "Phone": 3, "RPi": 1075, "Web": 149}, "Net energy usage": "12.64 kW", "Open threads": 29, "Pool hashrate": "1812.542 MH/s", "Registered users": 104995, "Server CPU usage": 77.7, "Server RAM usage": 99.1, "Server version": 4.0, "Top 10 richest miners": ["238677673.30579543 DUCO - coinexchange", "81978729.19825932 DUCO - bscDUCO", "30855598.808 DUCO - Flowen1985", "28000980.1298474 DUCO - AlmarRido", "18280977.178 DUCO - bimbasimba94", "16096358.288900001 DUCO - viviana80", "14928190.429341203 DUCO - aimbert", "14847133.194062889 DUCO - ctecrypto", "12721940.59109726 DUCO - QQ44142894", "11342056.31571529 DUCO - duinousa"], "XXHASH hashrate": "0 H/s"}