{"Active connections": 2747, "All-time mined DUCO": 19406372.50684423, "Current difficulty": 75000, "DUCO-S1 hashrate": "2229.0 MH/s", "Duco JustSwap price": 0.00012091, "Duco Node-S price": 2.1e-05, "Duco PancakeSwap price": 0.000536344, "Duco SushiSwap price": 0.000615972, "Duco price": 0.000615972, "Duco price BCH": 2.093e-05, "Duco price NANO": 1.212e-05, "Duco price TRX": 8.467e-05, "Duco price XMG": 0.00034856, "Duino-Coin Server API": "github.com/revoxhere/duino-coin", "Kolka": {"Banned": 772, "Jailed": 24}, "Last block hash": "2eb3f8271c", "Last sync": 1642003725.623528, "Last update": "12/01/2022 16:08:45 (UTC)", "Mined blocks": 83118808852, "Miner distribution": {"All": 36322, "Arduino": 6734, "CPU": 6082, "ESP32": 6026, "ESP8266": 10623, "GPU": 0, "Other": 54, "Phone": 669, "RPi": 2870, "Web": 3264}, "Net energy usage": "55.53 kW", "Open threads": 21, "Pool hashrate": "2229.0 MH/s", "Registered users": 43763, "Server CPU usage": 47.8, "Server RAM usage": 48.1, "Server version": 2.7, "Top 10 richest miners": ["6396039.442323425 DUCO - bscDUCO", "532455.820632083 DUCO - NodeSBroker", "397162.15067505674 DUCO - James_themac", "305958.0590848057 DUCO - bimbasimba94", "202393.98531273764 DUCO - maticDUCO", "190582.057104081 DUCO - celoDUCO", "170241.298916613 DUCO - Bacman", "120000.999999999 DUCO - rootbori", "109226.90933510436 DUCO - miningvir", "101699.51987956966 DUCO - haxorcitoz"], "XXHASH hashrate": "0 H/s"}