{"Active connections": 2408, "All-time mined DUCO": 21687568.882773217, "Current difficulty": 1000000, "DUCO-S1 hashrate": "5149.0 MH/s", "Duco JustSwap price": 0.00020219, "Duco Node-S price": 2.3e-05, "Duco PancakeSwap price": 0.000322114, "Duco SushiSwap price": 0.000650466, "Duco price": 0.00118266, "Duco price BCH": 1.35e-05, "Duco price NANO": 8.7e-06, "Duco price TRX": 6.773e-05, "Duco price XMG": 0.00115645, "Duino-Coin Server API": "github.com/revoxhere/duino-coin", "Kolka": {"Banned": 775, "Jailed": 26}, "Last block hash": "2eb3f8271c", "Last sync": 1643123927.443698, "Last update": "25/01/2022 15:18:47 (UTC)", "Mined blocks": 94130077457, "Miner distribution": {"All": 40693, "Arduino": 7340, "CPU": 5307, "ESP32": 10333, "ESP8266": 12849, "GPU": 0, "Other": 44, "Phone": 432, "RPi": 3056, "Web": 1332}, "Net energy usage": "51.98 kW", "Open threads": 21, "Pool hashrate": "5149.05 MH/s", "Registered users": 50851, "Server CPU usage": 50.6, "Server RAM usage": 44.0, "Server version": 2.7, "Top 10 richest miners": ["8112657.385051806 DUCO - bscDUCO", "637105.4008694913 DUCO - coinexchange", "600502.4557927221 DUCO - bimbasimba94", "501281.03200855374 DUCO - NodeSBroker", "427162.15067505674 DUCO - James_themac", "210033.648313064 DUCO - maticDUCO", "190596.067104081 DUCO - celoDUCO", "170241.299416613 DUCO - Bacman", "170226.2798075861 DUCO - RNGesus", "140000.53560568305 DUCO - haxorcitoz"], "XXHASH hashrate": "0 H/s"}