{"Duino-Coin Server API": "github.com/revoxhere/duino-coin", "Server version": 2.7, "Active connections": 4716, "Open threads": 24, "Server CPU usage": 51.6, "Server RAM usage": 30.4, "Last update": "21/09/2021 05:05:26 (UTC)", "Net energy usage": "61.03 kW", "Pool hashrate": "1254.6932 MH/s", "DUCO-S1 hashrate": "1232.6 MH/s", "XXHASH hashrate": "22.1 MH/s", "Duco price": 0.00116671, "Duco price XMG": 0.00085048, "Duco price BCH": 0.00053487, "Duco price RVN": 0.000682, "Duco price TRX": 0.0006887, "Duco price XRP": 0.00032759, "Duco price DGB": 0.00062697, "Duco price NANO": 0.0006931, "Duco price FJC": 0.00087185, "Duco Node-S price": 8e-05, "Duco JustSwap price": 0.0007266, "Duco PancakeSwap price": 0.00116671, "Registered users": 18156, "All-time mined DUCO": 10357705.387591736, "Current difficulty": 816039, "Mined blocks": 19585280874, "Last block hash": "730b6127b9", "Kolka": {"Jailed": 23, "Banned": 642}, "Miner distribution": {"GPU": 1, "CPU": 3530, "RPi": 2069, "Phone": 243, "Web": 1331, "ESP32": 8189, "ESP8266": 9890, "Arduino": 4837, "Other": 62}, "Top 10 richest miners": ["2159280.2086645444 DUCO - bscDUCO", "521500.1558491204 DUCO - 52Pickup", "308749.4493900001 DUCO - coinexchange", "170042.36464343796 DUCO - Bacman", "121033.9592987406 DUCO - rootbori", "113387.18511437952 DUCO - amornlit", "86513.57187078946 DUCO - caancom", "70482.31902834804 DUCO - WannaCry", "65509.72753905999 DUCO - maticDUCO", "57735.299753185565 DUCO - giveaways"]}