{"Active connections": 1299, "All-time mined DUCO": 64413323.02567938, "Current difficulty": 1000000, "DUCO-S1 hashrate": "5.2 GH/s", "Duco Furim price": 0.0, "Duco Node-S price": 0.0, "Duco PancakeSwap price": 4.7e-05, "Duco SunSwap price": 8.4e-05, "Duco SushiSwap price": 7.6e-05, "Duco price": 8.5e-05, "Duco price BCH": 4e-06, "Duco price NANO": 1.6e-05, "Duco price TRX": 3e-06, "Duco price XMG": 8e-06, "Duino-Coin Server API": "github.com/revoxhere/duino-coin", "Kolka": {"Banned": 531, "Jailed": 29}, "Last block hash": "2eb3f8271cd947cdd6469be145558a7bcb72e0d9", "Last sync": 1647221312.6579237, "Last update": "14/03/2022 01:28:33 (UTC)", "Mined blocks": 130081335881, "Miner distribution": {"All": 41177, "Arduino": 6834, "CPU": 4020, "ESP32": 12661, "ESP8266": 14012, "GPU": 0, "Other": 40, "Phone": 287, "RPi": 2745, "Web": 578}, "Net energy usage": "44.02 kW", "Open threads": 21, "Pool hashrate": "5219.12 MH/s", "Registered users": 63268, "Server CPU usage": 44.1, "Server RAM usage": 38.2, "Server version": 2.7, "Top 10 richest miners": ["24830298.566127222 DUCO - bscDUCO", "12530866.269761559 DUCO - miningvir", "6965348.014869814 DUCO - Ochios", "3962275.8619908057 DUCO - RNGesus", "2627631.4693082203 DUCO - coinexchange", "2453550.087773999 DUCO - ifdeduco", "1554124.2615848314 DUCO - Demoel", "1259801.6964979055 DUCO - T3rminator", "1209837.627673189 DUCO - James_themac", "1201639.1350512758 DUCO - juanjefraire"], "XXHASH hashrate": "0 H/s"}