{"Active connections": 1327, "All-time mined DUCO": 242106700.16302568, "Current difficulty": 75000, "DUCO-S1 hashrate": "2.4 GH/s", "Duco FluffySwap price": 3.4929999999999994e-06, "Duco Furim price": 0.0, "Duco Node-S price": 0.0, "Duco PancakeSwap price": 3.17471e-05, "Duco SunSwap price": 6.024e-05, "Duco SushiSwap price": 6.48802e-06, "Duco UbeSwap price": 2.8567641015443758e-05, "Duco price": 6.024e-05, "Duco price BCH": 4.98e-06, "Duco price NANO": 3.37e-06, "Duco price TRX": 4.99e-06, "Duco price XMG": 0.0, "Duino-Coin Server API": "github.com/revoxhere/duino-coin", "Kolka": {"Banned": 1295, "Jailed": 101}, "Last block hash": "8de4bc0b3fa1580ec7f3421feb9644fc8ead02b8", "Last sync": 1676392916.9600668, "Last update": "14/02/2023 16:42:02 (UTC)", "Mined blocks": 355499633732, "Miner distribution": {"All": 30783, "Arduino": 3710, "CPU": 1155, "ESP32": 11983, "ESP8266": 11905, "GPU": 0, "Other": 9, "Phone": 24, "RPi": 1617, "Web": 380}, "Net energy usage": "21.92 kW", "Open threads": 24, "Pool hashrate": "2419.82 MH/s", "Registered users": 88867, "Server CPU usage": 48.9, "Server RAM usage": 55.5, "Server version": 3.0, "Top 10 richest miners": ["43908735.867 DUCO - AlmarRido", "41486967.794576176 DUCO - bscDUCO", "20119946.6942 DUCO - viviana80", "15115363.695 DUCO - Ochios", "14021935.631486455 DUCO - coinexchange", "11692429.559071772 DUCO - QQ44142894", "11495650.27 DUCO - infternet", "10759939.638689265 DUCO - fiorella71", "9636997.198832281 DUCO - paranoid64", "8125736.123916335 DUCO - Orion_0x43b"], "XXHASH hashrate": "0 H/s"}