{"Active connections": 1355, "All-time mined DUCO": 56550909.189767025, "Current difficulty": 1000000, "DUCO-S1 hashrate": "5.2 GH/s", "Duco Furim price": 0.0, "Duco JustSwap price": 8.451e-05, "Duco Node-S price": 0.0, "Duco PancakeSwap price": 3.72448e-05, "Duco SushiSwap price": 8.29325e-05, "Duco price": 8.455e-05, "Duco price BCH": 4.37e-06, "Duco price NANO": 1.73e-05, "Duco price TRX": 2.99e-06, "Duco price XMG": 5.87e-06, "Duino-Coin Server API": "github.com/revoxhere/duino-coin", "Kolka": {"Banned": 514, "Jailed": 29}, "Last block hash": "2eb3f8271cd947cdd6469be145558a7bcb72e0d9", "Last sync": 1647127355.727087, "Last update": "12/03/2022 23:22:36 (UTC)", "Mined blocks": 129267032257, "Miner distribution": {"All": 41087, "Arduino": 6923, "CPU": 3960, "ESP32": 12212, "ESP8266": 14347, "GPU": 0, "Other": 49, "Phone": 218, "RPi": 2704, "Web": 674}, "Net energy usage": "43.65 kW", "Open threads": 21, "Pool hashrate": "5218.28 MH/s", "Registered users": 63127, "Server CPU usage": 37.8, "Server RAM usage": 37.1, "Server version": 2.7, "Top 10 richest miners": ["21420628.212190636 DUCO - bscDUCO", "5710447.453602006 DUCO - Ochios", "4045000.0 DUCO - RNGesus", "4000060.054761558 DUCO - miningvir", "2612471.30930822 DUCO - coinexchange", "2453550.087773999 DUCO - ifdeduco", "1401851.7679201667 DUCO - Demoel", "1340927.2882290513 DUCO - naderi57", "1259791.2014345343 DUCO - T3rminator", "1209837.627673189 DUCO - James_themac"], "XXHASH hashrate": "0 H/s"}