{"Active connections": 835, "All-time mined DUCO": 1115767526.6630447, "Current difficulty": 75000, "DUCO-S1 hashrate": "2.062 GH/s", "Duco FluffySwap price": 3.3389999999999997e-06, "Duco Furim price": 0.0, "Duco Node-S price": 0.0, "Duco PancakeSwap price": 7.2694e-06, "Duco SunSwap price": 0.00010266, "Duco SushiSwap price": 1.01312e-05, "Duco UbeSwap price": 2.9093097913322633e-05, "Duco price": 0.00015644, "Duco price BCH": 4.77e-06, "Duco price NANO": 9.9e-07, "Duco price TRX": 1.92e-06, "Duco price XMG": 0.00015644, "Duino-Coin Server API": "github.com/revoxhere/duino-coin", "Kolka": {"Banned": 5631, "Jailed": 161}, "Last block hash": "8de4bc0b3fa1580ec7f3421feb9644fc8ead02b8", "Last sync": 1692954261.3719037, "Last update": "25/08/2023 09:04:24 (UTC)", "Mined blocks": 441579701462, "Miner distribution": {"All": 19336, "Arduino": 2262, "CPU": 693, "ESP32": 8107, "ESP8266": 7042, "GPU": 0, "Other": 7, "Phone": 4, "RPi": 1103, "Web": 118}, "Net energy usage": "13.6 kW", "Open threads": 24, "Pool hashrate": "2061.911 MH/s", "Registered users": 95160, "Server CPU usage": 33.7, "Server RAM usage": 41.7, "Server version": 3.0, "Top 10 richest miners": ["495743830.67087966 DUCO - coinexchange", "366558413.41731995 DUCO - coinexchange", "70329919.64457695 DUCO - bscDUCO", "35301943.008099996 DUCO - AlmarRido", "30607425.931 DUCO - Flowen1985", "26637971.730650388 DUCO - giveaways", "20119947.6942 DUCO - viviana80", "12720440.559071772 DUCO - QQ44142894", "11756490.91077332 DUCO - ctecrypto", "11394221.861 DUCO - bimbasimba94"], "XXHASH hashrate": "0 H/s"}