{"Active connections": 734, "All-time mined DUCO": 707063844.3839772, "Current difficulty": 75000, "DUCO-S1 hashrate": "2.0 GH/s", "Duco FluffySwap price": 1.7779999999999997e-06, "Duco Furim price": 0.0, "Duco Node-S price": 0.0, "Duco PancakeSwap price": 1.52187e-05, "Duco SunSwap price": 2.403e-05, "Duco SushiSwap price": 1.92636e-05, "Duco UbeSwap price": 2.996165722235418e-05, "Duco price": 2.996165722235418e-05, "Duco price BCH": 2.54e-06, "Duco price NANO": 1.77e-06, "Duco price TRX": 2.3e-06, "Duco price XMG": 0.0, "Duino-Coin Server API": "github.com/revoxhere/duino-coin", "Kolka": {"Banned": 1340, "Jailed": 117}, "Last block hash": "8de4bc0b3fa1580ec7f3421feb9644fc8ead02b8", "Last sync": 1680653017.288761, "Last update": "05/04/2023 00:03:42 (UTC)", "Mined blocks": 380881936251, "Miner distribution": {"All": 28769, "Arduino": 3617, "CPU": 1010, "ESP32": 11007, "ESP8266": 11391, "GPU": 0, "Other": 17, "Phone": 12, "RPi": 1472, "Web": 243}, "Net energy usage": "19.96 kW", "Open threads": 24, "Pool hashrate": "2047.36 MH/s", "Registered users": 91224, "Server CPU usage": 50.8, "Server RAM usage": 42.9, "Server version": 3.0, "Top 10 richest miners": ["495743830.67087966 DUCO - coinexchange", "489575658.01174814 DUCO - coinexchange", "36095329.566 DUCO - bscDUCO", "20119947.6942 DUCO - viviana80", "15115364.7271 DUCO - Ochios", "12720440.559071772 DUCO - QQ44142894", "10759939.638689265 DUCO - fiorella71", "8125736.123916335 DUCO - Orion_0x43b", "6829058.450363217 DUCO - lordachoo", "6786236.8379893955 DUCO - msdo1006"], "XXHASH hashrate": "0 H/s"}