{"Active connections": 1111, "All-time mined DUCO": 739009023.2612121, "Current difficulty": 200000, "DUCO-S1 hashrate": "2.505 GH/s", "Duco FluffySwap price": 8.217999999999998e-06, "Duco Furim price": 0.0, "Duco Node-S price": 0.0, "Duco PancakeSwap price": 8.57789e-06, "Duco SunSwap price": 9.545e-05, "Duco SushiSwap price": 1.2962107682626e-05, "Duco UbeSwap price": 1.1191491992827553e-05, "Duco price": 0.00022, "Duco price BCH": 0.00016408, "Duco price NANO": 0.00022, "Duco price TRX": 1.174e-05, "Duco price XMG": 0.0, "Duino-Coin Server API": "github.com/revoxhere/duino-coin", "Kolka": {"Banned": 5949, "Jailed": 182}, "Last block hash": "8de4bc0b3fa1580ec7f3421feb9644fc8ead02b8", "Last sync": 1718058583.8946123, "Last update": "10/06/2024 22:29:43 (UTC)", "Mined blocks": 526401770119, "Miner distribution": {"All": 18863, "Arduino": 2440, "CPU": 1015, "ESP32": 7780, "ESP8266": 6198, "GPU": 0, "Other": 15, "Phone": 12, "RPi": 1231, "Web": 172}, "Net energy usage": "15.37 kW", "Open threads": 27, "Pool hashrate": "2504.545 MH/s", "Registered users": 102903, "Server CPU usage": 57.8, "Server RAM usage": 90.9, "Server version": 4.0, "Top 10 richest miners": ["79348919.78550309 DUCO - bscDUCO", "30792510.456 DUCO - Flowen1985", "30547233.689035717 DUCO - AlmarRido", "20119947.6942 DUCO - viviana80", "18545685.805999998 DUCO - bimbasimba94", "14898329.567307541 DUCO - aimbert", "14844605.523896927 DUCO - ctecrypto", "12720440.59109726 DUCO - QQ44142894", "11316143.710273428 DUCO - duinousa", "11015478.642 DUCO - Rafa2000"], "XXHASH hashrate": "0 H/s"}