{"Active connections": 1092, "All-time mined DUCO": 779350875.0967656, "Current difficulty": 200000, "DUCO-S1 hashrate": "1.837 GH/s", "Duco FluffySwap price": 2.2204e-05, "Duco Furim price": 0.0, "Duco Node-S price": 0.0, "Duco PancakeSwap price": 1.31425e-05, "Duco SunSwap price": 3.037e-05, "Duco SushiSwap price": 8.987494203495e-06, "Duco UbeSwap price": 1.568e-05, "Duco price": 3.861e-05, "Duco price BCH": 0.0, "Duco price NANO": 0.0, "Duco price TRX": 3.174e-05, "Duco price XMG": 3.861e-05, "Duino-Coin Server API": "github.com/revoxhere/duino-coin", "Kolka": {"Banned": 6024, "Jailed": 189}, "Last block hash": "8de4bc0b3fa1580ec7f3421feb9644fc8ead02b8", "Last sync": 1724452111.55726, "Last update": "23/08/2024 22:28:31 (UTC)", "Mined blocks": 545439495194, "Miner distribution": {"All": 14312, "Arduino": 1658, "CPU": 762, "ESP32": 4780, "ESP8266": 5871, "GPU": 0, "Other": 7, "Phone": 6, "RPi": 1084, "Web": 144}, "Net energy usage": "11.98 kW", "Open threads": 27, "Pool hashrate": "1836.537 MH/s", "Registered users": 105383, "Server CPU usage": 72.9, "Server RAM usage": 95.2, "Server version": 4.0, "Top 10 richest miners": ["235327801.35501555 DUCO - coinexchange", "84473498.70122527 DUCO - bscDUCO", "35576240.569 DUCO - AlmarRido", "30855598.808 DUCO - Flowen1985", "22896923.915 DUCO - bimbasimba94", "20160688.723 DUCO - viviana80", "14928206.883615403 DUCO - aimbert", "14847133.194062889 DUCO - ctecrypto", "12721941.46735498 DUCO - QQ44142894", "11342529.883237552 DUCO - duinousa"], "XXHASH hashrate": "0 H/s"}