{"Duino-Coin Server API": "github.com/revoxhere/duino-coin", "Server version": 2.6, "Active connections": 2303, "Open threads": 21, "Server CPU usage": 34.9, "Server RAM usage": 20.4, "Last update": "25/08/2021 06:33:23 (UTC)", "Net energy usage": "0 W", "Pool hashrate": "0 H/s", "DUCO-S1 hashrate": "0 H/s", "XXHASH hashrate": "0 H/s", "Duco price": 0.00307388, "Duco price XMG": 0.00242075, "Duco price BCH": 0.00130334, "Duco price TRX": 0.00043142, "Duco price XRP": 0.00117, "Duco price DGB": 0.00071177, "Duco price NANO": 0.000648, "Duco price FJC": 0.00048056, "Duco Node-S price": 0, "Duco JustSwap price": 0.00307388, "Duco PancakeSwap price": 0.00251652, "Registered users": 15046, "All-time mined DUCO": 7061948.085004365, "Current difficulty": 505666, "Mined blocks": 12135961084, "Last block hash": "dec8f4a0c2", "Kolka": {"Jailed": 0, "Banned": 440}, "Miner distribution": {"GPU": 0, "CPU": 0, "RPi": 0, "ESP32": 0, "ESP8266": 0, "Arduino": 0, "Other": 0}, "Top 10 richest miners": ["1197928.6163057652 DUCO - bscDUCO", "287168.1555491204 DUCO - 52Pickup", "283504.0247796326 DUCO - coinexchange", "169937.594875061 DUCO - Bacman", "113387.18511437952 DUCO - amornlit", "86278.56927084453 DUCO - caancom", "80882.76488499498 DUCO - WannaCry", "50288.45762651612 DUCO - duinocrfsh", "47119.90790638301 DUCO - chipsa", "45796.95067334399 DUCO - NodeSBroker"], "Active workers": {}}