{"Duino-Coin Server API": "github.com/revoxhere/duino-coin", "Server version": 2.6, "Active connections": 12644, "Open threads": 42, "Server CPU usage": 75.0, "Server RAM usage": 65.8, "Last update": "17/08/2021 11:01:02 (UTC)", "Net energy usage": "105.63 kW", "Pool hashrate": "16.5033 GH/s", "DUCO-S1 hashrate": "16.3 GH/s", "XXHASH hashrate": "218.3 MH/s", "Duco price": 0.018767, "Duco price XMG": 0.01876683, "Duco price BCH": 0.00172218, "Duco price TRX": 0.00182666, "Duco price XRP": 0.002135, "Duco price DGB": 0.00207402, "Duco price NANO": 0.001585, "Duco Node-S price": 0.018767, "Duco JustSwap price": 0.00732248, "Duco PancakeSwap price": 0.00420784, "Registered users": 20114, "All-time mined DUCO": 5810559.4353615455, "Current difficulty": 453492, "Mined blocks": 10883845688, "Last block hash": "b964c13c4f", "Kolka": {"Jailed": 0, "Banned": 417}, "Miner distribution": {"GPU": 9, "CPU": 8932, "RPi": 2167, "ESP32": 2807, "ESP8266": 7000, "Arduino": 2561, "Other": 963}, "Top 10 richest miners": ["551931.4895859279 DUCO - bscDUCO", "169741.7419356001 DUCO - Bacman", "132354.35377963257 DUCO - coinexchange", "120106.99999999886 DUCO - WannaCry", "113137.26987973694 DUCO - amornlit", "101401.17791420905 DUCO - 52Pickup", "86158.58772899676 DUCO - caancom", "52595.84122893165 DUCO - zero0", "50328.99879275615 DUCO - rootbori", "50288.45762651612 DUCO - duinocrfsh"]}