{"Active connections": 776, "All-time mined DUCO": 89661006.88497952, "Current difficulty": 1000000, "DUCO-S1 hashrate": "3.1 GH/s", "Duco Furim price": 0.0, "Duco Node-S price": 0.0, "Duco PancakeSwap price": 7e-05, "Duco SunSwap price": 4.4e-05, "Duco SushiSwap price": 1.8e-05, "Duco UbeSwap price": 2.8e-05, "Duco price": 8.7e-05, "Duco price BCH": 1.3e-05, "Duco price NANO": 1.3e-05, "Duco price TRX": 1.7e-05, "Duco price XMG": 8.7e-05, "Duino-Coin Server API": "github.com/revoxhere/duino-coin", "Kolka": {"Banned": 924, "Jailed": 58}, "Last block hash": "2eb3f8271cd947cdd6469be145558a7bcb72e0d9", "Last sync": 1657500156.9859045, "Last update": "11/07/2022 00:42:37 (UTC)", "Mined blocks": 220349122520, "Miner distribution": {"All": 36839, "Arduino": 4921, "CPU": 2282, "ESP32": 12426, "ESP8266": 15280, "GPU": 0, "Other": 105, "Phone": 77, "RPi": 1490, "Web": 258}, "Net energy usage": "30.74 kW", "Open threads": 22, "Pool hashrate": "3105.0 MH/s", "Registered users": 74032, "Server CPU usage": 33.8, "Server RAM usage": 39.3, "Server version": 3.0, "Top 10 richest miners": ["34152710.622689165 DUCO - bscDUCO", "16868017.35010215 DUCO - Ochios", "7753701.940299597 DUCO - ctecrypto", "6974991.289071771 DUCO - QQ44142894", "5469686.945702979 DUCO - renderman", "2368507.0 DUCO - Brunomoyses23", "2210288.9385462017 DUCO - vyrdudji", "2070152.565 DUCO - CryptSino_Exchange", "1584432.9873966968 DUCO - coinexchange", "1413046.5421398599 DUCO - maticDUCO"], "XXHASH hashrate": "0 H/s"}