{"Active connections": 2127, "All-time mined DUCO": 21934983.118072223, "Current difficulty": 1000000, "DUCO-S1 hashrate": "4815.3 MH/s", "Duco JustSwap price": 0.00021154, "Duco Node-S price": 8.4e-05, "Duco PancakeSwap price": 0.000322114, "Duco SushiSwap price": 0.000650466, "Duco price": 0.00119101, "Duco price BCH": 1.381e-05, "Duco price NANO": 8.81e-06, "Duco price TRX": 7.085e-05, "Duco price XMG": 0.0011767, "Duino-Coin Server API": "github.com/revoxhere/duino-coin", "Kolka": {"Banned": 775, "Jailed": 26}, "Last block hash": "2eb3f8271c", "Last sync": 1643286643.1938226, "Last update": "27/01/2022 12:30:43 (UTC)", "Mined blocks": 96248432950, "Miner distribution": {"All": 43199, "Arduino": 7672, "CPU": 4981, "ESP32": 12481, "ESP8266": 13416, "GPU": 0, "Other": 37, "Phone": 404, "RPi": 2898, "Web": 1310}, "Net energy usage": "50.85 kW", "Open threads": 21, "Pool hashrate": "4815.27 MH/s", "Registered users": 51530, "Server CPU usage": 46.8, "Server RAM usage": 44.1, "Server version": 2.7, "Top 10 richest miners": ["8259624.762515697 DUCO - bscDUCO", "688179.9308694914 DUCO - coinexchange", "600523.1965143937 DUCO - bimbasimba94", "573162.1506750567 DUCO - James_themac", "355305.23782355373 DUCO - NodeSBroker", "212229.021774724 DUCO - maticDUCO", "190596.067104081 DUCO - celoDUCO", "190275.1755129747 DUCO - RNGesus", "170241.299416613 DUCO - Bacman", "140000.53560568305 DUCO - haxorcitoz"], "XXHASH hashrate": "0 H/s"}