{"Active connections": 1222, "All-time mined DUCO": 152776054.8951013, "Current difficulty": 75000, "DUCO-S1 hashrate": "3.1 GH/s", "Duco FluffySwap price": 1.1864999999999999e-05, "Duco Furim price": 0.0, "Duco Node-S price": 0.0, "Duco PancakeSwap price": 6.26759e-05, "Duco SunSwap price": 5.004e-05, "Duco SushiSwap price": 1.50251e-05, "Duco UbeSwap price": 2.918998625959315e-05, "Duco price": 6.26759e-05, "Duco price BCH": 1.695e-05, "Duco price NANO": 7.87e-06, "Duco price TRX": 5.41e-06, "Duco price XMG": 0.0, "Duino-Coin Server API": "github.com/revoxhere/duino-coin", "Kolka": {"Banned": 1184, "Jailed": 88}, "Last block hash": "8de4bc0b3fa1580ec7f3421feb9644fc8ead02b8", "Last sync": 1669577484.890121, "Last update": "27/11/2022 19:31:34 (UTC)", "Mined blocks": 311196767532, "Miner distribution": {"All": 37429, "Arduino": 4348, "CPU": 1728, "ESP32": 13691, "ESP8266": 15475, "GPU": 0, "Other": 20, "Phone": 25, "RPi": 1735, "Web": 407}, "Net energy usage": "28.33 kW", "Open threads": 24, "Pool hashrate": "3055.35 MH/s", "Registered users": 84299, "Server CPU usage": 56.8, "Server RAM usage": 63.8, "Server version": 3.0, "Top 10 richest miners": ["38522228.63978844 DUCO - bscDUCO", "20119945.00125 DUCO - viviana80", "14965344.293607898 DUCO - Ochios", "14848626.555619664 DUCO - coinexchange", "11692429.559071772 DUCO - QQ44142894", "10759939.638689265 DUCO - fiorella71", "7470017.026 DUCO - RNGesus", "6701501.124661842 DUCO - lordachoo", "3151964.155728627 DUCO - kotethetk", "2368507.0 DUCO - Brunomoyses23"], "XXHASH hashrate": "0 H/s"}