{"Active connections": 1394, "All-time mined DUCO": 19820303.13812781, "Current difficulty": 75000, "DUCO-S1 hashrate": "1332.4 MH/s", "Duco JustSwap price": 8.522e-05, "Duco Node-S price": 2.1e-05, "Duco PancakeSwap price": 0.000471918, "Duco SushiSwap price": 0.000116574, "Duco price": 0.000471918, "Duco price BCH": 3.228e-05, "Duco price NANO": 1.298e-05, "Duco price TRX": 7.685e-05, "Duco price XMG": 0.00024723, "Duino-Coin Server API": "github.com/revoxhere/duino-coin", "Kolka": {"Banned": 747, "Jailed": 24}, "Last block hash": "2eb3f8271c", "Last sync": 1640920621.6675658, "Last update": "31/12/2021 03:17:01 (UTC)", "Mined blocks": 74081130922, "Miner distribution": {"All": 29333, "Arduino": 6499, "CPU": 3554, "ESP32": 7580, "ESP8266": 8174, "GPU": 0, "Other": 4, "Phone": 326, "RPi": 1923, "Web": 1273}, "Net energy usage": "35.35 kW", "Open threads": 21, "Pool hashrate": "1332.38 MH/s", "Registered users": 33916, "Server CPU usage": 70.3, "Server RAM usage": 41.2, "Server version": 2.7, "Top 10 richest miners": ["5189894.386771763 DUCO - bscDUCO", "530779.5372981913 DUCO - NodeSBroker", "397162.15067505674 DUCO - James_themac", "305862.61258358444 DUCO - bimbasimba94", "304569.83511228015 DUCO - bloomindark", "300520.321607231 DUCO - 52Pickup", "275943.8434113289 DUCO - coinexchange", "273333.7333708253 DUCO - miningvir", "210591.39752021755 DUCO - maticDUCO", "190582.057104081 DUCO - celoDUCO"], "XXHASH hashrate": "0 H/s"}