{"Active connections": 1126, "All-time mined DUCO": 163062165.82801467, "Current difficulty": 75000, "DUCO-S1 hashrate": "2.4 GH/s", "Duco FluffySwap price": 2.079e-06, "Duco Furim price": 0.0, "Duco Node-S price": 0.0, "Duco PancakeSwap price": 4.33795e-05, "Duco SunSwap price": 5.205e-05, "Duco SushiSwap price": 5.14017e-06, "Duco UbeSwap price": 2.845420857596612e-05, "Duco price": 5.205e-05, "Duco price BCH": 2.96e-06, "Duco price NANO": 1.88e-06, "Duco price TRX": 4.29e-06, "Duco price XMG": 0.0, "Duino-Coin Server API": "github.com/revoxhere/duino-coin", "Kolka": {"Banned": 1251, "Jailed": 95}, "Last block hash": "8de4bc0b3fa1580ec7f3421feb9644fc8ead02b8", "Last sync": 1673617129.4530537, "Last update": "13/01/2023 13:38:55 (UTC)", "Mined blocks": 338123277482, "Miner distribution": {"All": 33573, "Arduino": 3737, "CPU": 1272, "ESP32": 12861, "ESP8266": 13709, "GPU": 0, "Other": 21, "Phone": 13, "RPi": 1534, "Web": 426}, "Net energy usage": "23.81 kW", "Open threads": 25, "Pool hashrate": "2383.93 MH/s", "Registered users": 86892, "Server CPU usage": 56.9, "Server RAM usage": 53.1, "Server version": 3.0, "Top 10 richest miners": ["92875996.81867254 DUCO - coinexchange", "40592352.73070239 DUCO - bscDUCO", "20119946.6942 DUCO - viviana80", "11692429.559071772 DUCO - QQ44142894", "10759939.638689265 DUCO - fiorella71", "8125736.123916335 DUCO - Orion_0x43b", "6810659.457611528 DUCO - lordachoo", "4965363.69527713 DUCO - Ochios", "4962504.900959602 DUCO - bimbasimba94", "4267666.823 DUCO - Demoel"], "XXHASH hashrate": "0 H/s"}