{"Active connections": 1390, "All-time mined DUCO": 1075603808.932057, "Current difficulty": 75000, "DUCO-S1 hashrate": "1.994 GH/s", "Duco FluffySwap price": 4.0809999999999996e-06, "Duco Furim price": 0.0, "Duco Node-S price": 0.0, "Duco PancakeSwap price": 1.49863e-05, "Duco SunSwap price": 0.0001052, "Duco SushiSwap price": 1.45174e-05, "Duco UbeSwap price": 2.7898752414944825e-05, "Duco price": 0.0001052, "Duco price BCH": 5.84e-06, "Duco price NANO": 1.1e-06, "Duco price TRX": 1.55e-06, "Duco price XMG": 0.0, "Duino-Coin Server API": "github.com/revoxhere/duino-coin", "Kolka": {"Banned": 5728, "Jailed": 142}, "Last block hash": "8de4bc0b3fa1580ec7f3421feb9644fc8ead02b8", "Last sync": 1688395286.2410395, "Last update": "03/07/2023 14:41:41 (UTC)", "Mined blocks": 422841117407, "Miner distribution": {"All": 21274, "Arduino": 2525, "CPU": 730, "ESP32": 9209, "ESP8266": 7550, "GPU": 0, "Other": 12, "Phone": 8, "RPi": 1240, "Web": 0}, "Net energy usage": "14.7 kW", "Open threads": 23, "Pool hashrate": "1994.373 MH/s", "Registered users": 94207, "Server CPU usage": 48.4, "Server RAM usage": 55.9, "Server version": 3.0, "Top 10 richest miners": ["495743830.67087966 DUCO - coinexchange", "384863761.8484739 DUCO - coinexchange", "49388457.02939265 DUCO - bscDUCO", "24326348.334 DUCO - Flowen1985", "20119947.6942 DUCO - viviana80", "15115368.927099999 DUCO - Ochios", "12720440.559071772 DUCO - QQ44142894", "12715126.206683962 DUCO - duinousa", "11408217.326238636 DUCO - bimbasimba94", "11242886.442071278 DUCO - paranoid64"], "XXHASH hashrate": "0 H/s"}