{"Active connections": 1531, "All-time mined DUCO": 52162373.92975533, "Current difficulty": 1000000, "DUCO-S1 hashrate": "4.0 GH/s", "Duco Furim price": 0.0, "Duco Node-S price": 0.0, "Duco PancakeSwap price": 6.5e-05, "Duco SunSwap price": 0.000139, "Duco SushiSwap price": 2.4e-05, "Duco UbeSwap price": 0.000304, "Duco price": 0.000304, "Duco price BCH": 9e-06, "Duco price NANO": 4.8e-05, "Duco price TRX": 1.6e-05, "Duco price XMG": 6.2e-05, "Duino-Coin Server API": "github.com/revoxhere/duino-coin", "Kolka": {"Banned": 746, "Jailed": 48}, "Last block hash": "2eb3f8271cd947cdd6469be145558a7bcb72e0d9", "Last sync": 1651030243.8955615, "Last update": "27/04/2022 03:30:46 (UTC)", "Mined blocks": 164373554300, "Miner distribution": {"All": 39514, "Arduino": 6117, "CPU": 3474, "ESP32": 12569, "ESP8266": 14786, "GPU": 0, "Other": 67, "Phone": 137, "RPi": 1948, "Web": 416}, "Net energy usage": "39.22 kW", "Open threads": 21, "Pool hashrate": "4033.86 MH/s", "Registered users": 71412, "Server CPU usage": 38.9, "Server RAM usage": 54.2, "Server version": 3.0, "Top 10 richest miners": ["23529471.103153344 DUCO - bscDUCO", "6349650.305377089 DUCO - Ochios", "3904296.7520304676 DUCO - coinexchange", "3000268.522126635 DUCO - varanese67", "2751728.4719691053 DUCO - QQ44142894", "2210288.9385462017 DUCO - vyrdudji", "1211353.6924079475 DUCO - ivanrpz", "1209839.3043566686 DUCO - James_themac", "1206790.6990008482 DUCO - maticDUCO", "957659.2284918682 DUCO - econnaty"], "XXHASH hashrate": "0 H/s"}