{"Active connections": 1108, "All-time mined DUCO": 152131596.56087193, "Current difficulty": 75000, "DUCO-S1 hashrate": "2.8 GH/s", "Duco FluffySwap price": 1.1473e-05, "Duco Furim price": 0.0, "Duco Node-S price": 0.0, "Duco PancakeSwap price": 5.90431e-05, "Duco SunSwap price": 4.925e-05, "Duco SushiSwap price": 1.43658e-05, "Duco UbeSwap price": 2.9003909513148663e-05, "Duco price": 5.90431e-05, "Duco price BCH": 1.641e-05, "Duco price NANO": 7.51e-06, "Duco price TRX": 5.32e-06, "Duco price XMG": 0.0, "Duino-Coin Server API": "github.com/revoxhere/duino-coin", "Kolka": {"Banned": 1184, "Jailed": 88}, "Last block hash": "8de4bc0b3fa1580ec7f3421feb9644fc8ead02b8", "Last sync": 1669682527.3492222, "Last update": "29/11/2022 00:42:10 (UTC)", "Mined blocks": 312015496638, "Miner distribution": {"All": 35481, "Arduino": 4101, "CPU": 1545, "ESP32": 13036, "ESP8266": 14677, "GPU": 0, "Other": 17, "Phone": 36, "RPi": 1712, "Web": 357}, "Net energy usage": "26.39 kW", "Open threads": 24, "Pool hashrate": "2839.4 MH/s", "Registered users": 84385, "Server CPU usage": 47.2, "Server RAM usage": 63.2, "Server version": 3.0, "Top 10 richest miners": ["38531228.63978844 DUCO - bscDUCO", "20119945.00125 DUCO - viviana80", "14965344.293607898 DUCO - Ochios", "14854462.364994664 DUCO - coinexchange", "11692429.559071772 DUCO - QQ44142894", "10759939.638689265 DUCO - fiorella71", "7470017.026 DUCO - RNGesus", "6701644.51991711 DUCO - lordachoo", "2368507.0 DUCO - Brunomoyses23", "2352596.8338324027 DUCO - aninokan22"], "XXHASH hashrate": "0 H/s"}