{"Active connections": 902, "All-time mined DUCO": 736706371.0804441, "Current difficulty": 200000, "DUCO-S1 hashrate": "1.916 GH/s", "Duco FluffySwap price": 8.105999999999998e-06, "Duco Furim price": 0.0, "Duco Node-S price": 0.0, "Duco PancakeSwap price": 8.57789e-06, "Duco SunSwap price": 9.418e-05, "Duco SushiSwap price": 1.2962107682626e-05, "Duco UbeSwap price": 1.1191491992827553e-05, "Duco price": 0.00017638, "Duco price BCH": 0.00013642, "Duco price NANO": 0.00017638, "Duco price TRX": 1.158e-05, "Duco price XMG": 3.91e-05, "Duino-Coin Server API": "github.com/revoxhere/duino-coin", "Kolka": {"Banned": 5970, "Jailed": 183}, "Last block hash": "8de4bc0b3fa1580ec7f3421feb9644fc8ead02b8", "Last sync": 1718852389.9209874, "Last update": "20/06/2024 02:59:49 (UTC)", "Mined blocks": 528816669761, "Miner distribution": {"All": 18229, "Arduino": 2422, "CPU": 915, "ESP32": 7548, "ESP8266": 5965, "GPU": 0, "Other": 15, "Phone": 4, "RPi": 1157, "Web": 203}, "Net energy usage": "14.43 kW", "Open threads": 27, "Pool hashrate": "1916.062 MH/s", "Registered users": 103215, "Server CPU usage": 57.0, "Server RAM usage": 89.9, "Server version": 4.0, "Top 10 richest miners": ["249959523.20270997 DUCO - coinexchange", "80429680.78550309 DUCO - bscDUCO", "29548802.707830127 DUCO - AlmarRido", "24635208.6964704 DUCO - Flowen1985", "20120447.6942 DUCO - viviana80", "18547185.805999998 DUCO - bimbasimba94", "14898335.040677028 DUCO - aimbert", "14846924.231704347 DUCO - ctecrypto", "14174998.370955128 DUCO - duinousa", "12721940.59109726 DUCO - QQ44142894"], "XXHASH hashrate": "0 H/s"}