{"Active connections": 740, "All-time mined DUCO": 737978566.5353425, "Current difficulty": 75000, "DUCO-S1 hashrate": "2.0 GH/s", "Duco FluffySwap price": 1.722e-06, "Duco Furim price": 0.0, "Duco Node-S price": 0.0, "Duco PancakeSwap price": 3.13039e-05, "Duco SunSwap price": 2.35e-05, "Duco SushiSwap price": 1.88429e-05, "Duco UbeSwap price": 2.949693582059398e-05, "Duco price": 3.13039e-05, "Duco price BCH": 2.46e-06, "Duco price NANO": 1.76e-06, "Duco price TRX": 2.25e-06, "Duco price XMG": 0.0, "Duino-Coin Server API": "github.com/revoxhere/duino-coin", "Kolka": {"Banned": 1337, "Jailed": 117}, "Last block hash": "8de4bc0b3fa1580ec7f3421feb9644fc8ead02b8", "Last sync": 1680160561.5461955, "Last update": "30/03/2023 07:16:05 (UTC)", "Mined blocks": 377823418443, "Miner distribution": {"All": 29000, "Arduino": 3627, "CPU": 960, "ESP32": 11062, "ESP8266": 11545, "GPU": 0, "Other": 14, "Phone": 9, "RPi": 1527, "Web": 256}, "Net energy usage": "19.85 kW", "Open threads": 24, "Pool hashrate": "1988.85 MH/s", "Registered users": 90972, "Server CPU usage": 52.6, "Server RAM usage": 46.5, "Server version": 3.0, "Top 10 richest miners": ["495743830.67087966 DUCO - coinexchange", "493079737.4639535 DUCO - coinexchange", "44576037.117 DUCO - AlmarRido", "36206559.56591818 DUCO - bscDUCO", "20119947.6942 DUCO - viviana80", "15115364.7271 DUCO - Ochios", "12720440.559071772 DUCO - QQ44142894", "10759939.638689265 DUCO - fiorella71", "8125736.123916335 DUCO - Orion_0x43b", "6827927.701971641 DUCO - lordachoo"], "XXHASH hashrate": "0 H/s"}