{"Active connections": 5838, "All-time mined DUCO": 18064057.347894, "Current difficulty": 125000, "DUCO-S1 hashrate": "1284.5 MH/s", "Duco JustSwap price": 0.00043707, "Duco Node-S price": 5.1e-05, "Duco PancakeSwap price": 0.000656946, "Duco SushiSwap price": 0.000469464, "Duco price": 0.00107474, "Duco price BCH": 0.00029639, "Duco price DGB": 0.0, "Duco price NANO": 0.0002023, "Duco price RVN": 0.0, "Duco price TRX": 0.00038941, "Duco price XMG": 0.00105065, "Duco price XRP": 0.0, "Duino-Coin Server API": "github.com/revoxhere/duino-coin", "Kolka": {"Banned": 687, "Jailed": 24}, "Last block hash": "2eb3f8271c", "Last update": "17/11/2021 08:43:16 (UTC)", "Mined blocks": 43267910755, "Miner distribution": {"All": 35527, "Arduino": 6146, "CPU": 3291, "ESP32": 10858, "ESP8266": 12402, "GPU": 0, "Other": 37, "Phone": 290, "RPi": 1923, "Web": 580}, "Net energy usage": "36.36 kW", "Open threads": 24, "Pool hashrate": "1284.46 MH/s", "Registered users": 24492, "Server CPU usage": 41.4, "Server RAM usage": 40.2, "Server version": 2.7, "Top 10 richest miners": ["3590554.914038432 DUCO - bscDUCO", "1266262.9000902195 DUCO - coinexchange", "591776.628131775 DUCO - NodeSBroker", "351150.1606789791 DUCO - James_themac", "300520.1555491204 DUCO - 52Pickup", "188487.89104597003 DUCO - celoDUCO", "170241.13285850236 DUCO - Bacman", "125573.14742340375 DUCO - maticDUCO", "123387.18511437952 DUCO - amornlit", "119999.99999999892 DUCO - rootbori"], "XXHASH hashrate": "0 H/s"}