{"Active connections": 1415, "All-time mined DUCO": 90495199.79394676, "Current difficulty": 75000, "DUCO-S1 hashrate": "2.9 GH/s", "Duco FluffySwap price": 2.7e-05, "Duco Furim price": 0.0, "Duco Node-S price": 0.0, "Duco PancakeSwap price": 5.4e-05, "Duco SunSwap price": 0.000152, "Duco SushiSwap price": 1.9e-05, "Duco UbeSwap price": 2.9e-05, "Duco price": 0.000351, "Duco price BCH": 3.9e-05, "Duco price NANO": 2.7e-05, "Duco price TRX": 2.8e-05, "Duco price XMG": 0.000351, "Duino-Coin Server API": "github.com/revoxhere/duino-coin", "Kolka": {"Banned": 1028, "Jailed": 82}, "Last block hash": "2eb3f8271cd947cdd6469be145558a7bcb72e0d9", "Last sync": 1663156230.9553363, "Last update": "14/09/2022 11:50:33 (UTC)", "Mined blocks": 260647160710, "Miner distribution": {"All": 38394, "Arduino": 4546, "CPU": 1951, "ESP32": 14270, "ESP8266": 15885, "GPU": 0, "Other": 17, "Phone": 88, "RPi": 1159, "Web": 478}, "Net energy usage": "29.28 kW", "Open threads": 22, "Pool hashrate": "2908.5 MH/s", "Registered users": 78641, "Server CPU usage": 42.4, "Server RAM usage": 64.4, "Server version": 3.0, "Top 10 richest miners": ["41001829.99251492 DUCO - bscDUCO", "22423695.248983417 DUCO - coinexchange", "15964250.693 DUCO - Ochios", "6974991.289071771 DUCO - QQ44142894", "3718618.4979671217 DUCO - ctecrypto", "2368507.0 DUCO - Brunomoyses23", "2210288.919161586 DUCO - vyrdudji", "2150273.3890120275 DUCO - Flowen1985", "1867275.3594974703 DUCO - renderman", "1690199.311477744 DUCO - giveaways"], "XXHASH hashrate": "0 H/s"}