{"Active connections": 10040, "All-time mined DUCO": 17188696.63600002, "Current difficulty": 125000, "DUCO-S1 hashrate": "1243.6 MH/s", "Duco JustSwap price": 0.00269163, "Duco Node-S price": 0.000139, "Duco PancakeSwap price": 0.000656946, "Duco SushiSwap price": 0.000469464, "Duco price": 0.00904204, "Duco price BCH": 0.0001222, "Duco price DGB": 0.0, "Duco price NANO": 0.000432, "Duco price RVN": 0.0, "Duco price TRX": 0.0003202, "Duco price XMG": 0.00104512, "Duco price XRP": 0.0, "Duino-Coin Server API": "github.com/revoxhere/duino-coin", "Kolka": {"Banned": 680, "Jailed": 24}, "Last block hash": "65b3f612d0", "Last update": "08/11/2021 03:56:12 (UTC)", "Mined blocks": 39147884692, "Miner distribution": {"All": 34471, "Arduino": 5972, "CPU": 3406, "ESP32": 10228, "ESP8266": 12046, "GPU": 0, "Other": 54, "Phone": 320, "RPi": 1922, "Web": 523}, "Net energy usage": "36.56 kW", "Open threads": 24, "Pool hashrate": "1243.57 MH/s", "Registered users": 23053, "Server CPU usage": 59.7, "Server RAM usage": 39.0, "Server version": 2.7, "Top 10 richest miners": ["3299146.754288351 DUCO - bscDUCO", "831690.5800902196 DUCO - coinexchange", "588407.6081317749 DUCO - NodeSBroker", "522520.1555491204 DUCO - 52Pickup", "401095.02780072123 DUCO - James_themac", "195997.89104597003 DUCO - celoDUCO", "170241.13285850236 DUCO - Bacman", "129628.19777253376 DUCO - maticDUCO", "123387.18511437952 DUCO - amornlit", "119999.99999999892 DUCO - rootbori"], "XXHASH hashrate": "0 H/s"}