{"Active connections": 1217, "All-time mined DUCO": 184283627.80650508, "Current difficulty": 75000, "DUCO-S1 hashrate": "2.4 GH/s", "Duco FluffySwap price": 3.703e-06, "Duco Furim price": 0.0, "Duco Node-S price": 0.0, "Duco PancakeSwap price": 2.79369e-05, "Duco SunSwap price": 5.604e-05, "Duco SushiSwap price": 6.23366e-06, "Duco UbeSwap price": 2.891638595203949e-05, "Duco price": 5.604e-05, "Duco price BCH": 5.27e-06, "Duco price NANO": 3.38e-06, "Duco price TRX": 4.64e-06, "Duco price XMG": 0.0, "Duino-Coin Server API": "github.com/revoxhere/duino-coin", "Kolka": {"Banned": 1268, "Jailed": 98}, "Last block hash": "8de4bc0b3fa1580ec7f3421feb9644fc8ead02b8", "Last sync": 1675206443.0380738, "Last update": "31/01/2023 23:07:28 (UTC)", "Mined blocks": 348075441049, "Miner distribution": {"All": 32470, "Arduino": 3942, "CPU": 1364, "ESP32": 12016, "ESP8266": 13126, "GPU": 0, "Other": 6, "Phone": 14, "RPi": 1660, "Web": 342}, "Net energy usage": "23.93 kW", "Open threads": 24, "Pool hashrate": "2439.37 MH/s", "Registered users": 87897, "Server CPU usage": 42.6, "Server RAM usage": 54.3, "Server version": 3.0, "Top 10 richest miners": ["82207037.29311627 DUCO - coinexchange", "41220007.34345014 DUCO - bscDUCO", "20119946.6942 DUCO - viviana80", "15115363.695 DUCO - Ochios", "11692429.559071772 DUCO - QQ44142894", "10759939.638689265 DUCO - fiorella71", "8125736.123916335 DUCO - Orion_0x43b", "6815519.013146193 DUCO - lordachoo", "5637139.684 DUCO - sudoerrno", "4001341.444317891 DUCO - CryptoCampbell"], "XXHASH hashrate": "0 H/s"}