{"Active connections": 1080, "All-time mined DUCO": 739745014.7065525, "Current difficulty": 200000, "DUCO-S1 hashrate": "2.669 GH/s", "Duco FluffySwap price": 7.882e-06, "Duco Furim price": 0.0, "Duco Node-S price": 0.0, "Duco PancakeSwap price": 8.57789e-06, "Duco SunSwap price": 9.165e-05, "Duco SushiSwap price": 1.2962107682626e-05, "Duco UbeSwap price": 1.1191491992827553e-05, "Duco price": 0.00024, "Duco price BCH": 0.00016806, "Duco price NANO": 0.00024, "Duco price TRX": 1.127e-05, "Duco price XMG": 4.164e-05, "Duino-Coin Server API": "github.com/revoxhere/duino-coin", "Kolka": {"Banned": 5949, "Jailed": 182}, "Last block hash": "8de4bc0b3fa1580ec7f3421feb9644fc8ead02b8", "Last sync": 1717802425.8750575, "Last update": "07/06/2024 23:20:25 (UTC)", "Mined blocks": 525603872785, "Miner distribution": {"All": 18329, "Arduino": 2286, "CPU": 1056, "ESP32": 7539, "ESP8266": 5966, "GPU": 0, "Other": 13, "Phone": 4, "RPi": 1255, "Web": 210}, "Net energy usage": "15.46 kW", "Open threads": 27, "Pool hashrate": "2668.972 MH/s", "Registered users": 102773, "Server CPU usage": 54.5, "Server RAM usage": 90.3, "Server version": 4.0, "Top 10 richest miners": ["79226409.78550309 DUCO - bscDUCO", "30792510.456 DUCO - Flowen1985", "30547106.689035717 DUCO - AlmarRido", "20119947.6942 DUCO - viviana80", "18545685.805999998 DUCO - bimbasimba94", "14898328.6082273 DUCO - aimbert", "14844357.250318728 DUCO - ctecrypto", "12720440.59109726 DUCO - QQ44142894", "11315953.598763265 DUCO - duinousa", "11015478.642 DUCO - Rafa2000"], "XXHASH hashrate": "0 H/s"}