{"Active connections": 1536, "All-time mined DUCO": 86530697.15759443, "Current difficulty": 75000, "DUCO-S1 hashrate": "2.9 GH/s", "Duco FluffySwap price": 2.7e-05, "Duco Furim price": 0.0, "Duco Node-S price": 0.0, "Duco PancakeSwap price": 3.8e-05, "Duco SunSwap price": 0.000152, "Duco SushiSwap price": 1.7e-05, "Duco UbeSwap price": 2.9e-05, "Duco price": 0.000351, "Duco price BCH": 3.9e-05, "Duco price NANO": 2.5e-05, "Duco price TRX": 2.7e-05, "Duco price XMG": 0.000351, "Duino-Coin Server API": "github.com/revoxhere/duino-coin", "Kolka": {"Banned": 1037, "Jailed": 82}, "Last block hash": "2eb3f8271cd947cdd6469be145558a7bcb72e0d9", "Last sync": 1663257509.2709255, "Last update": "15/09/2022 15:58:31 (UTC)", "Mined blocks": 261449041271, "Miner distribution": {"All": 38868, "Arduino": 4484, "CPU": 1994, "ESP32": 14419, "ESP8266": 16266, "GPU": 0, "Other": 6, "Phone": 51, "RPi": 1189, "Web": 459}, "Net energy usage": "29.81 kW", "Open threads": 22, "Pool hashrate": "2893.54 MH/s", "Registered users": 78749, "Server CPU usage": 43.5, "Server RAM usage": 56.9, "Server version": 3.0, "Top 10 richest miners": ["41003330.99251492 DUCO - bscDUCO", "22478666.79342974 DUCO - coinexchange", "15964250.693 DUCO - Ochios", "6974991.289071771 DUCO - QQ44142894", "3718802.901117677 DUCO - ctecrypto", "2368507.0 DUCO - Brunomoyses23", "2210288.919161586 DUCO - vyrdudji", "2150277.2774438574 DUCO - Flowen1985", "1867279.8362598072 DUCO - renderman", "1693194.3539562805 DUCO - giveaways"], "XXHASH hashrate": "0 H/s"}