{"Active connections": 976, "All-time mined DUCO": 176725428.21307868, "Current difficulty": 75000, "DUCO-S1 hashrate": "2.3 GH/s", "Duco FluffySwap price": 1.792e-06, "Duco Furim price": 0.0, "Duco Node-S price": 0.0, "Duco PancakeSwap price": 3.24737e-05, "Duco SunSwap price": 5.019e-05, "Duco SushiSwap price": 3.56999e-06, "Duco UbeSwap price": 2.852410137485506e-05, "Duco price": 5.019e-05, "Duco price BCH": 2.56e-06, "Duco price NANO": 1.86e-06, "Duco price TRX": 4.11e-06, "Duco price XMG": 0.0, "Duino-Coin Server API": "github.com/revoxhere/duino-coin", "Kolka": {"Banned": 1231, "Jailed": 94}, "Last block hash": "8de4bc0b3fa1580ec7f3421feb9644fc8ead02b8", "Last sync": 1672907988.4544551, "Last update": "05/01/2023 08:39:52 (UTC)", "Mined blocks": 333740168217, "Miner distribution": {"All": 33239, "Arduino": 3799, "CPU": 1182, "ESP32": 12466, "ESP8266": 13762, "GPU": 0, "Other": 44, "Phone": 15, "RPi": 1576, "Web": 395}, "Net energy usage": "23.17 kW", "Open threads": 24, "Pool hashrate": "2296.49 MH/s", "Registered users": 86437, "Server CPU usage": 46.5, "Server RAM usage": 37.2, "Server version": 3.0, "Top 10 richest miners": ["98292812.45695195 DUCO - coinexchange", "40220617.73070239 DUCO - bscDUCO", "20119945.00125 DUCO - viviana80", "14965357.425395073 DUCO - Ochios", "13675334.218015814 DUCO - ctecrypto", "11692429.559071772 DUCO - QQ44142894", "10759939.638689265 DUCO - fiorella71", "8125736.123916335 DUCO - Orion_0x43b", "6809013.081920544 DUCO - lordachoo", "4267666.823 DUCO - Demoel"], "XXHASH hashrate": "0 H/s"}