{"Active connections": 1397, "All-time mined DUCO": 90964018.0100651, "Current difficulty": 75000, "DUCO-S1 hashrate": "3.1 GH/s", "Duco FluffySwap price": 2.1e-05, "Duco Furim price": 0.0, "Duco Node-S price": 0.0, "Duco PancakeSwap price": 4.4e-05, "Duco SunSwap price": 0.000132, "Duco SushiSwap price": 1.6e-05, "Duco UbeSwap price": 2.9e-05, "Duco price": 0.000132, "Duco price BCH": 3e-05, "Duco price NANO": 1.2e-05, "Duco price TRX": 1.5e-05, "Duco price XMG": 0.000107, "Duino-Coin Server API": "github.com/revoxhere/duino-coin", "Kolka": {"Banned": 1037, "Jailed": 82}, "Last block hash": "2eb3f8271cd947cdd6469be145558a7bcb72e0d9", "Last sync": 1663410795.3834536, "Last update": "17/09/2022 10:33:18 (UTC)", "Mined blocks": 262655812470, "Miner distribution": {"All": 39140, "Arduino": 4776, "CPU": 2072, "ESP32": 14284, "ESP8266": 16374, "GPU": 0, "Other": 9, "Phone": 43, "RPi": 1201, "Web": 381}, "Net energy usage": "30.3 kW", "Open threads": 22, "Pool hashrate": "3132.82 MH/s", "Registered users": 78914, "Server CPU usage": 43.3, "Server RAM usage": 54.2, "Server version": 3.0, "Top 10 richest miners": ["40921601.99251492 DUCO - bscDUCO", "18259716.61040955 DUCO - coinexchange", "15964258.47 DUCO - Ochios", "6974991.289071771 DUCO - QQ44142894", "3718986.9678702694 DUCO - ctecrypto", "2750215.633155582 DUCO - goddani", "2368507.0 DUCO - Brunomoyses23", "2210288.919161586 DUCO - vyrdudji", "2150285.054443857 DUCO - Flowen1985", "1867287.8249880502 DUCO - renderman"], "XXHASH hashrate": "0 H/s"}