{"Active connections": 2615, "All-time mined DUCO": 19409192.259951524, "Current difficulty": 75000, "DUCO-S1 hashrate": "2242.9 MH/s", "Duco JustSwap price": 0.00012178, "Duco Node-S price": 2.1e-05, "Duco PancakeSwap price": 0.000257917, "Duco SushiSwap price": 0.000665206, "Duco price": 0.000665206, "Duco price BCH": 2.115e-05, "Duco price NANO": 1.224e-05, "Duco price TRX": 8.528e-05, "Duco price XMG": 0.00035174, "Duino-Coin Server API": "github.com/revoxhere/duino-coin", "Kolka": {"Banned": 772, "Jailed": 24}, "Last block hash": "2eb3f8271c", "Last sync": 1642011166.293838, "Last update": "12/01/2022 18:12:46 (UTC)", "Mined blocks": 83170998210, "Miner distribution": {"All": 36503, "Arduino": 6630, "CPU": 6252, "ESP32": 6270, "ESP8266": 10593, "GPU": 0, "Other": 46, "Phone": 720, "RPi": 2882, "Web": 3110}, "Net energy usage": "56.54 kW", "Open threads": 21, "Pool hashrate": "2242.91 MH/s", "Registered users": 43846, "Server CPU usage": 46.6, "Server RAM usage": 44.4, "Server version": 2.7, "Top 10 richest miners": ["6396660.303814735 DUCO - bscDUCO", "532455.820632083 DUCO - NodeSBroker", "397162.15067505674 DUCO - James_themac", "305958.3835812061 DUCO - bimbasimba94", "202869.98531273764 DUCO - maticDUCO", "190582.057104081 DUCO - celoDUCO", "170241.298916613 DUCO - Bacman", "120000.999999999 DUCO - rootbori", "109226.90933510436 DUCO - miningvir", "101699.51987956966 DUCO - haxorcitoz"], "XXHASH hashrate": "0 H/s"}