{"Duino-Coin Server API": "github.com/revoxhere/duino-coin", "Server version": 2.7, "Active connections": 20490, "Open threads": 22, "Server CPU usage": 58.0, "Server RAM usage": 39.3, "Last update": "23/09/2021 22:06:26 (UTC)", "Net energy usage": "68.13 kW", "Pool hashrate": "1340.4953 MH/s", "DUCO-S1 hashrate": "1311.9 MH/s", "XXHASH hashrate": "28.6 MH/s", "Duco price": 0.00111629, "Duco price XMG": 0.00089678, "Duco price BCH": 0.0008246, "Duco price RVN": 0.00074307, "Duco price TRX": 0.00049412, "Duco price XRP": 0.00034709, "Duco price DGB": 0.00068499, "Duco price NANO": 0.0007453, "Duco price FJC": 0.00078829, "Duco Node-S price": 0, "Duco JustSwap price": 0.00064435, "Duco PancakeSwap price": 0.00111629, "Duco SushiSwap price": 0.000608, "Registered users": 18563, "All-time mined DUCO": 11543687.429261047, "Current difficulty": 875340, "Mined blocks": 21008596298, "Last block hash": "730b6127b9", "Kolka": {"Jailed": 24, "Banned": 642}, "Miner distribution": {"GPU": 1, "CPU": 3813, "RPi": 2280, "Phone": 157, "Web": 647, "ESP32": 10381, "ESP8266": 11944, "Arduino": 6322, "Other": 66}, "Top 10 richest miners": ["2254670.733941854 DUCO - bscDUCO", "931223.3535032906 DUCO - James_themac", "521500.1558491204 DUCO - 52Pickup", "170056.7577352893 DUCO - Bacman", "123387.18511437952 DUCO - amornlit", "121182.95645208658 DUCO - rootbori", "101980.8505676074 DUCO - bimbasimba94", "86642.55097006791 DUCO - caancom", "83098.16 DUCO - celoDUCO", "67049.7853744245 DUCO - giveaways"]}