{"Duino-Coin Server API": "github.com/revoxhere/duino-coin", "Server version": 2.7, "Active connections": 17900, "Open threads": 23, "Server CPU usage": 44.7, "Server RAM usage": 66.4, "Last update": "23/10/2021 21:07:50 (UTC)", "Net energy usage": "35.86 kW", "Pool hashrate": "1311.8 MH/s", "DUCO-S1 hashrate": "1311.8 MH/s", "XXHASH hashrate": "0 H/s", "Duco price": 0.00120173, "Duco price XMG": 0.00036682, "Duco price BCH": 0.00041201, "Duco price RVN": 0.00052423, "Duco price TRX": 0.0003947, "Duco price XRP": 0.00019877, "Duco price DGB": 0.00066035, "Duco price NANO": 0.00066136, "Duco price FJC": 0.0006565, "Duco Node-S price": 5.1e-05, "Duco JustSwap price": 0.00120173, "Duco PancakeSwap price": 0.000891066, "Duco SushiSwap price": 0.000938335, "Registered users": 21459, "All-time mined DUCO": 15676958.890198613, "Current difficulty": 125000, "Mined blocks": 32184998658, "Last block hash": "f97e984450", "Kolka": {"Jailed": 48, "Banned": 1343}, "Miner distribution": {"GPU": 0, "CPU": 3284, "RPi": 1935, "Phone": 271, "Web": 519, "ESP32": 10817, "ESP8266": 11835, "Arduino": 5567, "Other": 126, "All": 34354}, "Top 10 richest miners": ["2935710.3021603785 DUCO - bscDUCO", "586542.3539601222 DUCO - NodeSBroker", "539752.31009022 DUCO - coinexchange", "521520.1555491204 DUCO - 52Pickup", "400834.33488544094 DUCO - James_themac", "173540.89104597003 DUCO - celoDUCO", "170240.13285850236 DUCO - Bacman", "123387.18511437952 DUCO - amornlit", "121685.90546844892 DUCO - rootbori", "88292.9076526258 DUCO - caancom"]}