{"Active connections": 771, "All-time mined DUCO": 1133208083.092337, "Current difficulty": 75000, "DUCO-S1 hashrate": "2.222 GH/s", "Duco FluffySwap price": 3.6749999999999995e-06, "Duco Furim price": 0.0, "Duco Node-S price": 0.0, "Duco PancakeSwap price": 7.2694e-06, "Duco SunSwap price": 8.367e-05, "Duco SushiSwap price": 1.01312e-05, "Duco UbeSwap price": 2.9093097913322633e-05, "Duco price": 8.367e-05, "Duco price BCH": 5.24e-06, "Duco price NANO": 1.06e-06, "Duco price TRX": 2.09e-06, "Duco price XMG": 1.59e-05, "Duino-Coin Server API": "github.com/revoxhere/duino-coin", "Kolka": {"Banned": 5673, "Jailed": 168}, "Last block hash": "8de4bc0b3fa1580ec7f3421feb9644fc8ead02b8", "Last sync": 1694999716.570023, "Last update": "18/09/2023 01:15:20 (UTC)", "Mined blocks": 450061734045, "Miner distribution": {"All": 20293, "Arduino": 2177, "CPU": 782, "ESP32": 8462, "ESP8266": 7566, "GPU": 0, "Other": 13, "Phone": 3, "RPi": 1258, "Web": 32}, "Net energy usage": "14.72 kW", "Open threads": 23, "Pool hashrate": "2222.109 MH/s", "Registered users": 95855, "Server CPU usage": 42.1, "Server RAM usage": 44.8, "Server version": 3.0, "Top 10 richest miners": ["495743830.67087966 DUCO - coinexchange", "352897369.0152304 DUCO - coinexchange", "70930831.64457695 DUCO - bscDUCO", "39628683.974 DUCO - AlmarRido", "26715205.756351646 DUCO - giveaways", "24485940.745 DUCO - Flowen1985", "20119947.6942 DUCO - viviana80", "14729329.442133553 DUCO - ctecrypto", "12720440.559071772 DUCO - QQ44142894", "11425090.305 DUCO - bimbasimba94"], "XXHASH hashrate": "0 H/s"}