{"Duino-Coin Server API": "github.com/revoxhere/duino-coin", "Server version": 2.6, "Active connections": 5854, "Open threads": 24, "Server CPU usage": 63.4, "Server RAM usage": 61.9, "Last update": "14/08/2021 06:41:44 (UTC)", "Net energy usage": "78.48 kW", "Pool hashrate": "3.2772 GH/s", "DUCO-S1 hashrate": "3.2 GH/s", "XXHASH hashrate": "39.6 MH/s", "Duco price": 0.015304, "Duco price XMG": 0.01530362, "Duco price BCH": 0.00165423, "Duco price TRX": 0.00179202, "Duco price XRP": 0.001995, "Duco price DGB": 0.00190575, "Duco Node-S price": 0.015304, "Duco JustSwap price": 0.00631196, "Duco PancakeSwap price": 0.00420784, "Registered users": 19605, "All-time mined DUCO": 5318567.85259357, "Current difficulty": 422055, "Mined blocks": 10129390346, "Last block hash": "9341b1272a", "Kolka": {"Jailed": 0, "Banned": 417}, "Miner distribution": {"GPU": 0, "CPU": 5792, "RPi": 1765, "ESP32": 7589, "ESP8266": 9149, "Arduino": 5448, "Other": 244}, "Top 10 richest miners": ["469890.6717687579 DUCO - bscDUCO", "169530.17670382548 DUCO - Bacman", "113025.95271889742 DUCO - amornlit", "109005.35100382978 DUCO - 52Pickup", "86052.17593204974 DUCO - caancom", "79999.90636678287 DUCO - noixauvk", "63198.40377963258 DUCO - coinexchange", "50288.45762651612 DUCO - duinocrfsh", "50155.10584742107 DUCO - rootbori", "47119.90790638301 DUCO - chipsa"]}