{"Active connections": 407, "All-time mined DUCO": 767342774.8974266, "Current difficulty": 200000, "DUCO-S1 hashrate": "1.868 GH/s", "Duco FluffySwap price": 2.1272999999999998e-05, "Duco Furim price": 0.0, "Duco Node-S price": 0.0, "Duco PancakeSwap price": 1.31425e-05, "Duco SunSwap price": 2.907e-05, "Duco SushiSwap price": 8.987494203495e-06, "Duco UbeSwap price": 1.568e-05, "Duco price": 3.785e-05, "Duco price BCH": 0.0, "Duco price NANO": 0.0, "Duco price TRX": 3.039e-05, "Duco price XMG": 3.785e-05, "Duino-Coin Server API": "github.com/revoxhere/duino-coin", "Kolka": {"Banned": 6040, "Jailed": 191}, "Last block hash": "8de4bc0b3fa1580ec7f3421feb9644fc8ead02b8", "Last sync": 1726956187.42258, "Last update": "21/09/2024 22:03:07 (UTC)", "Mined blocks": 552356213161, "Miner distribution": {"All": 14747, "Arduino": 1976, "CPU": 732, "ESP32": 4845, "ESP8266": 5965, "GPU": 0, "Other": 11, "Phone": 18, "RPi": 1094, "Web": 106}, "Net energy usage": "11.92 kW", "Open threads": 29, "Pool hashrate": "1867.649 MH/s", "Registered users": 106229, "Server CPU usage": 58.4, "Server RAM usage": 69.9, "Server version": 4.0, "Top 10 richest miners": ["237343834.18527272 DUCO - coinexchange", "85498978.52646369 DUCO - bscDUCO", "35576240.569 DUCO - AlmarRido", "30855598.808 DUCO - Flowen1985", "18317539.132 DUCO - bimbasimba94", "16128552.502000002 DUCO - viviana80", "14958504.514182903 DUCO - aimbert", "14847133.194062889 DUCO - ctecrypto", "12721943.39257476 DUCO - QQ44142894", "11365384.179663561 DUCO - duinousa"], "XXHASH hashrate": "0 H/s"}