{"Active connections": 1420, "All-time mined DUCO": 51832172.32314067, "Current difficulty": 1000000, "DUCO-S1 hashrate": "4.7 GH/s", "Duco Furim price": 0.0, "Duco Node-S price": 0.0, "Duco PancakeSwap price": 5.9e-05, "Duco SunSwap price": 5.5e-05, "Duco SushiSwap price": 1.4e-05, "Duco UbeSwap price": 0.0001, "Duco price": 0.0001, "Duco price BCH": 7e-06, "Duco price NANO": 3.7e-05, "Duco price TRX": 1.9e-05, "Duco price XMG": 5.2e-05, "Duino-Coin Server API": "github.com/revoxhere/duino-coin", "Kolka": {"Banned": 779, "Jailed": 47}, "Last block hash": "2eb3f8271cd947cdd6469be145558a7bcb72e0d9", "Last sync": 1652103076.3248408, "Last update": "09/05/2022 13:31:17 (UTC)", "Mined blocks": 174002667110, "Miner distribution": {"All": 41563, "Arduino": 6140, "CPU": 3569, "ESP32": 13538, "ESP8266": 15601, "GPU": 0, "Other": 71, "Phone": 171, "RPi": 1984, "Web": 489}, "Net energy usage": "40.75 kW", "Open threads": 21, "Pool hashrate": "4686.22 MH/s", "Registered users": 73306, "Server CPU usage": 33.3, "Server RAM usage": 41.8, "Server version": 3.0, "Top 10 richest miners": ["27236277.70799496 DUCO - bscDUCO", "6803499.999997091 DUCO - Ochios", "3729065.9801544636 DUCO - QQ44142894", "2210288.9385462017 DUCO - vyrdudji", "2100947.3857661597 DUCO - varanese67", "1597259.6020304663 DUCO - coinexchange", "1458545.307733561 DUCO - maticDUCO", "1209839.3105654893 DUCO - James_themac", "1150617.7002611258 DUCO - ctecrypto", "958270.9169424996 DUCO - econnaty"], "XXHASH hashrate": "0 H/s"}