{"Active connections": 4265, "All-time mined DUCO": 18877509.80385373, "Current difficulty": 75000, "DUCO-S1 hashrate": "1419.6 MH/s", "Duco JustSwap price": 9.686e-05, "Duco Node-S price": 2.1e-05, "Duco PancakeSwap price": 0.000594663, "Duco SushiSwap price": 0.000356015, "Duco price": 0.000594663, "Duco price BCH": 4.384e-05, "Duco price DGB": 0.0, "Duco price NANO": 1.38e-05, "Duco price RVN": 0.0, "Duco price TRX": 9.933e-05, "Duco price XMG": 0.00025715, "Duco price XRP": 0.0, "Duino-Coin Server API": "github.com/revoxhere/duino-coin", "Kolka": {"Banned": 720, "Jailed": 24}, "Last block hash": "2eb3f8271c", "Last update": "22/12/2021 02:18:46 (UTC)", "Mined blocks": 66907214370, "Miner distribution": {"All": 33554, "Arduino": 7182, "CPU": 4158, "ESP32": 8619, "ESP8266": 9951, "GPU": 0, "Other": 22, "Phone": 245, "RPi": 2522, "Web": 855}, "Net energy usage": "41.18 kW", "Open threads": 21, "Pool hashrate": "1419.57 MH/s", "Registered users": 31344, "Server CPU usage": 74.9, "Server RAM usage": 44.4, "Server version": 2.7, "Top 10 richest miners": ["4706658.593935322 DUCO - bscDUCO", "869298.0562999706 DUCO - coinexchange", "530426.5372981913 DUCO - NodeSBroker", "397162.15067505674 DUCO - James_themac", "300520.321607231 DUCO - 52Pickup", "253794.60436257077 DUCO - bimbasimba94", "249264.804861081 DUCO - miningvir", "198922.65397534758 DUCO - maticDUCO", "190582.057104081 DUCO - celoDUCO", "170241.298916613 DUCO - Bacman"], "XXHASH hashrate": "0 H/s"}