{"Active connections": 751, "All-time mined DUCO": 219165258.22835508, "Current difficulty": 75000, "DUCO-S1 hashrate": "2.2 GH/s", "Duco FluffySwap price": 3.143e-06, "Duco Furim price": 0.0, "Duco Node-S price": 0.0, "Duco PancakeSwap price": 2.58901e-05, "Duco SunSwap price": 2.152e-05, "Duco SushiSwap price": 3.29103e-05, "Duco UbeSwap price": 2.8687163822298956e-05, "Duco price": 3.29103e-05, "Duco price BCH": 4.49e-06, "Duco price NANO": 2.96e-06, "Duco price TRX": 4.42e-06, "Duco price XMG": 0.0, "Duino-Coin Server API": "github.com/revoxhere/duino-coin", "Kolka": {"Banned": 1333, "Jailed": 114}, "Last block hash": "8de4bc0b3fa1580ec7f3421feb9644fc8ead02b8", "Last sync": 1678608546.8091009, "Last update": "12/03/2023 08:09:11 (UTC)", "Mined blocks": 369020583771, "Miner distribution": {"All": 29713, "Arduino": 3604, "CPU": 944, "ESP32": 11443, "ESP8266": 11894, "GPU": 0, "Other": 7, "Phone": 23, "RPi": 1529, "Web": 269}, "Net energy usage": "20.1 kW", "Open threads": 25, "Pool hashrate": "2195.82 MH/s", "Registered users": 90158, "Server CPU usage": 49.4, "Server RAM usage": 36.6, "Server version": 3.0, "Top 10 richest miners": ["502784079.50758314 DUCO - coinexchange", "31912010.928276174 DUCO - bscDUCO", "20119946.6942 DUCO - viviana80", "15115364.7271 DUCO - Ochios", "14092651.662304997 DUCO - ctecrypto", "11692429.559071772 DUCO - QQ44142894", "10759939.638689265 DUCO - fiorella71", "8125736.123916335 DUCO - Orion_0x43b", "6824493.8870077515 DUCO - lordachoo", "5856431.7977628475 DUCO - msdo1006"], "XXHASH hashrate": "0 H/s"}