{"Active connections": 1189, "All-time mined DUCO": 157997093.0688595, "Current difficulty": 75000, "DUCO-S1 hashrate": "2.8 GH/s", "Duco FluffySwap price": 1.1507999999999999e-05, "Duco Furim price": 0.0, "Duco Node-S price": 0.0, "Duco PancakeSwap price": 5.26153e-05, "Duco SunSwap price": 5.042e-05, "Duco SushiSwap price": 1.61789e-05, "Duco UbeSwap price": 2.931300785709489e-05, "Duco price": 5.26153e-05, "Duco price BCH": 1.65e-05, "Duco price NANO": 7.65e-06, "Duco price TRX": 5.51e-06, "Duco price XMG": 0.0, "Duino-Coin Server API": "github.com/revoxhere/duino-coin", "Kolka": {"Banned": 1184, "Jailed": 90}, "Last block hash": "8de4bc0b3fa1580ec7f3421feb9644fc8ead02b8", "Last sync": 1670740560.407349, "Last update": "11/12/2022 06:36:04 (UTC)", "Mined blocks": 319232525094, "Miner distribution": {"All": 33903, "Arduino": 4006, "CPU": 1431, "ESP32": 12626, "ESP8266": 13750, "GPU": 0, "Other": 11, "Phone": 42, "RPi": 1677, "Web": 360}, "Net energy usage": "24.98 kW", "Open threads": 24, "Pool hashrate": "2779.93 MH/s", "Registered users": 85141, "Server CPU usage": 43.9, "Server RAM usage": 47.6, "Server version": 3.0, "Top 10 richest miners": ["38531229.63978844 DUCO - bscDUCO", "20119945.00125 DUCO - viviana80", "14965353.225385074 DUCO - Ochios", "11692429.559071772 DUCO - QQ44142894", "10759939.638689265 DUCO - fiorella71", "8125650.671058166 DUCO - Orion_0x43b", "5577268.620333553 DUCO - coinexchange", "4267666.823 DUCO - Demoel", "4194744.3669 DUCO - AlmarRido", "2368507.0 DUCO - Brunomoyses23"], "XXHASH hashrate": "0 H/s"}