{"Active connections": 1019, "All-time mined DUCO": 735362549.5831914, "Current difficulty": 200000, "DUCO-S1 hashrate": "2.074 GH/s", "Duco FluffySwap price": 8.134e-06, "Duco Furim price": 0.0, "Duco Node-S price": 0.0, "Duco PancakeSwap price": 8.57789e-06, "Duco SunSwap price": 9.453e-05, "Duco SushiSwap price": 1.2962107682626e-05, "Duco UbeSwap price": 1.1191491992827553e-05, "Duco price": 0.000212, "Duco price BCH": 0.00014936, "Duco price NANO": 0.000212, "Duco price TRX": 1.162e-05, "Duco price XMG": 3.992e-05, "Duino-Coin Server API": "github.com/revoxhere/duino-coin", "Kolka": {"Banned": 5968, "Jailed": 183}, "Last block hash": "8de4bc0b3fa1580ec7f3421feb9644fc8ead02b8", "Last sync": 1718567346.6725113, "Last update": "16/06/2024 19:49:06 (UTC)", "Mined blocks": 527937102454, "Miner distribution": {"All": 18366, "Arduino": 2406, "CPU": 926, "ESP32": 7511, "ESP8266": 6046, "GPU": 0, "Other": 14, "Phone": 25, "RPi": 1263, "Web": 175}, "Net energy usage": "14.69 kW", "Open threads": 28, "Pool hashrate": "2073.778 MH/s", "Registered users": 103112, "Server CPU usage": 56.7, "Server RAM usage": 90.9, "Server version": 4.0, "Top 10 richest miners": ["250067619.48143998 DUCO - coinexchange", "80429679.78550309 DUCO - bscDUCO", "29547802.707830127 DUCO - AlmarRido", "24635208.6964704 DUCO - Flowen1985", "20120447.6942 DUCO - viviana80", "18547185.805999998 DUCO - bimbasimba94", "14898329.948412826 DUCO - aimbert", "14846637.840212539 DUCO - ctecrypto", "14173335.650647003 DUCO - duinousa", "12721940.59109726 DUCO - QQ44142894"], "XXHASH hashrate": "0 H/s"}