{"Duino-Coin Server API": "github.com/revoxhere/duino-coin", "Server version": 2.7, "Active connections": 6227, "Open threads": 23, "Server CPU usage": 52.1, "Server RAM usage": 34.1, "Last update": "25/09/2021 07:05:40 (UTC)", "Net energy usage": "70.0 kW", "Pool hashrate": "1352.2234 MH/s", "DUCO-S1 hashrate": "1320.6 MH/s", "XXHASH hashrate": "31.7 MH/s", "Duco price": 0.00105341, "Duco price XMG": 0.00085682, "Duco price BCH": 0.00077823, "Duco price RVN": 0.00069621, "Duco price TRX": 0.00046461, "Duco price XRP": 0.00033321, "Duco price DGB": 0.00063729, "Duco price NANO": 0.0006873, "Duco price FJC": 0.00076532, "Duco Node-S price": 0.000391, "Duco JustSwap price": 0.00042281, "Duco PancakeSwap price": 0.00105341, "Duco SushiSwap price": 0.000693224, "Registered users": 18706, "All-time mined DUCO": 11853262.976770068, "Current difficulty": 910891, "Mined blocks": 21861375695, "Last block hash": "730b6127b9", "Kolka": {"Jailed": 24, "Banned": 642}, "Miner distribution": {"GPU": 0, "CPU": 3846, "RPi": 2355, "Phone": 254, "Web": 1013, "ESP32": 10682, "ESP8266": 12399, "Arduino": 6502, "Other": 92}, "Top 10 richest miners": ["2276973.1401616535 DUCO - bscDUCO", "931231.3315333228 DUCO - James_themac", "521500.1558491204 DUCO - 52Pickup", "170240.13285850236 DUCO - Bacman", "133601.10104597002 DUCO - celoDUCO", "123387.18511437952 DUCO - amornlit", "121308.22457207607 DUCO - rootbori", "100019.6843885514 DUCO - bimbasimba94", "86759.8264775347 DUCO - caancom", "67049.7853744245 DUCO - giveaways"]}