{"Active connections": 964, "All-time mined DUCO": 92361078.48826128, "Current difficulty": 75000, "DUCO-S1 hashrate": "3.2 GH/s", "Duco FluffySwap price": 1.1941999999999998e-05, "Duco Furim price": 0.0, "Duco Node-S price": 0.0, "Duco PancakeSwap price": 3.73398e-05, "Duco SunSwap price": 8.144e-05, "Duco SushiSwap price": 4.69978e-05, "Duco UbeSwap price": 2.929910624286002e-05, "Duco price": 8.144e-05, "Duco price BCH": 1.71e-05, "Duco price NANO": 7.37e-06, "Duco price TRX": 6.26e-06, "Duco price XMG": 5.642e-05, "Duino-Coin Server API": "github.com/revoxhere/duino-coin", "Kolka": {"Banned": 1114, "Jailed": 85}, "Last block hash": "8de4bc0b3fa1580ec7f3421feb9644fc8ead02b8", "Last sync": 1666758796.9256911, "Last update": "26/10/2022 04:33:19 (UTC)", "Mined blocks": 288614794631, "Miner distribution": {"All": 37742, "Arduino": 4586, "CPU": 2270, "ESP32": 13108, "ESP8266": 16031, "GPU": 0, "Other": 29, "Phone": 67, "RPi": 1278, "Web": 373}, "Net energy usage": "30.99 kW", "Open threads": 23, "Pool hashrate": "3192.81 MH/s", "Registered users": 81918, "Server CPU usage": 46.2, "Server RAM usage": 50.4, "Server version": 3.0, "Top 10 richest miners": ["38401231.025158234 DUCO - bscDUCO", "29779854.997088045 DUCO - coinexchange", "15965319.80435637 DUCO - Ochios", "11692429.559071772 DUCO - QQ44142894", "2384193.1418357054 DUCO - lordachoo", "2368507.0 DUCO - Brunomoyses23", "2210288.919161586 DUCO - vyrdudji", "1615510.8630387518 DUCO - maticDUCO", "1457898.898 DUCO - amornlit", "1274893.8949313895 DUCO - Skywalker"], "XXHASH hashrate": "0 H/s"}