{"Active connections": 6535, "All-time mined DUCO": 17891751.14792363, "Current difficulty": 125000, "DUCO-S1 hashrate": "1115.9 MH/s", "Duco JustSwap price": 0.00048807, "Duco Node-S price": 0.00013, "Duco PancakeSwap price": 0.000656946, "Duco SushiSwap price": 0.000469464, "Duco price": 0.00139083, "Duco price BCH": 0.0, "Duco price DGB": 0.0, "Duco price NANO": 0.000447, "Duco price RVN": 0.0, "Duco price TRX": 0.0, "Duco price XMG": 0.00112208, "Duco price XRP": 0.0, "Duino-Coin Server API": "github.com/revoxhere/duino-coin", "Kolka": {"Banned": 685, "Jailed": 24}, "Last block hash": "2eb3f8271c", "Last update": "15/11/2021 20:34:48 (UTC)", "Mined blocks": 42452944592, "Miner distribution": {"All": 33555, "Arduino": 5919, "CPU": 2759, "ESP32": 10305, "ESP8266": 12010, "GPU": 0, "Other": 30, "Phone": 334, "RPi": 1770, "Web": 428}, "Net energy usage": "32.16 kW", "Open threads": 24, "Pool hashrate": "1115.87 MH/s", "Registered users": 24197, "Server CPU usage": 58.8, "Server RAM usage": 43.8, "Server version": 2.7, "Top 10 richest miners": ["3561281.495177199 DUCO - bscDUCO", "1290575.8000902194 DUCO - coinexchange", "591776.628131775 DUCO - NodeSBroker", "351150.1606789791 DUCO - James_themac", "300520.1555491204 DUCO - 52Pickup", "188487.89104597003 DUCO - celoDUCO", "170241.13285850236 DUCO - Bacman", "124636.10142340376 DUCO - maticDUCO", "123387.18511437952 DUCO - amornlit", "119999.99999999892 DUCO - rootbori"], "XXHASH hashrate": "0 H/s"}