{"Active connections": 758, "All-time mined DUCO": 738429496.7266141, "Current difficulty": 200000, "DUCO-S1 hashrate": "2.399 GH/s", "Duco FluffySwap price": 8.700999999999999e-06, "Duco Furim price": 0.0, "Duco Node-S price": 0.0, "Duco PancakeSwap price": 8.57789e-06, "Duco SunSwap price": 0.00010113, "Duco SushiSwap price": 1.2962107682626e-05, "Duco UbeSwap price": 1.1191491992827553e-05, "Duco price": 0.000244, "Duco price BCH": 0.00016912, "Duco price NANO": 0.000244, "Duco price TRX": 1.243e-05, "Duco price XMG": 4.017e-05, "Duino-Coin Server API": "github.com/revoxhere/duino-coin", "Kolka": {"Banned": 5922, "Jailed": 181}, "Last block hash": "8de4bc0b3fa1580ec7f3421feb9644fc8ead02b8", "Last sync": 1716001990.943815, "Last update": "18/05/2024 03:13:10 (UTC)", "Mined blocks": 520185023073, "Miner distribution": {"All": 17647, "Arduino": 2057, "CPU": 1039, "ESP32": 7032, "ESP8266": 6036, "GPU": 0, "Other": 28, "Phone": 48, "RPi": 1233, "Web": 174}, "Net energy usage": "15.08 kW", "Open threads": 27, "Pool hashrate": "2399.083 MH/s", "Registered users": 102004, "Server CPU usage": 28.5, "Server RAM usage": 93.1, "Server version": 4.0, "Top 10 richest miners": ["78785233.74889731 DUCO - bscDUCO", "39493232.42763998 DUCO - AlmarRido", "30792510.456 DUCO - Flowen1985", "20119947.6942 DUCO - viviana80", "17045685.805999998 DUCO - bimbasimba94", "14868542.986386187 DUCO - aimbert", "14842852.985245641 DUCO - ctecrypto", "12720440.585598174 DUCO - QQ44142894", "11314872.298114374 DUCO - duinousa", "10759939.638689265 DUCO - fiorella71"], "XXHASH hashrate": "0 H/s"}