{"Active connections": 1195, "All-time mined DUCO": 744272555.2094294, "Current difficulty": 200000, "DUCO-S1 hashrate": "1.529 GH/s", "Duco FluffySwap price": 9.421999999999999e-06, "Duco Furim price": 0.0, "Duco Node-S price": 0.0, "Duco PancakeSwap price": 8.57789e-06, "Duco SunSwap price": 2.576e-05, "Duco SushiSwap price": 1.2962107682626e-05, "Duco UbeSwap price": 1.1191491992827553e-05, "Duco price": 2.576e-05, "Duco price BCH": 0.0, "Duco price NANO": 0.0, "Duco price TRX": 1.347e-05, "Duco price XMG": 1.31e-06, "Duino-Coin Server API": "github.com/revoxhere/duino-coin", "Kolka": {"Banned": 5991, "Jailed": 191}, "Last block hash": "8de4bc0b3fa1580ec7f3421feb9644fc8ead02b8", "Last sync": 1721580395.2442653, "Last update": "21/07/2024 16:46:35 (UTC)", "Mined blocks": 537323854900, "Miner distribution": {"All": 17782, "Arduino": 2131, "CPU": 887, "ESP32": 7553, "ESP8266": 5899, "GPU": 0, "Other": 11, "Phone": 21, "RPi": 1115, "Web": 165}, "Net energy usage": "14.06 kW", "Open threads": 27, "Pool hashrate": "1528.976 MH/s", "Registered users": 104336, "Server CPU usage": 63.0, "Server RAM usage": 91.2, "Server version": 4.0, "Top 10 richest miners": ["247390451.5875054 DUCO - coinexchange", "81473387.50800352 DUCO - bscDUCO", "30000991.1298474 DUCO - AlmarRido", "24635208.6964704 DUCO - Flowen1985", "18660230.416609924 DUCO - aimbert", "18280977.178 DUCO - bimbasimba94", "16096358.288900001 DUCO - viviana80", "14847133.194062889 DUCO - ctecrypto", "12721940.59109726 DUCO - QQ44142894", "11341269.444385815 DUCO - duinousa"], "XXHASH hashrate": "0 H/s"}