{"Duino-Coin Server API": "github.com/revoxhere/duino-coin", "Server version": 2.7, "Active connections": 22266, "Open threads": 23, "Server CPU usage": 59.8, "Server RAM usage": 37.2, "Last update": "27/09/2021 16:07:06 (UTC)", "Net energy usage": "71.07 kW", "Pool hashrate": "1433.9485 MH/s", "DUCO-S1 hashrate": "1388.9 MH/s", "XXHASH hashrate": "45.1 MH/s", "Duco price": 0.00106335, "Duco price XMG": 0.00086668, "Duco price BCH": 0.00035069, "Duco price RVN": 0.00050274, "Duco price TRX": 0.00050352, "Duco price XRP": 0.00020006, "Duco price DGB": 0.00049782, "Duco price NANO": 0.0005, "Duco price FJC": 0.0005, "Duco Node-S price": 0.00036, "Duco JustSwap price": 0.00076527, "Duco PancakeSwap price": 0.00106335, "Duco SushiSwap price": 0.000692305, "Registered users": 18991, "All-time mined DUCO": 12393111.048898757, "Current difficulty": 972886, "Mined blocks": 23349291386, "Last block hash": "730b6127b9", "Kolka": {"Jailed": 24, "Banned": 642}, "Miner distribution": {"GPU": 0, "CPU": 3804, "RPi": 2461, "Phone": 310, "Web": 1236, "ESP32": 11680, "ESP8266": 12680, "Arduino": 6189, "Other": 84, "All": 38444}, "Top 10 richest miners": ["2355258.9399418114 DUCO - bscDUCO", "911823.2266695871 DUCO - James_themac", "521520.1555491204 DUCO - 52Pickup", "170240.13285850236 DUCO - Bacman", "163500.10104597002 DUCO - celoDUCO", "123387.18511437952 DUCO - amornlit", "121447.37024653809 DUCO - rootbori", "100061.09317931556 DUCO - bimbasimba94", "86978.95889348506 DUCO - caancom", "61772.559390000046 DUCO - coinexchange"]}