{"Active connections": 368, "All-time mined DUCO": 773761951.4956841, "Current difficulty": 200000, "DUCO-S1 hashrate": "1.802 GH/s", "Duco FluffySwap price": 2.0978999999999997e-05, "Duco Furim price": 0.0, "Duco Node-S price": 0.0, "Duco PancakeSwap price": 1.31425e-05, "Duco SunSwap price": 2.868e-05, "Duco SushiSwap price": 8.987494203495e-06, "Duco UbeSwap price": 1.568e-05, "Duco price": 3.513e-05, "Duco price BCH": 0.0, "Duco price NANO": 0.0, "Duco price TRX": 2.998e-05, "Duco price XMG": 3.513e-05, "Duino-Coin Server API": "github.com/revoxhere/duino-coin", "Kolka": {"Banned": 6032, "Jailed": 191}, "Last block hash": "8de4bc0b3fa1580ec7f3421feb9644fc8ead02b8", "Last sync": 1726559351.2234173, "Last update": "17/09/2024 07:49:11 (UTC)", "Mined blocks": 551220502738, "Miner distribution": {"All": 14995, "Arduino": 2013, "CPU": 747, "ESP32": 5022, "ESP8266": 5905, "GPU": 0, "Other": 10, "Phone": 34, "RPi": 1089, "Web": 175}, "Net energy usage": "12.12 kW", "Open threads": 28, "Pool hashrate": "1802.27 MH/s", "Registered users": 106075, "Server CPU usage": 57.4, "Server RAM usage": 64.2, "Server version": 4.0, "Top 10 richest miners": ["235283376.43754274 DUCO - coinexchange", "85495978.52646369 DUCO - bscDUCO", "35576240.569 DUCO - AlmarRido", "30855598.808 DUCO - Flowen1985", "20160690.628000002 DUCO - viviana80", "18317539.132 DUCO - bimbasimba94", "14958490.93065986 DUCO - aimbert", "14847133.194062889 DUCO - ctecrypto", "12721943.39257476 DUCO - QQ44142894", "11365378.668409316 DUCO - duinousa"], "XXHASH hashrate": "0 H/s"}