{"Active connections": 1161, "All-time mined DUCO": 194910829.5121603, "Current difficulty": 75000, "DUCO-S1 hashrate": "2.4 GH/s", "Duco FluffySwap price": 2.3589999999999998e-06, "Duco Furim price": 0.0, "Duco Node-S price": 0.0, "Duco PancakeSwap price": 3.49375e-05, "Duco SunSwap price": 5.601e-05, "Duco SushiSwap price": 5.8675e-06, "Duco UbeSwap price": 2.930907137581414e-05, "Duco price": 5.601e-05, "Duco price BCH": 3.37e-06, "Duco price NANO": 1.97e-06, "Duco price TRX": 4.64e-06, "Duco price XMG": 0.0, "Duino-Coin Server API": "github.com/revoxhere/duino-coin", "Kolka": {"Banned": 1252, "Jailed": 98}, "Last block hash": "8de4bc0b3fa1580ec7f3421feb9644fc8ead02b8", "Last sync": 1674775862.1339762, "Last update": "26/01/2023 23:31:08 (UTC)", "Mined blocks": 345291266713, "Miner distribution": {"All": 34147, "Arduino": 3994, "CPU": 1328, "ESP32": 13057, "ESP8266": 13732, "GPU": 0, "Other": 30, "Phone": 12, "RPi": 1598, "Web": 396}, "Net energy usage": "24.38 kW", "Open threads": 24, "Pool hashrate": "2414.87 MH/s", "Registered users": 87611, "Server CPU usage": 59.8, "Server RAM usage": 56.2, "Server version": 3.0, "Top 10 richest miners": ["82496769.20646729 DUCO - coinexchange", "41220007.34345014 DUCO - bscDUCO", "20119946.6942 DUCO - viviana80", "11692429.559071772 DUCO - QQ44142894", "10759939.638689265 DUCO - fiorella71", "8125736.123916335 DUCO - Orion_0x43b", "7695798.286 DUCO - RNGesus", "6813912.650923619 DUCO - lordachoo", "6561235.024 DUCO - saikrsa", "5637139.684 DUCO - sudoerrno"], "XXHASH hashrate": "0 H/s"}