{"Active connections": 988, "All-time mined DUCO": 743929503.944268, "Current difficulty": 200000, "DUCO-S1 hashrate": "1.606 GH/s", "Duco FluffySwap price": 9.373e-06, "Duco Furim price": 0.0, "Duco Node-S price": 0.0, "Duco PancakeSwap price": 8.57789e-06, "Duco SunSwap price": 0.00015086, "Duco SushiSwap price": 1.2962107682626e-05, "Duco UbeSwap price": 1.1191491992827553e-05, "Duco price": 0.00015086, "Duco price BCH": 0.0, "Duco price NANO": 0.0, "Duco price TRX": 1.34e-05, "Duco price XMG": 1.31e-06, "Duino-Coin Server API": "github.com/revoxhere/duino-coin", "Kolka": {"Banned": 5991, "Jailed": 191}, "Last block hash": "8de4bc0b3fa1580ec7f3421feb9644fc8ead02b8", "Last sync": 1721158177.1829228, "Last update": "16/07/2024 19:29:37 (UTC)", "Mined blocks": 536026458401, "Miner distribution": {"All": 18259, "Arduino": 2264, "CPU": 831, "ESP32": 7835, "ESP8266": 5975, "GPU": 0, "Other": 10, "Phone": 29, "RPi": 1158, "Web": 157}, "Net energy usage": "13.96 kW", "Open threads": 27, "Pool hashrate": "1606.378 MH/s", "Registered users": 104195, "Server CPU usage": 66.8, "Server RAM usage": 90.7, "Server version": 4.0, "Top 10 richest miners": ["247602027.22993472 DUCO - coinexchange", "81473387.50800352 DUCO - bscDUCO", "30001087.442 DUCO - AlmarRido", "24635208.6964704 DUCO - Flowen1985", "18660226.832638856 DUCO - aimbert", "18280977.178 DUCO - bimbasimba94", "16096358.288900001 DUCO - viviana80", "14847133.194062889 DUCO - ctecrypto", "12721940.59109726 DUCO - QQ44142894", "11341115.0496638 DUCO - duinousa"], "XXHASH hashrate": "0 H/s"}