{"Active connections": 1833, "All-time mined DUCO": 17609677.995226882, "Current difficulty": 75000, "DUCO-S1 hashrate": "1478.1 MH/s", "Duco JustSwap price": 0.00014337, "Duco Node-S price": 6.8e-05, "Duco PancakeSwap price": 0.000594663, "Duco SushiSwap price": 0.000356015, "Duco price": 0.00078066, "Duco price BCH": 9.587e-05, "Duco price DGB": 0.0, "Duco price NANO": 1.95e-05, "Duco price RVN": 0.0, "Duco price TRX": 0.00023244, "Duco price XMG": 0.00060396, "Duco price XRP": 0.0, "Duino-Coin Server API": "github.com/revoxhere/duino-coin", "Kolka": {"Banned": 708, "Jailed": 24}, "Last block hash": "2eb3f8271c", "Last update": "08/12/2021 09:49:58 (UTC)", "Mined blocks": 56925221469, "Miner distribution": {"All": 36936, "Arduino": 6707, "CPU": 4272, "ESP32": 11007, "ESP8266": 11270, "GPU": 0, "Other": 4, "Phone": 388, "RPi": 2303, "Web": 985}, "Net energy usage": "43.19 kW", "Open threads": 21, "Pool hashrate": "1478.05 MH/s", "Registered users": 28942, "Server CPU usage": 51.2, "Server RAM usage": 47.5, "Server version": 2.7, "Top 10 richest miners": ["4272495.632448392 DUCO - bscDUCO", "1550279.3181484297 DUCO - coinexchange", "588951.0732451914 DUCO - NodeSBroker", "351162.15067505674 DUCO - James_themac", "300520.321607231 DUCO - 52Pickup", "188488.057104081 DUCO - celoDUCO", "176315.58691112456 DUCO - maticDUCO", "170241.298916613 DUCO - Bacman", "119999.999999999 DUCO - rootbori", "101372.09402568438 DUCO - haxorcitoz"], "XXHASH hashrate": "0 H/s"}