{"Active connections": 913, "All-time mined DUCO": 743446117.4523911, "Current difficulty": 200000, "DUCO-S1 hashrate": "1.897 GH/s", "Duco FluffySwap price": 8.547e-06, "Duco Furim price": 0.0, "Duco Node-S price": 0.0, "Duco PancakeSwap price": 8.57789e-06, "Duco SunSwap price": 0.00013746, "Duco SushiSwap price": 1.2962107682626e-05, "Duco UbeSwap price": 1.1191491992827553e-05, "Duco price": 0.0001844, "Duco price BCH": 0.00013655, "Duco price NANO": 0.0001844, "Duco price TRX": 1.221e-05, "Duco price XMG": 3.93e-06, "Duino-Coin Server API": "github.com/revoxhere/duino-coin", "Kolka": {"Banned": 5970, "Jailed": 183}, "Last block hash": "8de4bc0b3fa1580ec7f3421feb9644fc8ead02b8", "Last sync": 1719353931.621668, "Last update": "25/06/2024 22:18:51 (UTC)", "Mined blocks": 530390658367, "Miner distribution": {"All": 18082, "Arduino": 2333, "CPU": 936, "ESP32": 7433, "ESP8266": 6012, "GPU": 0, "Other": 16, "Phone": 12, "RPi": 1169, "Web": 171}, "Net energy usage": "14.52 kW", "Open threads": 27, "Pool hashrate": "1896.767 MH/s", "Registered users": 103437, "Server CPU usage": 56.6, "Server RAM usage": 90.4, "Server version": 4.0, "Top 10 richest miners": ["248824094.39118993 DUCO - coinexchange", "80431448.78550309 DUCO - bscDUCO", "29548821.707830127 DUCO - AlmarRido", "24635208.6964704 DUCO - Flowen1985", "22851221.472 DUCO - bimbasimba94", "20120447.6942 DUCO - viviana80", "14898374.264616039 DUCO - aimbert", "14847133.194062889 DUCO - ctecrypto", "14175345.441963624 DUCO - duinousa", "12721940.59109726 DUCO - QQ44142894"], "XXHASH hashrate": "0 H/s"}