{"Active connections": 1353, "All-time mined DUCO": 98257341.35114916, "Current difficulty": 1000000, "DUCO-S1 hashrate": "3.7 GH/s", "Duco Furim price": 0.0, "Duco Node-S price": 0.0, "Duco PancakeSwap price": 2.7e-05, "Duco SunSwap price": 6.2e-05, "Duco SushiSwap price": 3.2e-05, "Duco UbeSwap price": 2.9e-05, "Duco price": 0.000175, "Duco price BCH": 4e-06, "Duco price NANO": 1.8e-05, "Duco price TRX": 1.3e-05, "Duco price XMG": 0.0, "Duino-Coin Server API": "github.com/revoxhere/duino-coin", "Kolka": {"Banned": 855, "Jailed": 47}, "Last block hash": "2eb3f8271cd947cdd6469be145558a7bcb72e0d9", "Last sync": 1654518075.1786993, "Last update": "06/06/2022 12:21:16 (UTC)", "Mined blocks": 195414728423, "Miner distribution": {"All": 40955, "Arduino": 5536, "CPU": 3171, "ESP32": 13843, "ESP8266": 16206, "GPU": 0, "Other": 64, "Phone": 102, "RPi": 1667, "Web": 366}, "Net energy usage": "37.87 kW", "Open threads": 21, "Pool hashrate": "3654.35 MH/s", "Registered users": 76186, "Server CPU usage": 35.8, "Server RAM usage": 48.6, "Server version": 3.0, "Top 10 richest miners": ["39540868.074735165 DUCO - bscDUCO", "16779504.2 DUCO - Ochios", "13422282.193396721 DUCO - coinexchange", "7064591.553891126 DUCO - ctecrypto", "6974991.289071771 DUCO - QQ44142894", "4007973.120812528 DUCO - Demoel", "2946204.0609517265 DUCO - renderman", "2210288.9385462017 DUCO - vyrdudji", "2145790.5300350627 DUCO - jules_pilot", "2091979.3138396414 DUCO - CryptSino_Exchange"], "XXHASH hashrate": "0 H/s"}