{"Active connections": 943, "All-time mined DUCO": 751929092.3818147, "Current difficulty": 200000, "DUCO-S1 hashrate": "1.802 GH/s", "Duco FluffySwap price": 9.107e-06, "Duco Furim price": 0.0, "Duco Node-S price": 0.0, "Duco PancakeSwap price": 8.57789e-06, "Duco SunSwap price": 0.00014651, "Duco SushiSwap price": 1.2962107682626e-05, "Duco UbeSwap price": 1.1191491992827553e-05, "Duco price": 0.00016002, "Duco price BCH": 3.31e-05, "Duco price NANO": 0.00016002, "Duco price TRX": 1.301e-05, "Duco price XMG": 3.93e-06, "Duino-Coin Server API": "github.com/revoxhere/duino-coin", "Kolka": {"Banned": 5984, "Jailed": 190}, "Last block hash": "8de4bc0b3fa1580ec7f3421feb9644fc8ead02b8", "Last sync": 1720346238.5293832, "Last update": "07/07/2024 09:57:18 (UTC)", "Mined blocks": 533483018498, "Miner distribution": {"All": 18937, "Arduino": 2299, "CPU": 1092, "ESP32": 8026, "ESP8266": 6057, "GPU": 0, "Other": 8, "Phone": 23, "RPi": 1241, "Web": 191}, "Net energy usage": "15.89 kW", "Open threads": 27, "Pool hashrate": "1802.144 MH/s", "Registered users": 103869, "Server CPU usage": 55.1, "Server RAM usage": 90.1, "Server version": 4.0, "Top 10 richest miners": ["248699818.26842478 DUCO - coinexchange", "80660425.50800352 DUCO - bscDUCO", "29548854.707830127 DUCO - AlmarRido", "24635208.6964704 DUCO - Flowen1985", "22851221.472 DUCO - bimbasimba94", "20120447.6942 DUCO - viviana80", "18660221.77613672 DUCO - aimbert", "14847133.194062889 DUCO - ctecrypto", "14176041.057115542 DUCO - duinousa", "12721940.59109726 DUCO - QQ44142894"], "XXHASH hashrate": "0 H/s"}