{"Duino-Coin Server API": "github.com/revoxhere/duino-coin", "Server version": 2.6, "Active connections": 6202, "Open threads": 23, "Server CPU usage": 73.6, "Server RAM usage": 57.0, "Last update": "13/08/2021 22:32:31 (UTC)", "Net energy usage": "53.24 kW", "Pool hashrate": "3.007 GH/s", "DUCO-S1 hashrate": "3.0 GH/s", "XXHASH hashrate": "14.6 MH/s", "Duco price": 0.015304, "Duco price XMG": 0.01530362, "Duco price BCH": 0.00160408, "Duco price TRX": 0.00176722, "Duco price XRP": 0.0018375, "Duco price DGB": 0.00191469, "Duco Node-S price": 0.015304, "Duco JustSwap price": 0.0062246, "Duco PancakeSwap price": 0.00420784, "Registered users": 19524, "All-time mined DUCO": 5252104.4687297, "Current difficulty": 416469, "Mined blocks": 9995424404, "Last block hash": "f22b2361ed", "Kolka": {"Jailed": 0, "Banned": 417}, "Miner distribution": {"GPU": 4, "CPU": 3784, "RPi": 1472, "ESP32": 5527, "ESP8266": 5425, "Arduino": 5147, "Other": 265}, "Top 10 richest miners": ["469730.57056875795 DUCO - bscDUCO", "169500.94829245572 DUCO - Bacman", "113015.95345312823 DUCO - amornlit", "110456.48948417068 DUCO - 52Pickup", "86028.63595097695 DUCO - caancom", "79727.90636678287 DUCO - noixauvk", "61876.45377963257 DUCO - coinexchange", "50288.45762651612 DUCO - duinocrfsh", "50112.405656798815 DUCO - rootbori", "47119.90790638301 DUCO - chipsa"]}