{"Active connections": 2075, "All-time mined DUCO": 721277002.283289, "Current difficulty": 75000, "DUCO-S1 hashrate": "2.564 GH/s", "Duco FluffySwap price": 2.856e-06, "Duco Furim price": 0.0, "Duco Node-S price": 0.0, "Duco PancakeSwap price": 3.83429e-06, "Duco SunSwap price": 0.00011281, "Duco SushiSwap price": 1.25487e-05, "Duco UbeSwap price": 2.8285092635326694e-05, "Duco price": 0.00011281, "Duco price BCH": 4.09e-06, "Duco price NANO": 1.82e-06, "Duco price TRX": 2.84e-06, "Duco price XMG": 0.0, "Duino-Coin Server API": "github.com/revoxhere/duino-coin", "Kolka": {"Banned": 1383, "Jailed": 128}, "Last block hash": "8de4bc0b3fa1580ec7f3421feb9644fc8ead02b8", "Last sync": 1684579394.9190075, "Last update": "20/05/2023 10:43:22 (UTC)", "Mined blocks": 403836516643, "Miner distribution": {"All": 24354, "Arduino": 3028, "CPU": 1115, "ESP32": 10282, "ESP8266": 8161, "GPU": 0, "Other": 9, "Phone": 16, "RPi": 1432, "Web": 311}, "Net energy usage": "18.59 kW", "Open threads": 24, "Pool hashrate": "2563.824 MH/s", "Registered users": 92936, "Server CPU usage": 71.4, "Server RAM usage": 57.6, "Server version": 3.0, "Top 10 richest miners": ["495743830.67087966 DUCO - coinexchange", "425100611.3161743 DUCO - coinexchange", "55628983.04439265 DUCO - bscDUCO", "20119947.6942 DUCO - viviana80", "17600146.384207524 DUCO - Flowen1985", "15115368.927099999 DUCO - Ochios", "12720440.559071772 DUCO - QQ44142894", "10759939.638689265 DUCO - fiorella71", "8125736.123916335 DUCO - Orion_0x43b", "7201758.191069313 DUCO - msdo1006"], "XXHASH hashrate": "0 H/s"}