{"Duino-Coin Server API": "github.com/revoxhere/duino-coin", "Server version": 2.7, "Active connections": 12561, "Open threads": 18, "Server CPU usage": 22.1, "Server RAM usage": 19.5, "Last update": "07/09/2021 16:20:23 (UTC)", "Net energy usage": "0 W", "Pool hashrate": "0 H/s", "DUCO-S1 hashrate": "0 H/s", "XXHASH hashrate": "0 H/s", "Duco price": 0.00774435, "Duco price XMG": 0.00140619, "Duco price BCH": 0.00122468, "Duco price RVN": 0.00028857, "Duco price TRX": 0.00115634, "Duco price XRP": 0.00114, "Duco price DGB": 0.001044, "Duco price NANO": 0.0010693, "Duco price FJC": 0.00774435, "Duco Node-S price": 0, "Duco JustSwap price": 0.00414152, "Duco PancakeSwap price": 0.00194971, "Registered users": 16856, "All-time mined DUCO": 8603671.268095193, "Current difficulty": 609395, "Mined blocks": 14625460492, "Last block hash": "730b6127b9", "Kolka": {"Jailed": 21, "Banned": 595}, "Miner distribution": {"GPU": 0, "CPU": 0, "RPi": 0, "Phone": 0, "Web": 0, "ESP32": 0, "ESP8266": 0, "Arduino": 0, "Other": 0}, "Top 10 richest miners": ["1817416.5230707447 DUCO - bscDUCO", "494945.55586967303 DUCO - coinexchange", "240000.1555491204 DUCO - 52Pickup", "218553.35542852155 DUCO - WannaCry", "169937.594875061 DUCO - Bacman", "119916.18666634202 DUCO - rootbori", "113387.18511437952 DUCO - amornlit", "86305.32054331023 DUCO - caancom", "51253.587965481565 DUCO - ducodoly", "50288.45762651612 DUCO - duinocrfsh"]}