{"Active connections": 855, "All-time mined DUCO": 34821408.601374805, "Current difficulty": 1000000, "DUCO-S1 hashrate": "650.2 GH/s", "Duco JustSwap price": 0.00022773, "Duco Node-S price": 0, "Duco PancakeSwap price": 9.41186e-05, "Duco SushiSwap price": 0.000209454, "Duco price": 0.00104825, "Duco price BCH": 2.87e-06, "Duco price NANO": 1.18e-05, "Duco price TRX": 8.233e-05, "Duco price XMG": 0.00104626, "Duino-Coin Server API": "github.com/revoxhere/duino-coin", "Kolka": {"Banned": 787, "Jailed": 27}, "Last block hash": "2eb3f8271c", "Last sync": 1644404764.334948, "Last update": "09/02/2022 11:06:04 (UTC)", "Mined blocks": 105576502761, "Miner distribution": {"All": 23378, "Arduino": 4515, "CPU": 3802, "ESP32": 5055, "ESP8266": 7442, "GPU": 0, "Other": 3, "Phone": 175, "RPi": 2246, "Web": 140}, "Net energy usage": "34.52 kW", "Open threads": 21, "Pool hashrate": "650160.36 MH/s", "Registered users": 55533, "Server CPU usage": 26.1, "Server RAM usage": 30.8, "Server version": 2.7, "Top 10 richest miners": ["13170796.741769461 DUCO - bscDUCO", "10000000.122143192 DUCO - miningvir", "1478406.1908699137 DUCO - coinexchange", "1100006.379914173 DUCO - bimbasimba94", "573162.1506750567 DUCO - James_themac", "356199.8636235537 DUCO - NodeSBroker", "223104.94550451488 DUCO - maticDUCO", "190624.067104081 DUCO - celoDUCO", "170241.299416613 DUCO - Bacman", "150463.48096489467 DUCO - NGX"], "XXHASH hashrate": "0 H/s"}