{"Active connections": 1136, "All-time mined DUCO": 101485917.55457476, "Current difficulty": 75000, "DUCO-S1 hashrate": "3.2 GH/s", "Duco FluffySwap price": 1.2298999999999999e-05, "Duco Furim price": 0.0, "Duco Node-S price": 0.0, "Duco PancakeSwap price": 3.73398e-05, "Duco SunSwap price": 5.077e-05, "Duco SushiSwap price": 4.69978e-05, "Duco UbeSwap price": 2.929910624286002e-05, "Duco price": 6.43e-05, "Duco price BCH": 1.757e-05, "Duco price NANO": 7.48e-06, "Duco price TRX": 6.32e-06, "Duco price XMG": 6.43e-05, "Duino-Coin Server API": "github.com/revoxhere/duino-coin", "Kolka": {"Banned": 1124, "Jailed": 88}, "Last block hash": "8de4bc0b3fa1580ec7f3421feb9644fc8ead02b8", "Last sync": 1667214606.3166544, "Last update": "31/10/2022 11:10:07 (UTC)", "Mined blocks": 292065075707, "Miner distribution": {"All": 37965, "Arduino": 4501, "CPU": 2282, "ESP32": 13069, "ESP8266": 16303, "GPU": 0, "Other": 25, "Phone": 71, "RPi": 1275, "Web": 439}, "Net energy usage": "31.23 kW", "Open threads": 23, "Pool hashrate": "3163.3 MH/s", "Registered users": 82382, "Server CPU usage": 44.9, "Server RAM usage": 40.2, "Server version": 3.0, "Top 10 richest miners": ["38407038.025158234 DUCO - bscDUCO", "23762998.173372414 DUCO - coinexchange", "16965320.67115637 DUCO - Ochios", "11692429.559071772 DUCO - QQ44142894", "4004324.195318813 DUCO - Orion_0x43b", "3415499.575156859 DUCO - lordachoo", "2368507.0 DUCO - Brunomoyses23", "2210288.919161586 DUCO - vyrdudji", "1655316.0808262979 DUCO - Alessandro_Duino", "1641019.6808087118 DUCO - maticDUCO"], "XXHASH hashrate": "0 H/s"}