{"Active connections": 1679, "All-time mined DUCO": 738808052.2361937, "Current difficulty": 75000, "DUCO-S1 hashrate": "2.573 GH/s", "Duco FluffySwap price": 2.8139999999999997e-06, "Duco Furim price": 0.0, "Duco Node-S price": 0.0, "Duco PancakeSwap price": 8.72974e-06, "Duco SunSwap price": 0.00011249, "Duco SushiSwap price": 1.26325e-05, "Duco UbeSwap price": 2.8285092635326694e-05, "Duco price": 0.00011249, "Duco price BCH": 4.02e-06, "Duco price NANO": 1.82e-06, "Duco price TRX": 2.83e-06, "Duco price XMG": 0.0, "Duino-Coin Server API": "github.com/revoxhere/duino-coin", "Kolka": {"Banned": 1383, "Jailed": 128}, "Last block hash": "8de4bc0b3fa1580ec7f3421feb9644fc8ead02b8", "Last sync": 1684561163.7086666, "Last update": "20/05/2023 05:39:36 (UTC)", "Mined blocks": 403740651986, "Miner distribution": {"All": 24055, "Arduino": 2867, "CPU": 1120, "ESP32": 10166, "ESP8266": 8128, "GPU": 0, "Other": 10, "Phone": 7, "RPi": 1430, "Web": 327}, "Net energy usage": "18.54 kW", "Open threads": 25, "Pool hashrate": "2573.404 MH/s", "Registered users": 92929, "Server CPU usage": 67.5, "Server RAM usage": 57.9, "Server version": 3.0, "Top 10 richest miners": ["495743830.67087966 DUCO - coinexchange", "425100134.55617434 DUCO - coinexchange", "55628983.04439265 DUCO - bscDUCO", "20119947.6942 DUCO - viviana80", "15115368.927099999 DUCO - Ochios", "12720440.559071772 DUCO - QQ44142894", "10759939.638689265 DUCO - fiorella71", "8125736.123916335 DUCO - Orion_0x43b", "7201718.822292778 DUCO - msdo1006", "6837387.89576183 DUCO - lordachoo"], "XXHASH hashrate": "0 H/s"}