{"Active connections": 1172, "All-time mined DUCO": 157977313.32300463, "Current difficulty": 75000, "DUCO-S1 hashrate": "2.6 GH/s", "Duco FluffySwap price": 1.1514999999999999e-05, "Duco Furim price": 0.0, "Duco Node-S price": 0.0, "Duco PancakeSwap price": 5.26153e-05, "Duco SunSwap price": 5.023e-05, "Duco SushiSwap price": 1.61789e-05, "Duco UbeSwap price": 2.931300785709489e-05, "Duco price": 5.26153e-05, "Duco price BCH": 1.644e-05, "Duco price NANO": 7.59e-06, "Duco price TRX": 5.49e-06, "Duco price XMG": 0.0, "Duino-Coin Server API": "github.com/revoxhere/duino-coin", "Kolka": {"Banned": 1184, "Jailed": 90}, "Last block hash": "8de4bc0b3fa1580ec7f3421feb9644fc8ead02b8", "Last sync": 1670736943.2876627, "Last update": "11/12/2022 05:35:45 (UTC)", "Mined blocks": 319206592058, "Miner distribution": {"All": 33179, "Arduino": 3893, "CPU": 1370, "ESP32": 12323, "ESP8266": 13586, "GPU": 0, "Other": 9, "Phone": 30, "RPi": 1626, "Web": 342}, "Net energy usage": "24.26 kW", "Open threads": 24, "Pool hashrate": "2613.28 MH/s", "Registered users": 85140, "Server CPU usage": 45.7, "Server RAM usage": 47.8, "Server version": 3.0, "Top 10 richest miners": ["38531229.63978844 DUCO - bscDUCO", "20119945.00125 DUCO - viviana80", "14965353.225385074 DUCO - Ochios", "11692429.559071772 DUCO - QQ44142894", "10759939.638689265 DUCO - fiorella71", "8125650.671058166 DUCO - Orion_0x43b", "5577268.620333553 DUCO - coinexchange", "4267666.823 DUCO - Demoel", "4194744.3669 DUCO - AlmarRido", "2368507.0 DUCO - Brunomoyses23"], "XXHASH hashrate": "0 H/s"}