{"Active connections": 1381, "All-time mined DUCO": 18644163.251091518, "Current difficulty": 75000, "DUCO-S1 hashrate": "1375.8 MH/s", "Duco JustSwap price": 9.663e-05, "Duco Node-S price": 5.7e-05, "Duco PancakeSwap price": 0.000594663, "Duco SushiSwap price": 0.000356015, "Duco price": 0.000594663, "Duco price BCH": 4.299e-05, "Duco price DGB": 0.0, "Duco price NANO": 1.288e-05, "Duco price RVN": 0.0, "Duco price TRX": 9.814e-05, "Duco price XMG": 0.00024472, "Duco price XRP": 0.0, "Duino-Coin Server API": "github.com/revoxhere/duino-coin", "Kolka": {"Banned": 719, "Jailed": 24}, "Last block hash": "2eb3f8271c", "Last update": "20/12/2021 07:53:25 (UTC)", "Mined blocks": 65588929646, "Miner distribution": {"All": 34659, "Arduino": 7049, "CPU": 3877, "ESP32": 9319, "ESP8266": 10844, "GPU": 0, "Other": 9, "Phone": 387, "RPi": 2292, "Web": 882}, "Net energy usage": "39.78 kW", "Open threads": 21, "Pool hashrate": "1375.78 MH/s", "Registered users": 31124, "Server CPU usage": 56.4, "Server RAM usage": 38.0, "Server version": 2.7, "Top 10 richest miners": ["4681644.799832258 DUCO - bscDUCO", "861027.6062999706 DUCO - coinexchange", "530426.5372981913 DUCO - NodeSBroker", "397162.15067505674 DUCO - James_themac", "300520.321607231 DUCO - 52Pickup", "253727.29457241812 DUCO - bimbasimba94", "249264.804861081 DUCO - miningvir", "195330.88804099758 DUCO - maticDUCO", "188782.057104081 DUCO - celoDUCO", "170241.298916613 DUCO - Bacman"], "XXHASH hashrate": "0 H/s"}