{"Active connections": 693, "All-time mined DUCO": 1072176463.4022659, "Current difficulty": 75000, "DUCO-S1 hashrate": "1.565 GH/s", "Duco FluffySwap price": 3.829e-06, "Duco Furim price": 0.0, "Duco Node-S price": 0.0, "Duco PancakeSwap price": 1.19672e-05, "Duco SunSwap price": 0.00011171, "Duco SushiSwap price": 1.85117e-05, "Duco UbeSwap price": 2.7898752414944825e-05, "Duco price": 0.00011171, "Duco price BCH": 5.48e-06, "Duco price NANO": 1.14e-06, "Duco price TRX": 1.64e-06, "Duco price XMG": 0.0, "Duino-Coin Server API": "github.com/revoxhere/duino-coin", "Kolka": {"Banned": 5740, "Jailed": 144}, "Last block hash": "8de4bc0b3fa1580ec7f3421feb9644fc8ead02b8", "Last sync": 1689347797.3985379, "Last update": "14/07/2023 15:16:40 (UTC)", "Mined blocks": 427071537284, "Miner distribution": {"All": 19907, "Arduino": 2262, "CPU": 613, "ESP32": 8686, "ESP8266": 7311, "GPU": 0, "Other": 9, "Phone": 17, "RPi": 1009, "Web": 0}, "Net energy usage": "13.18 kW", "Open threads": 23, "Pool hashrate": "1564.919 MH/s", "Registered users": 94364, "Server CPU usage": 31.5, "Server RAM usage": 32.0, "Server version": 3.0, "Top 10 richest miners": ["495743830.67087966 DUCO - coinexchange", "385226580.9088502 DUCO - coinexchange", "50363867.80947695 DUCO - bscDUCO", "36165869.197 DUCO - AlmarRido", "24326348.334 DUCO - Flowen1985", "20119947.6942 DUCO - viviana80", "15110368.927099999 DUCO - Ochios", "14264497.326 DUCO - bimbasimba94", "12720440.559071772 DUCO - QQ44142894", "11661035.495250113 DUCO - ctecrypto"], "XXHASH hashrate": "0 H/s"}