{"Active connections": 1917, "All-time mined DUCO": 61577484.90389703, "Current difficulty": 1000000, "DUCO-S1 hashrate": "4.9 GH/s", "Duco Furim price": 0.0, "Duco Node-S price": 0.0, "Duco PancakeSwap price": 4.5e-05, "Duco SunSwap price": 7.7e-05, "Duco SushiSwap price": 6.2e-05, "Duco price": 0.000164, "Duco price BCH": 7e-06, "Duco price NANO": 3.2e-05, "Duco price TRX": 6e-06, "Duco price XMG": 0.0, "Duino-Coin Server API": "github.com/revoxhere/duino-coin", "Kolka": {"Banned": 651, "Jailed": 34}, "Last block hash": "2eb3f8271cd947cdd6469be145558a7bcb72e0d9", "Last sync": 1648937263.8992946, "Last update": "02/04/2022 22:07:47 (UTC)", "Mined blocks": 145830002963, "Miner distribution": {"All": 41281, "Arduino": 6555, "CPU": 3918, "ESP32": 12826, "ESP8266": 14873, "GPU": 0, "Other": 45, "Phone": 183, "RPi": 2330, "Web": 551}, "Net energy usage": "43.04 kW", "Open threads": 21, "Pool hashrate": "4918.53 MH/s", "Registered users": 67404, "Server CPU usage": 42.9, "Server RAM usage": 66.1, "Server version": 3.0, "Top 10 richest miners": ["24292815.2275818 DUCO - bscDUCO", "10403949.914401649 DUCO - Ochios", "5000000.269761559 DUCO - miningvir", "3786397.749313158 DUCO - coinexchange", "3250098.6952358535 DUCO - miyan001", "1562627.2971825413 DUCO - Demoel", "1209838.627673189 DUCO - James_themac", "1202310.0572319208 DUCO - juanjefraire", "1200001.40117249 DUCO - amornlit", "1000353.9505291469 DUCO - DarYo"], "XXHASH hashrate": "0 H/s"}