{"Active connections": 665, "All-time mined DUCO": 740920135.6674742, "Current difficulty": 200000, "DUCO-S1 hashrate": "2.292 GH/s", "Duco FluffySwap price": 0.0, "Duco Furim price": 0.0, "Duco Node-S price": 0.0, "Duco PancakeSwap price": 8.57789e-06, "Duco SunSwap price": 4.44e-05, "Duco SushiSwap price": 1.2962107682626e-05, "Duco UbeSwap price": 1.1191491992827553e-05, "Duco price": 0.000236, "Duco price BCH": 0.00016624, "Duco price NANO": 0.000236, "Duco price TRX": 1.171e-05, "Duco price XMG": 0.0, "Duino-Coin Server API": "github.com/revoxhere/duino-coin", "Kolka": {"Banned": 5900, "Jailed": 177}, "Last block hash": "8de4bc0b3fa1580ec7f3421feb9644fc8ead02b8", "Last sync": 1714093517.5422893, "Last update": "26/04/2024 01:05:17 (UTC)", "Mined blocks": 515135113042, "Miner distribution": {"All": 15866, "Arduino": 2092, "CPU": 928, "ESP32": 6043, "ESP8266": 5475, "GPU": 0, "Other": 25, "Phone": 28, "RPi": 1275, "Web": 0}, "Net energy usage": "13.61 kW", "Open threads": 27, "Pool hashrate": "2292.236 MH/s", "Registered users": 101109, "Server CPU usage": 21.7, "Server RAM usage": 93.5, "Server version": 4.0, "Top 10 richest miners": ["78435748.74889731 DUCO - bscDUCO", "39491496.79265186 DUCO - AlmarRido", "30792510.456 DUCO - Flowen1985", "20119947.6942 DUCO - viviana80", "17011708.804704107 DUCO - bimbasimba94", "14868531.194595315 DUCO - aimbert", "14841874.440919967 DUCO - ctecrypto", "14142659.426093886 DUCO - duinousa", "12720440.559071772 DUCO - QQ44142894", "10759939.638689265 DUCO - fiorella71"], "XXHASH hashrate": "0 H/s"}