{"Active connections": 2505, "All-time mined DUCO": 17661899.84608218, "Current difficulty": 125000, "DUCO-S1 hashrate": "950.0 MH/s", "Duco JustSwap price": 0.00082464, "Duco Node-S price": 5.1e-05, "Duco PancakeSwap price": 0.000656946, "Duco SushiSwap price": 0.000469464, "Duco price": 0.00115057, "Duco price BCH": 0.0, "Duco price DGB": 0.0, "Duco price NANO": 0.000581, "Duco price RVN": 0.0, "Duco price TRX": 0.0, "Duco price XMG": 0.00111727, "Duco price XRP": 0.0, "Duino-Coin Server API": "github.com/revoxhere/duino-coin", "Kolka": {"Banned": 681, "Jailed": 24}, "Last block hash": "65b3f612d0", "Last update": "13/11/2021 05:21:00 (UTC)", "Mined blocks": 41415979204, "Miner distribution": {"All": 31182, "Arduino": 5495, "CPU": 2435, "ESP32": 9375, "ESP8266": 11775, "GPU": 0, "Other": 17, "Phone": 273, "RPi": 1301, "Web": 511}, "Net energy usage": "28.81 kW", "Open threads": 24, "Pool hashrate": "950.0 MH/s", "Registered users": 23647, "Server CPU usage": 48.1, "Server RAM usage": 40.0, "Server version": 2.7, "Top 10 richest miners": ["3521181.3744552536 DUCO - bscDUCO", "1291355.4300902192 DUCO - coinexchange", "591776.6081317749 DUCO - NodeSBroker", "351150.1606789791 DUCO - James_themac", "300520.1555491204 DUCO - 52Pickup", "188487.89104597003 DUCO - celoDUCO", "170241.13285850236 DUCO - Bacman", "123387.18511437952 DUCO - amornlit", "119999.99999999892 DUCO - rootbori", "117755.93777253377 DUCO - maticDUCO"], "XXHASH hashrate": "0 H/s"}