{"Active connections": 946, "All-time mined DUCO": 159877954.7942602, "Current difficulty": 75000, "DUCO-S1 hashrate": "3.1 GH/s", "Duco FluffySwap price": 1.0975999999999998e-05, "Duco Furim price": 0.0, "Duco Node-S price": 0.0, "Duco PancakeSwap price": 5.48628e-05, "Duco SunSwap price": 4.718e-05, "Duco SushiSwap price": 6.07346e-05, "Duco UbeSwap price": 2.9153541987802427e-05, "Duco price": 6.07346e-05, "Duco price BCH": 1.568e-05, "Duco price NANO": 5.96e-06, "Duco price TRX": 5.1e-06, "Duco price XMG": 0.0, "Duino-Coin Server API": "github.com/revoxhere/duino-coin", "Kolka": {"Banned": 1154, "Jailed": 88}, "Last block hash": "8de4bc0b3fa1580ec7f3421feb9644fc8ead02b8", "Last sync": 1668965731.494168, "Last update": "20/11/2022 17:35:37 (UTC)", "Mined blocks": 306493714290, "Miner distribution": {"All": 38844, "Arduino": 4555, "CPU": 1755, "ESP32": 13773, "ESP8266": 16559, "GPU": 0, "Other": 20, "Phone": 63, "RPi": 1657, "Web": 462}, "Net energy usage": "29.05 kW", "Open threads": 24, "Pool hashrate": "3070.16 MH/s", "Registered users": 83936, "Server CPU usage": 56.3, "Server RAM usage": 34.3, "Server version": 3.0, "Top 10 richest miners": ["38495483.43978844 DUCO - bscDUCO", "24145074.22012165 DUCO - coinexchange", "20119945.00125 DUCO - viviana80", "14965329.420931771 DUCO - Ochios", "13470229.207843 DUCO - ctecrypto", "11692429.559071772 DUCO - QQ44142894", "10759939.638689265 DUCO - fiorella71", "6700182.59698459 DUCO - lordachoo", "2567742.791300181 DUCO - RNGesus", "2368507.0 DUCO - Brunomoyses23"], "XXHASH hashrate": "0 H/s"}