{"Active connections": 1322, "All-time mined DUCO": 58307210.48083718, "Current difficulty": 1000000, "DUCO-S1 hashrate": "4.1 GH/s", "Duco Furim price": 0.0, "Duco Node-S price": 0.0, "Duco PancakeSwap price": 3.8e-05, "Duco SunSwap price": 4.8e-05, "Duco SushiSwap price": 8e-06, "Duco UbeSwap price": 9.5e-05, "Duco price": 9.5e-05, "Duco price BCH": 6e-06, "Duco price NANO": 2.4e-05, "Duco price TRX": 1.7e-05, "Duco price XMG": 4.2e-05, "Duino-Coin Server API": "github.com/revoxhere/duino-coin", "Kolka": {"Banned": 784, "Jailed": 46}, "Last block hash": "2eb3f8271cd947cdd6469be145558a7bcb72e0d9", "Last sync": 1652392071.709646, "Last update": "12/05/2022 21:47:54 (UTC)", "Mined blocks": 176613801448, "Miner distribution": {"All": 40412, "Arduino": 5607, "CPU": 3321, "ESP32": 13227, "ESP8266": 15717, "GPU": 0, "Other": 69, "Phone": 149, "RPi": 1900, "Web": 422}, "Net energy usage": "38.81 kW", "Open threads": 21, "Pool hashrate": "4074.0 MH/s", "Registered users": 73811, "Server CPU usage": 34.1, "Server RAM usage": 39.7, "Server version": 3.0, "Top 10 richest miners": ["26536908.59167957 DUCO - bscDUCO", "9303451.000002448 DUCO - Ochios", "4127152.249590218 DUCO - QQ44142894", "4007361.883571385 DUCO - Demoel", "2210288.9385462017 DUCO - vyrdudji", "1954898.3482252923 DUCO - ctecrypto", "1675747.8900304663 DUCO - coinexchange", "1465875.554433561 DUCO - maticDUCO", "1209839.3105654893 DUCO - James_themac", "958567.119583242 DUCO - econnaty"], "XXHASH hashrate": "0 H/s"}