{"Active connections": 974, "All-time mined DUCO": 746553139.3727304, "Current difficulty": 200000, "DUCO-S1 hashrate": "1.677 GH/s", "Duco FluffySwap price": 8.826999999999999e-06, "Duco Furim price": 0.0, "Duco Node-S price": 0.0, "Duco PancakeSwap price": 8.57789e-06, "Duco SunSwap price": 0.00014419, "Duco SushiSwap price": 1.2962107682626e-05, "Duco UbeSwap price": 1.1191491992827553e-05, "Duco price": 0.00018752, "Duco price BCH": 0.00013641, "Duco price NANO": 0.00018752, "Duco price TRX": 1.28e-05, "Duco price XMG": 3.768e-05, "Duino-Coin Server API": "github.com/revoxhere/duino-coin", "Kolka": {"Banned": 5970, "Jailed": 183}, "Last block hash": "8de4bc0b3fa1580ec7f3421feb9644fc8ead02b8", "Last sync": 1719830236.2805133, "Last update": "01/07/2024 10:37:16 (UTC)", "Mined blocks": 531864323172, "Miner distribution": {"All": 18350, "Arduino": 2287, "CPU": 914, "ESP32": 7854, "ESP8266": 5962, "GPU": 0, "Other": 7, "Phone": 16, "RPi": 1121, "Web": 189}, "Net energy usage": "14.45 kW", "Open threads": 28, "Pool hashrate": "1677.413 MH/s", "Registered users": 103647, "Server CPU usage": 59.2, "Server RAM usage": 90.4, "Server version": 4.0, "Top 10 richest miners": ["248800859.92862996 DUCO - coinexchange", "80167980.50800352 DUCO - bscDUCO", "29548849.707830127 DUCO - AlmarRido", "24635208.6964704 DUCO - Flowen1985", "22851221.472 DUCO - bimbasimba94", "20120447.6942 DUCO - viviana80", "14898395.953172887 DUCO - aimbert", "14847133.194062889 DUCO - ctecrypto", "14175642.834481264 DUCO - duinousa", "12721940.59109726 DUCO - QQ44142894"], "XXHASH hashrate": "0 H/s"}