{"Duino-Coin Server API": "github.com/revoxhere/duino-coin", "Server version": 2.7, "Active connections": 17898, "Open threads": 24, "Server CPU usage": 70.3, "Server RAM usage": 43.9, "Last update": "18/09/2021 15:06:35 (UTC)", "Net energy usage": "61.21 kW", "Pool hashrate": "1210.5532 MH/s", "DUCO-S1 hashrate": "1171.8 MH/s", "XXHASH hashrate": "38.8 MH/s", "Duco price": 0.00176586, "Duco price XMG": 0.00097086, "Duco price BCH": 0.00063535, "Duco price RVN": 0.00080506, "Duco price TRX": 0.00080764, "Duco price XRP": 0.0003815, "Duco price DGB": 0.00077196, "Duco price NANO": 0.00080185, "Duco price FJC": 0.000857, "Duco Node-S price": 0.000429, "Duco JustSwap price": 0.00094524, "Duco PancakeSwap price": 0.00176586, "Registered users": 17869, "All-time mined DUCO": 9935616.436597483, "Current difficulty": 762815, "Mined blocks": 18307805946, "Last block hash": "730b6127b9", "Kolka": {"Jailed": 23, "Banned": 642}, "Miner distribution": {"GPU": 1, "CPU": 3520, "RPi": 2069, "Phone": 192, "Web": 889, "ESP32": 8057, "ESP8266": 10059, "Arduino": 4378, "Other": 792}, "Top 10 richest miners": ["2069857.4572067442 DUCO - bscDUCO", "521520.1555491204 DUCO - 52Pickup", "309828.9693900003 DUCO - coinexchange", "170017.0878224763 DUCO - Bacman", "120857.2422933542 DUCO - rootbori", "113387.18511437952 DUCO - amornlit", "86446.22517611676 DUCO - caancom", "70239.39593269138 DUCO - WannaCry", "57735.299753185565 DUCO - giveaways", "55863.34244044957 DUCO - phat1979"]}