{"Active connections": 981, "All-time mined DUCO": 757018383.4127043, "Current difficulty": 200000, "DUCO-S1 hashrate": "1.484 GH/s", "Duco FluffySwap price": 9.499e-06, "Duco Furim price": 0.0, "Duco Node-S price": 0.0, "Duco PancakeSwap price": 1.42855e-05, "Duco SunSwap price": 2.599e-05, "Duco SushiSwap price": 9.464632013668e-06, "Duco UbeSwap price": 0.0, "Duco price": 2.599e-05, "Duco price BCH": 0.0, "Duco price NANO": 0.0, "Duco price TRX": 1.359e-05, "Duco price XMG": 1.31e-06, "Duino-Coin Server API": "github.com/revoxhere/duino-coin", "Kolka": {"Banned": 5991, "Jailed": 191}, "Last block hash": "8de4bc0b3fa1580ec7f3421feb9644fc8ead02b8", "Last sync": 1722334601.908803, "Last update": "30/07/2024 10:16:41 (UTC)", "Mined blocks": 539534419922, "Miner distribution": {"All": 16297, "Arduino": 2016, "CPU": 903, "ESP32": 6048, "ESP8266": 6010, "GPU": 0, "Other": 9, "Phone": 5, "RPi": 1135, "Web": 171}, "Net energy usage": "13.63 kW", "Open threads": 28, "Pool hashrate": "1484.203 MH/s", "Registered users": 104619, "Server CPU usage": 57.2, "Server RAM usage": 91.1, "Server version": 4.0, "Top 10 richest miners": ["244088118.9115755 DUCO - coinexchange", "81477127.19825932 DUCO - bscDUCO", "30855598.808 DUCO - Flowen1985", "30000980.1298474 DUCO - AlmarRido", "18660231.901031207 DUCO - aimbert", "18280977.178 DUCO - bimbasimba94", "16096358.288900001 DUCO - viviana80", "14847133.194062889 DUCO - ctecrypto", "12721940.59109726 DUCO - QQ44142894", "11341585.071669389 DUCO - duinousa"], "XXHASH hashrate": "0 H/s"}