{"Active connections": 925, "All-time mined DUCO": 163275956.34105676, "Current difficulty": 75000, "DUCO-S1 hashrate": "2.6 GH/s", "Duco FluffySwap price": 1.1431e-05, "Duco Furim price": 0.0, "Duco Node-S price": 0.0, "Duco PancakeSwap price": 5.3311e-05, "Duco SunSwap price": 4.981e-05, "Duco SushiSwap price": 1.59499e-05, "Duco UbeSwap price": 2.931300785709489e-05, "Duco price": 5.3311e-05, "Duco price BCH": 1.633e-05, "Duco price NANO": 7.67e-06, "Duco price TRX": 5.44e-06, "Duco price XMG": 0.0, "Duino-Coin Server API": "github.com/revoxhere/duino-coin", "Kolka": {"Banned": 1192, "Jailed": 93}, "Last block hash": "8de4bc0b3fa1580ec7f3421feb9644fc8ead02b8", "Last sync": 1670964982.8292153, "Last update": "13/12/2022 20:56:27 (UTC)", "Mined blocks": 320809453562, "Miner distribution": {"All": 33909, "Arduino": 3952, "CPU": 1350, "ESP32": 12488, "ESP8266": 14007, "GPU": 0, "Other": 17, "Phone": 22, "RPi": 1684, "Web": 389}, "Net energy usage": "24.57 kW", "Open threads": 24, "Pool hashrate": "2632.76 MH/s", "Registered users": 85309, "Server CPU usage": 51.2, "Server RAM usage": 52.0, "Server version": 3.0, "Top 10 richest miners": ["38547270.63978844 DUCO - bscDUCO", "20119945.00125 DUCO - viviana80", "14965353.225385074 DUCO - Ochios", "11692429.559071772 DUCO - QQ44142894", "10759939.638689265 DUCO - fiorella71", "8125665.353726072 DUCO - Orion_0x43b", "4267666.823 DUCO - Demoel", "4194750.3669 DUCO - AlmarRido", "3430744.62188114 DUCO - coinexchange", "2415209.043430112 DUCO - msdo1006"], "XXHASH hashrate": "0 H/s"}