{"Active connections": 1919, "All-time mined DUCO": 51983292.74869275, "Current difficulty": 1000000, "DUCO-S1 hashrate": "4.0 GH/s", "Duco Furim price": 0.0, "Duco Node-S price": 0.0, "Duco PancakeSwap price": 6.9e-05, "Duco SunSwap price": 6.8e-05, "Duco SushiSwap price": 2.7e-05, "Duco price": 0.000232, "Duco price BCH": 1e-05, "Duco price NANO": 5.2e-05, "Duco price TRX": 1.7e-05, "Duco price XMG": 0.000231, "Duino-Coin Server API": "github.com/revoxhere/duino-coin", "Kolka": {"Banned": 729, "Jailed": 42}, "Last block hash": "2eb3f8271cd947cdd6469be145558a7bcb72e0d9", "Last sync": 1650636184.6310875, "Last update": "22/04/2022 14:03:05 (UTC)", "Mined blocks": 160929442354, "Miner distribution": {"All": 38609, "Arduino": 5964, "CPU": 3284, "ESP32": 12326, "ESP8266": 14485, "GPU": 0, "Other": 62, "Phone": 119, "RPi": 1960, "Web": 409}, "Net energy usage": "37.76 kW", "Open threads": 21, "Pool hashrate": "4023.68 MH/s", "Registered users": 70752, "Server CPU usage": 38.5, "Server RAM usage": 59.2, "Server version": 3.0, "Top 10 richest miners": ["22816138.107051145 DUCO - bscDUCO", "6838549.914401649 DUCO - Ochios", "3973924.882030468 DUCO - coinexchange", "2735587.1794649023 DUCO - QQ44142894", "2210129.264570076 DUCO - vyrdudji", "1241141.8010572179 DUCO - maticDUCO", "1209839.1807813111 DUCO - James_themac", "1200001.40117249 DUCO - amornlit", "1019226.7305931548 DUCO - ivanrpz", "1000033.8874239333 DUCO - varanese67"], "XXHASH hashrate": "0 H/s"}