{"Active connections": 1530, "All-time mined DUCO": 738230975.2203286, "Current difficulty": 75000, "DUCO-S1 hashrate": "2.215 GH/s", "Duco FluffySwap price": 2.9049999999999997e-06, "Duco Furim price": 0.0, "Duco Node-S price": 0.0, "Duco PancakeSwap price": 7.68828e-06, "Duco SunSwap price": 0.00014956, "Duco SushiSwap price": 1.23542e-05, "Duco UbeSwap price": 2.745467541750601e-05, "Duco price": 0.00014956, "Duco price BCH": 4.14e-06, "Duco price NANO": 1.77e-06, "Duco price TRX": 2.79e-06, "Duco price XMG": 0.0, "Duino-Coin Server API": "github.com/revoxhere/duino-coin", "Kolka": {"Banned": 1368, "Jailed": 121}, "Last block hash": "8de4bc0b3fa1580ec7f3421feb9644fc8ead02b8", "Last sync": 1684121472.8764687, "Last update": "15/05/2023 03:31:17 (UTC)", "Mined blocks": 401432706438, "Miner distribution": {"All": 24083, "Arduino": 2978, "CPU": 935, "ESP32": 10385, "ESP8266": 8076, "GPU": 0, "Other": 6, "Phone": 16, "RPi": 1444, "Web": 243}, "Net energy usage": "17.41 kW", "Open threads": 24, "Pool hashrate": "2214.669 MH/s", "Registered users": 92716, "Server CPU usage": 60.0, "Server RAM usage": 62.2, "Server version": 3.0, "Top 10 richest miners": ["495743830.67087966 DUCO - coinexchange", "430308587.8402974 DUCO - coinexchange", "55623931.04439265 DUCO - bscDUCO", "20119947.6942 DUCO - viviana80", "15115368.927099999 DUCO - Ochios", "14307210.461 DUCO - ctecrypto", "12720440.559071772 DUCO - QQ44142894", "10759939.638689265 DUCO - fiorella71", "8125736.123916335 DUCO - Orion_0x43b", "7201331.523636176 DUCO - msdo1006"], "XXHASH hashrate": "0 H/s"}