{"Active connections": 2123, "All-time mined DUCO": 20222397.14991653, "Current difficulty": 1000000, "DUCO-S1 hashrate": "3858.0 MH/s", "Duco JustSwap price": 0.00026532, "Duco Node-S price": 2.1e-05, "Duco PancakeSwap price": 0.000322114, "Duco SushiSwap price": 0.000650466, "Duco price": 0.00085228, "Duco price BCH": 2.109e-05, "Duco price NANO": 1.113e-05, "Duco price TRX": 8.605e-05, "Duco price XMG": 0.00085004, "Duino-Coin Server API": "github.com/revoxhere/duino-coin", "Kolka": {"Banned": 772, "Jailed": 28}, "Last block hash": "2eb3f8271c", "Last sync": 1642548804.0065918, "Last update": "18/01/2022 23:33:24 (UTC)", "Mined blocks": 86965155187, "Miner distribution": {"All": 37728, "Arduino": 6926, "CPU": 5453, "ESP32": 8160, "ESP8266": 11738, "GPU": 0, "Other": 22, "Phone": 431, "RPi": 2944, "Web": 2054}, "Net energy usage": "51.91 kW", "Open threads": 21, "Pool hashrate": "3857.97 MH/s", "Registered users": 47465, "Server CPU usage": 47.4, "Server RAM usage": 38.5, "Server version": 2.7, "Top 10 richest miners": ["6506643.641506067 DUCO - bscDUCO", "532475.820632083 DUCO - NodeSBroker", "443704.9225805427 DUCO - bimbasimba94", "440027.03295609006 DUCO - miningvir", "397162.15067505674 DUCO - James_themac", "205345.79335569395 DUCO - maticDUCO", "190583.057104081 DUCO - celoDUCO", "170241.298916613 DUCO - Bacman", "131764.514376491 DUCO - haxorcitoz", "120000.999999999 DUCO - rootbori"], "XXHASH hashrate": "0 H/s"}