{"Active connections": 349, "All-time mined DUCO": 783677677.1128058, "Current difficulty": 200000, "DUCO-S1 hashrate": "2.151 GH/s", "Duco FluffySwap price": 0.0, "Duco Furim price": 0.0, "Duco Node-S price": 0.0, "Duco PancakeSwap price": 0.0, "Duco SunSwap price": 0.0, "Duco SushiSwap price": 0.0, "Duco UbeSwap price": 0.0, "Duco price": 3.552e-05, "Duco price BCH": 0.0, "Duco price NANO": 0.0, "Duco price TRX": 3.083e-05, "Duco price XMG": 3.552e-05, "Duino-Coin Server API": "github.com/revoxhere/duino-coin", "Kolka": {"Banned": 6027, "Jailed": 191}, "Last block hash": "8de4bc0b3fa1580ec7f3421feb9644fc8ead02b8", "Last sync": 1725313016.604104, "Last update": "02/09/2024 21:36:56 (UTC)", "Mined blocks": 547771796032, "Miner distribution": {"All": 14825, "Arduino": 1866, "CPU": 849, "ESP32": 4839, "ESP8266": 6003, "GPU": 0, "Other": 12, "Phone": 2, "RPi": 1116, "Web": 138}, "Net energy usage": "12.71 kW", "Open threads": 27, "Pool hashrate": "2150.902 MH/s", "Registered users": 105674, "Server CPU usage": 57.5, "Server RAM usage": 58.1, "Server version": 4.0, "Top 10 richest miners": ["235409566.6134555 DUCO - coinexchange", "85494792.52646369 DUCO - bscDUCO", "35576240.569 DUCO - AlmarRido", "30855598.808 DUCO - Flowen1985", "22896923.915 DUCO - bimbasimba94", "20160690.628000002 DUCO - viviana80", "14928225.46978186 DUCO - aimbert", "14847133.194062889 DUCO - ctecrypto", "14206491.110429326 DUCO - duinousa", "12721943.39257476 DUCO - QQ44142894"], "XXHASH hashrate": "0 H/s"}