{"Active connections": 1521, "All-time mined DUCO": 55752063.83448688, "Current difficulty": 1000000, "DUCO-S1 hashrate": "4.3 GH/s", "Duco Furim price": 0.0, "Duco Node-S price": 0.0, "Duco PancakeSwap price": 5.7e-05, "Duco SunSwap price": 0.000159, "Duco SushiSwap price": 1.6e-05, "Duco UbeSwap price": 0.000102, "Duco price": 0.000165, "Duco price BCH": 8e-06, "Duco price NANO": 4.2e-05, "Duco price TRX": 1.8e-05, "Duco price XMG": 6.1e-05, "Duino-Coin Server API": "github.com/revoxhere/duino-coin", "Kolka": {"Banned": 767, "Jailed": 48}, "Last block hash": "2eb3f8271cd947cdd6469be145558a7bcb72e0d9", "Last sync": 1651604473.5796552, "Last update": "03/05/2022 19:01:14 (UTC)", "Mined blocks": 169475254078, "Miner distribution": {"All": 39893, "Arduino": 6097, "CPU": 3355, "ESP32": 12927, "ESP8266": 14959, "GPU": 0, "Other": 72, "Phone": 170, "RPi": 2017, "Web": 296}, "Net energy usage": "38.71 kW", "Open threads": 21, "Pool hashrate": "4272.71 MH/s", "Registered users": 72116, "Server CPU usage": 40.9, "Server RAM usage": 31.5, "Server version": 3.0, "Top 10 richest miners": ["23684212.00759496 DUCO - bscDUCO", "8803648.99999709 DUCO - Ochios", "4028876.813893016 DUCO - QQ44142894", "2663589.692030467 DUCO - coinexchange", "2210288.9385462017 DUCO - vyrdudji", "2100626.523837833 DUCO - varanese67", "1454154.3490399483 DUCO - maticDUCO", "1248594.2697615586 DUCO - miningvir", "1209839.3105654893 DUCO - James_themac", "1185940.96067409 DUCO - ivanrpz"], "XXHASH hashrate": "0 H/s"}