{"Active connections": 894, "All-time mined DUCO": 167851545.87879094, "Current difficulty": 75000, "DUCO-S1 hashrate": "2.9 GH/s", "Duco FluffySwap price": 1.1633999999999999e-05, "Duco Furim price": 0.0, "Duco Node-S price": 0.0, "Duco PancakeSwap price": 5.20473e-05, "Duco SunSwap price": 4.95e-05, "Duco SushiSwap price": 1.61159e-05, "Duco UbeSwap price": 2.9311039484286864e-05, "Duco price": 5.20473e-05, "Duco price BCH": 1.662e-05, "Duco price NANO": 7.56e-06, "Duco price TRX": 5.41e-06, "Duco price XMG": 0.0, "Duino-Coin Server API": "github.com/revoxhere/duino-coin", "Kolka": {"Banned": 1174, "Jailed": 90}, "Last block hash": "8de4bc0b3fa1580ec7f3421feb9644fc8ead02b8", "Last sync": 1670120808.0484965, "Last update": "04/12/2022 02:26:54 (UTC)", "Mined blocks": 315164939391, "Miner distribution": {"All": 35170, "Arduino": 4037, "CPU": 1499, "ESP32": 13087, "ESP8266": 14396, "GPU": 0, "Other": 11, "Phone": 46, "RPi": 1734, "Web": 360}, "Net energy usage": "26.01 kW", "Open threads": 29, "Pool hashrate": "2945.74 MH/s", "Registered users": 84701, "Server CPU usage": 52.2, "Server RAM usage": 34.0, "Server version": 3.0, "Top 10 richest miners": ["38531229.63978844 DUCO - bscDUCO", "20119945.00125 DUCO - viviana80", "14965353.225385074 DUCO - Ochios", "11692429.559071772 DUCO - QQ44142894", "10759939.638689265 DUCO - fiorella71", "7470017.026 DUCO - RNGesus", "7206069.370791364 DUCO - coinexchange", "4267666.823 DUCO - Demoel", "4197893.688 DUCO - AlmarRido", "2368507.0 DUCO - Brunomoyses23"], "XXHASH hashrate": "0 H/s"}