{"Active connections": 149888, "All-time mined DUCO": 16681847.853966871, "Current difficulty": 125000, "DUCO-S1 hashrate": "1132.9 MH/s", "Duco JustSwap price": 0.00089644, "Duco Node-S price": 0.000139, "Duco PancakeSwap price": 0.000726946, "Duco SushiSwap price": 0.00102713, "Duco price": 0.00143926, "Duco price BCH": 0.00011769, "Duco price DGB": 0.0, "Duco price NANO": 0.00030052, "Duco price RVN": 0.0, "Duco price TRX": 0.0003, "Duco price XMG": 0.00061916, "Duco price XRP": 0.0, "Duino-Coin Server API": "github.com/revoxhere/duino-coin", "Kolka": {"Banned": 675, "Jailed": 24}, "Last block hash": "65b3f612d0", "Last update": "01/11/2021 13:41:34 (UTC)", "Mined blocks": 36164567118, "Miner distribution": {"All": 33500, "Arduino": 6173, "CPU": 2985, "ESP32": 10006, "ESP8266": 12115, "GPU": 0, "Other": 75, "Phone": 132, "RPi": 1904, "Web": 110}, "Net energy usage": "33.43 kW", "Open threads": 24, "Pool hashrate": "1132.9 MH/s", "Registered users": 22459, "Server CPU usage": 51.1, "Server RAM usage": 53.0, "Server version": 2.7, "Top 10 richest miners": ["3115740.4476895905 DUCO - bscDUCO", "692224.0900902197 DUCO - coinexchange", "587337.6039841222 DUCO - NodeSBroker", "522520.1555491204 DUCO - 52Pickup", "401065.075185921 DUCO - James_themac", "187228.89104597003 DUCO - celoDUCO", "170240.13285850236 DUCO - Bacman", "123387.18511437952 DUCO - amornlit", "119999.99999999892 DUCO - rootbori", "105711.29794908378 DUCO - maticDUCO"], "XXHASH hashrate": "0 H/s"}