{"Active connections": 846, "All-time mined DUCO": 90395237.72383475, "Current difficulty": 1000000, "DUCO-S1 hashrate": "3.2 GH/s", "Duco Furim price": 0.0, "Duco Node-S price": 0.0, "Duco PancakeSwap price": 4e-05, "Duco SunSwap price": 4.4e-05, "Duco SushiSwap price": 1.3e-05, "Duco UbeSwap price": 2.8e-05, "Duco price": 8.7e-05, "Duco price BCH": 1.3e-05, "Duco price NANO": 1.3e-05, "Duco price TRX": 1.7e-05, "Duco price XMG": 8.7e-05, "Duino-Coin Server API": "github.com/revoxhere/duino-coin", "Kolka": {"Banned": 937, "Jailed": 57}, "Last block hash": "2eb3f8271cd947cdd6469be145558a7bcb72e0d9", "Last sync": 1657019566.3761017, "Last update": "05/07/2022 11:12:49 (UTC)", "Mined blocks": 216424162324, "Miner distribution": {"All": 38095, "Arduino": 5083, "CPU": 2665, "ESP32": 13000, "ESP8266": 15401, "GPU": 0, "Other": 78, "Phone": 64, "RPi": 1522, "Web": 282}, "Net energy usage": "33.53 kW", "Open threads": 22, "Pool hashrate": "3196.66 MH/s", "Registered users": 73649, "Server CPU usage": 36.1, "Server RAM usage": 29.2, "Server version": 3.0, "Top 10 richest miners": ["34153185.622689165 DUCO - bscDUCO", "16868013.15010215 DUCO - Ochios", "7753329.35220351 DUCO - ctecrypto", "6974991.289071771 DUCO - QQ44142894", "5823398.676009499 DUCO - renderman", "4006783.6840170347 DUCO - Demoel", "3054990.183396697 DUCO - coinexchange", "2368507.0 DUCO - Brunomoyses23", "2210288.9385462017 DUCO - vyrdudji", "2070152.565 DUCO - CryptSino_Exchange"], "XXHASH hashrate": "0 H/s"}