{"Active connections": 1398, "All-time mined DUCO": 194040343.5802193, "Current difficulty": 75000, "DUCO-S1 hashrate": "2.4 GH/s", "Duco FluffySwap price": 3.8989999999999994e-06, "Duco Furim price": 0.0, "Duco Node-S price": 0.0, "Duco PancakeSwap price": 2.92879e-05, "Duco SunSwap price": 6.465e-05, "Duco SushiSwap price": 8.32413e-06, "Duco UbeSwap price": 2.8687163822298956e-05, "Duco price": 6.465e-05, "Duco price BCH": 5.57e-06, "Duco price NANO": 3.81e-06, "Duco price TRX": 5.35e-06, "Duco price XMG": 0.0, "Duino-Coin Server API": "github.com/revoxhere/duino-coin", "Kolka": {"Banned": 1307, "Jailed": 112}, "Last block hash": "8de4bc0b3fa1580ec7f3421feb9644fc8ead02b8", "Last sync": 1676820144.4004812, "Last update": "19/02/2023 15:22:32 (UTC)", "Mined blocks": 358126104700, "Miner distribution": {"All": 30336, "Arduino": 3734, "CPU": 1024, "ESP32": 11634, "ESP8266": 11924, "GPU": 0, "Other": 8, "Phone": 40, "RPi": 1614, "Web": 358}, "Net energy usage": "20.95 kW", "Open threads": 24, "Pool hashrate": "2416.47 MH/s", "Registered users": 89141, "Server CPU usage": 54.5, "Server RAM usage": 47.9, "Server version": 3.0, "Top 10 richest miners": ["42487124.794576176 DUCO - bscDUCO", "20119946.6942 DUCO - viviana80", "15115363.695 DUCO - Ochios", "11810578.27 DUCO - infternet", "11692429.559071772 DUCO - QQ44142894", "10759939.638689265 DUCO - fiorella71", "9436226.559911452 DUCO - coinexchange", "8125736.123916335 DUCO - Orion_0x43b", "6820045.487130677 DUCO - lordachoo", "4486537.869588679 DUCO - msdo1006"], "XXHASH hashrate": "0 H/s"}