{"Active connections": 1240, "All-time mined DUCO": 84409394.28492807, "Current difficulty": 1000000, "DUCO-S1 hashrate": "3.7 GH/s", "Duco Furim price": 0.0, "Duco Node-S price": 0.0, "Duco PancakeSwap price": 3.5e-05, "Duco SunSwap price": 0.0, "Duco SushiSwap price": 3.3e-05, "Duco UbeSwap price": 2.9e-05, "Duco price": 8.5e-05, "Duco price BCH": 3e-06, "Duco price NANO": 1.4e-05, "Duco price TRX": 1e-05, "Duco price XMG": 8.5e-05, "Duino-Coin Server API": "github.com/revoxhere/duino-coin", "Kolka": {"Banned": 855, "Jailed": 47}, "Last block hash": "2eb3f8271cd947cdd6469be145558a7bcb72e0d9", "Last sync": 1654326559.9624267, "Last update": "04/06/2022 07:09:21 (UTC)", "Mined blocks": 193688292244, "Miner distribution": {"All": 40318, "Arduino": 5387, "CPU": 3257, "ESP32": 13511, "ESP8266": 15981, "GPU": 0, "Other": 54, "Phone": 99, "RPi": 1661, "Web": 368}, "Net energy usage": "38.13 kW", "Open threads": 21, "Pool hashrate": "3723.0 MH/s", "Registered users": 76026, "Server CPU usage": 39.4, "Server RAM usage": 50.2, "Server version": 3.0, "Top 10 richest miners": ["32886410.594722692 DUCO - bscDUCO", "17779504.2 DUCO - Ochios", "6974991.289071771 DUCO - QQ44142894", "5235052.956794953 DUCO - ctecrypto", "4007928.3524725055 DUCO - Demoel", "2396203.892095863 DUCO - renderman", "2210288.9385462017 DUCO - vyrdudji", "2145647.382447601 DUCO - jules_pilot", "2091979.3138396414 DUCO - CryptSino_Exchange", "1665452.692139856 DUCO - maticDUCO"], "XXHASH hashrate": "0 H/s"}