{"Active connections": 865, "All-time mined DUCO": 799787250.6862662, "Current difficulty": 75000, "DUCO-S1 hashrate": "2.206 GH/s", "Duco FluffySwap price": 2.4919999999999996e-06, "Duco Furim price": 0.0, "Duco Node-S price": 0.0, "Duco PancakeSwap price": 5.62178e-06, "Duco SunSwap price": 9.673e-05, "Duco SushiSwap price": 1.40057e-05, "Duco UbeSwap price": 2.7898752414944825e-05, "Duco price": 9.673e-05, "Duco price BCH": 3.56e-06, "Duco price NANO": 1.58e-06, "Duco price TRX": 2.84e-06, "Duco price XMG": 0.0, "Duino-Coin Server API": "github.com/revoxhere/duino-coin", "Kolka": {"Banned": 6132, "Jailed": 129}, "Last block hash": "8de4bc0b3fa1580ec7f3421feb9644fc8ead02b8", "Last sync": 1686785966.5166636, "Last update": "14/06/2023 23:39:38 (UTC)", "Mined blocks": 414962860722, "Miner distribution": {"All": 22958, "Arduino": 2817, "CPU": 908, "ESP32": 9700, "ESP8266": 7954, "GPU": 0, "Other": 8, "Phone": 9, "RPi": 1344, "Web": 218}, "Net energy usage": "16.67 kW", "Open threads": 23, "Pool hashrate": "2205.538 MH/s", "Registered users": 93641, "Server CPU usage": 40.4, "Server RAM usage": 48.9, "Server version": 3.0, "Top 10 richest miners": ["495743830.67087966 DUCO - coinexchange", "388314125.0832323 DUCO - coinexchange", "52371893.02939265 DUCO - bscDUCO", "20119947.6942 DUCO - viviana80", "15115368.927099999 DUCO - Ochios", "12720440.559071772 DUCO - QQ44142894", "10978754.78591761 DUCO - Rafa2000", "10759939.638689265 DUCO - fiorella71", "8660937.955094624 DUCO - duinousa", "8125736.123916335 DUCO - Orion_0x43b"], "XXHASH hashrate": "0 H/s"}