{"Active connections": 1058, "All-time mined DUCO": 183676125.05442503, "Current difficulty": 75000, "DUCO-S1 hashrate": "2.8 GH/s", "Duco FluffySwap price": 1.0695999999999999e-05, "Duco Furim price": 0.0, "Duco Node-S price": 0.0, "Duco PancakeSwap price": 5.3311e-05, "Duco SunSwap price": 4.833e-05, "Duco SushiSwap price": 1.59499e-05, "Duco UbeSwap price": 2.931300785709489e-05, "Duco price": 5.3311e-05, "Duco price BCH": 1.528e-05, "Duco price NANO": 7.04e-06, "Duco price TRX": 5.28e-06, "Duco price XMG": 0.0, "Duino-Coin Server API": "github.com/revoxhere/duino-coin", "Kolka": {"Banned": 1196, "Jailed": 92}, "Last block hash": "8de4bc0b3fa1580ec7f3421feb9644fc8ead02b8", "Last sync": 1671254517.0350773, "Last update": "17/12/2022 05:22:01 (UTC)", "Mined blocks": 322792652335, "Miner distribution": {"All": 34363, "Arduino": 3642, "CPU": 1344, "ESP32": 13049, "ESP8266": 14130, "GPU": 0, "Other": 14, "Phone": 39, "RPi": 1745, "Web": 400}, "Net energy usage": "24.88 kW", "Open threads": 24, "Pool hashrate": "2763.73 MH/s", "Registered users": 85464, "Server CPU usage": 43.8, "Server RAM usage": 53.9, "Server version": 3.0, "Top 10 richest miners": ["38976164.63978844 DUCO - bscDUCO", "20119945.00125 DUCO - viviana80", "14965353.225385074 DUCO - Ochios", "13674120.15643906 DUCO - ctecrypto", "11692429.559071772 DUCO - QQ44142894", "10759939.638689265 DUCO - fiorella71", "8555254.87 DUCO - Flowen1985", "8125723.948652815 DUCO - Orion_0x43b", "4267666.823 DUCO - Demoel", "4094239.3669 DUCO - AlmarRido"], "XXHASH hashrate": "0 H/s"}