{"Duino-Coin Server API": "github.com/revoxhere/duino-coin", "Server version": 2.6, "Active connections": 6055, "Open threads": 22, "Server CPU usage": 66.6, "Server RAM usage": 58.1, "Last update": "14/08/2021 09:08:13 (UTC)", "Net energy usage": "82.53 kW", "Pool hashrate": "4.8347 GH/s", "DUCO-S1 hashrate": "4.8 GH/s", "XXHASH hashrate": "36.2 MH/s", "Duco price": 0.015304, "Duco price XMG": 0.01530362, "Duco price BCH": 0.00166065, "Duco price TRX": 0.00181676, "Duco price XRP": 0.0020475, "Duco price DGB": 0.00190996, "Duco Node-S price": 0.015304, "Duco JustSwap price": 0.00119205, "Duco PancakeSwap price": 0.00507655, "Registered users": 19625, "All-time mined DUCO": 5348265.602445043, "Current difficulty": 423783, "Mined blocks": 10171086094, "Last block hash": "a025d4cd03", "Kolka": {"Jailed": 0, "Banned": 417}, "Miner distribution": {"GPU": 0, "CPU": 6145, "RPi": 1820, "ESP32": 7799, "ESP8266": 9519, "Arduino": 5664, "Other": 241}, "Top 10 richest miners": ["466758.92137662787 DUCO - bscDUCO", "169544.86729767724 DUCO - Bacman", "113028.81111463127 DUCO - amornlit", "102407.96156816516 DUCO - 52Pickup", "86059.22820263248 DUCO - caancom", "80000.90636678287 DUCO - noixauvk", "69521.32377963257 DUCO - coinexchange", "50288.45762651612 DUCO - duinocrfsh", "50169.780862145286 DUCO - rootbori", "47119.90790638301 DUCO - chipsa"]}