{"Active connections": 2416, "All-time mined DUCO": 17758761.109858133, "Current difficulty": 75000, "DUCO-S1 hashrate": "1218.5 MH/s", "Duco JustSwap price": 0.00013693, "Duco Node-S price": 7.5e-05, "Duco PancakeSwap price": 0.000594663, "Duco SushiSwap price": 0.000356015, "Duco price": 0.000594663, "Duco price BCH": 8.007e-05, "Duco price DGB": 0.0, "Duco price NANO": 1.692e-05, "Duco price RVN": 0.0, "Duco price TRX": 0.00018168, "Duco price XMG": 0.00045289, "Duco price XRP": 0.0, "Duino-Coin Server API": "github.com/revoxhere/duino-coin", "Kolka": {"Banned": 712, "Jailed": 24}, "Last block hash": "2eb3f8271c", "Last update": "12/12/2021 11:15:16 (UTC)", "Mined blocks": 60276046694, "Miner distribution": {"All": 30897, "Arduino": 6469, "CPU": 3529, "ESP32": 7662, "ESP8266": 10907, "GPU": 0, "Other": 17, "Phone": 326, "RPi": 1987, "Web": 0}, "Net energy usage": "35.43 kW", "Open threads": 20, "Pool hashrate": "1218.48 MH/s", "Registered users": 29782, "Server CPU usage": 46.8, "Server RAM usage": 26.6, "Server version": 2.7, "Top 10 richest miners": ["4664020.739257919 DUCO - bscDUCO", "1149579.3481484298 DUCO - coinexchange", "530162.5806861913 DUCO - NodeSBroker", "397162.15067505674 DUCO - James_themac", "300520.321607231 DUCO - 52Pickup", "188782.057104081 DUCO - celoDUCO", "183887.31357026743 DUCO - maticDUCO", "170241.298916613 DUCO - Bacman", "167042.3657963268 DUCO - bloomindark", "119999.999999999 DUCO - rootbori"], "XXHASH hashrate": "0 H/s"}