{"Active connections": 1503, "All-time mined DUCO": 1078060336.3479514, "Current difficulty": 75000, "DUCO-S1 hashrate": "2.147 GH/s", "Duco FluffySwap price": 3.997e-06, "Duco Furim price": 0.0, "Duco Node-S price": 0.0, "Duco PancakeSwap price": 1.13538e-05, "Duco SunSwap price": 0.00010547, "Duco SushiSwap price": 1.47317e-05, "Duco UbeSwap price": 2.7898752414944825e-05, "Duco price": 0.00010547, "Duco price BCH": 5.71e-06, "Duco price NANO": 1.07e-06, "Duco price TRX": 1.55e-06, "Duco price XMG": 0.0, "Duino-Coin Server API": "github.com/revoxhere/duino-coin", "Kolka": {"Banned": 5727, "Jailed": 144}, "Last block hash": "8de4bc0b3fa1580ec7f3421feb9644fc8ead02b8", "Last sync": 1688659312.8036125, "Last update": "06/07/2023 16:02:06 (UTC)", "Mined blocks": 423978532249, "Miner distribution": {"All": 21136, "Arduino": 2428, "CPU": 780, "ESP32": 9226, "ESP8266": 7459, "GPU": 0, "Other": 11, "Phone": 9, "RPi": 1223, "Web": 0}, "Net energy usage": "14.92 kW", "Open threads": 23, "Pool hashrate": "2147.041 MH/s", "Registered users": 94262, "Server CPU usage": 51.8, "Server RAM usage": 54.5, "Server version": 3.0, "Top 10 richest miners": ["495743830.67087966 DUCO - coinexchange", "385423886.34255016 DUCO - coinexchange", "50308867.80947695 DUCO - bscDUCO", "36165869.187 DUCO - AlmarRido", "24326348.334 DUCO - Flowen1985", "20119947.6942 DUCO - viviana80", "15115368.927099999 DUCO - Ochios", "12720440.559071772 DUCO - QQ44142894", "12715458.433214605 DUCO - duinousa", "11660063.712615365 DUCO - ctecrypto"], "XXHASH hashrate": "0 H/s"}