{"Active connections": 841, "All-time mined DUCO": 68685764.11163014, "Current difficulty": 1000000, "DUCO-S1 hashrate": "2.8 GH/s", "Duco Furim price": 0.0, "Duco Node-S price": 0.0, "Duco PancakeSwap price": 3.2e-05, "Duco SunSwap price": 0.000617, "Duco SushiSwap price": 2.1e-05, "Duco UbeSwap price": 3.5e-05, "Duco price": 0.000617, "Duco price BCH": 3.1e-05, "Duco price NANO": 2.3e-05, "Duco price TRX": 1.9e-05, "Duco price XMG": 0.000117, "Duino-Coin Server API": "github.com/revoxhere/duino-coin", "Kolka": {"Banned": 947, "Jailed": 69}, "Last block hash": "2eb3f8271cd947cdd6469be145558a7bcb72e0d9", "Last sync": 1659627081.7892797, "Last update": "04/08/2022 15:31:23 (UTC)", "Mined blocks": 236544661386, "Miner distribution": {"All": 35822, "Arduino": 4555, "CPU": 2150, "ESP32": 12390, "ESP8266": 14885, "GPU": 0, "Other": 65, "Phone": 68, "RPi": 1232, "Web": 477}, "Net energy usage": "29.4 kW", "Open threads": 22, "Pool hashrate": "2841.62 MH/s", "Registered users": 75623, "Server CPU usage": 41.5, "Server RAM usage": 43.0, "Server version": 3.2, "Top 10 richest miners": ["42140536.94667598 DUCO - coinexchange", "40380223.75368917 DUCO - bscDUCO", "7753983.318280362 DUCO - ctecrypto", "6974991.289071771 DUCO - QQ44142894", "2865692.091702106 DUCO - renderman", "2368507.0 DUCO - Brunomoyses23", "2304983.4958655015 DUCO - siberia21", "2210288.9385462017 DUCO - vyrdudji", "1438000.074878601 DUCO - maticDUCO", "1436226.401 DUCO - amornlit"], "XXHASH hashrate": "0 H/s"}