{"Active connections": 1514, "All-time mined DUCO": 60455477.15345508, "Current difficulty": 1000000, "DUCO-S1 hashrate": "5.8 GH/s", "Duco Furim price": 0.0, "Duco Node-S price": 0.0, "Duco PancakeSwap price": 4.7e-05, "Duco SunSwap price": 0.000314, "Duco SushiSwap price": 7.6e-05, "Duco price": 0.000315, "Duco price BCH": 4e-06, "Duco price NANO": 2.7e-05, "Duco price TRX": 3e-06, "Duco price XMG": 6e-06, "Duino-Coin Server API": "github.com/revoxhere/duino-coin", "Kolka": {"Banned": 538, "Jailed": 29}, "Last block hash": "2eb3f8271cd947cdd6469be145558a7bcb72e0d9", "Last sync": 1647520340.1662042, "Last update": "17/03/2022 12:32:24 (UTC)", "Mined blocks": 132380749172, "Miner distribution": {"All": 43970, "Arduino": 7526, "CPU": 4340, "ESP32": 13403, "ESP8266": 14836, "GPU": 0, "Other": 50, "Phone": 195, "RPi": 2754, "Web": 866}, "Net energy usage": "47.14 kW", "Open threads": 21, "Pool hashrate": "5758.78 MH/s", "Registered users": 64965, "Server CPU usage": 41.9, "Server RAM usage": 48.4, "Server version": 3.0, "Top 10 richest miners": ["25997976.673074927 DUCO - bscDUCO", "10000000.269761559 DUCO - miningvir", "3965348.014869814 DUCO - Ochios", "3962275.8619908057 DUCO - RNGesus", "2634478.94930822 DUCO - coinexchange", "2453550.087773999 DUCO - ifdeduco", "1712300.8445134566 DUCO - DeVisdude", "1554191.8226327556 DUCO - Demoel", "1259832.062821704 DUCO - T3rminator", "1209837.627673189 DUCO - James_themac"], "XXHASH hashrate": "0 H/s"}