{"Active connections": 830, "All-time mined DUCO": 710157129.7797446, "Current difficulty": 75000, "DUCO-S1 hashrate": "2.1 GH/s", "Duco FluffySwap price": 1.7429999999999999e-06, "Duco Furim price": 0.0, "Duco Node-S price": 0.0, "Duco PancakeSwap price": 2.04423e-05, "Duco SunSwap price": 2.424e-05, "Duco SushiSwap price": 1.8028e-05, "Duco UbeSwap price": 2.996165722235418e-05, "Duco price": 2.996165722235418e-05, "Duco price BCH": 2.49e-06, "Duco price NANO": 1.82e-06, "Duco price TRX": 2.32e-06, "Duco price XMG": 0.0, "Duino-Coin Server API": "github.com/revoxhere/duino-coin", "Kolka": {"Banned": 1340, "Jailed": 117}, "Last block hash": "8de4bc0b3fa1580ec7f3421feb9644fc8ead02b8", "Last sync": 1681015034.2151167, "Last update": "09/04/2023 04:37:18 (UTC)", "Mined blocks": 383139682702, "Miner distribution": {"All": 27563, "Arduino": 3396, "CPU": 1081, "ESP32": 10490, "ESP8266": 10898, "GPU": 0, "Other": 14, "Phone": 9, "RPi": 1515, "Web": 160}, "Net energy usage": "19.89 kW", "Open threads": 26, "Pool hashrate": "2056.93 MH/s", "Registered users": 91410, "Server CPU usage": 53.5, "Server RAM usage": 50.7, "Server version": 3.0, "Top 10 richest miners": ["495743830.67087966 DUCO - coinexchange", "486310646.9126683 DUCO - coinexchange", "37476921.566 DUCO - bscDUCO", "20119947.6942 DUCO - viviana80", "15115364.7271 DUCO - Ochios", "12720440.559071772 DUCO - QQ44142894", "10759939.638689265 DUCO - fiorella71", "8125736.123916335 DUCO - Orion_0x43b", "7199514.867515939 DUCO - msdo1006", "6830433.83036423 DUCO - lordachoo"], "XXHASH hashrate": "0 H/s"}