{"Active connections": 1017, "All-time mined DUCO": 18055988.126667634, "Current difficulty": 75000, "DUCO-S1 hashrate": "1423.4 MH/s", "Duco JustSwap price": 0.00013062, "Duco Node-S price": 5.7e-05, "Duco PancakeSwap price": 0.000594663, "Duco SushiSwap price": 0.000356015, "Duco price": 0.000594663, "Duco price BCH": 4.811e-05, "Duco price DGB": 0.0, "Duco price NANO": 1.611e-05, "Duco price RVN": 0.0, "Duco price TRX": 0.00013046, "Duco price XMG": 0.00026858, "Duco price XRP": 0.0, "Duino-Coin Server API": "github.com/revoxhere/duino-coin", "Kolka": {"Banned": 713, "Jailed": 24}, "Last block hash": "2eb3f8271c", "Last update": "15/12/2021 07:33:52 (UTC)", "Mined blocks": 62388135055, "Miner distribution": {"All": 37381, "Arduino": 6993, "CPU": 4040, "ESP32": 11111, "ESP8266": 11645, "GPU": 0, "Other": 19, "Phone": 463, "RPi": 2222, "Web": 888}, "Net energy usage": "41.81 kW", "Open threads": 21, "Pool hashrate": "1423.43 MH/s", "Registered users": 30315, "Server CPU usage": 54.3, "Server RAM usage": 58.8, "Server version": 2.7, "Top 10 richest miners": ["4715166.884549606 DUCO - bscDUCO", "951848.2362999708 DUCO - coinexchange", "530812.5806861913 DUCO - NodeSBroker", "397162.15067505674 DUCO - James_themac", "300520.321607231 DUCO - 52Pickup", "247752.7268809859 DUCO - miningvir", "189295.6923252788 DUCO - maticDUCO", "188782.057104081 DUCO - celoDUCO", "170241.298916613 DUCO - Bacman", "120000.999999999 DUCO - rootbori"], "XXHASH hashrate": "0 H/s"}