{"Active connections": 1975, "All-time mined DUCO": 72549625.08472733, "Current difficulty": 75000, "DUCO-S1 hashrate": "2.8 GH/s", "Duco Furim price": 0.0, "Duco Node-S price": 0.0, "Duco PancakeSwap price": 4.3e-05, "Duco SunSwap price": 0.000313, "Duco SushiSwap price": 3.8e-05, "Duco UbeSwap price": 2.8e-05, "Duco price": 0.000332, "Duco price BCH": 2.4e-05, "Duco price NANO": 1.8e-05, "Duco price TRX": 1.9e-05, "Duco price XMG": 1.6e-05, "Duino-Coin Server API": "github.com/revoxhere/duino-coin", "Kolka": {"Banned": 972, "Jailed": 74}, "Last block hash": "2eb3f8271cd947cdd6469be145558a7bcb72e0d9", "Last sync": 1660907117.0093744, "Last update": "19/08/2022 11:05:18 (UTC)", "Mined blocks": 244498183520, "Miner distribution": {"All": 36881, "Arduino": 4592, "CPU": 1884, "ESP32": 13349, "ESP8266": 15339, "GPU": 0, "Other": 63, "Phone": 41, "RPi": 1177, "Web": 436}, "Net energy usage": "28.21 kW", "Open threads": 22, "Pool hashrate": "2829.65 MH/s", "Registered users": 76665, "Server CPU usage": 51.2, "Server RAM usage": 56.9, "Server version": 3.0, "Top 10 richest miners": ["42252146.85504087 DUCO - bscDUCO", "34744104.04911963 DUCO - coinexchange", "6974991.289071771 DUCO - QQ44142894", "3189501.1227401034 DUCO - renderman", "2368507.0 DUCO - Brunomoyses23", "2210288.9385462017 DUCO - vyrdudji", "1477124.0084821829 DUCO - maticDUCO", "1436226.401 DUCO - amornlit", "1209999.0000002678 DUCO - AlmarRido", "1209839.3183971192 DUCO - James_themac"], "XXHASH hashrate": "0 H/s"}