{"Active connections": 386, "All-time mined DUCO": 783818330.4365356, "Current difficulty": 200000, "DUCO-S1 hashrate": "2.197 GH/s", "Duco FluffySwap price": 2.1916999999999997e-05, "Duco Furim price": 0.0, "Duco Node-S price": 0.0, "Duco PancakeSwap price": 1.31425e-05, "Duco SunSwap price": 2.989e-05, "Duco SushiSwap price": 8.987494203495e-06, "Duco UbeSwap price": 1.568e-05, "Duco price": 3.515e-05, "Duco price BCH": 0.0, "Duco price NANO": 0.0, "Duco price TRX": 3.125e-05, "Duco price XMG": 3.515e-05, "Duino-Coin Server API": "github.com/revoxhere/duino-coin", "Kolka": {"Banned": 6027, "Jailed": 191}, "Last block hash": "8de4bc0b3fa1580ec7f3421feb9644fc8ead02b8", "Last sync": 1725291374.847632, "Last update": "02/09/2024 15:36:14 (UTC)", "Mined blocks": 547710692570, "Miner distribution": {"All": 15188, "Arduino": 1902, "CPU": 891, "ESP32": 4945, "ESP8266": 6152, "GPU": 0, "Other": 12, "Phone": 10, "RPi": 1096, "Web": 180}, "Net energy usage": "13.1 kW", "Open threads": 27, "Pool hashrate": "2196.686 MH/s", "Registered users": 105665, "Server CPU usage": 60.8, "Server RAM usage": 58.5, "Server version": 4.0, "Top 10 richest miners": ["235409569.0934555 DUCO - coinexchange", "85494792.52646369 DUCO - bscDUCO", "35576240.569 DUCO - AlmarRido", "30855598.808 DUCO - Flowen1985", "22896923.915 DUCO - bimbasimba94", "20160690.628000002 DUCO - viviana80", "14928225.456269274 DUCO - aimbert", "14847133.194062889 DUCO - ctecrypto", "14206484.255290758 DUCO - duinousa", "12721943.39257476 DUCO - QQ44142894"], "XXHASH hashrate": "0 H/s"}