{"Active connections": 870, "All-time mined DUCO": 87036124.0745349, "Current difficulty": 1000000, "DUCO-S1 hashrate": "3.1 GH/s", "Duco Furim price": 0.0, "Duco Node-S price": 0.0, "Duco PancakeSwap price": 2.3e-05, "Duco SunSwap price": 4.2e-05, "Duco SushiSwap price": 1.3e-05, "Duco UbeSwap price": 2.8e-05, "Duco price": 0.000117, "Duco price BCH": 1.3e-05, "Duco price NANO": 1.2e-05, "Duco price TRX": 1.6e-05, "Duco price XMG": 0.000117, "Duino-Coin Server API": "github.com/revoxhere/duino-coin", "Kolka": {"Banned": 933, "Jailed": 56}, "Last block hash": "2eb3f8271cd947cdd6469be145558a7bcb72e0d9", "Last sync": 1656555444.8109422, "Last update": "30/06/2022 02:17:26 (UTC)", "Mined blocks": 212913844188, "Miner distribution": {"All": 37551, "Arduino": 4911, "CPU": 2358, "ESP32": 12817, "ESP8266": 15510, "GPU": 0, "Other": 92, "Phone": 60, "RPi": 1534, "Web": 269}, "Net energy usage": "31.57 kW", "Open threads": 21, "Pool hashrate": "3133.1 MH/s", "Registered users": 73343, "Server CPU usage": 31.3, "Server RAM usage": 40.9, "Server version": 3.0, "Top 10 richest miners": ["35609168.27531917 DUCO - bscDUCO", "16868013.00251215 DUCO - Ochios", "7752733.140923254 DUCO - ctecrypto", "6974991.289071771 DUCO - QQ44142894", "5759209.577794591 DUCO - renderman", "4341438.273396698 DUCO - coinexchange", "4006679.5336540523 DUCO - Demoel", "2368507.0 DUCO - Brunomoyses23", "2210288.9385462017 DUCO - vyrdudji", "2070152.565 DUCO - CryptSino_Exchange"], "XXHASH hashrate": "0 H/s"}