{"Active connections": 1099, "All-time mined DUCO": 739471418.1060236, "Current difficulty": 200000, "DUCO-S1 hashrate": "2.678 GH/s", "Duco FluffySwap price": 7.903e-06, "Duco Furim price": 0.0, "Duco Node-S price": 0.0, "Duco PancakeSwap price": 8.57789e-06, "Duco SunSwap price": 9.19e-05, "Duco SushiSwap price": 1.2962107682626e-05, "Duco UbeSwap price": 1.1191491992827553e-05, "Duco price": 0.000234, "Duco price BCH": 0.00016695, "Duco price NANO": 0.000234, "Duco price TRX": 1.13e-05, "Duco price XMG": 3.93e-06, "Duino-Coin Server API": "github.com/revoxhere/duino-coin", "Kolka": {"Banned": 5949, "Jailed": 182}, "Last block hash": "8de4bc0b3fa1580ec7f3421feb9644fc8ead02b8", "Last sync": 1717845715.9479585, "Last update": "08/06/2024 11:21:55 (UTC)", "Mined blocks": 525736529277, "Miner distribution": {"All": 18466, "Arduino": 2306, "CPU": 1051, "ESP32": 7616, "ESP8266": 6065, "GPU": 0, "Other": 13, "Phone": 16, "RPi": 1247, "Web": 152}, "Net energy usage": "15.45 kW", "Open threads": 27, "Pool hashrate": "2678.249 MH/s", "Registered users": 102796, "Server CPU usage": 57.4, "Server RAM usage": 90.4, "Server version": 4.0, "Top 10 richest miners": ["79226409.78550309 DUCO - bscDUCO", "30792510.456 DUCO - Flowen1985", "30547106.689035717 DUCO - AlmarRido", "20119947.6942 DUCO - viviana80", "18545685.805999998 DUCO - bimbasimba94", "14898328.612932766 DUCO - aimbert", "14844403.707811877 DUCO - ctecrypto", "12720440.59109726 DUCO - QQ44142894", "11315988.3845683 DUCO - duinousa", "11015478.642 DUCO - Rafa2000"], "XXHASH hashrate": "0 H/s"}