{"Active connections": 1478, "All-time mined DUCO": 196558063.8111795, "Current difficulty": 75000, "DUCO-S1 hashrate": "2.5 GH/s", "Duco FluffySwap price": 3.7309999999999995e-06, "Duco Furim price": 0.0, "Duco Node-S price": 0.0, "Duco PancakeSwap price": 2.3934e-05, "Duco SunSwap price": 6.185e-05, "Duco SushiSwap price": 8.8364e-06, "Duco UbeSwap price": 2.8687163822298956e-05, "Duco price": 6.185e-05, "Duco price BCH": 5.33e-06, "Duco price NANO": 3.58e-06, "Duco price TRX": 5.12e-06, "Duco price XMG": 0.0, "Duino-Coin Server API": "github.com/revoxhere/duino-coin", "Kolka": {"Banned": 1322, "Jailed": 112}, "Last block hash": "8de4bc0b3fa1580ec7f3421feb9644fc8ead02b8", "Last sync": 1677352021.7908232, "Last update": "25/02/2023 19:07:05 (UTC)", "Mined blocks": 361409709659, "Miner distribution": {"All": 30653, "Arduino": 3769, "CPU": 1061, "ESP32": 11785, "ESP8266": 11997, "GPU": 0, "Other": 8, "Phone": 43, "RPi": 1647, "Web": 343}, "Net energy usage": "21.33 kW", "Open threads": 24, "Pool hashrate": "2469.4 MH/s", "Registered users": 89471, "Server CPU usage": 43.0, "Server RAM usage": 55.5, "Server version": 3.0, "Top 10 richest miners": ["508326898.9244061 DUCO - coinexchange", "42588762.794576176 DUCO - bscDUCO", "20119946.6942 DUCO - viviana80", "15115363.695 DUCO - Ochios", "12283086.27 DUCO - infternet", "11692429.559071772 DUCO - QQ44142894", "10759939.638689265 DUCO - fiorella71", "8125736.123916335 DUCO - Orion_0x43b", "7752696.779 DUCO - sudoerrno", "6821352.026341237 DUCO - lordachoo"], "XXHASH hashrate": "0 H/s"}