{"Active connections": 1380, "All-time mined DUCO": 55032041.698450856, "Current difficulty": 1000000, "DUCO-S1 hashrate": "4.5 GH/s", "Duco Furim price": 0.0, "Duco Node-S price": 0.0, "Duco PancakeSwap price": 5.4e-05, "Duco SunSwap price": 5.9e-05, "Duco SushiSwap price": 1.4e-05, "Duco UbeSwap price": 9.9e-05, "Duco price": 0.000101, "Duco price BCH": 8e-06, "Duco price NANO": 4.1e-05, "Duco price TRX": 2.1e-05, "Duco price XMG": 5.6e-05, "Duino-Coin Server API": "github.com/revoxhere/duino-coin", "Kolka": {"Banned": 778, "Jailed": 47}, "Last block hash": "2eb3f8271cd947cdd6469be145558a7bcb72e0d9", "Last sync": 1652016378.1839156, "Last update": "08/05/2022 13:26:19 (UTC)", "Mined blocks": 173210324292, "Miner distribution": {"All": 41355, "Arduino": 6026, "CPU": 3521, "ESP32": 13558, "ESP8266": 15560, "GPU": 0, "Other": 68, "Phone": 217, "RPi": 1980, "Web": 425}, "Net energy usage": "40.36 kW", "Open threads": 21, "Pool hashrate": "4524.52 MH/s", "Registered users": 73144, "Server CPU usage": 34.7, "Server RAM usage": 40.4, "Server version": 3.0, "Top 10 richest miners": ["24862214.70799496 DUCO - bscDUCO", "6803499.999997091 DUCO - Ochios", "4029030.372794766 DUCO - QQ44142894", "2210288.9385462017 DUCO - vyrdudji", "2100886.2317212303 DUCO - varanese67", "1992315.4620304664 DUCO - coinexchange", "1458295.357733561 DUCO - maticDUCO", "1209839.3105654893 DUCO - James_themac", "1025103.1801076952 DUCO - ctecrypto", "958186.5278200009 DUCO - econnaty"], "XXHASH hashrate": "0 H/s"}