{"Active connections": 378, "All-time mined DUCO": 771059635.5651114, "Current difficulty": 200000, "DUCO-S1 hashrate": "1.775 GH/s", "Duco FluffySwap price": 2.107e-05, "Duco Furim price": 0.0, "Duco Node-S price": 0.0, "Duco PancakeSwap price": 1.31425e-05, "Duco SunSwap price": 2.879e-05, "Duco SushiSwap price": 8.987494203495e-06, "Duco UbeSwap price": 1.568e-05, "Duco price": 3.847e-05, "Duco price BCH": 0.0, "Duco price NANO": 0.0, "Duco price TRX": 3.01e-05, "Duco price XMG": 3.847e-05, "Duino-Coin Server API": "github.com/revoxhere/duino-coin", "Kolka": {"Banned": 6040, "Jailed": 191}, "Last block hash": "8de4bc0b3fa1580ec7f3421feb9644fc8ead02b8", "Last sync": 1727244796.6899214, "Last update": "25/09/2024 06:13:16 (UTC)", "Mined blocks": 553184185354, "Miner distribution": {"All": 14544, "Arduino": 1966, "CPU": 646, "ESP32": 4765, "ESP8266": 5961, "GPU": 0, "Other": 9, "Phone": 6, "RPi": 1075, "Web": 116}, "Net energy usage": "11.32 kW", "Open threads": 29, "Pool hashrate": "1774.647 MH/s", "Registered users": 106314, "Server CPU usage": 49.5, "Server RAM usage": 68.3, "Server version": 4.0, "Top 10 richest miners": ["237102465.21089274 DUCO - coinexchange", "85498980.52646369 DUCO - bscDUCO", "35576240.569 DUCO - AlmarRido", "30855598.808 DUCO - Flowen1985", "18317539.132 DUCO - bimbasimba94", "16128552.502000002 DUCO - viviana80", "14958514.261856776 DUCO - aimbert", "14847133.194062889 DUCO - ctecrypto", "12721943.39257476 DUCO - QQ44142894", "11365384.179663561 DUCO - duinousa"], "XXHASH hashrate": "0 H/s"}