{"Active connections": 870, "All-time mined DUCO": 707456936.0177875, "Current difficulty": 75000, "DUCO-S1 hashrate": "2.1 GH/s", "Duco FluffySwap price": 1.75e-06, "Duco Furim price": 0.0, "Duco Node-S price": 0.0, "Duco PancakeSwap price": 2.27623e-05, "Duco SunSwap price": 2.426e-05, "Duco SushiSwap price": 1.47969e-05, "Duco UbeSwap price": 2.9828006500541712e-05, "Duco price": 2.9828006500541712e-05, "Duco price BCH": 2.5e-06, "Duco price NANO": 1.79e-06, "Duco price TRX": 2.32e-06, "Duco price XMG": 0.0, "Duino-Coin Server API": "github.com/revoxhere/duino-coin", "Kolka": {"Banned": 1345, "Jailed": 119}, "Last block hash": "8de4bc0b3fa1580ec7f3421feb9644fc8ead02b8", "Last sync": 1681091080.3920283, "Last update": "10/04/2023 01:44:45 (UTC)", "Mined blocks": 383620333042, "Miner distribution": {"All": 28422, "Arduino": 3517, "CPU": 1070, "ESP32": 10788, "ESP8266": 11177, "GPU": 0, "Other": 16, "Phone": 21, "RPi": 1588, "Web": 245}, "Net energy usage": "20.32 kW", "Open threads": 24, "Pool hashrate": "2107.67 MH/s", "Registered users": 91445, "Server CPU usage": 58.3, "Server RAM usage": 49.6, "Server version": 3.0, "Top 10 richest miners": ["495743830.67087966 DUCO - coinexchange", "485257401.2397292 DUCO - coinexchange", "38476421.566 DUCO - bscDUCO", "20119947.6942 DUCO - viviana80", "15115364.7271 DUCO - Ochios", "12720440.559071772 DUCO - QQ44142894", "10759939.638689265 DUCO - fiorella71", "8125736.123916335 DUCO - Orion_0x43b", "7199619.663056707 DUCO - msdo1006", "6830882.189245424 DUCO - lordachoo"], "XXHASH hashrate": "0 H/s"}