{"Active connections": 318, "All-time mined DUCO": 34091814.306129426, "Current difficulty": 1000000, "DUCO-S1 hashrate": "29.4 GH/s", "Duco JustSwap price": 0.00022416, "Duco Node-S price": 0, "Duco PancakeSwap price": 9.41186e-05, "Duco SushiSwap price": 0.000209454, "Duco price": 0.00102331, "Duco price BCH": 2.86e-06, "Duco price NANO": 1.145e-05, "Duco price TRX": 8.113e-05, "Duco price XMG": 0.00102331, "Duino-Coin Server API": "github.com/revoxhere/duino-coin", "Kolka": {"Banned": 786, "Jailed": 28}, "Last block hash": "2eb3f8271c", "Last sync": 1644245522.0245166, "Last update": "07/02/2022 14:52:02 (UTC)", "Mined blocks": 105094883074, "Miner distribution": {"All": 1576, "Arduino": 178, "CPU": 295, "ESP32": 124, "ESP8266": 322, "GPU": 0, "Other": 6, "Phone": 9, "RPi": 206, "Web": 436}, "Net energy usage": "2.89 kW", "Open threads": 21, "Pool hashrate": "29407.98 MH/s", "Registered users": 55035, "Server CPU usage": 5.2, "Server RAM usage": 25.7, "Server version": 2.7, "Top 10 richest miners": ["11723898.233126624 DUCO - bscDUCO", "9017022.021054601 DUCO - miningvir", "1428014.549150833 DUCO - bimbasimba94", "1302971.3908699139 DUCO - coinexchange", "573162.1506750567 DUCO - James_themac", "516571.75435448706 DUCO - Techno78", "356197.8636235537 DUCO - NodeSBroker", "222040.1388045149 DUCO - maticDUCO", "190624.067104081 DUCO - celoDUCO", "170241.299416613 DUCO - Bacman"], "XXHASH hashrate": "0 H/s"}