{"Duino-Coin Server API": "github.com/revoxhere/duino-coin", "Server version": 2.6, "Active connections": 6429, "Open threads": 22, "Server CPU usage": 68.9, "Server RAM usage": 64.6, "Last update": "14/08/2021 14:50:41 (UTC)", "Net energy usage": "84.26 kW", "Pool hashrate": "3.2568 GH/s", "DUCO-S1 hashrate": "3.2 GH/s", "XXHASH hashrate": "34.8 MH/s", "Duco price": 0.01968121, "Duco price XMG": 0.01968121, "Duco price BCH": 0.00163792, "Duco price TRX": 0.00178352, "Duco price XRP": 0.0021175, "Duco price DGB": 0.00189799, "Duco Node-S price": 0.019681, "Duco JustSwap price": 0.00175646, "Duco PancakeSwap price": 0.00507655, "Registered users": 19678, "All-time mined DUCO": 5411909.303847581, "Current difficulty": 427935, "Mined blocks": 10270693010, "Last block hash": "3d467f389b", "Kolka": {"Jailed": 0, "Banned": 417}, "Miner distribution": {"GPU": 0, "CPU": 6282, "RPi": 1856, "ESP32": 7886, "ESP8266": 9863, "Arduino": 5738, "Other": 208}, "Top 10 richest miners": ["490681.1542915678 DUCO - bscDUCO", "169578.9279048624 DUCO - Bacman", "113034.71063254228 DUCO - amornlit", "102414.88485217898 DUCO - 52Pickup", "100000.0 DUCO - WannaCry", "86075.24232021296 DUCO - caancom", "69737.28377963256 DUCO - coinexchange", "50288.45762651612 DUCO - duinocrfsh", "50197.844835521064 DUCO - rootbori", "47119.90790638301 DUCO - chipsa"]}