{"Duino-Coin Server API": "github.com/revoxhere/duino-coin", "Server version": 2.7, "Active connections": 20894, "Open threads": 23, "Server CPU usage": 54.4, "Server RAM usage": 38.1, "Last update": "22/09/2021 20:06:09 (UTC)", "Net energy usage": "70.33 kW", "Pool hashrate": "1422.0009 MH/s", "DUCO-S1 hashrate": "1391.6 MH/s", "XXHASH hashrate": "30.4 MH/s", "Duco price": 0.00111629, "Duco price XMG": 0.00087106, "Duco price BCH": 0.00054125, "Duco price RVN": 0.00071492, "Duco price TRX": 0.00073339, "Duco price XRP": 0.00034642, "Duco price DGB": 0.00066774, "Duco price NANO": 0.00072065, "Duco price FJC": 0.00087185, "Duco Node-S price": 0, "Duco JustSwap price": 0.00063757, "Duco PancakeSwap price": 0.00111629, "Duco SushiSwap price": 0.000608, "Registered users": 18401, "All-time mined DUCO": 10677257.513975315, "Current difficulty": 850047, "Mined blocks": 20401398917, "Last block hash": "730b6127b9", "Kolka": {"Jailed": 24, "Banned": 642}, "Miner distribution": {"GPU": 1, "CPU": 3961, "RPi": 2409, "Phone": 201, "Web": 1041, "ESP32": 10253, "ESP8266": 11974, "Arduino": 6048, "Other": 97}, "Top 10 richest miners": ["2272515.964134734 DUCO - bscDUCO", "521500.1558491204 DUCO - 52Pickup", "301052.88878975407 DUCO - James_themac", "170056.7577352893 DUCO - Bacman", "121156.43365870608 DUCO - rootbori", "113387.18511437952 DUCO - amornlit", "86546.1393015212 DUCO - caancom", "71116.33426227931 DUCO - bimbasimba94", "66971.11650285513 DUCO - giveaways", "64732.16 DUCO - celoDUCO"]}