{"Active connections": 830, "All-time mined DUCO": 738988499.6909996, "Current difficulty": 200000, "DUCO-S1 hashrate": "2.47 GH/s", "Duco FluffySwap price": 8.883e-06, "Duco Furim price": 0.0, "Duco Node-S price": 0.0, "Duco PancakeSwap price": 8.57789e-06, "Duco SunSwap price": 0.00010333, "Duco SushiSwap price": 1.2962107682626e-05, "Duco UbeSwap price": 1.1191491992827553e-05, "Duco price": 0.000226, "Duco price BCH": 0.00015562, "Duco price NANO": 0.000226, "Duco price TRX": 1.27e-05, "Duco price XMG": 3.75e-06, "Duino-Coin Server API": "github.com/revoxhere/duino-coin", "Kolka": {"Banned": 5922, "Jailed": 181}, "Last block hash": "8de4bc0b3fa1580ec7f3421feb9644fc8ead02b8", "Last sync": 1715594274.844245, "Last update": "13/05/2024 09:57:54 (UTC)", "Mined blocks": 519058314387, "Miner distribution": {"All": 16920, "Arduino": 2179, "CPU": 990, "ESP32": 6326, "ESP8266": 5843, "GPU": 0, "Other": 22, "Phone": 0, "RPi": 1318, "Web": 242}, "Net energy usage": "14.62 kW", "Open threads": 29, "Pool hashrate": "2470.217 MH/s", "Registered users": 101850, "Server CPU usage": 31.4, "Server RAM usage": 93.2, "Server version": 4.0, "Top 10 richest miners": ["78625233.74889731 DUCO - bscDUCO", "39493232.42763998 DUCO - AlmarRido", "30792510.456 DUCO - Flowen1985", "20119947.6942 DUCO - viviana80", "17045685.805999998 DUCO - bimbasimba94", "14868540.94337775 DUCO - aimbert", "14842622.961439084 DUCO - ctecrypto", "12720440.585598174 DUCO - QQ44142894", "11314695.772907222 DUCO - duinousa", "10759939.638689265 DUCO - fiorella71"], "XXHASH hashrate": "0 H/s"}