{"Active connections": 2196, "All-time mined DUCO": 735936835.4858482, "Current difficulty": 75000, "DUCO-S1 hashrate": "2.321 GH/s", "Duco FluffySwap price": 2.7299999999999997e-06, "Duco Furim price": 0.0, "Duco Node-S price": 0.0, "Duco PancakeSwap price": 5.98115e-06, "Duco SunSwap price": 0.00012327, "Duco SushiSwap price": 1.24869e-05, "Duco UbeSwap price": 2.8285092635326694e-05, "Duco price": 0.00012327, "Duco price BCH": 3.92e-06, "Duco price NANO": 1.78e-06, "Duco price TRX": 3.11e-06, "Duco price XMG": 0.0, "Duino-Coin Server API": "github.com/revoxhere/duino-coin", "Kolka": {"Banned": 1390, "Jailed": 128}, "Last block hash": "8de4bc0b3fa1580ec7f3421feb9644fc8ead02b8", "Last sync": 1685016939.4798667, "Last update": "25/05/2023 12:15:45 (UTC)", "Mined blocks": 406151316638, "Miner distribution": {"All": 24298, "Arduino": 3080, "CPU": 1014, "ESP32": 10366, "ESP8266": 8062, "GPU": 0, "Other": 7, "Phone": 2, "RPi": 1488, "Web": 279}, "Net energy usage": "18.01 kW", "Open threads": 25, "Pool hashrate": "2321.115 MH/s", "Registered users": 93088, "Server CPU usage": 68.1, "Server RAM usage": 61.1, "Server version": 3.0, "Top 10 richest miners": ["495743830.67087966 DUCO - coinexchange", "412323842.0086446 DUCO - coinexchange", "55628983.04439265 DUCO - bscDUCO", "20119947.6942 DUCO - viviana80", "15115368.927099999 DUCO - Ochios", "12720440.559071772 DUCO - QQ44142894", "12319003.57474693 DUCO - Flowen1985", "10759939.638689265 DUCO - fiorella71", "8125736.123916335 DUCO - Orion_0x43b", "7299326.394 DUCO - revox"], "XXHASH hashrate": "0 H/s"}