{"Active connections": 1618, "All-time mined DUCO": 97861533.75968716, "Current difficulty": 75000, "DUCO-S1 hashrate": "3.0 GH/s", "Duco FluffySwap price": 2.1e-05, "Duco Furim price": 0.0, "Duco Node-S price": 0.0, "Duco PancakeSwap price": 3.6e-05, "Duco SunSwap price": 8.8e-05, "Duco SushiSwap price": 1.5e-05, "Duco UbeSwap price": 2.9e-05, "Duco price": 0.000134, "Duco price BCH": 3e-05, "Duco price NANO": 1.2e-05, "Duco price TRX": 1.6e-05, "Duco price XMG": 0.000134, "Duino-Coin Server API": "github.com/revoxhere/duino-coin", "Kolka": {"Banned": 1082, "Jailed": 82}, "Last block hash": "5bee34d1d1f38e7146906380ba099600e1ad3f23", "Last sync": 1664700701.999958, "Last update": "02/10/2022 08:51:43 (UTC)", "Mined blocks": 272233504273, "Miner distribution": {"All": 39399, "Arduino": 4583, "CPU": 2398, "ESP32": 13782, "ESP8266": 17108, "GPU": 0, "Other": 23, "Phone": 41, "RPi": 1169, "Web": 295}, "Net energy usage": "32.32 kW", "Open threads": 23, "Pool hashrate": "3007.34 MH/s", "Registered users": 80143, "Server CPU usage": 47.6, "Server RAM usage": 50.5, "Server version": 3.0, "Top 10 richest miners": ["48170754.555559546 DUCO - coinexchange", "39691613.437422335 DUCO - bscDUCO", "15965314.016999999 DUCO - Ochios", "6974991.289071771 DUCO - QQ44142894", "4075220.2860000003 DUCO - AlmarRido", "2575481.135802107 DUCO - ThePurpleMadMan", "2368507.0 DUCO - Brunomoyses23", "2210288.919161586 DUCO - vyrdudji", "1868407.6738671612 DUCO - renderman", "1819273.7691236555 DUCO - giveaways"], "XXHASH hashrate": "0 H/s"}