{"Active connections": 1406, "All-time mined DUCO": 100726402.02929312, "Current difficulty": 75000, "DUCO-S1 hashrate": "3.1 GH/s", "Duco FluffySwap price": 1.9e-05, "Duco Furim price": 0.0, "Duco Node-S price": 0.0, "Duco PancakeSwap price": 4.5e-05, "Duco SunSwap price": 0.00013, "Duco SushiSwap price": 1.7e-05, "Duco UbeSwap price": 2.9e-05, "Duco price": 0.000133, "Duco price BCH": 2.7e-05, "Duco price NANO": 1.2e-05, "Duco price TRX": 1.5e-05, "Duco price XMG": 0.000109, "Duino-Coin Server API": "github.com/revoxhere/duino-coin", "Kolka": {"Banned": 1040, "Jailed": 83}, "Last block hash": "2eb3f8271cd947cdd6469be145558a7bcb72e0d9", "Last sync": 1663562674.6383872, "Last update": "19/09/2022 04:44:37 (UTC)", "Mined blocks": 263921473433, "Miner distribution": {"All": 39090, "Arduino": 4690, "CPU": 2035, "ESP32": 14361, "ESP8266": 16245, "GPU": 0, "Other": 23, "Phone": 53, "RPi": 1271, "Web": 412}, "Net energy usage": "30.17 kW", "Open threads": 22, "Pool hashrate": "3081.85 MH/s", "Registered users": 79076, "Server CPU usage": 49.7, "Server RAM usage": 56.7, "Server version": 3.0, "Top 10 richest miners": ["40084056.99251492 DUCO - bscDUCO", "15965309.807 DUCO - Ochios", "15211316.186037146 DUCO - coinexchange", "12566269.220083296 DUCO - ctecrypto", "6974991.289071771 DUCO - QQ44142894", "2751348.6902897665 DUCO - goddani", "2368507.0 DUCO - Brunomoyses23", "2210288.919161586 DUCO - vyrdudji", "1868357.2362067301 DUCO - renderman", "1694464.3105854506 DUCO - giveaways"], "XXHASH hashrate": "0 H/s"}