{"Active connections": 849, "All-time mined DUCO": 738067623.060378, "Current difficulty": 200000, "DUCO-S1 hashrate": "2.416 GH/s", "Duco FluffySwap price": 8.623999999999999e-06, "Duco Furim price": 0.0, "Duco Node-S price": 0.0, "Duco PancakeSwap price": 8.57789e-06, "Duco SunSwap price": 0.00010015, "Duco SushiSwap price": 1.2962107682626e-05, "Duco UbeSwap price": 1.1191491992827553e-05, "Duco price": 0.000254, "Duco price BCH": 0.00018222, "Duco price NANO": 0.000254, "Duco price TRX": 1.231e-05, "Duco price XMG": 4.274e-05, "Duino-Coin Server API": "github.com/revoxhere/duino-coin", "Kolka": {"Banned": 5937, "Jailed": 182}, "Last block hash": "8de4bc0b3fa1580ec7f3421feb9644fc8ead02b8", "Last sync": 1716272572.6181016, "Last update": "21/05/2024 06:22:52 (UTC)", "Mined blocks": 520980980992, "Miner distribution": {"All": 18186, "Arduino": 2261, "CPU": 970, "ESP32": 7403, "ESP8266": 6031, "GPU": 0, "Other": 18, "Phone": 16, "RPi": 1267, "Web": 220}, "Net energy usage": "14.93 kW", "Open threads": 28, "Pool hashrate": "2415.967 MH/s", "Registered users": 102128, "Server CPU usage": 30.6, "Server RAM usage": 93.1, "Server version": 4.0, "Top 10 richest miners": ["78907233.74889731 DUCO - bscDUCO", "39368542.54345614 DUCO - AlmarRido", "30792510.456 DUCO - Flowen1985", "20119947.6942 DUCO - viviana80", "18545685.805999998 DUCO - bimbasimba94", "14868546.675824098 DUCO - aimbert", "14843123.309073953 DUCO - ctecrypto", "12720440.585598174 DUCO - QQ44142894", "11315052.869619595 DUCO - duinousa", "10759939.638689265 DUCO - fiorella71"], "XXHASH hashrate": "0 H/s"}