{"Active connections": 1046, "All-time mined DUCO": 736031555.6395435, "Current difficulty": 200000, "DUCO-S1 hashrate": "2.452 GH/s", "Duco FluffySwap price": 7.847e-06, "Duco Furim price": 0.0, "Duco Node-S price": 0.0, "Duco PancakeSwap price": 8.57789e-06, "Duco SunSwap price": 9.108e-05, "Duco SushiSwap price": 1.2962107682626e-05, "Duco UbeSwap price": 1.1191491992827553e-05, "Duco price": 0.000258, "Duco price BCH": 0.00016356, "Duco price NANO": 0.000258, "Duco price TRX": 1.12e-05, "Duco price XMG": 4.131e-05, "Duino-Coin Server API": "github.com/revoxhere/duino-coin", "Kolka": {"Banned": 5949, "Jailed": 182}, "Last block hash": "8de4bc0b3fa1580ec7f3421feb9644fc8ead02b8", "Last sync": 1717160126.473566, "Last update": "31/05/2024 12:55:26 (UTC)", "Mined blocks": 523648372568, "Miner distribution": {"All": 18273, "Arduino": 2181, "CPU": 957, "ESP32": 7519, "ESP8266": 6189, "GPU": 0, "Other": 14, "Phone": 15, "RPi": 1220, "Web": 178}, "Net energy usage": "14.84 kW", "Open threads": 27, "Pool hashrate": "2451.544 MH/s", "Registered users": 102482, "Server CPU usage": 59.9, "Server RAM usage": 91.3, "Server version": 4.0, "Top 10 richest miners": ["78983409.78550309 DUCO - bscDUCO", "30792510.456 DUCO - Flowen1985", "30547607.40829605 DUCO - AlmarRido", "20119947.6942 DUCO - viviana80", "18545685.805999998 DUCO - bimbasimba94", "14898326.669402188 DUCO - aimbert", "14843900.254638772 DUCO - ctecrypto", "12720440.585598174 DUCO - QQ44142894", "11315555.04908632 DUCO - duinousa", "10759939.638689265 DUCO - fiorella71"], "XXHASH hashrate": "0 H/s"}