{"Active connections": 1324, "All-time mined DUCO": 194337856.35091412, "Current difficulty": 75000, "DUCO-S1 hashrate": "2.2 GH/s", "Duco FluffySwap price": 3.78e-06, "Duco Furim price": 0.0, "Duco Node-S price": 0.0, "Duco PancakeSwap price": 2.97322e-05, "Duco SunSwap price": 6.439e-05, "Duco SushiSwap price": 8.03333e-06, "Duco UbeSwap price": 2.8687163822298956e-05, "Duco price": 6.439e-05, "Duco price BCH": 5.4e-06, "Duco price NANO": 3.77e-06, "Duco price TRX": 5.33e-06, "Duco price XMG": 0.0, "Duino-Coin Server API": "github.com/revoxhere/duino-coin", "Kolka": {"Banned": 1302, "Jailed": 101}, "Last block hash": "8de4bc0b3fa1580ec7f3421feb9644fc8ead02b8", "Last sync": 1676686128.4576776, "Last update": "18/02/2023 02:08:50 (UTC)", "Mined blocks": 357299440493, "Miner distribution": {"All": 30098, "Arduino": 3629, "CPU": 875, "ESP32": 11795, "ESP8266": 11845, "GPU": 0, "Other": 8, "Phone": 28, "RPi": 1584, "Web": 334}, "Net energy usage": "19.95 kW", "Open threads": 24, "Pool hashrate": "2183.48 MH/s", "Registered users": 89054, "Server CPU usage": 49.6, "Server RAM usage": 55.0, "Server version": 3.0, "Top 10 richest miners": ["41487623.794576176 DUCO - bscDUCO", "20119946.6942 DUCO - viviana80", "15115363.695 DUCO - Ochios", "11692429.559071772 DUCO - QQ44142894", "11653648.27 DUCO - infternet", "10947736.422811454 DUCO - coinexchange", "10759939.638689265 DUCO - fiorella71", "8125736.123916335 DUCO - Orion_0x43b", "6819731.543021384 DUCO - lordachoo", "4023562.592746147 DUCO - msdo1006"], "XXHASH hashrate": "0 H/s"}