{"Active connections": 723, "All-time mined DUCO": 200920896.9365213, "Current difficulty": 75000, "DUCO-S1 hashrate": "2.0 GH/s", "Duco FluffySwap price": 1.7569999999999999e-06, "Duco Furim price": 0.0, "Duco Node-S price": 0.0, "Duco PancakeSwap price": 3.2262e-05, "Duco SunSwap price": 2.336e-05, "Duco SushiSwap price": 1.90366e-05, "Duco UbeSwap price": 2.949693582059398e-05, "Duco price": 3.2262e-05, "Duco price BCH": 2.51e-06, "Duco price NANO": 1.77e-06, "Duco price TRX": 2.24e-06, "Duco price XMG": 0.0, "Duino-Coin Server API": "github.com/revoxhere/duino-coin", "Kolka": {"Banned": 1330, "Jailed": 115}, "Last block hash": "8de4bc0b3fa1580ec7f3421feb9644fc8ead02b8", "Last sync": 1679690105.9704478, "Last update": "24/03/2023 20:35:08 (UTC)", "Mined blocks": 375255400184, "Miner distribution": {"All": 28712, "Arduino": 3698, "CPU": 1013, "ESP32": 10714, "ESP8266": 11395, "GPU": 0, "Other": 14, "Phone": 16, "RPi": 1619, "Web": 243}, "Net energy usage": "20.13 kW", "Open threads": 24, "Pool hashrate": "2045.95 MH/s", "Registered users": 90717, "Server CPU usage": 45.3, "Server RAM usage": 33.5, "Server version": 3.0, "Top 10 richest miners": ["497837028.2213296 DUCO - coinexchange", "32362544.708276175 DUCO - bscDUCO", "20119946.6942 DUCO - viviana80", "15115364.7271 DUCO - Ochios", "12720440.559071772 DUCO - QQ44142894", "10759939.638689265 DUCO - fiorella71", "8125736.123916335 DUCO - Orion_0x43b", "6826888.584755368 DUCO - lordachoo", "5857182.50020601 DUCO - msdo1006", "5808223.416929584 DUCO - revox"], "XXHASH hashrate": "0 H/s"}