{"Active connections": 2826, "All-time mined DUCO": 17679766.197402, "Current difficulty": 125000, "DUCO-S1 hashrate": "973.7 MH/s", "Duco JustSwap price": 0.00084396, "Duco Node-S price": 5.1e-05, "Duco PancakeSwap price": 0.000656946, "Duco SushiSwap price": 0.000469464, "Duco price": 0.00115057, "Duco price BCH": 0.0, "Duco price DGB": 0.0, "Duco price NANO": 0.000576, "Duco price RVN": 0.0, "Duco price TRX": 0.0, "Duco price XMG": 0.00111557, "Duco price XRP": 0.0, "Duino-Coin Server API": "github.com/revoxhere/duino-coin", "Kolka": {"Banned": 681, "Jailed": 24}, "Last block hash": "65b3f612d0", "Last update": "13/11/2021 10:21:57 (UTC)", "Mined blocks": 41496796451, "Miner distribution": {"All": 30939, "Arduino": 5587, "CPU": 2520, "ESP32": 9046, "ESP8266": 11533, "GPU": 0, "Other": 18, "Phone": 381, "RPi": 1366, "Web": 488}, "Net energy usage": "29.23 kW", "Open threads": 24, "Pool hashrate": "973.7 MH/s", "Registered users": 23691, "Server CPU usage": 49.4, "Server RAM usage": 40.3, "Server version": 2.7, "Top 10 richest miners": ["3522219.9706000835 DUCO - bscDUCO", "1294399.8300902192 DUCO - coinexchange", "591776.6081317749 DUCO - NodeSBroker", "351150.1606789791 DUCO - James_themac", "300520.1555491204 DUCO - 52Pickup", "188487.89104597003 DUCO - celoDUCO", "170241.13285850236 DUCO - Bacman", "123387.18511437952 DUCO - amornlit", "119999.99999999892 DUCO - rootbori", "117771.93777253377 DUCO - maticDUCO"], "XXHASH hashrate": "0 H/s"}