{"Active connections": 1218, "All-time mined DUCO": 157572000.08426726, "Current difficulty": 75000, "DUCO-S1 hashrate": "2.9 GH/s", "Duco FluffySwap price": 1.1907e-05, "Duco Furim price": 0.0, "Duco Node-S price": 0.0, "Duco PancakeSwap price": 5.20473e-05, "Duco SunSwap price": 4.896e-05, "Duco SushiSwap price": 1.61159e-05, "Duco UbeSwap price": 2.9311039484286864e-05, "Duco price": 5.20473e-05, "Duco price BCH": 1.699e-05, "Duco price NANO": 7.74e-06, "Duco price TRX": 5.35e-06, "Duco price XMG": 0.0, "Duino-Coin Server API": "github.com/revoxhere/duino-coin", "Kolka": {"Banned": 1180, "Jailed": 90}, "Last block hash": "8de4bc0b3fa1580ec7f3421feb9644fc8ead02b8", "Last sync": 1670258379.0846276, "Last update": "05/12/2022 16:39:43 (UTC)", "Mined blocks": 316135857079, "Miner distribution": {"All": 35372, "Arduino": 3938, "CPU": 1437, "ESP32": 13178, "ESP8266": 14636, "GPU": 0, "Other": 15, "Phone": 48, "RPi": 1708, "Web": 412}, "Net energy usage": "25.77 kW", "Open threads": 24, "Pool hashrate": "2865.96 MH/s", "Registered users": 84823, "Server CPU usage": 53.9, "Server RAM usage": 36.1, "Server version": 3.0, "Top 10 richest miners": ["38531229.63978844 DUCO - bscDUCO", "20119945.00125 DUCO - viviana80", "14965353.225385074 DUCO - Ochios", "11692429.559071772 DUCO - QQ44142894", "10759939.638689265 DUCO - fiorella71", "8125587.013323895 DUCO - Orion_0x43b", "7205150.125791364 DUCO - coinexchange", "4267666.823 DUCO - Demoel", "4197893.688 DUCO - AlmarRido", "2368507.0 DUCO - Brunomoyses23"], "XXHASH hashrate": "0 H/s"}