{"Active connections": 863, "All-time mined DUCO": 738745728.734119, "Current difficulty": 200000, "DUCO-S1 hashrate": "2.261 GH/s", "Duco FluffySwap price": 8.764e-06, "Duco Furim price": 0.0, "Duco Node-S price": 0.0, "Duco PancakeSwap price": 8.57789e-06, "Duco SunSwap price": 0.00010196, "Duco SushiSwap price": 1.2962107682626e-05, "Duco UbeSwap price": 1.1191491992827553e-05, "Duco price": 0.000236, "Duco price BCH": 0.00015797, "Duco price NANO": 0.000236, "Duco price TRX": 1.254e-05, "Duco price XMG": 0.0, "Duino-Coin Server API": "github.com/revoxhere/duino-coin", "Kolka": {"Banned": 5922, "Jailed": 181}, "Last block hash": "8de4bc0b3fa1580ec7f3421feb9644fc8ead02b8", "Last sync": 1715868483.2380397, "Last update": "16/05/2024 14:08:03 (UTC)", "Mined blocks": 519810088562, "Miner distribution": {"All": 17538, "Arduino": 2097, "CPU": 986, "ESP32": 6899, "ESP8266": 5964, "GPU": 0, "Other": 16, "Phone": 30, "RPi": 1311, "Web": 235}, "Net energy usage": "14.86 kW", "Open threads": 28, "Pool hashrate": "2261.059 MH/s", "Registered users": 101954, "Server CPU usage": 32.3, "Server RAM usage": 93.5, "Server version": 4.0, "Top 10 richest miners": ["78745233.74889731 DUCO - bscDUCO", "39493232.42763998 DUCO - AlmarRido", "30792510.456 DUCO - Flowen1985", "20119947.6942 DUCO - viviana80", "17045685.805999998 DUCO - bimbasimba94", "14868542.321862254 DUCO - aimbert", "14842816.359223243 DUCO - ctecrypto", "12720440.585598174 DUCO - QQ44142894", "11314802.923959058 DUCO - duinousa", "10759939.638689265 DUCO - fiorella71"], "XXHASH hashrate": "0 H/s"}