{"Active connections": 966, "All-time mined DUCO": 164991852.34009454, "Current difficulty": 75000, "DUCO-S1 hashrate": "3.1 GH/s", "Duco FluffySwap price": 1.1032e-05, "Duco Furim price": 0.0, "Duco Node-S price": 0.0, "Duco PancakeSwap price": 5.39179e-05, "Duco SunSwap price": 4.732e-05, "Duco SushiSwap price": 7.12775e-05, "Duco UbeSwap price": 2.936427850655903e-05, "Duco price": 7.12775e-05, "Duco price BCH": 1.576e-05, "Duco price NANO": 6.03e-06, "Duco price TRX": 5.12e-06, "Duco price XMG": 0.0, "Duino-Coin Server API": "github.com/revoxhere/duino-coin", "Kolka": {"Banned": 1152, "Jailed": 88}, "Last block hash": "8de4bc0b3fa1580ec7f3421feb9644fc8ead02b8", "Last sync": 1668572088.6313062, "Last update": "16/11/2022 04:14:54 (UTC)", "Mined blocks": 303094727030, "Miner distribution": {"All": 38058, "Arduino": 4376, "CPU": 1831, "ESP32": 13488, "ESP8266": 16292, "GPU": 0, "Other": 24, "Phone": 63, "RPi": 1596, "Web": 388}, "Net energy usage": "29.06 kW", "Open threads": 23, "Pool hashrate": "3100.51 MH/s", "Registered users": 83588, "Server CPU usage": 53.6, "Server RAM usage": 49.3, "Server version": 3.0, "Top 10 richest miners": ["37469507.79515824 DUCO - bscDUCO", "25979573.474934153 DUCO - coinexchange", "20119945.00125 DUCO - viviana80", "14965324.871156368 DUCO - Ochios", "13469824.299372146 DUCO - ctecrypto", "11692429.559071772 DUCO - QQ44142894", "10759939.638689265 DUCO - fiorella71", "6699354.217001982 DUCO - lordachoo", "3378641.479934722 DUCO - ivanrpz", "2567742.791300181 DUCO - RNGesus"], "XXHASH hashrate": "0 H/s"}