{"Active connections": 1140, "All-time mined DUCO": 65253592.17209051, "Current difficulty": 75000, "DUCO-S1 hashrate": "2.9 GH/s", "Duco Furim price": 0.0, "Duco Node-S price": 0.0, "Duco PancakeSwap price": 5e-05, "Duco SunSwap price": 0.000344, "Duco SushiSwap price": 3.9e-05, "Duco UbeSwap price": 3.5e-05, "Duco price": 0.000349, "Duco price BCH": 3.6e-05, "Duco price NANO": 2.8e-05, "Duco price TRX": 2.1e-05, "Duco price XMG": 0.000255, "Duino-Coin Server API": "github.com/revoxhere/duino-coin", "Kolka": {"Banned": 964, "Jailed": 72}, "Last block hash": "2eb3f8271cd947cdd6469be145558a7bcb72e0d9", "Last sync": 1660493427.092871, "Last update": "14/08/2022 16:10:32 (UTC)", "Mined blocks": 241569446641, "Miner distribution": {"All": 35133, "Arduino": 4297, "CPU": 1770, "ESP32": 12348, "ESP8266": 15136, "GPU": 0, "Other": 54, "Phone": 61, "RPi": 1082, "Web": 385}, "Net energy usage": "26.72 kW", "Open threads": 22, "Pool hashrate": "2897.46 MH/s", "Registered users": 76386, "Server CPU usage": 52.6, "Server RAM usage": 50.3, "Server version": 3.0, "Top 10 richest miners": ["40351192.61318917 DUCO - bscDUCO", "38294050.65167597 DUCO - coinexchange", "6974991.289071771 DUCO - QQ44142894", "2368507.0 DUCO - Brunomoyses23", "2295623.6415054663 DUCO - renderman", "2210288.9385462017 DUCO - vyrdudji", "1451595.878482183 DUCO - maticDUCO", "1436226.401 DUCO - amornlit", "1209839.3183971192 DUCO - James_themac", "861596.967104081 DUCO - celoDUCO"], "XXHASH hashrate": "0 H/s"}