{"Active connections": 1025, "All-time mined DUCO": 736302685.0918272, "Current difficulty": 200000, "DUCO-S1 hashrate": "2.575 GH/s", "Duco FluffySwap price": 7.826e-06, "Duco Furim price": 0.0, "Duco Node-S price": 0.0, "Duco PancakeSwap price": 8.57789e-06, "Duco SunSwap price": 9.095e-05, "Duco SushiSwap price": 1.2962107682626e-05, "Duco UbeSwap price": 1.1191491992827553e-05, "Duco price": 0.000256, "Duco price BCH": 0.00016056, "Duco price NANO": 0.000256, "Duco price TRX": 1.118e-05, "Duco price XMG": 4.059e-05, "Duino-Coin Server API": "github.com/revoxhere/duino-coin", "Kolka": {"Banned": 5949, "Jailed": 182}, "Last block hash": "8de4bc0b3fa1580ec7f3421feb9644fc8ead02b8", "Last sync": 1717235896.2005303, "Last update": "01/06/2024 09:58:16 (UTC)", "Mined blocks": 523876130491, "Miner distribution": {"All": 18334, "Arduino": 2348, "CPU": 1016, "ESP32": 7397, "ESP8266": 6143, "GPU": 0, "Other": 15, "Phone": 4, "RPi": 1223, "Web": 188}, "Net energy usage": "15.18 kW", "Open threads": 27, "Pool hashrate": "2574.592 MH/s", "Registered users": 102506, "Server CPU usage": 58.1, "Server RAM usage": 90.8, "Server version": 4.0, "Top 10 richest miners": ["79023409.78550309 DUCO - bscDUCO", "30792510.456 DUCO - Flowen1985", "30547607.40829605 DUCO - AlmarRido", "20119947.6942 DUCO - viviana80", "18545685.805999998 DUCO - bimbasimba94", "14898326.669402188 DUCO - aimbert", "14843968.355009785 DUCO - ctecrypto", "12720440.585598174 DUCO - QQ44142894", "11315606.243895274 DUCO - duinousa", "10759939.638689265 DUCO - fiorella71"], "XXHASH hashrate": "0 H/s"}