{"Active connections": 1986, "All-time mined DUCO": 771363117.8692352, "Current difficulty": 200000, "DUCO-S1 hashrate": "2.095 GH/s", "Duco FluffySwap price": 2.2043e-05, "Duco Furim price": 0.0, "Duco Node-S price": 0.0, "Duco PancakeSwap price": 1.31425e-05, "Duco SunSwap price": 3.008e-05, "Duco SushiSwap price": 8.987494203495e-06, "Duco UbeSwap price": 1.568e-05, "Duco price": 3.144e-05, "Duco price BCH": 0.0, "Duco price NANO": 0.0, "Duco price TRX": 3.144e-05, "Duco price XMG": 0.0, "Duino-Coin Server API": "github.com/revoxhere/duino-coin", "Kolka": {"Banned": 6019, "Jailed": 189}, "Last block hash": "8de4bc0b3fa1580ec7f3421feb9644fc8ead02b8", "Last sync": 1724333034.88418, "Last update": "22/08/2024 13:23:54 (UTC)", "Mined blocks": 545118136274, "Miner distribution": {"All": 14749, "Arduino": 1882, "CPU": 889, "ESP32": 4774, "ESP8266": 5904, "GPU": 0, "Other": 8, "Phone": 12, "RPi": 1083, "Web": 197}, "Net energy usage": "12.89 kW", "Open threads": 28, "Pool hashrate": "2095.023 MH/s", "Registered users": 105346, "Server CPU usage": 72.0, "Server RAM usage": 91.4, "Server version": 4.0, "Top 10 richest miners": ["235382908.5644755 DUCO - coinexchange", "83973998.70122527 DUCO - bscDUCO", "35576240.569 DUCO - AlmarRido", "30855598.808 DUCO - Flowen1985", "18280977.178 DUCO - bimbasimba94", "16096358.288900001 DUCO - viviana80", "14928205.451254427 DUCO - aimbert", "14847133.194062889 DUCO - ctecrypto", "12721940.665481606 DUCO - QQ44142894", "11342490.599748066 DUCO - duinousa"], "XXHASH hashrate": "0 H/s"}