{"Duino-Coin Server API": "github.com/revoxhere/duino-coin", "Server version": 2.6, "Active connections": 5134, "Open threads": 22, "Server CPU usage": 54.7, "Server RAM usage": 46.3, "Last update": "13/08/2021 19:19:27 (UTC)", "Net energy usage": "68.8 kW", "Pool hashrate": "2.0972 GH/s", "DUCO-S1 hashrate": "2.1 GH/s", "XXHASH hashrate": "27.7 MH/s", "Duco price": 0.015304, "Duco price XMG": 0.01530362, "Duco price BCH": 0.00157783, "Duco price TRX": 0.00173652, "Duco price XRP": 0.001785, "Duco price DGB": 0.00190966, "Duco Node-S price": 0.015304, "Duco JustSwap price": 0.00611647, "Duco PancakeSwap price": 0.00420784, "Registered users": 19514, "All-time mined DUCO": 5228899.839664626, "Current difficulty": 414435, "Mined blocks": 9946594974, "Last block hash": "e9474199fd", "Kolka": {"Jailed": 0, "Banned": 417}, "Miner distribution": {"GPU": 0, "CPU": 4731, "RPi": 1704, "ESP32": 7567, "ESP8266": 9635, "Arduino": 4872, "Other": 165}, "Top 10 richest miners": ["469728.56056875794 DUCO - bscDUCO", "169482.56601710952 DUCO - Bacman", "113012.45532994262 DUCO - amornlit", "110453.26483596851 DUCO - 52Pickup", "86019.5310609264 DUCO - caancom", "79727.90636678287 DUCO - noixauvk", "61884.66377963257 DUCO - coinexchange", "50288.45762651612 DUCO - duinocrfsh", "50095.83413128971 DUCO - rootbori", "47119.90790638301 DUCO - chipsa"]}