{"Duino-Coin Server API": "github.com/revoxhere/duino-coin", "Server version": 2.6, "Active connections": 5268, "Open threads": 23, "Server CPU usage": 55.6, "Server RAM usage": 60.1, "Last update": "14/08/2021 01:21:05 (UTC)", "Net energy usage": "74.16 kW", "Pool hashrate": "4.6466 GH/s", "DUCO-S1 hashrate": "4.6 GH/s", "XXHASH hashrate": "17.9 MH/s", "Duco price": 0.015304, "Duco price XMG": 0.01530362, "Duco price BCH": 0.0016502, "Duco price TRX": 0.00178812, "Duco price XRP": 0.0019075, "Duco price DGB": 0.00189687, "Duco Node-S price": 0.015304, "Duco JustSwap price": 0.00629822, "Duco PancakeSwap price": 0.00420784, "Registered users": 19542, "All-time mined DUCO": 5274703.629767244, "Current difficulty": 418389, "Mined blocks": 10041334056, "Last block hash": "b7678ed436", "Kolka": {"Jailed": 0, "Banned": 417}, "Miner distribution": {"GPU": 0, "CPU": 5345, "RPi": 1700, "ESP32": 7608, "ESP8266": 9325, "Arduino": 5174, "Other": 197}, "Top 10 richest miners": ["469735.57156875794 DUCO - bscDUCO", "169511.90444372603 DUCO - Bacman", "113019.34506359663 DUCO - amornlit", "110459.2615934208 DUCO - 52Pickup", "86036.67223670016 DUCO - caancom", "79999.90636678287 DUCO - noixauvk", "61860.453779632575 DUCO - coinexchange", "50288.45762651612 DUCO - duinocrfsh", "50126.91216247039 DUCO - rootbori", "47119.90790638301 DUCO - chipsa"]}