{"Duino-Coin Server API": "github.com/revoxhere/duino-coin", "Server version": 2.7, "Active connections": 17434, "Open threads": 22, "Server CPU usage": 60.5, "Server RAM usage": 36.7, "Last update": "23/09/2021 19:06:06 (UTC)", "Net energy usage": "67.09 kW", "Pool hashrate": "1326.2375 MH/s", "DUCO-S1 hashrate": "1296.8 MH/s", "XXHASH hashrate": "29.4 MH/s", "Duco price": 0.00111629, "Duco price XMG": 0.00089852, "Duco price BCH": 0.00082609, "Duco price RVN": 0.00074527, "Duco price TRX": 0.00049641, "Duco price XRP": 0.00035, "Duco price DGB": 0.00068383, "Duco price NANO": 0.0007511, "Duco price FJC": 0.00078829, "Duco Node-S price": 0, "Duco JustSwap price": 0.00064732, "Duco PancakeSwap price": 0.00111629, "Duco SushiSwap price": 0.000608, "Registered users": 18540, "All-time mined DUCO": 11516084.15188142, "Current difficulty": 872275, "Mined blocks": 20934763632, "Last block hash": "730b6127b9", "Kolka": {"Jailed": 24, "Banned": 642}, "Miner distribution": {"GPU": 1, "CPU": 3691, "RPi": 2284, "Phone": 155, "Web": 905, "ESP32": 10279, "ESP8266": 11891, "Arduino": 6045, "Other": 50}, "Top 10 richest miners": ["2252862.7119206544 DUCO - bscDUCO", "931203.8216934603 DUCO - James_themac", "521500.1558491204 DUCO - 52Pickup", "170056.7577352893 DUCO - Bacman", "123387.18511437952 DUCO - amornlit", "121171.53674102409 DUCO - rootbori", "101979.20715328853 DUCO - bimbasimba94", "86631.5454430627 DUCO - caancom", "83098.16 DUCO - celoDUCO", "67049.7853744245 DUCO - giveaways"]}