{"Active connections": 1112, "All-time mined DUCO": 746045329.2043083, "Current difficulty": 200000, "DUCO-S1 hashrate": "1.592 GH/s", "Duco FluffySwap price": 9.632e-06, "Duco Furim price": 0.0, "Duco Node-S price": 0.0, "Duco PancakeSwap price": 8.57789e-06, "Duco SunSwap price": 0.00015479, "Duco SushiSwap price": 1.2962107682626e-05, "Duco UbeSwap price": 1.1191491992827553e-05, "Duco price": 0.00015479, "Duco price BCH": 0.0, "Duco price NANO": 0.0, "Duco price TRX": 1.375e-05, "Duco price XMG": 1.31e-06, "Duino-Coin Server API": "github.com/revoxhere/duino-coin", "Kolka": {"Banned": 5991, "Jailed": 191}, "Last block hash": "8de4bc0b3fa1580ec7f3421feb9644fc8ead02b8", "Last sync": 1720981359.4981666, "Last update": "14/07/2024 18:22:39 (UTC)", "Mined blocks": 535471793288, "Miner distribution": {"All": 18314, "Arduino": 2223, "CPU": 895, "ESP32": 7893, "ESP8266": 5974, "GPU": 0, "Other": 11, "Phone": 10, "RPi": 1128, "Web": 180}, "Net energy usage": "14.34 kW", "Open threads": 29, "Pool hashrate": "1591.936 MH/s", "Registered users": 104139, "Server CPU usage": 69.0, "Server RAM usage": 91.0, "Server version": 4.0, "Top 10 richest miners": ["248147459.21695474 DUCO - coinexchange", "81472607.50800352 DUCO - bscDUCO", "30001087.442 DUCO - AlmarRido", "24635208.6964704 DUCO - Flowen1985", "18660226.832638856 DUCO - aimbert", "18280977.178 DUCO - bimbasimba94", "16096358.288900001 DUCO - viviana80", "14847133.194062889 DUCO - ctecrypto", "14176331.221090566 DUCO - duinousa", "12721940.59109726 DUCO - QQ44142894"], "XXHASH hashrate": "0 H/s"}