{"Active connections": 1133, "All-time mined DUCO": 19874602.49509116, "Current difficulty": 75000, "DUCO-S1 hashrate": "1406.8 MH/s", "Duco JustSwap price": 8.465e-05, "Duco Node-S price": 2.1e-05, "Duco PancakeSwap price": 0.000471918, "Duco SushiSwap price": 0.000116574, "Duco price": 0.000471918, "Duco price BCH": 3.32e-05, "Duco price NANO": 1.324e-05, "Duco price TRX": 7.634e-05, "Duco price XMG": 0.000249, "Duino-Coin Server API": "github.com/revoxhere/duino-coin", "Kolka": {"Banned": 753, "Jailed": 24}, "Last block hash": "2eb3f8271c", "Last sync": 1641065427.528457, "Last update": "01/01/2022 19:30:27 (UTC)", "Mined blocks": 75163989255, "Miner distribution": {"All": 27519, "Arduino": 5476, "CPU": 3575, "ESP32": 7446, "ESP8266": 7236, "GPU": 0, "Other": 36, "Phone": 505, "RPi": 1749, "Web": 1496}, "Net energy usage": "34.72 kW", "Open threads": 21, "Pool hashrate": "1406.76 MH/s", "Registered users": 34795, "Server CPU usage": 57.6, "Server RAM usage": 30.4, "Server version": 2.7, "Top 10 richest miners": ["5206796.3362548845 DUCO - bscDUCO", "530779.5372981913 DUCO - NodeSBroker", "397162.15067505674 DUCO - James_themac", "305879.5730446622 DUCO - bimbasimba94", "300520.321607231 DUCO - 52Pickup", "299601.01035819284 DUCO - bloomindark", "273369.60300012917 DUCO - miningvir", "244838.60627132887 DUCO - coinexchange", "212015.08832993757 DUCO - maticDUCO", "190582.057104081 DUCO - celoDUCO"], "XXHASH hashrate": "0 H/s"}