{"Active connections": 149554, "All-time mined DUCO": 16661155.359557359, "Current difficulty": 125000, "DUCO-S1 hashrate": "1356.4 MH/s", "Duco JustSwap price": 0.00048186, "Duco Node-S price": 0.000139, "Duco PancakeSwap price": 0.000726946, "Duco SushiSwap price": 0.00102713, "Duco price": 0.00102713, "Duco price BCH": 0.00012008, "Duco price DGB": 0.0, "Duco price NANO": 0.00030408, "Duco price RVN": 0.0, "Duco price TRX": 0.00030448, "Duco price XMG": 0.00062299, "Duco price XRP": 0.0, "Duino-Coin Server API": "github.com/revoxhere/duino-coin", "Kolka": {"Banned": 675, "Jailed": 24}, "Last block hash": "65b3f612d0", "Last update": "01/11/2021 07:38:56 (UTC)", "Mined blocks": 36019030399, "Miner distribution": {"All": 36879, "Arduino": 6650, "CPU": 3333, "ESP32": 10974, "ESP8266": 12275, "GPU": 0, "Other": 79, "Phone": 272, "RPi": 2011, "Web": 1285}, "Net energy usage": "37.56 kW", "Open threads": 24, "Pool hashrate": "1356.44 MH/s", "Registered users": 22434, "Server CPU usage": 71.2, "Server RAM usage": 58.4, "Server version": 2.7, "Top 10 richest miners": ["3109708.4476895905 DUCO - bscDUCO", "691242.4200902197 DUCO - coinexchange", "587337.6039841222 DUCO - NodeSBroker", "522520.1555491204 DUCO - 52Pickup", "401063.67415199167 DUCO - James_themac", "187228.89104597003 DUCO - celoDUCO", "170240.13285850236 DUCO - Bacman", "123387.18511437952 DUCO - amornlit", "119999.99999999892 DUCO - rootbori", "104769.29794908378 DUCO - maticDUCO"], "XXHASH hashrate": "0 H/s"}