{"Active connections": 995, "All-time mined DUCO": 744012128.226635, "Current difficulty": 200000, "DUCO-S1 hashrate": "1.669 GH/s", "Duco FluffySwap price": 9.428999999999999e-06, "Duco Furim price": 0.0, "Duco Node-S price": 0.0, "Duco PancakeSwap price": 8.57789e-06, "Duco SunSwap price": 0.00015187, "Duco SushiSwap price": 1.2962107682626e-05, "Duco UbeSwap price": 1.1191491992827553e-05, "Duco price": 0.00015187, "Duco price BCH": 0.0, "Duco price NANO": 0.0, "Duco price TRX": 1.349e-05, "Duco price XMG": 1.31e-06, "Duino-Coin Server API": "github.com/revoxhere/duino-coin", "Kolka": {"Banned": 5991, "Jailed": 191}, "Last block hash": "8de4bc0b3fa1580ec7f3421feb9644fc8ead02b8", "Last sync": 1721212300.0873868, "Last update": "17/07/2024 10:31:40 (UTC)", "Mined blocks": 536196659234, "Miner distribution": {"All": 18426, "Arduino": 2324, "CPU": 943, "ESP32": 7835, "ESP8266": 5944, "GPU": 0, "Other": 10, "Phone": 22, "RPi": 1213, "Web": 135}, "Net energy usage": "14.73 kW", "Open threads": 30, "Pool hashrate": "1668.623 MH/s", "Registered users": 104210, "Server CPU usage": 57.6, "Server RAM usage": 90.4, "Server version": 4.0, "Top 10 richest miners": ["247601650.22993472 DUCO - coinexchange", "81473387.50800352 DUCO - bscDUCO", "30001002.1298474 DUCO - AlmarRido", "24635208.6964704 DUCO - Flowen1985", "18660226.832638856 DUCO - aimbert", "18280977.178 DUCO - bimbasimba94", "16096358.288900001 DUCO - viviana80", "14847133.194062889 DUCO - ctecrypto", "12721940.59109726 DUCO - QQ44142894", "11341131.192327801 DUCO - duinousa"], "XXHASH hashrate": "0 H/s"}