{"Active connections": 369, "All-time mined DUCO": 769444779.490581, "Current difficulty": 200000, "DUCO-S1 hashrate": "1.847 GH/s", "Duco FluffySwap price": 2.0957999999999998e-05, "Duco Furim price": 0.0, "Duco Node-S price": 0.0, "Duco PancakeSwap price": 1.31425e-05, "Duco SunSwap price": 2.863e-05, "Duco SushiSwap price": 8.987494203495e-06, "Duco UbeSwap price": 1.568e-05, "Duco price": 3.638e-05, "Duco price BCH": 0.0, "Duco price NANO": 0.0, "Duco price TRX": 2.993e-05, "Duco price XMG": 3.638e-05, "Duino-Coin Server API": "github.com/revoxhere/duino-coin", "Kolka": {"Banned": 6032, "Jailed": 191}, "Last block hash": "8de4bc0b3fa1580ec7f3421feb9644fc8ead02b8", "Last sync": 1726635118.770481, "Last update": "18/09/2024 04:51:58 (UTC)", "Mined blocks": 551435555107, "Miner distribution": {"All": 14853, "Arduino": 1990, "CPU": 767, "ESP32": 4866, "ESP8266": 5949, "GPU": 0, "Other": 10, "Phone": 18, "RPi": 1088, "Web": 165}, "Net energy usage": "12.19 kW", "Open threads": 30, "Pool hashrate": "1846.522 MH/s", "Registered users": 106100, "Server CPU usage": 55.1, "Server RAM usage": 64.4, "Server version": 4.0, "Top 10 richest miners": ["235277716.18754274 DUCO - coinexchange", "85497978.52646369 DUCO - bscDUCO", "35576240.569 DUCO - AlmarRido", "30855598.808 DUCO - Flowen1985", "18317539.132 DUCO - bimbasimba94", "16128552.502000002 DUCO - viviana80", "14958492.014824485 DUCO - aimbert", "14847133.194062889 DUCO - ctecrypto", "12721943.39257476 DUCO - QQ44142894", "11365380.475399334 DUCO - duinousa"], "XXHASH hashrate": "0 H/s"}