{"Active connections": 1392, "All-time mined DUCO": 1075627447.7400365, "Current difficulty": 75000, "DUCO-S1 hashrate": "1.974 GH/s", "Duco FluffySwap price": 4.115999999999999e-06, "Duco Furim price": 0.0, "Duco Node-S price": 0.0, "Duco PancakeSwap price": 1.49863e-05, "Duco SunSwap price": 0.00010545, "Duco SushiSwap price": 1.45174e-05, "Duco UbeSwap price": 2.7898752414944825e-05, "Duco price": 0.00010545, "Duco price BCH": 5.87e-06, "Duco price NANO": 1.11e-06, "Duco price TRX": 1.55e-06, "Duco price XMG": 0.0, "Duino-Coin Server API": "github.com/revoxhere/duino-coin", "Kolka": {"Banned": 5728, "Jailed": 142}, "Last block hash": "8de4bc0b3fa1580ec7f3421feb9644fc8ead02b8", "Last sync": 1688398895.3077152, "Last update": "03/07/2023 15:42:03 (UTC)", "Mined blocks": 422856858716, "Miner distribution": {"All": 21065, "Arduino": 2483, "CPU": 706, "ESP32": 9074, "ESP8266": 7539, "GPU": 0, "Other": 11, "Phone": 9, "RPi": 1243, "Web": 0}, "Net energy usage": "14.49 kW", "Open threads": 23, "Pool hashrate": "1974.29 MH/s", "Registered users": 94210, "Server CPU usage": 47.7, "Server RAM usage": 56.2, "Server version": 3.0, "Top 10 richest miners": ["495743830.67087966 DUCO - coinexchange", "384863761.8484739 DUCO - coinexchange", "49388457.02939265 DUCO - bscDUCO", "24326348.334 DUCO - Flowen1985", "20119947.6942 DUCO - viviana80", "15115368.927099999 DUCO - Ochios", "12720440.559071772 DUCO - QQ44142894", "12715126.206683962 DUCO - duinousa", "11408217.326238636 DUCO - bimbasimba94", "11242886.442071278 DUCO - paranoid64"], "XXHASH hashrate": "0 H/s"}