{"Active connections": 1183, "All-time mined DUCO": 177450959.37144437, "Current difficulty": 75000, "DUCO-S1 hashrate": "2.3 GH/s", "Duco FluffySwap price": 3.822e-06, "Duco Furim price": 0.0, "Duco Node-S price": 0.0, "Duco PancakeSwap price": 2.79369e-05, "Duco SunSwap price": 5.738e-05, "Duco SushiSwap price": 6.23366e-06, "Duco UbeSwap price": 2.891638595203949e-05, "Duco price": 5.738e-05, "Duco price BCH": 5.46e-06, "Duco price NANO": 3.48e-06, "Duco price TRX": 4.75e-06, "Duco price XMG": 0.0, "Duino-Coin Server API": "github.com/revoxhere/duino-coin", "Kolka": {"Banned": 1268, "Jailed": 98}, "Last block hash": "8de4bc0b3fa1580ec7f3421feb9644fc8ead02b8", "Last sync": 1675293300.4732385, "Last update": "01/02/2023 23:15:04 (UTC)", "Mined blocks": 348630842650, "Miner distribution": {"All": 31130, "Arduino": 3661, "CPU": 1252, "ESP32": 11783, "ESP8266": 12484, "GPU": 0, "Other": 9, "Phone": 15, "RPi": 1600, "Web": 326}, "Net energy usage": "22.64 kW", "Open threads": 26, "Pool hashrate": "2312.08 MH/s", "Registered users": 87964, "Server CPU usage": 47.9, "Server RAM usage": 52.8, "Server version": 3.0, "Top 10 richest miners": ["82202302.56311627 DUCO - coinexchange", "40844326.35752013 DUCO - bscDUCO", "20119946.6942 DUCO - viviana80", "15115363.695 DUCO - Ochios", "11692429.559071772 DUCO - QQ44142894", "10759939.638689265 DUCO - fiorella71", "8125736.123916335 DUCO - Orion_0x43b", "6815841.07310776 DUCO - lordachoo", "5637139.684 DUCO - sudoerrno", "3349138.3537657745 DUCO - msdo1006"], "XXHASH hashrate": "0 H/s"}