{"Active connections": 1036, "All-time mined DUCO": 90166176.42633504, "Current difficulty": 1000000, "DUCO-S1 hashrate": "3.2 GH/s", "Duco Furim price": 0.0, "Duco Node-S price": 0.0, "Duco PancakeSwap price": 4e-05, "Duco SunSwap price": 4.1e-05, "Duco SushiSwap price": 1.2e-05, "Duco UbeSwap price": 2.8e-05, "Duco price": 0.00025, "Duco price BCH": 1.3e-05, "Duco price NANO": 1.2e-05, "Duco price TRX": 1.6e-05, "Duco price XMG": 8.7e-05, "Duino-Coin Server API": "github.com/revoxhere/duino-coin", "Kolka": {"Banned": 935, "Jailed": 56}, "Last block hash": "2eb3f8271cd947cdd6469be145558a7bcb72e0d9", "Last sync": 1656853340.90457, "Last update": "03/07/2022 13:02:22 (UTC)", "Mined blocks": 215277833225, "Miner distribution": {"All": 37207, "Arduino": 4852, "CPU": 2581, "ESP32": 12563, "ESP8266": 15315, "GPU": 0, "Other": 86, "Phone": 58, "RPi": 1511, "Web": 241}, "Net energy usage": "32.68 kW", "Open threads": 21, "Pool hashrate": "3170.71 MH/s", "Registered users": 73541, "Server CPU usage": 36.8, "Server RAM usage": 51.7, "Server version": 3.0, "Top 10 richest miners": ["34153185.622689165 DUCO - bscDUCO", "16868013.00251215 DUCO - Ochios", "7753075.592802517 DUCO - ctecrypto", "6974991.289071771 DUCO - QQ44142894", "5744330.563348191 DUCO - renderman", "4006737.217763647 DUCO - Demoel", "3791530.3633966967 DUCO - coinexchange", "2368507.0 DUCO - Brunomoyses23", "2210288.9385462017 DUCO - vyrdudji", "2070152.565 DUCO - CryptSino_Exchange"], "XXHASH hashrate": "0 H/s"}