{"Active connections": 6474, "All-time mined DUCO": 17893685.47124464, "Current difficulty": 125000, "DUCO-S1 hashrate": "1129.1 MH/s", "Duco JustSwap price": 0.00048307, "Duco Node-S price": 5.1e-05, "Duco PancakeSwap price": 0.000656946, "Duco SushiSwap price": 0.000469464, "Duco price": 0.00112283, "Duco price BCH": 0.0, "Duco price DGB": 0.0, "Duco price NANO": 0.00045375, "Duco price RVN": 0.0, "Duco price TRX": 0.0, "Duco price XMG": 0.00112283, "Duco price XRP": 0.0, "Duino-Coin Server API": "github.com/revoxhere/duino-coin", "Kolka": {"Banned": 686, "Jailed": 24}, "Last block hash": "2eb3f8271c", "Last update": "15/11/2021 21:35:13 (UTC)", "Mined blocks": 42469126390, "Miner distribution": {"All": 33715, "Arduino": 6000, "CPU": 2825, "ESP32": 10104, "ESP8266": 12156, "GPU": 0, "Other": 31, "Phone": 321, "RPi": 1782, "Web": 496}, "Net energy usage": "32.67 kW", "Open threads": 24, "Pool hashrate": "1129.06 MH/s", "Registered users": 24208, "Server CPU usage": 62.0, "Server RAM usage": 35.5, "Server version": 2.7, "Top 10 richest miners": ["3561568.495177199 DUCO - bscDUCO", "1290574.0900902194 DUCO - coinexchange", "591776.628131775 DUCO - NodeSBroker", "351150.1606789791 DUCO - James_themac", "300520.1555491204 DUCO - 52Pickup", "188487.89104597003 DUCO - celoDUCO", "170241.13285850236 DUCO - Bacman", "124637.30142340375 DUCO - maticDUCO", "123387.18511437952 DUCO - amornlit", "119999.99999999892 DUCO - rootbori"], "XXHASH hashrate": "0 H/s"}