{"Active connections": 862, "All-time mined DUCO": 738704375.8704426, "Current difficulty": 200000, "DUCO-S1 hashrate": "2.088 GH/s", "Duco FluffySwap price": 8.847999999999999e-06, "Duco Furim price": 0.0, "Duco Node-S price": 0.0, "Duco PancakeSwap price": 8.57789e-06, "Duco SunSwap price": 0.00010266, "Duco SushiSwap price": 1.2962107682626e-05, "Duco UbeSwap price": 1.1191491992827553e-05, "Duco price": 0.000236, "Duco price BCH": 0.00016234, "Duco price NANO": 0.000236, "Duco price TRX": 1.262e-05, "Duco price XMG": 3.75e-06, "Duino-Coin Server API": "github.com/revoxhere/duino-coin", "Kolka": {"Banned": 5922, "Jailed": 181}, "Last block hash": "8de4bc0b3fa1580ec7f3421feb9644fc8ead02b8", "Last sync": 1715810757.6420345, "Last update": "15/05/2024 22:05:57 (UTC)", "Mined blocks": 519650593679, "Miner distribution": {"All": 16613, "Arduino": 2064, "CPU": 855, "ESP32": 6456, "ESP8266": 5746, "GPU": 0, "Other": 16, "Phone": 16, "RPi": 1277, "Web": 183}, "Net energy usage": "13.63 kW", "Open threads": 27, "Pool hashrate": "2087.64 MH/s", "Registered users": 101936, "Server CPU usage": 31.3, "Server RAM usage": 93.6, "Server version": 4.0, "Top 10 richest miners": ["78745233.74889731 DUCO - bscDUCO", "39493232.42763998 DUCO - AlmarRido", "30792510.456 DUCO - Flowen1985", "20119947.6942 DUCO - viviana80", "17045685.805999998 DUCO - bimbasimba94", "14868542.095396996 DUCO - aimbert", "14842775.17048564 DUCO - ctecrypto", "12720440.585598174 DUCO - QQ44142894", "11314773.202786632 DUCO - duinousa", "10759939.638689265 DUCO - fiorella71"], "XXHASH hashrate": "0 H/s"}