{"Active connections": 834, "All-time mined DUCO": 738064598.8790193, "Current difficulty": 200000, "DUCO-S1 hashrate": "2.33 GH/s", "Duco FluffySwap price": 8.511999999999999e-06, "Duco Furim price": 0.0, "Duco Node-S price": 0.0, "Duco PancakeSwap price": 8.57789e-06, "Duco SunSwap price": 9.88e-05, "Duco SushiSwap price": 1.2962107682626e-05, "Duco UbeSwap price": 1.1191491992827553e-05, "Duco price": 0.000238, "Duco price BCH": 0.00016738, "Duco price NANO": 0.000238, "Duco price TRX": 1.215e-05, "Duco price XMG": 4.013e-05, "Duino-Coin Server API": "github.com/revoxhere/duino-coin", "Kolka": {"Banned": 5937, "Jailed": 182}, "Last block hash": "8de4bc0b3fa1580ec7f3421feb9644fc8ead02b8", "Last sync": 1716200408.3296356, "Last update": "20/05/2024 10:20:08 (UTC)", "Mined blocks": 520766340353, "Miner distribution": {"All": 18398, "Arduino": 2326, "CPU": 1027, "ESP32": 7400, "ESP8266": 6083, "GPU": 0, "Other": 21, "Phone": 10, "RPi": 1265, "Web": 266}, "Net energy usage": "15.37 kW", "Open threads": 28, "Pool hashrate": "2329.595 MH/s", "Registered users": 102095, "Server CPU usage": 31.7, "Server RAM usage": 93.1, "Server version": 4.0, "Top 10 richest miners": ["78907233.74889731 DUCO - bscDUCO", "39368542.54345614 DUCO - AlmarRido", "30792510.456 DUCO - Flowen1985", "20119947.6942 DUCO - viviana80", "18545685.805999998 DUCO - bimbasimba94", "14868545.487945613 DUCO - aimbert", "14843053.724922068 DUCO - ctecrypto", "12720440.585598174 DUCO - QQ44142894", "11315015.550558938 DUCO - duinousa", "10759939.638689265 DUCO - fiorella71"], "XXHASH hashrate": "0 H/s"}