{"Active connections": 1048, "All-time mined DUCO": 758627155.8585232, "Current difficulty": 200000, "DUCO-S1 hashrate": "1.958 GH/s", "Duco FluffySwap price": 1.8599e-05, "Duco Furim price": 0.0, "Duco Node-S price": 0.0, "Duco PancakeSwap price": 1.34905e-05, "Duco SunSwap price": 2.541e-05, "Duco SushiSwap price": 8.331891935491e-06, "Duco UbeSwap price": 1.642e-05, "Duco price": 3.572e-05, "Duco price BCH": 0.0, "Duco price NANO": 0.0, "Duco price TRX": 2.656e-05, "Duco price XMG": 3.572e-05, "Duino-Coin Server API": "github.com/revoxhere/duino-coin", "Kolka": {"Banned": 6014, "Jailed": 190}, "Last block hash": "8de4bc0b3fa1580ec7f3421feb9644fc8ead02b8", "Last sync": 1723835141.736229, "Last update": "16/08/2024 19:05:41 (UTC)", "Mined blocks": 543790374167, "Miner distribution": {"All": 14371, "Arduino": 1938, "CPU": 785, "ESP32": 4628, "ESP8266": 5690, "GPU": 0, "Other": 8, "Phone": 34, "RPi": 1099, "Web": 189}, "Net energy usage": "12.11 kW", "Open threads": 28, "Pool hashrate": "1958.073 MH/s", "Registered users": 105152, "Server CPU usage": 69.9, "Server RAM usage": 86.4, "Server version": 4.0, "Top 10 richest miners": ["238547916.6777055 DUCO - coinexchange", "82494879.19825932 DUCO - bscDUCO", "30855598.808 DUCO - Flowen1985", "28000980.1298474 DUCO - AlmarRido", "18280977.178 DUCO - bimbasimba94", "16096358.288900001 DUCO - viviana80", "14928194.21430165 DUCO - aimbert", "14847133.194062889 DUCO - ctecrypto", "12721940.59109726 DUCO - QQ44142894", "11342296.414485512 DUCO - duinousa"], "XXHASH hashrate": "0 H/s"}