{"Active connections": 975, "All-time mined DUCO": 154508858.88475233, "Current difficulty": 75000, "DUCO-S1 hashrate": "2.4 GH/s", "Duco FluffySwap price": 2.2049999999999996e-06, "Duco Furim price": 0.0, "Duco Node-S price": 0.0, "Duco PancakeSwap price": 3.85895e-05, "Duco SunSwap price": 5.728e-05, "Duco SushiSwap price": 5.48724e-06, "Duco UbeSwap price": 2.843539214389631e-05, "Duco price": 5.728e-05, "Duco price BCH": 3.15e-06, "Duco price NANO": 2.04e-06, "Duco price TRX": 4.72e-06, "Duco price XMG": 0.0, "Duino-Coin Server API": "github.com/revoxhere/duino-coin", "Kolka": {"Banned": 1254, "Jailed": 95}, "Last block hash": "8de4bc0b3fa1580ec7f3421feb9644fc8ead02b8", "Last sync": 1673852368.2575066, "Last update": "16/01/2023 06:59:32 (UTC)", "Mined blocks": 339602337502, "Miner distribution": {"All": 33432, "Arduino": 3775, "CPU": 1196, "ESP32": 12788, "ESP8266": 13713, "GPU": 0, "Other": 14, "Phone": 8, "RPi": 1556, "Web": 382}, "Net energy usage": "23.31 kW", "Open threads": 25, "Pool hashrate": "2368.03 MH/s", "Registered users": 87044, "Server CPU usage": 49.5, "Server RAM usage": 51.5, "Server version": 3.0, "Top 10 richest miners": ["91697505.75031316 DUCO - coinexchange", "40592353.73070239 DUCO - bscDUCO", "20119946.6942 DUCO - viviana80", "11692429.559071772 DUCO - QQ44142894", "10759939.638689265 DUCO - fiorella71", "8125736.123916335 DUCO - Orion_0x43b", "6811269.296420838 DUCO - lordachoo", "4965363.69527713 DUCO - Ochios", "3951013.207 DUCO - AlmarRido", "2992284.4129647342 DUCO - msdo1006"], "XXHASH hashrate": "0 H/s"}