{"Duino-Coin Server API": "github.com/revoxhere/duino-coin", "Server version": 2.6, "Active connections": 3515, "Open threads": 16, "Server CPU usage": 62.7, "Server RAM usage": 47.1, "Last update": "16/08/2021 10:27:59 (UTC)", "Net energy usage": "0 W", "Pool hashrate": "0 H/s", "DUCO-S1 hashrate": "0 H/s", "XXHASH hashrate": "0 H/s", "Duco price": 0.018767, "Duco price XMG": 0.01876683, "Duco price BCH": 0.00175245, "Duco price TRX": 0.00187882, "Duco price XRP": 0.00224, "Duco price DGB": 0.00211539, "Duco price NANO": 0.0016175, "Duco Node-S price": 0.018767, "Duco JustSwap price": 0.00753157, "Duco PancakeSwap price": 0.00507655, "Registered users": 19943, "All-time mined DUCO": 5675429.417573715, "Current difficulty": 449222, "Mined blocks": 10781325754, "Last block hash": "ad02e86d48", "Kolka": {"Jailed": 0, "Banned": 417}, "Miner distribution": {"GPU": 0, "CPU": 0, "RPi": 0, "ESP32": 0, "ESP8266": 0, "Arduino": 0, "Other": 0}, "Top 10 richest miners": ["529255.2434250778 DUCO - bscDUCO", "169736.2239532026 DUCO - Bacman", "113099.88258972013 DUCO - amornlit", "100262.37377963254 DUCO - coinexchange", "100100.62554664536 DUCO - 52Pickup", "86151.55023636225 DUCO - caancom", "79999.99999999886 DUCO - WannaCry", "50330.519967876455 DUCO - rootbori", "50288.45762651612 DUCO - duinocrfsh", "47119.90790638301 DUCO - chipsa"], "Active workers": {}}