{"Active connections": 1215, "All-time mined DUCO": 235711789.86094588, "Current difficulty": 75000, "DUCO-S1 hashrate": "2.3 GH/s", "Duco FluffySwap price": 3.451e-06, "Duco Furim price": 0.0, "Duco Node-S price": 0.0, "Duco PancakeSwap price": 3.17471e-05, "Duco SunSwap price": 5.887e-05, "Duco SushiSwap price": 6.48802e-06, "Duco UbeSwap price": 2.8567641015443758e-05, "Duco price": 5.887e-05, "Duco price BCH": 4.94e-06, "Duco price NANO": 3.4e-06, "Duco price TRX": 4.87e-06, "Duco price XMG": 0.0, "Duino-Coin Server API": "github.com/revoxhere/duino-coin", "Kolka": {"Banned": 1295, "Jailed": 101}, "Last block hash": "8de4bc0b3fa1580ec7f3421feb9644fc8ead02b8", "Last sync": 1676262696.9114, "Last update": "13/02/2023 04:31:40 (UTC)", "Mined blocks": 354711635255, "Miner distribution": {"All": 30045, "Arduino": 3454, "CPU": 1103, "ESP32": 11742, "ESP8266": 11777, "GPU": 0, "Other": 8, "Phone": 25, "RPi": 1610, "Web": 326}, "Net energy usage": "21.32 kW", "Open threads": 24, "Pool hashrate": "2254.36 MH/s", "Registered users": 88786, "Server CPU usage": 47.1, "Server RAM usage": 54.5, "Server version": 3.0, "Top 10 richest miners": ["41486967.794576176 DUCO - bscDUCO", "40000000.302386284 DUCO - AlmarRido", "20119946.6942 DUCO - viviana80", "15115363.695 DUCO - Ochios", "14988364.581486454 DUCO - coinexchange", "11692429.559071772 DUCO - QQ44142894", "11411074.27 DUCO - infternet", "10759939.638689265 DUCO - fiorella71", "9636871.90430519 DUCO - paranoid64", "8125736.123916335 DUCO - Orion_0x43b"], "XXHASH hashrate": "0 H/s"}