{"Active connections": 1092, "All-time mined DUCO": 779339462.0023457, "Current difficulty": 200000, "DUCO-S1 hashrate": "1.862 GH/s", "Duco FluffySwap price": 2.2064e-05, "Duco Furim price": 0.0, "Duco Node-S price": 0.0, "Duco PancakeSwap price": 1.31425e-05, "Duco SunSwap price": 3.021e-05, "Duco SushiSwap price": 8.987494203495e-06, "Duco UbeSwap price": 1.568e-05, "Duco price": 3.804e-05, "Duco price BCH": 0.0, "Duco price NANO": 0.0, "Duco price TRX": 3.158e-05, "Duco price XMG": 3.804e-05, "Duino-Coin Server API": "github.com/revoxhere/duino-coin", "Kolka": {"Banned": 6024, "Jailed": 189}, "Last block hash": "8de4bc0b3fa1580ec7f3421feb9644fc8ead02b8", "Last sync": 1724441292.1228404, "Last update": "23/08/2024 19:28:12 (UTC)", "Mined blocks": 545409650317, "Miner distribution": {"All": 14420, "Arduino": 1730, "CPU": 791, "ESP32": 4769, "ESP8266": 5885, "GPU": 0, "Other": 7, "Phone": 4, "RPi": 1087, "Web": 147}, "Net energy usage": "12.19 kW", "Open threads": 31, "Pool hashrate": "1861.881 MH/s", "Registered users": 105378, "Server CPU usage": 70.5, "Server RAM usage": 92.8, "Server version": 4.0, "Top 10 richest miners": ["235323810.48157555 DUCO - coinexchange", "84473498.70122527 DUCO - bscDUCO", "35576240.569 DUCO - AlmarRido", "30855598.808 DUCO - Flowen1985", "22896923.915 DUCO - bimbasimba94", "20160688.723 DUCO - viviana80", "14928206.789033674 DUCO - aimbert", "14847133.194062889 DUCO - ctecrypto", "12721941.46735498 DUCO - QQ44142894", "11342526.285518399 DUCO - duinousa"], "XXHASH hashrate": "0 H/s"}