{"Active connections": 712, "All-time mined DUCO": 1128301284.8466027, "Current difficulty": 75000, "DUCO-S1 hashrate": "2.115 GH/s", "Duco FluffySwap price": 3.5139999999999997e-06, "Duco Furim price": 0.0, "Duco Node-S price": 0.0, "Duco PancakeSwap price": 7.2694e-06, "Duco SunSwap price": 8.129e-05, "Duco SushiSwap price": 1.01312e-05, "Duco UbeSwap price": 2.9093097913322633e-05, "Duco price": 8.129e-05, "Duco price BCH": 5.02e-06, "Duco price NANO": 1.07e-06, "Duco price TRX": 2.03e-06, "Duco price XMG": 1.314e-05, "Duino-Coin Server API": "github.com/revoxhere/duino-coin", "Kolka": {"Banned": 5673, "Jailed": 164}, "Last block hash": "8de4bc0b3fa1580ec7f3421feb9644fc8ead02b8", "Last sync": 1694685503.2653012, "Last update": "14/09/2023 09:58:26 (UTC)", "Mined blocks": 448663866664, "Miner distribution": {"All": 19940, "Arduino": 2010, "CPU": 804, "ESP32": 8392, "ESP8266": 7535, "GPU": 0, "Other": 13, "Phone": 1, "RPi": 1185, "Web": 0}, "Net energy usage": "14.63 kW", "Open threads": 23, "Pool hashrate": "2114.548 MH/s", "Registered users": 95716, "Server CPU usage": 41.0, "Server RAM usage": 49.7, "Server version": 3.0, "Top 10 richest miners": ["495743830.67087966 DUCO - coinexchange", "355992226.32881033 DUCO - coinexchange", "70876831.64457695 DUCO - bscDUCO", "39628683.974 DUCO - AlmarRido", "26713758.331047334 DUCO - giveaways", "24485940.745 DUCO - Flowen1985", "20119947.6942 DUCO - viviana80", "14728371.197615646 DUCO - ctecrypto", "12720440.559071772 DUCO - QQ44142894", "11425090.305 DUCO - bimbasimba94"], "XXHASH hashrate": "0 H/s"}