{"Active connections": 925, "All-time mined DUCO": 174211690.22866684, "Current difficulty": 75000, "DUCO-S1 hashrate": "2.5 GH/s", "Duco FluffySwap price": 1.7584e-05, "Duco Furim price": 0.0, "Duco Node-S price": 0.0, "Duco PancakeSwap price": 5.04166e-05, "Duco SunSwap price": 5.01e-05, "Duco SushiSwap price": 3.52565e-06, "Duco UbeSwap price": 2.8177359360084267e-05, "Duco price": 5.04166e-05, "Duco price BCH": 2.512e-05, "Duco price NANO": 1.644e-05, "Duco price TRX": 4.106e-05, "Duco price XMG": 0.0, "Duino-Coin Server API": "github.com/revoxhere/duino-coin", "Kolka": {"Banned": 1216, "Jailed": 93}, "Last block hash": "8de4bc0b3fa1580ec7f3421feb9644fc8ead02b8", "Last sync": 1671989314.0202322, "Last update": "25/12/2022 17:28:37 (UTC)", "Mined blocks": 327862336623, "Miner distribution": {"All": 32825, "Arduino": 3586, "CPU": 1204, "ESP32": 12378, "ESP8266": 13652, "GPU": 0, "Other": 16, "Phone": 15, "RPi": 1572, "Web": 402}, "Net energy usage": "23.18 kW", "Open threads": 24, "Pool hashrate": "2511.44 MH/s", "Registered users": 85893, "Server CPU usage": 41.5, "Server RAM usage": 30.6, "Server version": 3.0, "Top 10 richest miners": ["39089108.73070239 DUCO - bscDUCO", "20119945.00125 DUCO - viviana80", "14965357.425395073 DUCO - Ochios", "13674982.164447265 DUCO - ctecrypto", "11692429.559071772 DUCO - QQ44142894", "10759939.638689265 DUCO - fiorella71", "8125736.123916335 DUCO - Orion_0x43b", "6807004.294762996 DUCO - lordachoo", "4267666.823 DUCO - Demoel", "2621302.400111918 DUCO - msdo1006"], "XXHASH hashrate": "0 H/s"}