{"Active connections": 11344, "All-time mined DUCO": 16862887.982569363, "Current difficulty": 125000, "DUCO-S1 hashrate": "1205.0 MH/s", "Duco JustSwap price": 0.00083226, "Duco Node-S price": 0.000139, "Duco PancakeSwap price": 0.000726946, "Duco SushiSwap price": 0.00102713, "Duco price": 0.00102713, "Duco price BCH": 0.0001217, "Duco price DGB": 0.0, "Duco price NANO": 0.000301, "Duco price RVN": 0.0, "Duco price TRX": 0.0003149, "Duco price XMG": 0.00062535, "Duco price XRP": 0.0, "Duino-Coin Server API": "github.com/revoxhere/duino-coin", "Kolka": {"Banned": 677, "Jailed": 24}, "Last block hash": "65b3f612d0", "Last update": "04/11/2021 01:49:01 (UTC)", "Mined blocks": 37302259087, "Miner distribution": {"All": 34318, "Arduino": 6270, "CPU": 3331, "ESP32": 10183, "ESP8266": 12223, "GPU": 0, "Other": 53, "Phone": 223, "RPi": 1962, "Web": 73}, "Net energy usage": "35.82 kW", "Open threads": 24, "Pool hashrate": "1205.04 MH/s", "Registered users": 22688, "Server CPU usage": 40.9, "Server RAM usage": 36.6, "Server version": 2.7, "Top 10 richest miners": ["3139829.3768241503 DUCO - bscDUCO", "739793.2600902197 DUCO - coinexchange", "587337.6039841222 DUCO - NodeSBroker", "522520.1555491204 DUCO - 52Pickup", "401079.0301517624 DUCO - James_themac", "190128.89104597003 DUCO - celoDUCO", "170241.13285850236 DUCO - Bacman", "123387.18511437952 DUCO - amornlit", "119999.99999999892 DUCO - rootbori", "110782.82794908377 DUCO - maticDUCO"], "XXHASH hashrate": "0 H/s"}