{"Active connections": 1340, "All-time mined DUCO": 91323403.3289602, "Current difficulty": 75000, "DUCO-S1 hashrate": "2.9 GH/s", "Duco FluffySwap price": 2.1e-05, "Duco Furim price": 0.0, "Duco Node-S price": 0.0, "Duco PancakeSwap price": 4.4e-05, "Duco SunSwap price": 0.000132, "Duco SushiSwap price": 1.6e-05, "Duco UbeSwap price": 2.9e-05, "Duco price": 0.000153, "Duco price BCH": 3e-05, "Duco price NANO": 1.2e-05, "Duco price TRX": 1.5e-05, "Duco price XMG": 0.000107, "Duino-Coin Server API": "github.com/revoxhere/duino-coin", "Kolka": {"Banned": 1037, "Jailed": 82}, "Last block hash": "2eb3f8271cd947cdd6469be145558a7bcb72e0d9", "Last sync": 1663384031.2817228, "Last update": "17/09/2022 03:07:13 (UTC)", "Mined blocks": 262437854673, "Miner distribution": {"All": 38613, "Arduino": 4623, "CPU": 1963, "ESP32": 14125, "ESP8266": 16251, "GPU": 0, "Other": 10, "Phone": 50, "RPi": 1216, "Web": 375}, "Net energy usage": "29.48 kW", "Open threads": 22, "Pool hashrate": "2903.42 MH/s", "Registered users": 78879, "Server CPU usage": 40.2, "Server RAM usage": 59.8, "Server version": 3.0, "Top 10 richest miners": ["1000000000000014.4 DUCO - Yookzs", "40921600.99251492 DUCO - bscDUCO", "18297062.078967243 DUCO - coinexchange", "15964258.47 DUCO - Ochios", "6974991.289071771 DUCO - QQ44142894", "3718946.8345336537 DUCO - ctecrypto", "2750182.7608710453 DUCO - goddani", "2368507.0 DUCO - Brunomoyses23", "2210288.919161586 DUCO - vyrdudji", "2150285.054443857 DUCO - Flowen1985"], "XXHASH hashrate": "0 H/s"}