{"Active connections": 1254, "All-time mined DUCO": 780157795.1691711, "Current difficulty": 200000, "DUCO-S1 hashrate": "4.12 GH/s", "Duco FluffySwap price": 2.1434e-05, "Duco Furim price": 0.0, "Duco Node-S price": 0.0, "Duco PancakeSwap price": 1.31425e-05, "Duco SunSwap price": 2.932e-05, "Duco SushiSwap price": 8.987494203495e-06, "Duco UbeSwap price": 1.568e-05, "Duco price": 3.292e-05, "Duco price BCH": 0.0, "Duco price NANO": 0.0, "Duco price TRX": 3.065e-05, "Duco price XMG": 3.292e-05, "Duino-Coin Server API": "github.com/revoxhere/duino-coin", "Kolka": {"Banned": 6032, "Jailed": 191}, "Last block hash": "8de4bc0b3fa1580ec7f3421feb9644fc8ead02b8", "Last sync": 1725859006.808445, "Last update": "09/09/2024 05:16:46 (UTC)", "Mined blocks": 549272767973, "Miner distribution": {"All": 14754, "Arduino": 1845, "CPU": 781, "ESP32": 4905, "ESP8266": 5961, "GPU": 0, "Other": 10, "Phone": 37, "RPi": 1009, "Web": 206}, "Net energy usage": "12.17 kW", "Open threads": 28, "Pool hashrate": "4120.156 MH/s", "Registered users": 105857, "Server CPU usage": 93.1, "Server RAM usage": 62.1, "Server version": 4.0, "Top 10 richest miners": ["235439545.19531316 DUCO - coinexchange", "85495878.52646369 DUCO - bscDUCO", "35576240.569 DUCO - AlmarRido", "30855598.808 DUCO - Flowen1985", "20160690.628000002 DUCO - viviana80", "18317539.132 DUCO - bimbasimba94", "14928740.673942218 DUCO - aimbert", "14847133.194062889 DUCO - ctecrypto", "14206668.923014564 DUCO - duinousa", "12721943.39257476 DUCO - QQ44142894"], "XXHASH hashrate": "0 H/s"}