{"Active connections": 1002, "All-time mined DUCO": 80111268.07638231, "Current difficulty": 1000000, "DUCO-S1 hashrate": "3.2 GH/s", "Duco Furim price": 0.0, "Duco Node-S price": 0.0, "Duco PancakeSwap price": 2.5e-05, "Duco SunSwap price": 3.9e-05, "Duco SushiSwap price": 1.1e-05, "Duco UbeSwap price": 2.8e-05, "Duco price": 0.000291, "Duco price BCH": 1.6e-05, "Duco price NANO": 1.2e-05, "Duco price TRX": 7.6e-05, "Duco price XMG": 0.000291, "Duino-Coin Server API": "github.com/revoxhere/duino-coin", "Kolka": {"Banned": 905, "Jailed": 49}, "Last block hash": "2eb3f8271cd947cdd6469be145558a7bcb72e0d9", "Last sync": 1655462150.5110629, "Last update": "17/06/2022 10:35:53 (UTC)", "Mined blocks": 203579331772, "Miner distribution": {"All": 38757, "Arduino": 4922, "CPU": 2816, "ESP32": 13167, "ESP8266": 15907, "GPU": 0, "Other": 60, "Phone": 86, "RPi": 1536, "Web": 263}, "Net energy usage": "34.78 kW", "Open threads": 21, "Pool hashrate": "3236.46 MH/s", "Registered users": 76888, "Server CPU usage": 32.8, "Server RAM usage": 57.2, "Server version": 3.0, "Top 10 richest miners": ["37605133.9766174 DUCO - bscDUCO", "16779508.4 DUCO - Ochios", "7751687.752826881 DUCO - ctecrypto", "6974991.289071771 DUCO - QQ44142894", "6111917.753396698 DUCO - coinexchange", "4006520.3785305806 DUCO - Demoel", "3440144.1422046525 DUCO - renderman", "2871328.70207679 DUCO - saikrsa", "2210288.9385462017 DUCO - vyrdudji", "2001977.9978906866 DUCO - varanese67"], "XXHASH hashrate": "0 H/s"}