{"Active connections": 1661, "All-time mined DUCO": 111517046.96258512, "Current difficulty": 75000, "DUCO-S1 hashrate": "3.1 GH/s", "Duco FluffySwap price": 2e-05, "Duco Furim price": 0.0, "Duco Node-S price": 0.0, "Duco PancakeSwap price": 4.2e-05, "Duco SunSwap price": 0.00011, "Duco SushiSwap price": 1.5e-05, "Duco UbeSwap price": 2.9e-05, "Duco price": 0.00025, "Duco price BCH": 2.9e-05, "Duco price NANO": 1.2e-05, "Duco price TRX": 1.5e-05, "Duco price XMG": 0.000155, "Duino-Coin Server API": "github.com/revoxhere/duino-coin", "Kolka": {"Banned": 1661, "Jailed": 85}, "Last block hash": "2eb3f8271cd947cdd6469be145558a7bcb72e0d9", "Last sync": 1664125468.1700885, "Last update": "25/09/2022 17:04:34 (UTC)", "Mined blocks": 267607956959, "Miner distribution": {"All": 40196, "Arduino": 4746, "CPU": 1995, "ESP32": 14469, "ESP8266": 17126, "GPU": 0, "Other": 14, "Phone": 38, "RPi": 1302, "Web": 506}, "Net energy usage": "30.56 kW", "Open threads": 24, "Pool hashrate": "3096.09 MH/s", "Registered users": 79620, "Server CPU usage": 52.2, "Server RAM usage": 57.3, "Server version": 3.0, "Top 10 richest miners": ["39772238.437422335 DUCO - bscDUCO", "15965314.007 DUCO - Ochios", "13071735.535338515 DUCO - ctecrypto", "6974991.289071771 DUCO - QQ44142894", "6075220.286 DUCO - AlmarRido", "3018000.766118874 DUCO - coinexchange", "2574670.3314849306 DUCO - ThePurpleMadMan", "2368507.0 DUCO - Brunomoyses23", "2236448.186098492 DUCO - Alessandro_Duino", "2210288.919161586 DUCO - vyrdudji"], "XXHASH hashrate": "0 H/s"}