{"Active connections": 891, "All-time mined DUCO": 84953336.38648395, "Current difficulty": 1000000, "DUCO-S1 hashrate": "3.2 GH/s", "Duco Furim price": 0.0, "Duco Node-S price": 0.0, "Duco PancakeSwap price": 2e-05, "Duco SunSwap price": 4.2e-05, "Duco SushiSwap price": 1.1e-05, "Duco UbeSwap price": 2.8e-05, "Duco price": 0.000291, "Duco price BCH": 1.8e-05, "Duco price NANO": 1.2e-05, "Duco price TRX": 1.6e-05, "Duco price XMG": 0.000291, "Duino-Coin Server API": "github.com/revoxhere/duino-coin", "Kolka": {"Banned": 915, "Jailed": 51}, "Last block hash": "2eb3f8271cd947cdd6469be145558a7bcb72e0d9", "Last sync": 1655846985.1676984, "Last update": "21/06/2022 21:29:48 (UTC)", "Mined blocks": 206873593940, "Miner distribution": {"All": 38736, "Arduino": 5145, "CPU": 2557, "ESP32": 13125, "ESP8266": 15856, "GPU": 0, "Other": 78, "Phone": 89, "RPi": 1601, "Web": 285}, "Net energy usage": "33.3 kW", "Open threads": 21, "Pool hashrate": "3196.44 MH/s", "Registered users": 72797, "Server CPU usage": 42.2, "Server RAM usage": 31.5, "Server version": 3.0, "Top 10 richest miners": ["35992883.98633014 DUCO - bscDUCO", "16868016.799999997 DUCO - Ochios", "7751996.702382575 DUCO - ctecrypto", "6974991.289071771 DUCO - QQ44142894", "5784025.772245898 DUCO - renderman", "4006543.608339879 DUCO - Demoel", "2368507.0 DUCO - Brunomoyses23", "2210288.9385462017 DUCO - vyrdudji", "2070152.565 DUCO - CryptSino_Exchange", "2011853.1433966989 DUCO - coinexchange"], "XXHASH hashrate": "0 H/s"}