{"Active connections": 1237, "All-time mined DUCO": 92368345.69629762, "Current difficulty": 75000, "DUCO-S1 hashrate": "2.8 GH/s", "Duco Furim price": 0.0, "Duco Node-S price": 0.0, "Duco PancakeSwap price": 4.7e-05, "Duco SunSwap price": 0.000208, "Duco SushiSwap price": 1.9e-05, "Duco UbeSwap price": 2.8e-05, "Duco price": 0.000307, "Duco price BCH": 2.7e-05, "Duco price NANO": 1.9e-05, "Duco price TRX": 2e-05, "Duco price XMG": 1.5e-05, "Duino-Coin Server API": "github.com/revoxhere/duino-coin", "Kolka": {"Banned": 973, "Jailed": 80}, "Last block hash": "2eb3f8271cd947cdd6469be145558a7bcb72e0d9", "Last sync": 1661297556.5843892, "Last update": "23/08/2022 23:32:41 (UTC)", "Mined blocks": 246908651627, "Miner distribution": {"All": 36926, "Arduino": 4560, "CPU": 1863, "ESP32": 13396, "ESP8266": 15443, "GPU": 0, "Other": 26, "Phone": 81, "RPi": 1146, "Web": 411}, "Net energy usage": "28.07 kW", "Open threads": 22, "Pool hashrate": "2842.67 MH/s", "Registered users": 76941, "Server CPU usage": 67.0, "Server RAM usage": 61.2, "Server version": 3.0, "Top 10 richest miners": ["42014381.686995566 DUCO - bscDUCO", "31118655.35241963 DUCO - coinexchange", "6974991.289071771 DUCO - QQ44142894", "4020878.023824653 DUCO - Demoel", "3250453.0418339167 DUCO - renderman", "2368507.0 DUCO - Brunomoyses23", "2210288.919161586 DUCO - vyrdudji", "1731858.4064241096 DUCO - Sreeramzeno", "1629999.0000002678 DUCO - AlmarRido", "1499805.486177866 DUCO - giveaways"], "XXHASH hashrate": "0 H/s"}