{"Active connections": 983, "All-time mined DUCO": 757147848.1212195, "Current difficulty": 200000, "DUCO-S1 hashrate": "1.505 GH/s", "Duco FluffySwap price": 9.212e-06, "Duco Furim price": 0.0, "Duco Node-S price": 0.0, "Duco PancakeSwap price": 1.42855e-05, "Duco SunSwap price": 2.516e-05, "Duco SushiSwap price": 9.464632013668e-06, "Duco UbeSwap price": 0.0, "Duco price": 2.516e-05, "Duco price BCH": 0.0, "Duco price NANO": 0.0, "Duco price TRX": 1.315e-05, "Duco price XMG": 1.31e-06, "Duino-Coin Server API": "github.com/revoxhere/duino-coin", "Kolka": {"Banned": 5991, "Jailed": 191}, "Last block hash": "8de4bc0b3fa1580ec7f3421feb9644fc8ead02b8", "Last sync": 1722410386.8632643, "Last update": "31/07/2024 07:19:46 (UTC)", "Mined blocks": 539759689609, "Miner distribution": {"All": 16376, "Arduino": 1972, "CPU": 893, "ESP32": 6094, "ESP8266": 6051, "GPU": 0, "Other": 10, "Phone": 11, "RPi": 1152, "Web": 193}, "Net energy usage": "13.65 kW", "Open threads": 27, "Pool hashrate": "1505.284 MH/s", "Registered users": 104646, "Server CPU usage": 67.3, "Server RAM usage": 90.0, "Server version": 4.0, "Top 10 richest miners": ["244095981.17692548 DUCO - coinexchange", "81976627.19825932 DUCO - bscDUCO", "30855598.808 DUCO - Flowen1985", "30000980.1298474 DUCO - AlmarRido", "18660231.933085453 DUCO - aimbert", "18280977.178 DUCO - bimbasimba94", "16096358.288900001 DUCO - viviana80", "14847133.194062889 DUCO - ctecrypto", "12721940.59109726 DUCO - QQ44142894", "11341615.46782442 DUCO - duinousa"], "XXHASH hashrate": "0 H/s"}