{"Active connections": 1238, "All-time mined DUCO": 97025814.67843854, "Current difficulty": 75000, "DUCO-S1 hashrate": "3.0 GH/s", "Duco Furim price": 0.0, "Duco Node-S price": 0.0, "Duco PancakeSwap price": 4.5e-05, "Duco SunSwap price": 0.000205, "Duco SushiSwap price": 3.7e-05, "Duco UbeSwap price": 2.8e-05, "Duco price": 0.000307, "Duco price BCH": 2.3e-05, "Duco price NANO": 1.8e-05, "Duco price TRX": 2e-05, "Duco price XMG": 1.6e-05, "Duino-Coin Server API": "github.com/revoxhere/duino-coin", "Kolka": {"Banned": 973, "Jailed": 80}, "Last block hash": "2eb3f8271cd947cdd6469be145558a7bcb72e0d9", "Last sync": 1661156078.4011872, "Last update": "22/08/2022 08:14:43 (UTC)", "Mined blocks": 246051056531, "Miner distribution": {"All": 37181, "Arduino": 4696, "CPU": 1975, "ESP32": 13520, "ESP8266": 15369, "GPU": 0, "Other": 25, "Phone": 40, "RPi": 1157, "Web": 399}, "Net energy usage": "28.81 kW", "Open threads": 22, "Pool hashrate": "2994.21 MH/s", "Registered users": 76832, "Server CPU usage": 68.2, "Server RAM usage": 60.1, "Server version": 3.0, "Top 10 richest miners": ["42014381.686995566 DUCO - bscDUCO", "31118655.35241963 DUCO - coinexchange", "6974991.289071771 DUCO - QQ44142894", "4020878.023824653 DUCO - Demoel", "3250453.0418339167 DUCO - renderman", "2368507.0 DUCO - Brunomoyses23", "2210288.919161586 DUCO - vyrdudji", "1731858.4064241096 DUCO - Sreeramzeno", "1629999.0000002678 DUCO - AlmarRido", "1499805.486177866 DUCO - giveaways"], "XXHASH hashrate": "0 H/s"}