{"Active connections": 987, "All-time mined DUCO": 173313379.00158897, "Current difficulty": 75000, "DUCO-S1 hashrate": "2.3 GH/s", "Duco FluffySwap price": 1.932e-06, "Duco Furim price": 0.0, "Duco Node-S price": 0.0, "Duco PancakeSwap price": 3.25041e-05, "Duco SunSwap price": 5.16e-05, "Duco SushiSwap price": 3.60836e-06, "Duco UbeSwap price": 2.8244677344934413e-05, "Duco price": 5.16e-05, "Duco price BCH": 2.76e-06, "Duco price NANO": 1.88e-06, "Duco price TRX": 4.25e-06, "Duco price XMG": 0.0, "Duino-Coin Server API": "github.com/revoxhere/duino-coin", "Kolka": {"Banned": 1245, "Jailed": 95}, "Last block hash": "8de4bc0b3fa1580ec7f3421feb9644fc8ead02b8", "Last sync": 1673490418.636819, "Last update": "12/01/2023 02:27:00 (UTC)", "Mined blocks": 337333683482, "Miner distribution": {"All": 33207, "Arduino": 3547, "CPU": 1178, "ESP32": 12646, "ESP8266": 13844, "GPU": 0, "Other": 18, "Phone": 9, "RPi": 1527, "Web": 438}, "Net energy usage": "23.16 kW", "Open threads": 24, "Pool hashrate": "2250.47 MH/s", "Registered users": 86805, "Server CPU usage": 53.5, "Server RAM usage": 45.7, "Server version": 3.0, "Top 10 richest miners": ["93986607.66867253 DUCO - coinexchange", "40382852.73070239 DUCO - bscDUCO", "20119946.6942 DUCO - viviana80", "13675334.218015814 DUCO - ctecrypto", "11692429.559071772 DUCO - QQ44142894", "10759939.638689265 DUCO - fiorella71", "8125736.123916335 DUCO - Orion_0x43b", "6810476.026650144 DUCO - lordachoo", "4965362.69527713 DUCO - Ochios", "4962498.346230141 DUCO - bimbasimba94"], "XXHASH hashrate": "0 H/s"}