{"Active connections": 1288, "All-time mined DUCO": 50456484.84174198, "Current difficulty": 1000000, "DUCO-S1 hashrate": "4.0 GH/s", "Duco Furim price": 0.0, "Duco Node-S price": 0.0, "Duco PancakeSwap price": 5.2e-05, "Duco SunSwap price": 6.7e-05, "Duco SushiSwap price": 5.9e-05, "Duco price": 9.8e-05, "Duco price BCH": 8e-06, "Duco price NANO": 5.2e-05, "Duco price TRX": 1.5e-05, "Duco price XMG": 0.0, "Duino-Coin Server API": "github.com/revoxhere/duino-coin", "Kolka": {"Banned": 708, "Jailed": 35}, "Last block hash": "2eb3f8271cd947cdd6469be145558a7bcb72e0d9", "Last sync": 1650339803.2033703, "Last update": "19/04/2022 03:43:24 (UTC)", "Mined blocks": 158278999423, "Miner distribution": {"All": 37897, "Arduino": 5718, "CPU": 3274, "ESP32": 12272, "ESP8266": 14049, "GPU": 0, "Other": 66, "Phone": 162, "RPi": 1902, "Web": 454}, "Net energy usage": "37.36 kW", "Open threads": 21, "Pool hashrate": "4019.33 MH/s", "Registered users": 70067, "Server CPU usage": 28.4, "Server RAM usage": 53.9, "Server version": 3.0, "Top 10 richest miners": ["22576358.20590838 DUCO - bscDUCO", "7998549.914401649 DUCO - Ochios", "7410600.394500319 DUCO - skynet", "4294694.067 DUCO - RNGesus", "3872809.4920304683 DUCO - coinexchange", "3807419.2212425224 DUCO - Demoel", "2135431.0129495542 DUCO - QQ44142894", "2000419.904870635 DUCO - varanese67", "1237886.899605718 DUCO - maticDUCO", "1210033.99754406 DUCO - vyrdudji"], "XXHASH hashrate": "0 H/s"}