{"Active connections": 832, "All-time mined DUCO": 173874565.42052153, "Current difficulty": 75000, "DUCO-S1 hashrate": "2.5 GH/s", "Duco FluffySwap price": 1.7772999999999997e-05, "Duco Furim price": 0.0, "Duco Node-S price": 0.0, "Duco PancakeSwap price": 4.72635e-05, "Duco SunSwap price": 5.009e-05, "Duco SushiSwap price": 3.49854e-06, "Duco UbeSwap price": 2.8527881779927768e-05, "Duco price": 5.009e-05, "Duco price BCH": 2.539e-05, "Duco price NANO": 1.652e-05, "Duco price TRX": 4.106e-05, "Duco price XMG": 0.0, "Duino-Coin Server API": "github.com/revoxhere/duino-coin", "Kolka": {"Banned": 1218, "Jailed": 93}, "Last block hash": "8de4bc0b3fa1580ec7f3421feb9644fc8ead02b8", "Last sync": 1672018233.0274913, "Last update": "26/12/2022 01:30:35 (UTC)", "Mined blocks": 328060539978, "Miner distribution": {"All": 33068, "Arduino": 3682, "CPU": 1263, "ESP32": 12502, "ESP8266": 13671, "GPU": 0, "Other": 18, "Phone": 23, "RPi": 1522, "Web": 387}, "Net energy usage": "23.52 kW", "Open threads": 24, "Pool hashrate": "2520.81 MH/s", "Registered users": 85912, "Server CPU usage": 37.4, "Server RAM usage": 35.9, "Server version": 3.0, "Top 10 richest miners": ["39089108.73070239 DUCO - bscDUCO", "20119945.00125 DUCO - viviana80", "14965357.425395073 DUCO - Ochios", "13674982.164447265 DUCO - ctecrypto", "11692429.559071772 DUCO - QQ44142894", "10759939.638689265 DUCO - fiorella71", "8125736.123916335 DUCO - Orion_0x43b", "6807004.294762996 DUCO - lordachoo", "4267666.823 DUCO - Demoel", "2621302.400111918 DUCO - msdo1006"], "XXHASH hashrate": "0 H/s"}