{"Active connections": 881, "All-time mined DUCO": 716874274.1524379, "Current difficulty": 75000, "DUCO-S1 hashrate": "1.937 GH/s", "Duco FluffySwap price": 1.6590000000000001e-06, "Duco Furim price": 0.0, "Duco Node-S price": 0.0, "Duco PancakeSwap price": 1.00646e-05, "Duco SunSwap price": 2.391e-05, "Duco SushiSwap price": 1.24512e-05, "Duco UbeSwap price": 2.9828006500541712e-05, "Duco price": 2.9828006500541712e-05, "Duco price BCH": 2.37e-06, "Duco price NANO": 1.58e-06, "Duco price TRX": 2.45e-06, "Duco price XMG": 0.0, "Duino-Coin Server API": "github.com/revoxhere/duino-coin", "Kolka": {"Banned": 1357, "Jailed": 121}, "Last block hash": "8de4bc0b3fa1580ec7f3421feb9644fc8ead02b8", "Last sync": 1683286598.565308, "Last update": "05/05/2023 11:36:44 (UTC)", "Mined blocks": 396969004448, "Miner distribution": {"All": 27822, "Arduino": 3424, "CPU": 894, "ESP32": 10660, "ESP8266": 11094, "GPU": 0, "Other": 32, "Phone": 24, "RPi": 1459, "Web": 235}, "Net energy usage": "18.88 kW", "Open threads": 24, "Pool hashrate": "1936.782 MH/s", "Registered users": 92400, "Server CPU usage": 57.5, "Server RAM usage": 42.4, "Server version": 3.0, "Top 10 richest miners": ["495743830.67087966 DUCO - coinexchange", "448143473.23458767 DUCO - coinexchange", "55097814.49839266 DUCO - bscDUCO", "20119947.6942 DUCO - viviana80", "15115368.927099999 DUCO - Ochios", "12720440.559071772 DUCO - QQ44142894", "10759939.638689265 DUCO - fiorella71", "8125736.123916335 DUCO - Orion_0x43b", "7200991.948093337 DUCO - msdo1006", "7091918.861709836 DUCO - revox"], "XXHASH hashrate": "0 H/s"}