{"Active connections": 799, "All-time mined DUCO": 92509967.99008915, "Current difficulty": 75000, "DUCO-S1 hashrate": "2.9 GH/s", "Duco FluffySwap price": 1.1445e-05, "Duco Furim price": 0.0, "Duco Node-S price": 0.0, "Duco PancakeSwap price": 3.45936e-05, "Duco SunSwap price": 0.00010767, "Duco SushiSwap price": 3.14438e-05, "Duco UbeSwap price": 2.9098580230377713e-05, "Duco price": 0.00010767, "Duco price BCH": 1.637e-05, "Duco price NANO": 7.43e-06, "Duco price TRX": 6.17e-06, "Duco price XMG": 5.756e-05, "Duino-Coin Server API": "github.com/revoxhere/duino-coin", "Kolka": {"Banned": 1092, "Jailed": 83}, "Last block hash": "8de4bc0b3fa1580ec7f3421feb9644fc8ead02b8", "Last sync": 1665882429.7131891, "Last update": "16/10/2022 01:07:11 (UTC)", "Mined blocks": 281644245423, "Miner distribution": {"All": 38119, "Arduino": 4407, "CPU": 1994, "ESP32": 13797, "ESP8266": 16268, "GPU": 0, "Other": 11, "Phone": 36, "RPi": 1198, "Web": 408}, "Net energy usage": "29.51 kW", "Open threads": 23, "Pool hashrate": "2904.79 MH/s", "Registered users": 81170, "Server CPU usage": 37.1, "Server RAM usage": 28.4, "Server version": 3.0, "Top 10 richest miners": ["42186345.76812171 DUCO - coinexchange", "36546079.437422335 DUCO - bscDUCO", "15965318.216999998 DUCO - Ochios", "6974991.289071771 DUCO - QQ44142894", "4075220.2860000003 DUCO - AlmarRido", "2497584.3255890333 DUCO - goddani", "2368507.0 DUCO - Brunomoyses23", "2210288.919161586 DUCO - vyrdudji", "1904068.82457091 DUCO - giveaways", "1618176.8630387518 DUCO - maticDUCO"], "XXHASH hashrate": "0 H/s"}