{"Active connections": 1077, "All-time mined DUCO": 129763859.4025501, "Current difficulty": 75000, "DUCO-S1 hashrate": "3.6 GH/s", "Duco FluffySwap price": 1.2620999999999998e-05, "Duco Furim price": 0.0, "Duco Node-S price": 0.0, "Duco PancakeSwap price": 3.73398e-05, "Duco SunSwap price": 5.025e-05, "Duco SushiSwap price": 4.69978e-05, "Duco UbeSwap price": 2.929910624286002e-05, "Duco price": 5.025e-05, "Duco price BCH": 1.822e-05, "Duco price NANO": 7.37e-06, "Duco price TRX": 6.26e-06, "Duco price XMG": 0.0, "Duino-Coin Server API": "github.com/revoxhere/duino-coin", "Kolka": {"Banned": 1128, "Jailed": 89}, "Last block hash": "8de4bc0b3fa1580ec7f3421feb9644fc8ead02b8", "Last sync": 1667381008.8068738, "Last update": "02/11/2022 09:23:34 (UTC)", "Mined blocks": 293387680292, "Miner distribution": {"All": 38164, "Arduino": 4471, "CPU": 2526, "ESP32": 13019, "ESP8266": 16229, "GPU": 0, "Other": 37, "Phone": 75, "RPi": 1345, "Web": 462}, "Net energy usage": "32.84 kW", "Open threads": 23, "Pool hashrate": "3580.24 MH/s", "Registered users": 82525, "Server CPU usage": 47.9, "Server RAM usage": 44.3, "Server version": 3.0, "Top 10 richest miners": ["38406538.025158234 DUCO - bscDUCO", "21990973.983372416 DUCO - coinexchange", "16965320.67115637 DUCO - Ochios", "11692429.559071772 DUCO - QQ44142894", "4596340.674841276 DUCO - lordachoo", "4004611.60987083 DUCO - Orion_0x43b", "2368507.0 DUCO - Brunomoyses23", "2210288.919161586 DUCO - vyrdudji", "1656591.613158366 DUCO - Alessandro_Duino", "1646019.8808087118 DUCO - maticDUCO"], "XXHASH hashrate": "0 H/s"}