{"Active connections": 953, "All-time mined DUCO": 1071064042.5883979, "Current difficulty": 75000, "DUCO-S1 hashrate": "1.585 GH/s", "Duco FluffySwap price": 3.4719999999999995e-06, "Duco Furim price": 0.0, "Duco Node-S price": 0.0, "Duco PancakeSwap price": 1.12006e-05, "Duco SunSwap price": 0.00010921, "Duco SushiSwap price": 1.07462e-05, "Duco UbeSwap price": 2.9093097913322633e-05, "Duco price": 0.00010921, "Duco price BCH": 4.95e-06, "Duco price NANO": 1.03e-06, "Duco price TRX": 1.63e-06, "Duco price XMG": 0.0, "Duino-Coin Server API": "github.com/revoxhere/duino-coin", "Kolka": {"Banned": 5514, "Jailed": 144}, "Last block hash": "8de4bc0b3fa1580ec7f3421feb9644fc8ead02b8", "Last sync": 1690185881.7546546, "Last update": "24/07/2023 08:04:55 (UTC)", "Mined blocks": 430269215648, "Miner distribution": {"All": 19467, "Arduino": 2269, "CPU": 590, "ESP32": 8341, "ESP8266": 7229, "GPU": 0, "Other": 13, "Phone": 8, "RPi": 1017, "Web": 0}, "Net energy usage": "12.87 kW", "Open threads": 24, "Pool hashrate": "1585.201 MH/s", "Registered users": 94492, "Server CPU usage": 47.8, "Server RAM usage": 51.8, "Server version": 3.0, "Top 10 richest miners": ["495743830.67087966 DUCO - coinexchange", "385217283.8266602 DUCO - coinexchange", "67880670.73957695 DUCO - bscDUCO", "35164787.197 DUCO - AlmarRido", "24326348.334 DUCO - Flowen1985", "20119947.6942 DUCO - viviana80", "14264497.326 DUCO - bimbasimba94", "12720440.559071772 DUCO - QQ44142894", "11661560.556251094 DUCO - ctecrypto", "10759939.638689265 DUCO - fiorella71"], "XXHASH hashrate": "0 H/s"}