{"Active connections": 666, "All-time mined DUCO": 1120632624.256975, "Current difficulty": 75000, "DUCO-S1 hashrate": "2.252 GH/s", "Duco FluffySwap price": 3.3529999999999995e-06, "Duco Furim price": 0.0, "Duco Node-S price": 0.0, "Duco PancakeSwap price": 7.2694e-06, "Duco SunSwap price": 0.00010485, "Duco SushiSwap price": 1.01312e-05, "Duco UbeSwap price": 2.9093097913322633e-05, "Duco price": 0.00010485, "Duco price BCH": 4.79e-06, "Duco price NANO": 1.1e-06, "Duco price TRX": 1.96e-06, "Duco price XMG": 1.563e-05, "Duino-Coin Server API": "github.com/revoxhere/duino-coin", "Kolka": {"Banned": 5661, "Jailed": 161}, "Last block hash": "8de4bc0b3fa1580ec7f3421feb9644fc8ead02b8", "Last sync": 1694172340.8285954, "Last update": "08/09/2023 11:25:46 (UTC)", "Mined blocks": 446508912697, "Miner distribution": {"All": 19989, "Arduino": 2274, "CPU": 811, "ESP32": 8346, "ESP8266": 7333, "GPU": 0, "Other": 16, "Phone": 21, "RPi": 1174, "Web": 14}, "Net energy usage": "14.6 kW", "Open threads": 24, "Pool hashrate": "2252.406 MH/s", "Registered users": 95516, "Server CPU usage": 39.3, "Server RAM usage": 41.1, "Server version": 3.0, "Top 10 richest miners": ["495743830.67087966 DUCO - coinexchange", "364660821.32267 DUCO - coinexchange", "70408419.64457695 DUCO - bscDUCO", "44222470.968 DUCO - AlmarRido", "26700861.881426554 DUCO - giveaways", "24485940.745 DUCO - Flowen1985", "20119947.6942 DUCO - viviana80", "14281362.881 DUCO - bimbasimba94", "12720440.559071772 DUCO - QQ44142894", "11758322.739780247 DUCO - ctecrypto"], "XXHASH hashrate": "0 H/s"}