{"Active connections": 893, "All-time mined DUCO": 86052041.67299822, "Current difficulty": 1000000, "DUCO-S1 hashrate": "3.1 GH/s", "Duco Furim price": 0.0, "Duco Node-S price": 0.0, "Duco PancakeSwap price": 2.7e-05, "Duco SunSwap price": 4.2e-05, "Duco SushiSwap price": 1.5e-05, "Duco UbeSwap price": 2.8e-05, "Duco price": 0.000175, "Duco price BCH": 1.4e-05, "Duco price NANO": 1.1e-05, "Duco price TRX": 1.3e-05, "Duco price XMG": 0.000175, "Duino-Coin Server API": "github.com/revoxhere/duino-coin", "Kolka": {"Banned": 923, "Jailed": 56}, "Last block hash": "2eb3f8271cd947cdd6469be145558a7bcb72e0d9", "Last sync": 1656190390.1685452, "Last update": "25/06/2022 20:53:11 (UTC)", "Mined blocks": 209827189578, "Miner distribution": {"All": 37695, "Arduino": 5024, "CPU": 2437, "ESP32": 12781, "ESP8266": 15488, "GPU": 0, "Other": 87, "Phone": 51, "RPi": 1581, "Web": 246}, "Net energy usage": "32.12 kW", "Open threads": 21, "Pool hashrate": "3105.31 MH/s", "Registered users": 73052, "Server CPU usage": 36.5, "Server RAM usage": 32.7, "Server version": 3.0, "Top 10 richest miners": ["35754946.98633014 DUCO - bscDUCO", "16868016.799999997 DUCO - Ochios", "7752405.342791797 DUCO - ctecrypto", "6974991.289071771 DUCO - QQ44142894", "5770539.456442992 DUCO - renderman", "4006619.2574559813 DUCO - Demoel", "2368507.0 DUCO - Brunomoyses23", "2210288.9385462017 DUCO - vyrdudji", "2070152.565 DUCO - CryptSino_Exchange", "1414465.5421398599 DUCO - maticDUCO"], "XXHASH hashrate": "0 H/s"}