{"Active connections": 5216, "All-time mined DUCO": 17529071.52455422, "Current difficulty": 125000, "DUCO-S1 hashrate": "1261.8 MH/s", "Duco JustSwap price": 0.00088199, "Duco Node-S price": 0.00013, "Duco PancakeSwap price": 0.000656946, "Duco SushiSwap price": 0.000469464, "Duco price": 0.00131098, "Duco price BCH": 0.0, "Duco price DGB": 0.0, "Duco price NANO": 0.000569, "Duco price RVN": 0.0, "Duco price TRX": 0.0, "Duco price XMG": 0.00114424, "Duco price XRP": 0.0, "Duino-Coin Server API": "github.com/revoxhere/duino-coin", "Kolka": {"Banned": 680, "Jailed": 24}, "Last block hash": "65b3f612d0", "Last update": "11/11/2021 17:12:53 (UTC)", "Mined blocks": 40778792653, "Miner distribution": {"All": 36667, "Arduino": 6403, "CPU": 3209, "ESP32": 11538, "ESP8266": 12749, "GPU": 0, "Other": 31, "Phone": 223, "RPi": 1971, "Web": 543}, "Net energy usage": "36.37 kW", "Open threads": 24, "Pool hashrate": "1261.81 MH/s", "Registered users": 23383, "Server CPU usage": 42.5, "Server RAM usage": 35.7, "Server version": 2.7, "Top 10 richest miners": ["3394405.0494301673 DUCO - bscDUCO", "1289764.8100902194 DUCO - coinexchange", "591756.6081317749 DUCO - NodeSBroker", "400520.1555491204 DUCO - 52Pickup", "351141.5832384076 DUCO - James_themac", "188487.89104597003 DUCO - celoDUCO", "170241.13285850236 DUCO - Bacman", "123387.18511437952 DUCO - amornlit", "119999.99999999892 DUCO - rootbori", "117037.88777253377 DUCO - maticDUCO"], "XXHASH hashrate": "0 H/s"}