{"Active connections": 1531, "All-time mined DUCO": 62494634.14669621, "Current difficulty": 1000000, "DUCO-S1 hashrate": "4.5 GH/s", "Duco Furim price": 0.0, "Duco Node-S price": 0.0, "Duco PancakeSwap price": 4.4e-05, "Duco SunSwap price": 4.8e-05, "Duco SushiSwap price": 1.1e-05, "Duco UbeSwap price": 1.9e-05, "Duco price": 9.7e-05, "Duco price BCH": 6e-06, "Duco price NANO": 2.8e-05, "Duco price TRX": 1.7e-05, "Duco price XMG": 4.7e-05, "Duino-Coin Server API": "github.com/revoxhere/duino-coin", "Kolka": {"Banned": 805, "Jailed": 47}, "Last block hash": "2eb3f8271cd947cdd6469be145558a7bcb72e0d9", "Last sync": 1652714057.5195708, "Last update": "16/05/2022 15:14:20 (UTC)", "Mined blocks": 179450650235, "Miner distribution": {"All": 41415, "Arduino": 5843, "CPU": 3519, "ESP32": 13603, "ESP8266": 15912, "GPU": 8, "Other": 59, "Phone": 145, "RPi": 1891, "Web": 435}, "Net energy usage": "40.74 kW", "Open threads": 21, "Pool hashrate": "4522.08 MH/s", "Registered users": 74452, "Server CPU usage": 45.1, "Server RAM usage": 55.9, "Server version": 3.0, "Top 10 richest miners": ["26747785.33443735 DUCO - bscDUCO", "11803505.085032174 DUCO - Ochios", "4522234.586582195 DUCO - QQ44142894", "4007470.052699241 DUCO - Demoel", "2210288.9385462017 DUCO - vyrdudji", "2155090.1618955405 DUCO - ctecrypto", "1469293.5879635608 DUCO - maticDUCO", "1415001.401 DUCO - amornlit", "1300014.680030466 DUCO - coinexchange", "1209839.3105654893 DUCO - James_themac"], "XXHASH hashrate": "0 H/s"}