{"Active connections": 1338, "All-time mined DUCO": 86022393.19477633, "Current difficulty": 75000, "DUCO-S1 hashrate": "2.9 GH/s", "Duco FluffySwap price": 2.9e-05, "Duco Furim price": 0.0, "Duco Node-S price": 0.0, "Duco PancakeSwap price": 4.6e-05, "Duco SunSwap price": 0.000157, "Duco SushiSwap price": 1.9e-05, "Duco UbeSwap price": 2.9e-05, "Duco price": 0.002, "Duco price BCH": 4.2e-05, "Duco price NANO": 2.7e-05, "Duco price TRX": 2.8e-05, "Duco price XMG": 0.000351, "Duino-Coin Server API": "github.com/revoxhere/duino-coin", "Kolka": {"Banned": 1017, "Jailed": 80}, "Last block hash": "2eb3f8271cd947cdd6469be145558a7bcb72e0d9", "Last sync": 1663036913.2200181, "Last update": "13/09/2022 02:41:54 (UTC)", "Mined blocks": 259678726702, "Miner distribution": {"All": 38250, "Arduino": 4548, "CPU": 2017, "ESP32": 14218, "ESP8266": 15734, "GPU": 0, "Other": 15, "Phone": 76, "RPi": 1149, "Web": 493}, "Net energy usage": "29.59 kW", "Open threads": 22, "Pool hashrate": "2929.38 MH/s", "Registered users": 78518, "Server CPU usage": 46.3, "Server RAM usage": 60.2, "Server version": 3.0, "Top 10 richest miners": ["41509829.99251492 DUCO - bscDUCO", "22684451.974870693 DUCO - coinexchange", "15964250.693 DUCO - Ochios", "6974991.289071771 DUCO - QQ44142894", "3718520.0842155674 DUCO - ctecrypto", "2368507.0 DUCO - Brunomoyses23", "2210288.919161586 DUCO - vyrdudji", "1867275.3594974703 DUCO - renderman", "1688435.48508611 DUCO - giveaways", "1650229.6107625726 DUCO - Flowen1985"], "XXHASH hashrate": "0 H/s"}