{"Active connections": 13157, "All-time mined DUCO": 18267018.71280028, "Current difficulty": 125000, "DUCO-S1 hashrate": "1149.0 MH/s", "Duco JustSwap price": 0.00040114, "Duco Node-S price": 0.00013, "Duco PancakeSwap price": 0.000656946, "Duco SushiSwap price": 0.000469464, "Duco price": 0.00081815, "Duco price BCH": 0.0002796, "Duco price DGB": 0.0, "Duco price NANO": 0.0001932, "Duco price RVN": 0.0, "Duco price TRX": 0.00035739, "Duco price XMG": 0.0008064, "Duco price XRP": 0.0, "Duino-Coin Server API": "github.com/revoxhere/duino-coin", "Kolka": {"Banned": 685, "Jailed": 24}, "Last block hash": "2eb3f8271c", "Last update": "19/11/2021 00:50:53 (UTC)", "Mined blocks": 44202583115, "Miner distribution": {"All": 33628, "Arduino": 5892, "CPU": 3118, "ESP32": 10215, "ESP8266": 12078, "GPU": 0, "Other": 39, "Phone": 392, "RPi": 1894, "Web": 0}, "Net energy usage": "34.2 kW", "Open threads": 24, "Pool hashrate": "1149.04 MH/s", "Registered users": 24884, "Server CPU usage": 41.1, "Server RAM usage": 42.1, "Server version": 2.7, "Top 10 richest miners": ["3370669.637995882 DUCO - bscDUCO", "1290024.9620902191 DUCO - coinexchange", "591776.703081775 DUCO - NodeSBroker", "351150.1606789791 DUCO - James_themac", "300520.1555491204 DUCO - 52Pickup", "240211.55347695746 DUCO - bimbasimba94", "188487.89104597003 DUCO - celoDUCO", "170241.13285850236 DUCO - Bacman", "127695.21076340375 DUCO - maticDUCO", "123387.18511437952 DUCO - amornlit"], "XXHASH hashrate": "0 H/s"}