{"Active connections": 1370, "All-time mined DUCO": 82384680.33180511, "Current difficulty": 1000000, "DUCO-S1 hashrate": "3.8 GH/s", "Duco Furim price": 0.0, "Duco Node-S price": 0.0, "Duco PancakeSwap price": 3.9e-05, "Duco SunSwap price": 5.8e-05, "Duco SushiSwap price": 5.3e-05, "Duco UbeSwap price": 7.3e-05, "Duco price": 9.1e-05, "Duco price BCH": 3e-06, "Duco price NANO": 1.4e-05, "Duco price TRX": 1e-05, "Duco price XMG": 8.9e-05, "Duino-Coin Server API": "github.com/revoxhere/duino-coin", "Kolka": {"Banned": 850, "Jailed": 47}, "Last block hash": "2eb3f8271cd947cdd6469be145558a7bcb72e0d9", "Last sync": 1653914273.9837723, "Last update": "30/05/2022 12:37:55 (UTC)", "Mined blocks": 189942254678, "Miner distribution": {"All": 39991, "Arduino": 5418, "CPU": 2975, "ESP32": 13547, "ESP8266": 15840, "GPU": 0, "Other": 62, "Phone": 89, "RPi": 1705, "Web": 355}, "Net energy usage": "36.38 kW", "Open threads": 21, "Pool hashrate": "3775.84 MH/s", "Registered users": 75693, "Server CPU usage": 38.2, "Server RAM usage": 49.8, "Server version": 3.0, "Top 10 richest miners": ["26926712.294583164 DUCO - bscDUCO", "17779500.0 DUCO - Ochios", "6974991.289071771 DUCO - QQ44142894", "4424501.187 DUCO - RNGesus", "4007789.5644306894 DUCO - Demoel", "2728057.49381903 DUCO - ctecrypto", "2210288.9385462017 DUCO - vyrdudji", "2150014.0621398557 DUCO - maticDUCO", "2145346.111618613 DUCO - jules_pilot", "1209839.3105654893 DUCO - James_themac"], "XXHASH hashrate": "0 H/s"}