{"Active connections": 3050, "All-time mined DUCO": 19413210.346711025, "Current difficulty": 75000, "DUCO-S1 hashrate": "2127.5 MH/s", "Duco JustSwap price": 0.00012176, "Duco Node-S price": 2.1e-05, "Duco PancakeSwap price": 0.000257917, "Duco SushiSwap price": 0.000665206, "Duco price": 0.000665206, "Duco price BCH": 2.123e-05, "Duco price NANO": 1.22e-05, "Duco price TRX": 8.527e-05, "Duco price XMG": 0.00043843, "Duino-Coin Server API": "github.com/revoxhere/duino-coin", "Kolka": {"Banned": 772, "Jailed": 24}, "Last block hash": "2eb3f8271c", "Last sync": 1642018584.383853, "Last update": "12/01/2022 20:16:24 (UTC)", "Mined blocks": 83232663035, "Miner distribution": {"All": 32021, "Arduino": 6565, "CPU": 6358, "ESP32": 1390, "ESP8266": 10741, "GPU": 0, "Other": 44, "Phone": 627, "RPi": 2882, "Web": 3414}, "Net energy usage": "55.59 kW", "Open threads": 21, "Pool hashrate": "2127.5 MH/s", "Registered users": 43930, "Server CPU usage": 43.3, "Server RAM usage": 47.3, "Server version": 2.7, "Top 10 richest miners": ["6396682.841182444 DUCO - bscDUCO", "532455.820632083 DUCO - NodeSBroker", "397162.15067505674 DUCO - James_themac", "305958.72670425585 DUCO - bimbasimba94", "202877.98531273764 DUCO - maticDUCO", "190582.057104081 DUCO - celoDUCO", "170241.298916613 DUCO - Bacman", "120000.999999999 DUCO - rootbori", "109226.90933510436 DUCO - miningvir", "101699.51987956966 DUCO - haxorcitoz"], "XXHASH hashrate": "0 H/s"}