{"Active connections": 1290, "All-time mined DUCO": 85508374.98247336, "Current difficulty": 1000000, "DUCO-S1 hashrate": "3.8 GH/s", "Duco Furim price": 0.0, "Duco Node-S price": 0.0, "Duco PancakeSwap price": 1.5e-05, "Duco SunSwap price": 6e-05, "Duco SushiSwap price": 3.5e-05, "Duco UbeSwap price": 2.9e-05, "Duco price": 9.2e-05, "Duco price BCH": 3e-06, "Duco price NANO": 1.4e-05, "Duco price TRX": 1.1e-05, "Duco price XMG": 8.7e-05, "Duino-Coin Server API": "github.com/revoxhere/duino-coin", "Kolka": {"Banned": 857, "Jailed": 49}, "Last block hash": "2eb3f8271cd947cdd6469be145558a7bcb72e0d9", "Last sync": 1654170977.7360876, "Last update": "02/06/2022 11:56:18 (UTC)", "Mined blocks": 192292429818, "Miner distribution": {"All": 40414, "Arduino": 5552, "CPU": 3168, "ESP32": 13479, "ESP8266": 16042, "GPU": 0, "Other": 78, "Phone": 70, "RPi": 1634, "Web": 391}, "Net energy usage": "37.59 kW", "Open threads": 21, "Pool hashrate": "3763.48 MH/s", "Registered users": 75919, "Server CPU usage": 39.4, "Server RAM usage": 51.1, "Server version": 3.0, "Top 10 richest miners": ["27508169.72342621 DUCO - bscDUCO", "17779500.0 DUCO - Ochios", "7635019.197012984 DUCO - skynet", "7593691.281688949 DUCO - coinexchange", "6974991.289071771 DUCO - QQ44142894", "4007843.8892184566 DUCO - Demoel", "2728326.6023626663 DUCO - ctecrypto", "2457999.162139856 DUCO - maticDUCO", "2210288.9385462017 DUCO - vyrdudji", "2145458.0822367026 DUCO - jules_pilot"], "XXHASH hashrate": "0 H/s"}