{"Active connections": 826, "All-time mined DUCO": 171956669.8042654, "Current difficulty": 75000, "DUCO-S1 hashrate": "2.7 GH/s", "Duco FluffySwap price": 1.7472e-05, "Duco Furim price": 0.0, "Duco Node-S price": 0.0, "Duco PancakeSwap price": 4.29869e-05, "Duco SunSwap price": 4.926e-05, "Duco SushiSwap price": 3.56041e-06, "Duco UbeSwap price": 2.832057037232638e-05, "Duco price": 4.926e-05, "Duco price BCH": 2.496e-05, "Duco price NANO": 1.59e-05, "Duco price TRX": 4.038e-05, "Duco price XMG": 0.0, "Duino-Coin Server API": "github.com/revoxhere/duino-coin", "Kolka": {"Banned": 1222, "Jailed": 93}, "Last block hash": "8de4bc0b3fa1580ec7f3421feb9644fc8ead02b8", "Last sync": 1672231558.4816875, "Last update": "28/12/2022 12:46:06 (UTC)", "Mined blocks": 329470966594, "Miner distribution": {"All": 34001, "Arduino": 3855, "CPU": 1308, "ESP32": 12560, "ESP8266": 14210, "GPU": 0, "Other": 32, "Phone": 18, "RPi": 1630, "Web": 388}, "Net energy usage": "24.32 kW", "Open threads": 24, "Pool hashrate": "2706.06 MH/s", "Registered users": 86050, "Server CPU usage": 44.8, "Server RAM usage": 36.0, "Server version": 3.0, "Top 10 richest miners": ["39089708.73070239 DUCO - bscDUCO", "20119945.00125 DUCO - viviana80", "14965357.425395073 DUCO - Ochios", "13675267.595923489 DUCO - ctecrypto", "11692429.559071772 DUCO - QQ44142894", "10759939.638689265 DUCO - fiorella71", "8125736.123916335 DUCO - Orion_0x43b", "6807559.29574438 DUCO - lordachoo", "4267666.823 DUCO - Demoel", "2621411.04452358 DUCO - msdo1006"], "XXHASH hashrate": "0 H/s"}