{"Active connections": 919, "All-time mined DUCO": 748860744.2617294, "Current difficulty": 200000, "DUCO-S1 hashrate": "2.601 GH/s", "Duco FluffySwap price": 8.323e-06, "Duco Furim price": 0.0, "Duco Node-S price": 0.0, "Duco PancakeSwap price": 8.57789e-06, "Duco SunSwap price": 9.672e-05, "Duco SushiSwap price": 1.2962107682626e-05, "Duco UbeSwap price": 1.1191491992827553e-05, "Duco price": 0.000256, "Duco price BCH": 0.00017791, "Duco price NANO": 0.000256, "Duco price TRX": 1.189e-05, "Duco price XMG": 4.162e-05, "Duino-Coin Server API": "github.com/revoxhere/duino-coin", "Kolka": {"Banned": 5937, "Jailed": 182}, "Last block hash": "8de4bc0b3fa1580ec7f3421feb9644fc8ead02b8", "Last sync": 1716445749.5199003, "Last update": "23/05/2024 06:29:09 (UTC)", "Mined blocks": 521503086116, "Miner distribution": {"All": 18225, "Arduino": 2268, "CPU": 1037, "ESP32": 7364, "ESP8266": 6134, "GPU": 0, "Other": 30, "Phone": 10, "RPi": 1227, "Web": 155}, "Net energy usage": "15.25 kW", "Open threads": 27, "Pool hashrate": "2600.584 MH/s", "Registered users": 102201, "Server CPU usage": 30.8, "Server RAM usage": 93.3, "Server version": 4.0, "Top 10 richest miners": ["78988733.74889731 DUCO - bscDUCO", "39368542.54345614 DUCO - AlmarRido", "30792510.456 DUCO - Flowen1985", "20119947.6942 DUCO - viviana80", "18545685.805999998 DUCO - bimbasimba94", "14868554.642703943 DUCO - aimbert", "14843247.078652017 DUCO - ctecrypto", "12720440.585598174 DUCO - QQ44142894", "11315141.534551857 DUCO - duinousa", "10759939.638689265 DUCO - fiorella71"], "XXHASH hashrate": "0 H/s"}