{"Active connections": 1486, "All-time mined DUCO": 52109484.58897394, "Current difficulty": 1000000, "DUCO-S1 hashrate": "3.9 GH/s", "Duco Furim price": 0.0, "Duco Node-S price": 0.0, "Duco PancakeSwap price": 5.8e-05, "Duco SunSwap price": 6.9e-05, "Duco SushiSwap price": 3.5e-05, "Duco price": 0.000341, "Duco price BCH": 1e-05, "Duco price NANO": 5.3e-05, "Duco price TRX": 1.6e-05, "Duco price XMG": 0.00034, "Duino-Coin Server API": "github.com/revoxhere/duino-coin", "Kolka": {"Banned": 724, "Jailed": 37}, "Last block hash": "2eb3f8271cd947cdd6469be145558a7bcb72e0d9", "Last sync": 1650491521.9630303, "Last update": "20/04/2022 21:52:02 (UTC)", "Mined blocks": 159640021594, "Miner distribution": {"All": 38272, "Arduino": 5937, "CPU": 3179, "ESP32": 12205, "ESP8266": 14231, "GPU": 0, "Other": 60, "Phone": 113, "RPi": 1969, "Web": 578}, "Net energy usage": "37.11 kW", "Open threads": 21, "Pool hashrate": "3886.3 MH/s", "Registered users": 70464, "Server CPU usage": 34.8, "Server RAM usage": 54.1, "Server version": 3.0, "Top 10 richest miners": ["22978038.641737044 DUCO - bscDUCO", "7838549.914401649 DUCO - Ochios", "3956393.602030468 DUCO - coinexchange", "2735529.6844493793 DUCO - QQ44142894", "2210076.773047288 DUCO - vyrdudji", "1240903.187712718 DUCO - maticDUCO", "1209838.627673189 DUCO - James_themac", "1200001.40117249 DUCO - amornlit", "1020938.4996602614 DUCO - ivanrpz", "1000000.2697615586 DUCO - miningvir"], "XXHASH hashrate": "0 H/s"}