{"Active connections": 1461, "All-time mined DUCO": 64132954.07650527, "Current difficulty": 1000000, "DUCO-S1 hashrate": "3.9 GH/s", "Duco Furim price": 0.0, "Duco Node-S price": 0.0, "Duco PancakeSwap price": 4.8e-05, "Duco SunSwap price": 5.3e-05, "Duco SushiSwap price": 2.8e-05, "Duco UbeSwap price": 4.3e-05, "Duco price": 0.000178, "Duco price BCH": 6e-06, "Duco price NANO": 2.7e-05, "Duco price TRX": 1.8e-05, "Duco price XMG": 0.000176, "Duino-Coin Server API": "github.com/revoxhere/duino-coin", "Kolka": {"Banned": 820, "Jailed": 47}, "Last block hash": "2eb3f8271cd947cdd6469be145558a7bcb72e0d9", "Last sync": 1653035675.7839684, "Last update": "20/05/2022 08:34:36 (UTC)", "Mined blocks": 182317581282, "Miner distribution": {"All": 40703, "Arduino": 5850, "CPU": 3138, "ESP32": 13497, "ESP8266": 15755, "GPU": 0, "Other": 70, "Phone": 154, "RPi": 1844, "Web": 395}, "Net energy usage": "37.72 kW", "Open threads": 21, "Pool hashrate": "3928.61 MH/s", "Registered users": 74801, "Server CPU usage": 46.4, "Server RAM usage": 55.3, "Server version": 3.0, "Top 10 richest miners": ["26599039.33443735 DUCO - bscDUCO", "11803505.085032174 DUCO - Ochios", "5109822.144533555 DUCO - QQ44142894", "4007578.437650564 DUCO - Demoel", "2567603.7751851953 DUCO - ctecrypto", "2210288.9385462017 DUCO - vyrdudji", "1415001.401 DUCO - amornlit", "1385534.3115719256 DUCO - maticDUCO", "1209839.3105654893 DUCO - James_themac", "1013467.3138396413 DUCO - CryptSino_Exchange"], "XXHASH hashrate": "0 H/s"}