{"Duino-Coin Server API": "github.com/revoxhere/duino-coin", "Server version": 2.7, "Active connections": 19932, "Open threads": 24, "Server CPU usage": 67.7, "Server RAM usage": 84.3, "Last update": "10/10/2021 02:13:51 (UTC)", "Net energy usage": "61.28 kW", "Pool hashrate": "1230.79 MH/s", "DUCO-S1 hashrate": "1230.8 MH/s", "XXHASH hashrate": "0 H/s", "Duco price": 0.0027202, "Duco price XMG": 0.0027202, "Duco price BCH": 0.000542, "Duco price RVN": 0.00067333, "Duco price TRX": 0.000671, "Duco price XRP": 0.00022697, "Duco price DGB": 0.00075388, "Duco price NANO": 0.00074174, "Duco price FJC": 0.00075, "Duco Node-S price": 0.000525, "Duco JustSwap price": 0.00259497, "Duco PancakeSwap price": 0.00108436, "Duco SushiSwap price": 0.0011183, "Registered users": 20007, "All-time mined DUCO": 13525618.655341368, "Current difficulty": 1061743, "Mined blocks": 25481845274, "Last block hash": "730b6127b9", "Kolka": {"Jailed": 24, "Banned": 665}, "Miner distribution": {"GPU": 0, "CPU": 3233, "RPi": 1902, "Phone": 167, "Web": 713, "ESP32": 10937, "ESP8266": 11750, "Arduino": 5195, "Other": 85, "All": 33982}, "Top 10 richest miners": ["2508794.024368808 DUCO - bscDUCO", "912107.520829728 DUCO - James_themac", "521520.1555491204 DUCO - 52Pickup", "255896.18591454002 DUCO - coinexchange", "170240.13285850236 DUCO - Bacman", "170226.10104597002 DUCO - celoDUCO", "123726.39335781705 DUCO - bimbasimba94", "123387.18511437952 DUCO - amornlit", "121685.90546844892 DUCO - rootbori", "87206.55376675392 DUCO - caancom"]}