{"Active connections": 688, "All-time mined DUCO": 794981236.6800343, "Current difficulty": 75000, "DUCO-S1 hashrate": "2.298 GH/s", "Duco FluffySwap price": 2.5619999999999998e-06, "Duco Furim price": 0.0, "Duco Node-S price": 0.0, "Duco PancakeSwap price": 5.43843e-06, "Duco SunSwap price": 9.779e-05, "Duco SushiSwap price": 1.36864e-05, "Duco UbeSwap price": 2.7898752414944825e-05, "Duco price": 9.779e-05, "Duco price BCH": 3.66e-06, "Duco price NANO": 1.6e-06, "Duco price TRX": 2.87e-06, "Duco price XMG": 0.0, "Duino-Coin Server API": "github.com/revoxhere/duino-coin", "Kolka": {"Banned": 876, "Jailed": 129}, "Last block hash": "8de4bc0b3fa1580ec7f3421feb9644fc8ead02b8", "Last sync": 1686645026.5632925, "Last update": "13/06/2023 08:30:28 (UTC)", "Mined blocks": 414228114140, "Miner distribution": {"All": 23130, "Arduino": 2908, "CPU": 956, "ESP32": 9754, "ESP8266": 7905, "GPU": 0, "Other": 11, "Phone": 21, "RPi": 1362, "Web": 213}, "Net energy usage": "17.01 kW", "Open threads": 24, "Pool hashrate": "2297.559 MH/s", "Registered users": 93603, "Server CPU usage": 40.3, "Server RAM usage": 36.2, "Server version": 3.0, "Top 10 richest miners": ["495743830.67087966 DUCO - coinexchange", "390480662.9832323 DUCO - coinexchange", "57689307.02939265 DUCO - bscDUCO", "20119947.6942 DUCO - viviana80", "15115368.927099999 DUCO - Ochios", "12720440.559071772 DUCO - QQ44142894", "10978749.485709827 DUCO - Rafa2000", "10759939.638689265 DUCO - fiorella71", "8660758.460813371 DUCO - duinousa", "8125736.123916335 DUCO - Orion_0x43b"], "XXHASH hashrate": "0 H/s"}