{"Active connections": 1327, "All-time mined DUCO": 20638705.657538045, "Current difficulty": 125000, "DUCO-S1 hashrate": "1540.0 MH/s", "Duco JustSwap price": 0.00085195, "Duco Node-S price": 5.1e-05, "Duco PancakeSwap price": 0.000594663, "Duco SushiSwap price": 0.000356015, "Duco price": 0.00085863, "Duco price BCH": 0.00028097, "Duco price DGB": 0.0, "Duco price NANO": 5.02e-05, "Duco price RVN": 0.0, "Duco price TRX": 0.0003382, "Duco price XMG": 0.00078651, "Duco price XRP": 0.0, "Duino-Coin Server API": "github.com/revoxhere/duino-coin", "Kolka": {"Banned": 707, "Jailed": 24}, "Last block hash": "2eb3f8271c", "Last update": "02/12/2021 16:52:22 (UTC)", "Mined blocks": 52557463587, "Miner distribution": {"All": 40439, "Arduino": 6918, "CPU": 4306, "ESP32": 12098, "ESP8266": 13520, "GPU": 0, "Other": 48, "Phone": 696, "RPi": 2367, "Web": 486}, "Net energy usage": "44.7 kW", "Open threads": 21, "Pool hashrate": "1540.04 MH/s", "Registered users": 27627, "Server CPU usage": 53.6, "Server RAM usage": 42.3, "Server version": 2.7, "Top 10 richest miners": ["3939027.7465584218 DUCO - bscDUCO", "1406714.7981484295 DUCO - coinexchange", "593662.674936279 DUCO - NodeSBroker", "351162.15067505674 DUCO - James_themac", "300520.321607231 DUCO - 52Pickup", "188488.057104081 DUCO - celoDUCO", "170241.298916613 DUCO - Bacman", "160213.09257073735 DUCO - maticDUCO", "119999.999999999 DUCO - rootbori", "113387.35117249 DUCO - amornlit"], "XXHASH hashrate": "0 H/s"}