{"Active connections": 1332, "All-time mined DUCO": 737701884.7118727, "Current difficulty": 200000, "DUCO-S1 hashrate": "2.603 GH/s", "Duco FluffySwap price": 7.763e-06, "Duco Furim price": 0.0, "Duco Node-S price": 0.0, "Duco PancakeSwap price": 8.57789e-06, "Duco SunSwap price": 9.037e-05, "Duco SushiSwap price": 1.2962107682626e-05, "Duco UbeSwap price": 1.1191491992827553e-05, "Duco price": 0.000248, "Duco price BCH": 0.00016353, "Duco price NANO": 0.000248, "Duco price TRX": 1.111e-05, "Duco price XMG": 4.065e-05, "Duino-Coin Server API": "github.com/revoxhere/duino-coin", "Kolka": {"Banned": 5949, "Jailed": 182}, "Last block hash": "8de4bc0b3fa1580ec7f3421feb9644fc8ead02b8", "Last sync": 1716875103.4796472, "Last update": "28/05/2024 05:45:03 (UTC)", "Mined blocks": 522783420658, "Miner distribution": {"All": 18392, "Arduino": 2349, "CPU": 1028, "ESP32": 7418, "ESP8266": 6168, "GPU": 0, "Other": 17, "Phone": 3, "RPi": 1209, "Web": 200}, "Net energy usage": "15.26 kW", "Open threads": 28, "Pool hashrate": "2603.186 MH/s", "Registered users": 102373, "Server CPU usage": 58.1, "Server RAM usage": 91.7, "Server version": 4.0, "Top 10 richest miners": ["79193663.74889731 DUCO - bscDUCO", "30792510.456 DUCO - Flowen1985", "30547606.40829605 DUCO - AlmarRido", "20119947.6942 DUCO - viviana80", "18545685.805999998 DUCO - bimbasimba94", "14898319.763494657 DUCO - aimbert", "14843650.594293095 DUCO - ctecrypto", "12720440.585598174 DUCO - QQ44142894", "11315403.61330124 DUCO - duinousa", "10759939.638689265 DUCO - fiorella71"], "XXHASH hashrate": "0 H/s"}