{"Active connections": 982, "All-time mined DUCO": 86974423.95999998, "Current difficulty": 1000000, "DUCO-S1 hashrate": "3.1 GH/s", "Duco Furim price": 0.0, "Duco Node-S price": 0.0, "Duco PancakeSwap price": 2.7e-05, "Duco SunSwap price": 4.2e-05, "Duco SushiSwap price": 1.5e-05, "Duco UbeSwap price": 2.8e-05, "Duco price": 0.000175, "Duco price BCH": 1.5e-05, "Duco price NANO": 1.1e-05, "Duco price TRX": 1.3e-05, "Duco price XMG": 0.000175, "Duino-Coin Server API": "github.com/revoxhere/duino-coin", "Kolka": {"Banned": 924, "Jailed": 56}, "Last block hash": "2eb3f8271cd947cdd6469be145558a7bcb72e0d9", "Last sync": 1656259056.3245049, "Last update": "26/06/2022 15:57:38 (UTC)", "Mined blocks": 210422952623, "Miner distribution": {"All": 38645, "Arduino": 5138, "CPU": 2422, "ESP32": 13180, "ESP8266": 15855, "GPU": 0, "Other": 96, "Phone": 98, "RPi": 1601, "Web": 255}, "Net energy usage": "32.45 kW", "Open threads": 21, "Pool hashrate": "3149.73 MH/s", "Registered users": 73095, "Server CPU usage": 38.8, "Server RAM usage": 36.2, "Server version": 3.0, "Top 10 richest miners": ["35754946.98633014 DUCO - bscDUCO", "16868016.799999997 DUCO - Ochios", "7752481.789902326 DUCO - ctecrypto", "6974991.289071771 DUCO - QQ44142894", "5770548.434958435 DUCO - renderman", "4006630.577163865 DUCO - Demoel", "2368507.0 DUCO - Brunomoyses23", "2210288.9385462017 DUCO - vyrdudji", "2070152.565 DUCO - CryptSino_Exchange", "1414639.5421398599 DUCO - maticDUCO"], "XXHASH hashrate": "0 H/s"}