{"Duino-Coin Server API": "github.com/revoxhere/duino-coin", "Server version": 2.6, "Active connections": 1, "Open threads": 22, "Server CPU usage": 52.2, "Server RAM usage": 26.5, "Last update": "19/08/2021 14:12:48 (UTC)", "Net energy usage": "6.83 kW", "Pool hashrate": "76.3687 MH/s", "DUCO-S1 hashrate": "75.6 MH/s", "XXHASH hashrate": "743.9 kH/s", "Duco price": 0.01876683, "Duco price XMG": 0.01876683, "Duco price BCH": 0.00159023, "Duco price TRX": 0.0016803, "Duco price XRP": 0.001995, "Duco price DGB": 0.00186912, "Duco price NANO": 0.0014625, "Duco price FJC": 0.00271344, "Duco Node-S price": 0.0065, "Duco JustSwap price": 0.00673577, "Duco PancakeSwap price": 0.00420784, "Registered users": 20459, "All-time mined DUCO": 6142855.826342102, "Current difficulty": 473176, "Mined blocks": 11356249360, "Last block hash": "dec8f4a0c2", "Kolka": {"Jailed": 0, "Banned": 417}, "Miner distribution": {"GPU": 0, "CPU": 561, "RPi": 23, "ESP32": 467, "ESP8266": 191, "Arduino": 768, "Other": 192}, "Top 10 richest miners": ["557527.9660163106 DUCO - bscDUCO", "194096.43377963256 DUCO - coinexchange", "190149.7255122146 DUCO - 52Pickup", "169791.09837613546 DUCO - Bacman", "113387.18511437952 DUCO - amornlit", "106883.76488499498 DUCO - WannaCry", "86171.21087857134 DUCO - caancom", "62948.38836940266 DUCO - zero0", "50288.45762651612 DUCO - duinocrfsh", "47119.90790638301 DUCO - chipsa"], "Active workers": {"dzhEva": 148, "ajdasz": 50, "omblomid": 46, "earth701": 42, "youngcowboy": 38, "tonikazuki": 32, "gekson": 32, "kulfon": 31, "minerx": 30, "ambrozy": 29, "rnd_crv": 27, "eldiablo12": 24, "daogiaut": 24, "chivi": 24, "yasfcoin01": 22, "bigtires33": 22, "facanhabtc": 22, "mille19": 22, "ernigozebanaag": 22, "wachirapan": 20, "gaminggod": 20, "bachtiar": 20, "poxe": 19, "narintro": 18, "zhoefraza": 17, "hoteru": 16, "Porn": 16, "moeji007": 16, "_yh": 14, "Rafirakie90": 14, "peakerdi": 14, "DuinoCoin01": 14, "rpoling123": 14, "vinewood": 14, "weduino": 13, "okedokudong": 13, "JSharp720": 12, "suraphon_jaiwong": 12, "Megaplay": 12, "AhmadFik1294": 12, "binq1968": 12, "raven222288": 12, "saksittle": 11, "pisikak": 11, "gricia1": 11, "sumoon": 11, "maokhoeun": 10, "smartmtj": 10, "mrsiwa": 10, "deeduino": 10, "army32265": 10, "sarawut2020": 10, "Michael46": 10, "HvPMmO": 10, "tee022443": 10, "Duino-Nat": 10, "mdgmining3": 10, "noip184": 10, "madelectron": 10, "g-duino": 9, "hs5rlr": 9, "newionic": 9, "chong": 9, "Diorgini": 9, "akudsp": 9, "trx21": 9, "mipo_nakayama": 9, "Maes77": 9, "asep_haryansah_108": 8, "ralphhsantoss": 8, "choc_paint": 8, "xlonder": 8, "prawit": 8, "dazmolybiz": 8, "dani625333": 8, "DuinocoinSrenoum": 8, "Kusemined": 8, "Youyou": 8, "ChanJS": 8, "phitayakorn3": 8, "T21": 7, "eryckbtc": 7, "Madewidhyarta": 7, "AlbatroZz": 7, "Auefefa": 7, "AFATEKNIK": 7, "whosaine": 7, "damrong777": 7, "d2server": 7, "hulk1220": 7, "Lana_51": 7, "phitayakorn": 7, "tm99asr": 7, "gokhanscaliskan": 7, "mdgmining2": 7, "Borga1985": 7, "Ploypradab": 6, "kaimining": 6, "ntense_one": 6, "jonnycn": 6, "hico": 6, "joaoinvest": 6, "tubuscalo": 6, "ConquestorDev": 6, "kroopongplay": 6, "NatiDnA": 6, "awg": 6, "mhdfjr72": 6, "mustdhimust": 6, "77msystem77": 6, "QUADS": 6, "Kir456": 6, "mdgmining1": 6, "leechct": 6, "icolistvn": 6, "circlesign": 6, "gregoriolagamba": 5, "Detsre1": 5, "SongRani05": 5, "oxa": 5, "amornminer": 5, "binluv1905": 5, "Krishina": 5, "jimmytan1700": 5, "armedtrout69": 5, "tirawat": 5, "DarkAngel": 5, "Benny_duino_coin_83": 5, "poopun": 5, "Stuart_Williams": 4, "lukalu91": 4, "wolframio": 4, "diunonino": 4, "ejko": 4, "Liuber": 4, "kudabelangfx": 4, "Draw98": 4, "umarfarooquemomin": 4, "dustinmangini": 4, "DCsodio": 4, "ozono": 4, "okayduino": 4, "vicente": 4, "trrahat": 4, "chatchaifakon": 4, "izemkung": 4, "ipmon": 4, "Focomoon": 4, "lunaris": 4, "CCTDC10": 4, "paisanmi": 4, "wjxjmj": 4, "hongtoanhuy": 4, "enoer20": 4, "bokir": 4, "Somchai": 4, "Zygmunt_AZ": 4, "arsaha": 4, "jjj76867": 4, "rabbids": 4, "t24112541": 4, "wardono": 4, "vegitasintegra": 4, "milos2007": 4, "t37975793": 4, "wenshenwang": 4, "CEzilla": 4, "jonny202102": 4, "ravavyr": 4, "onie": 4, "SS200917": 4, "AiThaiCoin": 4, "johnlrhodes757": 4, "seanriggs": 4, "AiThai": 4, "verbatim": 4, "onnebt": 4, "Ratthee": 4, "shun490": 4, "youngboy": 4, "robklause": 3, "main_duino": 3, "DrForerunner": 3, "culebravelox": 3, "CosmicDagger": 3, "DogeMiners": 3, "GalactusX31": 3, "rocketman": 3, "GoodPiti": 3, "caku91": 3, "gangwaraphot": 3, "GlacialPigeon69": 3, "ratenha": 3, "tb": 3, "duckodzx": 3, "arzo": 3, "ALKHASYA98": 3, "dA_BerCh": 3, "BlwFshAvngr": 3, "cfcosmin": 3, "manuzilla": 3, "kssa14": 3, "ARCreact": 3, "0819666890Huy": 3, "kuriyu": 3, "ajrcuevas": 3, "arashd41": 3, "celoibarros": 3, "bblagent": 3, "patthana1993": 3, "Thidarak": 3, "armmireturn": 3, "Miners_Thai": 3, "anusun": 3, "djmerlin2": 3, "Eliteboy2020": 3, "coinduinogm": 2, "hassan_san": 2, "Drakis71": 2, "manit": 2, "gandamu": 2, "NESTOR2017": 2, "Mahdy": 2, "DmKand": 2, "juzar417": 2, "brydziu2": 2, "miner_duino": 2, "ridwanhadipranata": 2, "vo005": 2, "phreeminer3": 2, "jk_rolling": 2, "nSGjFdeBj387oF": 2, "silentrain": 2, "Whatduino": 2, "ssloo77": 2, "Suhartatik": 2, "Adisorn9312": 2, "kasinp": 2, "Pipc": 2, "QFMiner": 2, "ajax_dr": 2, "Danzie": 2, "zeph888": 2, "nattapat007": 2, "lamloei": 2, "MrWaffleworth": 2, "apostolis1971": 2, "kaneit": 2, "consultaing": 2, "aumsound": 2, "CCTDC08": 2, "Macaca6": 2, "zhogia": 2, "farm": 2, "TonTawan": 2, "golfmp": 2, "Dinh_2020": 2, "rramos817": 2, "rom2": 2, "Luamesmo": 2, "ridho": 2, "Michael462": 2, "Widhyarta": 2, "blackdevils87": 2, "jogaila_algirdaitis": 2, "Sinner": 2, "moktacrypto": 2, "khalidrig": 2, "Glitch_DC": 2, "anhthu615": 2, "isurg": 2, "phantom32": 2, "dogon": 2, "aerzox": 2, "jerzyzxc": 2, "pencari_receh901": 2, "minery": 2, "Snoop2008": 2, "joksjabat": 2, "Abrahamagold": 2, "cotto2130": 2, "kleks": 2, "molibden": 2, "kheim": 2, "devtest": 2, "YM": 2, "Tmarsh_rnj": 2, "naipun": 2, "abachriel": 2, "pichetpongs": 2, "bacot": 2, "hariyadhi": 2, "maksimkobzev87": 1, "gmgassner": 1, "Kiss0815": 1, "Robija": 1, "Astra": 1, "avile333": 1, "right": 1, "elettosilva": 1, "zulfikkar123": 1, "BZ8192": 1, "hendrybong88": 1, "Dmitrybtc09": 1, "crickmac": 1, "scribas": 1, "outlaw08915": 1, "1uttaradit": 1, "adesfield": 1, "titidylan": 1, "Akplayer008": 1, "joelguasp04": 1, "jakkit20": 1, "Skubert": 1, "caeb126": 1, "hs9hmw2": 1, "fino182": 1, "RoBot72": 1, "parath_12": 1, "hychau": 1, "rudykuswanto": 1, "Venomixal": 1, "LuisBarba": 1, "malarcon": 1, "kitdd6": 1, "phat1979": 1, "cheezewiz": 1, "pugalkin": 1, "shangopat": 1, "fenix400": 1, "hellfire_adept": 1, "Roxxs": 1, "indosatria": 1, "Biasuriya": 1, "Altz": 1, "Handy": 1, "A3Singularitat": 1, "kumpan": 1, "mintrong": 1, "Rie": 1, "netrimna": 1, "thit4coin": 1, "Jcmarsell2123": 1, "fivetide": 1, "dprasertsilp": 1, "simkrw1708": 1, "stardemos": 1, "Vallerik": 1, "Infernoz009": 1, "Lewi444": 1, "Rungarun01": 1}}