{"Active connections": 1006, "All-time mined DUCO": 744030039.5602982, "Current difficulty": 200000, "DUCO-S1 hashrate": "1.651 GH/s", "Duco FluffySwap price": 9.428999999999999e-06, "Duco Furim price": 0.0, "Duco Node-S price": 0.0, "Duco PancakeSwap price": 8.57789e-06, "Duco SunSwap price": 0.00015153, "Duco SushiSwap price": 1.2962107682626e-05, "Duco UbeSwap price": 1.1191491992827553e-05, "Duco price": 0.00015153, "Duco price BCH": 0.0, "Duco price NANO": 0.0, "Duco price TRX": 1.346e-05, "Duco price XMG": 1.31e-06, "Duino-Coin Server API": "github.com/revoxhere/duino-coin", "Kolka": {"Banned": 5991, "Jailed": 191}, "Last block hash": "8de4bc0b3fa1580ec7f3421feb9644fc8ead02b8", "Last sync": 1721230349.7432284, "Last update": "17/07/2024 15:32:29 (UTC)", "Mined blocks": 536253603725, "Miner distribution": {"All": 18306, "Arduino": 2284, "CPU": 871, "ESP32": 7822, "ESP8266": 5967, "GPU": 0, "Other": 11, "Phone": 12, "RPi": 1195, "Web": 144}, "Net energy usage": "14.25 kW", "Open threads": 28, "Pool hashrate": "1650.831 MH/s", "Registered users": 104216, "Server CPU usage": 66.9, "Server RAM usage": 91.0, "Server version": 4.0, "Top 10 richest miners": ["247602900.22993472 DUCO - coinexchange", "81473387.50800352 DUCO - bscDUCO", "30000991.1298474 DUCO - AlmarRido", "24635208.6964704 DUCO - Flowen1985", "18660226.832638856 DUCO - aimbert", "18280977.178 DUCO - bimbasimba94", "16096358.288900001 DUCO - viviana80", "14847133.194062889 DUCO - ctecrypto", "12721940.59109726 DUCO - QQ44142894", "11341136.683242213 DUCO - duinousa"], "XXHASH hashrate": "0 H/s"}