{"Active connections": 1759, "All-time mined DUCO": 51108091.10483958, "Current difficulty": 1000000, "DUCO-S1 hashrate": "4.3 GH/s", "Duco Furim price": 0.0, "Duco Node-S price": 0.0, "Duco PancakeSwap price": 0.000106, "Duco SunSwap price": 0.000142, "Duco SushiSwap price": 2.2e-05, "Duco UbeSwap price": 0.000107, "Duco price": 0.000148, "Duco price BCH": 9e-06, "Duco price NANO": 4.6e-05, "Duco price TRX": 1.6e-05, "Duco price XMG": 6.3e-05, "Duino-Coin Server API": "github.com/revoxhere/duino-coin", "Kolka": {"Banned": 749, "Jailed": 48}, "Last block hash": "2eb3f8271cd947cdd6469be145558a7bcb72e0d9", "Last sync": 1651247020.7439787, "Last update": "29/04/2022 15:43:41 (UTC)", "Mined blocks": 166310768833, "Miner distribution": {"All": 41101, "Arduino": 6174, "CPU": 3508, "ESP32": 13042, "ESP8266": 15696, "GPU": 0, "Other": 87, "Phone": 152, "RPi": 1991, "Web": 451}, "Net energy usage": "40.2 kW", "Open threads": 21, "Pool hashrate": "4290.71 MH/s", "Registered users": 71661, "Server CPU usage": 45.8, "Server RAM usage": 54.1, "Server version": 3.0, "Top 10 richest miners": ["23258374.391258266 DUCO - bscDUCO", "6349650.305377089 DUCO - Ochios", "3151789.7967177606 DUCO - QQ44142894", "3000415.7780107814 DUCO - varanese67", "2886874.522030467 DUCO - coinexchange", "2210288.9385462017 DUCO - vyrdudji", "1209839.3105654893 DUCO - James_themac", "1207831.7943445556 DUCO - ivanrpz", "1201823.7593884645 DUCO - maticDUCO", "957752.3242132344 DUCO - econnaty"], "XXHASH hashrate": "0 H/s"}