{"Active connections": 746, "All-time mined DUCO": 738441618.8344357, "Current difficulty": 200000, "DUCO-S1 hashrate": "2.373 GH/s", "Duco FluffySwap price": 8.483999999999999e-06, "Duco Furim price": 0.0, "Duco Node-S price": 0.0, "Duco PancakeSwap price": 8.57789e-06, "Duco SunSwap price": 9.858e-05, "Duco SushiSwap price": 1.2962107682626e-05, "Duco UbeSwap price": 1.1191491992827553e-05, "Duco price": 0.000238, "Duco price BCH": 0.00015899, "Duco price NANO": 0.000238, "Duco price TRX": 1.212e-05, "Duco price XMG": 3.75e-06, "Duino-Coin Server API": "github.com/revoxhere/duino-coin", "Kolka": {"Banned": 5912, "Jailed": 177}, "Last block hash": "8de4bc0b3fa1580ec7f3421feb9644fc8ead02b8", "Last sync": 1715154143.408618, "Last update": "08/05/2024 07:42:23 (UTC)", "Mined blocks": 517852555874, "Miner distribution": {"All": 16449, "Arduino": 2176, "CPU": 971, "ESP32": 6161, "ESP8266": 5568, "GPU": 0, "Other": 26, "Phone": 17, "RPi": 1377, "Web": 153}, "Net energy usage": "14.32 kW", "Open threads": 28, "Pool hashrate": "2373.138 MH/s", "Registered users": 101655, "Server CPU usage": 27.8, "Server RAM usage": 92.6, "Server version": 4.0, "Top 10 richest miners": ["78442380.74889731 DUCO - bscDUCO", "39491496.849239975 DUCO - AlmarRido", "30792510.456 DUCO - Flowen1985", "20119947.6942 DUCO - viviana80", "17045685.805999998 DUCO - bimbasimba94", "14868531.986240415 DUCO - aimbert", "14842250.311052546 DUCO - ctecrypto", "12720440.585598174 DUCO - QQ44142894", "11314494.500609282 DUCO - duinousa", "10759939.638689265 DUCO - fiorella71"], "XXHASH hashrate": "0 H/s"}