{"Active connections": 1120, "All-time mined DUCO": 172975041.50142336, "Current difficulty": 75000, "DUCO-S1 hashrate": "2.4 GH/s", "Duco FluffySwap price": 1.876e-06, "Duco Furim price": 0.0, "Duco Node-S price": 0.0, "Duco PancakeSwap price": 3.25041e-05, "Duco SunSwap price": 4.972e-05, "Duco SushiSwap price": 3.60836e-06, "Duco UbeSwap price": 2.8244677344934413e-05, "Duco price": 4.972e-05, "Duco price BCH": 2.68e-06, "Duco price NANO": 1.8e-06, "Duco price TRX": 4.1e-06, "Duco price XMG": 0.0, "Duino-Coin Server API": "github.com/revoxhere/duino-coin", "Kolka": {"Banned": 1241, "Jailed": 95}, "Last block hash": "8de4bc0b3fa1580ec7f3421feb9644fc8ead02b8", "Last sync": 1673363798.435081, "Last update": "10/01/2023 15:16:44 (UTC)", "Mined blocks": 336548791577, "Miner distribution": {"All": 33950, "Arduino": 3905, "CPU": 1243, "ESP32": 12899, "ESP8266": 13870, "GPU": 0, "Other": 19, "Phone": 14, "RPi": 1593, "Web": 407}, "Net energy usage": "23.84 kW", "Open threads": 24, "Pool hashrate": "2403.54 MH/s", "Registered users": 86732, "Server CPU usage": 56.3, "Server RAM usage": 45.7, "Server version": 3.0, "Top 10 richest miners": ["95833313.40079753 DUCO - coinexchange", "40680117.73070239 DUCO - bscDUCO", "20119946.6942 DUCO - viviana80", "13675334.218015814 DUCO - ctecrypto", "11692429.559071772 DUCO - QQ44142894", "10759939.638689265 DUCO - fiorella71", "8125736.123916335 DUCO - Orion_0x43b", "6810194.491735134 DUCO - lordachoo", "4965362.69527713 DUCO - Ochios", "4962487.72052954 DUCO - bimbasimba94"], "XXHASH hashrate": "0 H/s"}