{"Active connections": 1711, "All-time mined DUCO": 41922081.45148489, "Current difficulty": 1000000, "DUCO-S1 hashrate": "4.0 GH/s", "Duco Furim price": 0.0, "Duco Node-S price": 0.0, "Duco PancakeSwap price": 5.2e-05, "Duco SunSwap price": 9.5e-05, "Duco SushiSwap price": 5.9e-05, "Duco price": 9.5e-05, "Duco price BCH": 5e-06, "Duco price NANO": 2.8e-05, "Duco price TRX": 5e-06, "Duco price XMG": 0.0, "Duino-Coin Server API": "github.com/revoxhere/duino-coin", "Kolka": {"Banned": 677, "Jailed": 34}, "Last block hash": "2eb3f8271cd947cdd6469be145558a7bcb72e0d9", "Last sync": 1649779747.7962182, "Last update": "12/04/2022 16:09:09 (UTC)", "Mined blocks": 153344744633, "Miner distribution": {"All": 39927, "Arduino": 6437, "CPU": 3422, "ESP32": 13007, "ESP8266": 14405, "GPU": 0, "Other": 51, "Phone": 126, "RPi": 1972, "Web": 507}, "Net energy usage": "39.07 kW", "Open threads": 21, "Pool hashrate": "4022.28 MH/s", "Registered users": 68809, "Server CPU usage": 40.6, "Server RAM usage": 53.8, "Server version": 3.0, "Top 10 richest miners": ["23903452.97890838 DUCO - bscDUCO", "9609049.914401649 DUCO - Ochios", "5000000.269761559 DUCO - miningvir", "3828444.459313159 DUCO - coinexchange", "3250098.6952358535 DUCO - miyan001", "2000177.5115383102 DUCO - varanese67", "1735237.9982210912 DUCO - QQ44142894", "1547807.5789460333 DUCO - Demoel", "1235034.153605718 DUCO - maticDUCO", "1209838.627673189 DUCO - James_themac"], "XXHASH hashrate": "0 H/s"}