{"Active connections": 670, "All-time mined DUCO": 1112131368.44151, "Current difficulty": 75000, "DUCO-S1 hashrate": "2.002 GH/s", "Duco FluffySwap price": 3.703e-06, "Duco Furim price": 0.0, "Duco Node-S price": 0.0, "Duco PancakeSwap price": 7.2694e-06, "Duco SunSwap price": 0.00010161, "Duco SushiSwap price": 1.01312e-05, "Duco UbeSwap price": 2.9093097913322633e-05, "Duco price": 0.00010161, "Duco price BCH": 5.29e-06, "Duco price NANO": 1.06e-06, "Duco price TRX": 1.9e-06, "Duco price XMG": 0.0, "Duino-Coin Server API": "github.com/revoxhere/duino-coin", "Kolka": {"Banned": 5654, "Jailed": 161}, "Last block hash": "8de4bc0b3fa1580ec7f3421feb9644fc8ead02b8", "Last sync": 1693500797.4131296, "Last update": "31/08/2023 16:53:22 (UTC)", "Mined blocks": 443507108077, "Miner distribution": {"All": 19382, "Arduino": 2256, "CPU": 670, "ESP32": 8154, "ESP8266": 7111, "GPU": 0, "Other": 8, "Phone": 7, "RPi": 1147, "Web": 29}, "Net energy usage": "13.49 kW", "Open threads": 24, "Pool hashrate": "2002.362 MH/s", "Registered users": 95332, "Server CPU usage": 37.9, "Server RAM usage": 34.6, "Server version": 3.0, "Top 10 richest miners": ["495743830.67087966 DUCO - coinexchange", "365942215.15266997 DUCO - coinexchange", "70383919.64457695 DUCO - bscDUCO", "35298317.008099996 DUCO - AlmarRido", "26698742.939427346 DUCO - giveaways", "24485940.745 DUCO - Flowen1985", "20119947.6942 DUCO - viviana80", "12720440.559071772 DUCO - QQ44142894", "11757537.21285198 DUCO - ctecrypto", "11394221.861 DUCO - bimbasimba94"], "XXHASH hashrate": "0 H/s"}