{"Active connections": 1182, "All-time mined DUCO": 233422306.1629011, "Current difficulty": 75000, "DUCO-S1 hashrate": "2.2 GH/s", "Duco FluffySwap price": 3.507e-06, "Duco Furim price": 0.0, "Duco Node-S price": 0.0, "Duco PancakeSwap price": 3.17471e-05, "Duco SunSwap price": 5.805e-05, "Duco SushiSwap price": 6.48802e-06, "Duco UbeSwap price": 2.8567641015443758e-05, "Duco price": 5.805e-05, "Duco price BCH": 5.01e-06, "Duco price NANO": 3.33e-06, "Duco price TRX": 4.81e-06, "Duco price XMG": 0.0, "Duino-Coin Server API": "github.com/revoxhere/duino-coin", "Kolka": {"Banned": 1290, "Jailed": 100}, "Last block hash": "8de4bc0b3fa1580ec7f3421feb9644fc8ead02b8", "Last sync": 1676089106.1669796, "Last update": "11/02/2023 04:18:27 (UTC)", "Mined blocks": 353641662249, "Miner distribution": {"All": 30000, "Arduino": 3566, "CPU": 1082, "ESP32": 11726, "ESP8266": 11607, "GPU": 0, "Other": 10, "Phone": 20, "RPi": 1586, "Web": 403}, "Net energy usage": "21.15 kW", "Open threads": 24, "Pool hashrate": "2216.65 MH/s", "Registered users": 88651, "Server CPU usage": 45.4, "Server RAM usage": 51.7, "Server version": 3.0, "Top 10 richest miners": ["41624162.35752013 DUCO - bscDUCO", "40000000.302386284 DUCO - AlmarRido", "20119946.6942 DUCO - viviana80", "16143768.711581009 DUCO - coinexchange", "15115363.695 DUCO - Ochios", "11692429.559071772 DUCO - QQ44142894", "11153422.27 DUCO - infternet", "10759939.638689265 DUCO - fiorella71", "9636733.264367647 DUCO - paranoid64", "8125736.123916335 DUCO - Orion_0x43b"], "XXHASH hashrate": "0 H/s"}