{"Active connections": 1011, "All-time mined DUCO": 1070356969.7849878, "Current difficulty": 75000, "DUCO-S1 hashrate": "1.953 GH/s", "Duco FluffySwap price": 4.151e-06, "Duco Furim price": 0.0, "Duco Node-S price": 0.0, "Duco PancakeSwap price": 7.2694e-06, "Duco SunSwap price": 0.00010268, "Duco SushiSwap price": 1.01312e-05, "Duco UbeSwap price": 2.9093097913322633e-05, "Duco price": 0.00023818, "Duco price BCH": 5.91e-06, "Duco price NANO": 1.16e-06, "Duco price TRX": 1.92e-06, "Duco price XMG": 0.00023818, "Duino-Coin Server API": "github.com/revoxhere/duino-coin", "Kolka": {"Banned": 5534, "Jailed": 149}, "Last block hash": "8de4bc0b3fa1580ec7f3421feb9644fc8ead02b8", "Last sync": 1691575443.8212485, "Last update": "09/08/2023 10:04:13 (UTC)", "Mined blocks": 436093866415, "Miner distribution": {"All": 20010, "Arduino": 2362, "CPU": 679, "ESP32": 8483, "ESP8266": 7260, "GPU": 0, "Other": 6, "Phone": 12, "RPi": 1113, "Web": 95}, "Net energy usage": "13.79 kW", "Open threads": 24, "Pool hashrate": "1953.33 MH/s", "Registered users": 94762, "Server CPU usage": 48.8, "Server RAM usage": 55.7, "Server version": 3.0, "Top 10 richest miners": ["495743830.67087966 DUCO - coinexchange", "382372236.7812404 DUCO - coinexchange", "70267869.64457695 DUCO - bscDUCO", "35298227.85615001 DUCO - AlmarRido", "24375487.137 DUCO - Flowen1985", "20119947.6942 DUCO - viviana80", "12720440.559071772 DUCO - QQ44142894", "11701433.102280406 DUCO - ctecrypto", "11436497.326 DUCO - bimbasimba94", "10759939.638689265 DUCO - fiorella71"], "XXHASH hashrate": "0 H/s"}