{"Active connections": 864, "All-time mined DUCO": 706763415.0454006, "Current difficulty": 75000, "DUCO-S1 hashrate": "2.1 GH/s", "Duco FluffySwap price": 1.7709999999999999e-06, "Duco Furim price": 0.0, "Duco Node-S price": 0.0, "Duco PancakeSwap price": 2.27623e-05, "Duco SunSwap price": 2.44e-05, "Duco SushiSwap price": 1.47969e-05, "Duco UbeSwap price": 2.9828006500541712e-05, "Duco price": 2.9828006500541712e-05, "Duco price BCH": 2.53e-06, "Duco price NANO": 1.79e-06, "Duco price TRX": 2.34e-06, "Duco price XMG": 0.0, "Duino-Coin Server API": "github.com/revoxhere/duino-coin", "Kolka": {"Banned": 1345, "Jailed": 119}, "Last block hash": "8de4bc0b3fa1580ec7f3421feb9644fc8ead02b8", "Last sync": 1681080222.6808279, "Last update": "09/04/2023 22:43:47 (UTC)", "Mined blocks": 383551444002, "Miner distribution": {"All": 28258, "Arduino": 3445, "CPU": 1027, "ESP32": 10796, "ESP8266": 11190, "GPU": 0, "Other": 12, "Phone": 19, "RPi": 1570, "Web": 199}, "Net energy usage": "19.97 kW", "Open threads": 24, "Pool hashrate": "2075.19 MH/s", "Registered users": 91441, "Server CPU usage": 58.1, "Server RAM usage": 53.6, "Server version": 3.0, "Top 10 richest miners": ["495743830.67087966 DUCO - coinexchange", "485250846.90972924 DUCO - coinexchange", "38476421.566 DUCO - bscDUCO", "20119947.6942 DUCO - viviana80", "15115364.7271 DUCO - Ochios", "12720440.559071772 DUCO - QQ44142894", "10759939.638689265 DUCO - fiorella71", "8125736.123916335 DUCO - Orion_0x43b", "7199583.908976889 DUCO - msdo1006", "6830697.286054002 DUCO - lordachoo"], "XXHASH hashrate": "0 H/s"}