{"Active connections": 968, "All-time mined DUCO": 757033724.2747725, "Current difficulty": 200000, "DUCO-S1 hashrate": "1.451 GH/s", "Duco FluffySwap price": 8.995e-06, "Duco Furim price": 0.0, "Duco Node-S price": 0.0, "Duco PancakeSwap price": 0.0, "Duco SunSwap price": 2.464e-05, "Duco SushiSwap price": 0.0, "Duco UbeSwap price": 0.0, "Duco price": 2.464e-05, "Duco price BCH": 0.0, "Duco price NANO": 0.0, "Duco price TRX": 1.288e-05, "Duco price XMG": 1.31e-06, "Duino-Coin Server API": "github.com/revoxhere/duino-coin", "Kolka": {"Banned": 5991, "Jailed": 191}, "Last block hash": "8de4bc0b3fa1580ec7f3421feb9644fc8ead02b8", "Last sync": 1722464518.239215, "Last update": "31/07/2024 22:21:58 (UTC)", "Mined blocks": 539919880546, "Miner distribution": {"All": 16146, "Arduino": 2039, "CPU": 801, "ESP32": 6008, "ESP8266": 5947, "GPU": 0, "Other": 9, "Phone": 13, "RPi": 1121, "Web": 208}, "Net energy usage": "12.96 kW", "Open threads": 27, "Pool hashrate": "1450.883 MH/s", "Registered users": 104665, "Server CPU usage": 57.4, "Server RAM usage": 91.1, "Server version": 4.0, "Top 10 richest miners": ["244096343.42555547 DUCO - coinexchange", "81976627.19825932 DUCO - bscDUCO", "30855598.808 DUCO - Flowen1985", "30000980.1298474 DUCO - AlmarRido", "18660231.96250992 DUCO - aimbert", "18280977.178 DUCO - bimbasimba94", "16096358.288900001 DUCO - viviana80", "14847133.194062889 DUCO - ctecrypto", "12721940.59109726 DUCO - QQ44142894", "11341637.15693802 DUCO - duinousa"], "XXHASH hashrate": "0 H/s"}