{"Duino-Coin Server API": "github.com/revoxhere/duino-coin", "Server version": 2.6, "Active connections": 1507, "Open threads": 21, "Server CPU usage": 74.9, "Server RAM usage": 32.4, "Last update": "15/08/2021 10:57:58 (UTC)", "Net energy usage": "88.76 kW", "Pool hashrate": "1.7219 GH/s", "DUCO-S1 hashrate": "1.7 GH/s", "XXHASH hashrate": "50.1 MH/s", "Duco price": 0.019778, "Duco price XMG": 0.01966032, "Duco price BCH": 0.0017122, "Duco price TRX": 0.00182196, "Duco price XRP": 0.00224, "Duco price DGB": 0.00184412, "Duco Node-S price": 0.019778, "Duco JustSwap price": 0.00563186, "Duco PancakeSwap price": 0.00507655, "Registered users": 19826, "All-time mined DUCO": 5578017.013444766, "Current difficulty": 442749, "Mined blocks": 10626057716, "Last block hash": "f6aa8eab34", "Kolka": {"Jailed": 0, "Banned": 417}, "Miner distribution": {"GPU": 0, "CPU": 6916, "RPi": 1955, "ESP32": 6933, "ESP8266": 8967, "Arduino": 5578, "Other": 262}, "Top 10 richest miners": ["489767.3048570179 DUCO - bscDUCO", "169692.32827391912 DUCO - Bacman", "113062.66072492997 DUCO - amornlit", "100094.30040824422 DUCO - 52Pickup", "99999.99999999886 DUCO - WannaCry", "86132.69551820138 DUCO - caancom", "71885.69377963257 DUCO - coinexchange", "50302.416035790404 DUCO - rootbori", "50288.45762651612 DUCO - duinocrfsh", "47119.90790638301 DUCO - chipsa"]}