{"Active connections": 1758, "All-time mined DUCO": 18695868.234086074, "Current difficulty": 75000, "DUCO-S1 hashrate": "1483.3 MH/s", "Duco JustSwap price": 9.443e-05, "Duco Node-S price": 2.1e-05, "Duco PancakeSwap price": 0.000594663, "Duco SushiSwap price": 0.000356015, "Duco price": 0.000594663, "Duco price BCH": 4.303e-05, "Duco price DGB": 0.0, "Duco price NANO": 1.296e-05, "Duco price RVN": 0.0, "Duco price TRX": 9.684e-05, "Duco price XMG": 0.00024627, "Duco price XRP": 0.0, "Duino-Coin Server API": "github.com/revoxhere/duino-coin", "Kolka": {"Banned": 719, "Jailed": 24}, "Last block hash": "2eb3f8271c", "Last update": "20/12/2021 22:57:42 (UTC)", "Mined blocks": 66077295196, "Miner distribution": {"All": 38470, "Arduino": 7390, "CPU": 4269, "ESP32": 10908, "ESP8266": 12083, "GPU": 0, "Other": 31, "Phone": 516, "RPi": 2496, "Web": 777}, "Net energy usage": "43.84 kW", "Open threads": 21, "Pool hashrate": "1483.35 MH/s", "Registered users": 31230, "Server CPU usage": 54.7, "Server RAM usage": 43.0, "Server version": 2.7, "Top 10 richest miners": ["4707297.299832258 DUCO - bscDUCO", "855344.3862999706 DUCO - coinexchange", "530426.5372981913 DUCO - NodeSBroker", "397162.15067505674 DUCO - James_themac", "300520.321607231 DUCO - 52Pickup", "253777.74815795507 DUCO - bimbasimba94", "249264.804861081 DUCO - miningvir", "195617.68804099757 DUCO - maticDUCO", "190582.057104081 DUCO - celoDUCO", "170241.298916613 DUCO - Bacman"], "XXHASH hashrate": "0 H/s"}