{"Active connections": 1225, "All-time mined DUCO": 725288818.1989253, "Current difficulty": 75000, "DUCO-S1 hashrate": "2.108 GH/s", "Duco FluffySwap price": 2.828e-06, "Duco Furim price": 0.0, "Duco Node-S price": 0.0, "Duco PancakeSwap price": 7.30334e-06, "Duco SunSwap price": 0.00014908, "Duco SushiSwap price": 1.11838e-05, "Duco UbeSwap price": 2.745467541750601e-05, "Duco price": 0.00014908, "Duco price BCH": 4.04e-06, "Duco price NANO": 1.85e-06, "Duco price TRX": 2.78e-06, "Duco price XMG": 0.0, "Duino-Coin Server API": "github.com/revoxhere/duino-coin", "Kolka": {"Banned": 1357, "Jailed": 121}, "Last block hash": "8de4bc0b3fa1580ec7f3421feb9644fc8ead02b8", "Last sync": 1683758416.0273004, "Last update": "10/05/2023 22:40:19 (UTC)", "Mined blocks": 399512432864, "Miner distribution": {"All": 23847, "Arduino": 2794, "CPU": 842, "ESP32": 10550, "ESP8266": 7918, "GPU": 0, "Other": 12, "Phone": 25, "RPi": 1473, "Web": 233}, "Net energy usage": "16.82 kW", "Open threads": 23, "Pool hashrate": "2108.245 MH/s", "Registered users": 92592, "Server CPU usage": 60.9, "Server RAM usage": 55.0, "Server version": 3.0, "Top 10 richest miners": ["495743830.67087966 DUCO - coinexchange", "443016906.6227368 DUCO - coinexchange", "54359385.49839266 DUCO - bscDUCO", "20119947.6942 DUCO - viviana80", "15115368.927099999 DUCO - Ochios", "14307210.461 DUCO - ctecrypto", "12720440.559071772 DUCO - QQ44142894", "10759939.638689265 DUCO - fiorella71", "8125736.123916335 DUCO - Orion_0x43b", "7605810.586 DUCO - Graubaki"], "XXHASH hashrate": "0 H/s"}