{"Active connections": 1394, "All-time mined DUCO": 58927746.00725701, "Current difficulty": 1000000, "DUCO-S1 hashrate": "5.0 GH/s", "Duco Furim price": 0.0, "Duco Node-S price": 0.0, "Duco PancakeSwap price": 4.7e-05, "Duco SunSwap price": 0.000127, "Duco SushiSwap price": 7.6e-05, "Duco price": 0.000127, "Duco price BCH": 6e-06, "Duco price NANO": 2.8e-05, "Duco price TRX": 5e-06, "Duco price XMG": 1.2e-05, "Duino-Coin Server API": "github.com/revoxhere/duino-coin", "Kolka": {"Banned": 597, "Jailed": 31}, "Last block hash": "2eb3f8271cd947cdd6469be145558a7bcb72e0d9", "Last sync": 1647914297.2253382, "Last update": "22/03/2022 01:58:18 (UTC)", "Mined blocks": 136097748027, "Miner distribution": {"All": 41797, "Arduino": 7022, "CPU": 3944, "ESP32": 12580, "ESP8266": 14789, "GPU": 0, "Other": 50, "Phone": 242, "RPi": 2486, "Web": 684}, "Net energy usage": "43.58 kW", "Open threads": 21, "Pool hashrate": "4984.3 MH/s", "Registered users": 65707, "Server CPU usage": 36.8, "Server RAM usage": 58.9, "Server version": 3.0, "Top 10 richest miners": ["24711082.839215674 DUCO - bscDUCO", "10950003.269761559 DUCO - miningvir", "3965348.014869814 DUCO - Ochios", "3962275.8619908057 DUCO - RNGesus", "2707071.0093082194 DUCO - coinexchange", "2453550.087773999 DUCO - ifdeduco", "1209837.627673189 DUCO - James_themac", "1201920.2952751506 DUCO - juanjefraire", "1200000.35117249 DUCO - amornlit", "1165162.5004511895 DUCO - miyan001"], "XXHASH hashrate": "0 H/s"}