{"Active connections": 1642, "All-time mined DUCO": 61830416.86528884, "Current difficulty": 1000000, "DUCO-S1 hashrate": "2.6 GH/s", "Duco Furim price": 0.0, "Duco Node-S price": 0.0, "Duco PancakeSwap price": 6.6e-05, "Duco SunSwap price": 0.000132, "Duco SushiSwap price": 6.1e-05, "Duco price": 0.000132, "Duco price BCH": 6e-06, "Duco price NANO": 3.1e-05, "Duco price TRX": 5e-06, "Duco price XMG": 1.4e-05, "Duino-Coin Server API": "github.com/revoxhere/duino-coin", "Kolka": {"Banned": 635, "Jailed": 34}, "Last block hash": "2eb3f8271cd947cdd6469be145558a7bcb72e0d9", "Last sync": 1648586429.9178524, "Last update": "29/03/2022 20:40:31 (UTC)", "Mined blocks": 142631823365, "Miner distribution": {"All": 22196, "Arduino": 3879, "CPU": 2072, "ESP32": 7221, "ESP8266": 7617, "GPU": 0, "Other": 19, "Phone": 117, "RPi": 1271, "Web": 0}, "Net energy usage": "22.68 kW", "Open threads": 21, "Pool hashrate": "2625.41 MH/s", "Registered users": 66820, "Server CPU usage": 42.5, "Server RAM usage": 52.4, "Server version": 3.0, "Top 10 richest miners": ["23467758.20041564 DUCO - bscDUCO", "9027048.315869803 DUCO - Ochios", "8000000.269761559 DUCO - miningvir", "3756825.3493131595 DUCO - coinexchange", "3250086.3981651743 DUCO - miyan001", "2453550.087773999 DUCO - ifdeduco", "1209838.627673189 DUCO - James_themac", "1202198.100293292 DUCO - juanjefraire", "1200001.40117249 DUCO - amornlit", "1000284.2109655713 DUCO - DarYo"], "XXHASH hashrate": "0 H/s"}