{"Active connections": 1100, "All-time mined DUCO": 848707830.1985536, "Current difficulty": 75000, "DUCO-S1 hashrate": "2.262 GH/s", "Duco FluffySwap price": 0.0, "Duco Furim price": 0.0, "Duco Node-S price": 0.0, "Duco PancakeSwap price": 0.0, "Duco SunSwap price": 0.0, "Duco SushiSwap price": 0.0, "Duco UbeSwap price": 0.0, "Duco price": 3.71e-06, "Duco price BCH": 3.71e-06, "Duco price NANO": 1.59e-06, "Duco price TRX": 2.75e-06, "Duco price XMG": 0.0, "Duino-Coin Server API": "github.com/revoxhere/duino-coin", "Kolka": {"Banned": 5719, "Jailed": 129}, "Last block hash": "8de4bc0b3fa1580ec7f3421feb9644fc8ead02b8", "Last sync": 1687270700.5707734, "Last update": "20/06/2023 14:18:32 (UTC)", "Mined blocks": 417431141220, "Miner distribution": {"All": 22896, "Arduino": 2806, "CPU": 967, "ESP32": 9758, "ESP8266": 7830, "GPU": 0, "Other": 12, "Phone": 12, "RPi": 1324, "Web": 187}, "Net energy usage": "16.93 kW", "Open threads": 23, "Pool hashrate": "2262.498 MH/s", "Registered users": 93792, "Server CPU usage": 43.8, "Server RAM usage": 27.8, "Server version": 3.0, "Top 10 richest miners": ["495743830.67087966 DUCO - coinexchange", "388104288.5705878 DUCO - coinexchange", "49333857.02939265 DUCO - bscDUCO", "20119947.6942 DUCO - viviana80", "15115368.927099999 DUCO - Ochios", "14236203.269518929 DUCO - bimbasimba94", "12720440.559071772 DUCO - QQ44142894", "12514218.173827587 DUCO - duinousa", "10978766.04658526 DUCO - Rafa2000", "10759939.638689265 DUCO - fiorella71"], "XXHASH hashrate": "0 H/s"}