{"Active connections": 1441, "All-time mined DUCO": 60099933.597647816, "Current difficulty": 1000000, "DUCO-S1 hashrate": "5.3 GH/s", "Duco Furim price": 0.0, "Duco Node-S price": 0.0, "Duco PancakeSwap price": 4.5e-05, "Duco SunSwap price": 0.000131, "Duco SushiSwap price": 6e-05, "Duco price": 0.000132, "Duco price BCH": 7e-06, "Duco price NANO": 3.2e-05, "Duco price TRX": 5e-06, "Duco price XMG": 1.4e-05, "Duino-Coin Server API": "github.com/revoxhere/duino-coin", "Kolka": {"Banned": 633, "Jailed": 31}, "Last block hash": "2eb3f8271cd947cdd6469be145558a7bcb72e0d9", "Last sync": 1648445473.282256, "Last update": "28/03/2022 05:31:16 (UTC)", "Mined blocks": 141309901727, "Miner distribution": {"All": 43054, "Arduino": 7090, "CPU": 4109, "ESP32": 13177, "ESP8266": 15131, "GPU": 0, "Other": 35, "Phone": 205, "RPi": 2602, "Web": 705}, "Net energy usage": "45.25 kW", "Open threads": 21, "Pool hashrate": "5284.77 MH/s", "Registered users": 66607, "Server CPU usage": 38.5, "Server RAM usage": 56.4, "Server version": 3.0, "Top 10 richest miners": ["23313276.40610482 DUCO - bscDUCO", "9037848.315869803 DUCO - Ochios", "8950003.269761559 DUCO - miningvir", "3753217.41931316 DUCO - coinexchange", "2453550.087773999 DUCO - ifdeduco", "1209837.627673189 DUCO - James_themac", "1202142.4445043828 DUCO - juanjefraire", "1200000.35117249 DUCO - amornlit", "1000243.7305149623 DUCO - DarYo", "999996.3792650133 DUCO - Demoel"], "XXHASH hashrate": "0 H/s"}