{"Active connections": 1426, "All-time mined DUCO": 110010191.85223737, "Current difficulty": 75000, "DUCO-S1 hashrate": "3.0 GH/s", "Duco FluffySwap price": 2.1e-05, "Duco Furim price": 0.0, "Duco Node-S price": 0.0, "Duco PancakeSwap price": 3.8e-05, "Duco SunSwap price": 0.00013, "Duco SushiSwap price": 1.4e-05, "Duco UbeSwap price": 2.9e-05, "Duco price": 0.000155, "Duco price BCH": 3e-05, "Duco price NANO": 1.2e-05, "Duco price TRX": 1.5e-05, "Duco price XMG": 0.000155, "Duino-Coin Server API": "github.com/revoxhere/duino-coin", "Kolka": {"Banned": 1657, "Jailed": 84}, "Last block hash": "2eb3f8271cd947cdd6469be145558a7bcb72e0d9", "Last sync": 1663977191.0487764, "Last update": "23/09/2022 23:53:16 (UTC)", "Mined blocks": 266602847383, "Miner distribution": {"All": 38580, "Arduino": 4390, "CPU": 1954, "ESP32": 13911, "ESP8266": 16608, "GPU": 0, "Other": 12, "Phone": 45, "RPi": 1226, "Web": 434}, "Net energy usage": "29.55 kW", "Open threads": 22, "Pool hashrate": "2997.19 MH/s", "Registered users": 79500, "Server CPU usage": 45.8, "Server RAM usage": 59.3, "Server version": 3.0, "Top 10 richest miners": ["39771897.437422335 DUCO - bscDUCO", "15965309.807 DUCO - Ochios", "13071628.710103758 DUCO - ctecrypto", "6974991.289071771 DUCO - QQ44142894", "6074168.949 DUCO - AlmarRido", "5241471.904123682 DUCO - coinexchange", "2574468.4849900003 DUCO - ThePurpleMadMan", "2368507.0 DUCO - Brunomoyses23", "2236044.701462984 DUCO - Alessandro_Duino", "2210288.919161586 DUCO - vyrdudji"], "XXHASH hashrate": "0 H/s"}