{"Active connections": 1628, "All-time mined DUCO": 58650620.407679975, "Current difficulty": 1000000, "DUCO-S1 hashrate": "5.3 GH/s", "Duco Furim price": 0.0, "Duco Node-S price": 0.0, "Duco PancakeSwap price": 4.7e-05, "Duco SunSwap price": 0.00013, "Duco SushiSwap price": 7.6e-05, "Duco price": 0.000131, "Duco price BCH": 6e-06, "Duco price NANO": 2.8e-05, "Duco price TRX": 5e-06, "Duco price XMG": 1.3e-05, "Duino-Coin Server API": "github.com/revoxhere/duino-coin", "Kolka": {"Banned": 597, "Jailed": 31}, "Last block hash": "2eb3f8271cd947cdd6469be145558a7bcb72e0d9", "Last sync": 1647961256.987791, "Last update": "22/03/2022 15:00:58 (UTC)", "Mined blocks": 136564211167, "Miner distribution": {"All": 43853, "Arduino": 7681, "CPU": 4132, "ESP32": 13155, "ESP8266": 15175, "GPU": 0, "Other": 55, "Phone": 209, "RPi": 2603, "Web": 843}, "Net energy usage": "45.66 kW", "Open threads": 21, "Pool hashrate": "5337.65 MH/s", "Registered users": 65783, "Server CPU usage": 40.4, "Server RAM usage": 58.6, "Server version": 3.0, "Top 10 richest miners": ["24711386.323445674 DUCO - bscDUCO", "10950003.269761559 DUCO - miningvir", "3965348.014869814 DUCO - Ochios", "3962275.8619908057 DUCO - RNGesus", "2707817.88930822 DUCO - coinexchange", "2453550.087773999 DUCO - ifdeduco", "1209837.627673189 DUCO - James_themac", "1201943.5215842782 DUCO - juanjefraire", "1200000.35117249 DUCO - amornlit", "1165176.000364014 DUCO - miyan001"], "XXHASH hashrate": "0 H/s"}