{"Duino-Coin Server API": "github.com/revoxhere/duino-coin", "Server version": 2.7, "Active connections": 12935, "Open threads": 24, "Server CPU usage": 68.8, "Server RAM usage": 29.9, "Last update": "12/09/2021 12:02:51 (UTC)", "Net energy usage": "60.23 kW", "Pool hashrate": "1148.5861 MH/s", "DUCO-S1 hashrate": "1119.6 MH/s", "XXHASH hashrate": "29.0 MH/s", "Duco price": 0.00554136, "Duco price XMG": 0.00138336, "Duco price BCH": 0.00064864, "Duco price RVN": 0.00084871, "Duco price TRX": 0.00115941, "Duco price XRP": 0.0008325, "Duco price DGB": 0.00081833, "Duco price NANO": 0.00085115, "Duco price FJC": 0.00081526, "Duco Node-S price": 0.002076, "Duco JustSwap price": 0.00554136, "Duco PancakeSwap price": 0.0014763, "Registered users": 17274, "All-time mined DUCO": 9094152.202140825, "Current difficulty": 664830, "Mined blocks": 15955981041, "Last block hash": "730b6127b9", "Kolka": {"Jailed": 21, "Banned": 606}, "Miner distribution": {"GPU": 0, "CPU": 3777, "RPi": 2072, "Phone": 0, "Web": 1130, "ESP32": 6620, "ESP8266": 8929, "Arduino": 4190, "Other": 0}, "Top 10 richest miners": ["1811726.342438025 DUCO - bscDUCO", "520520.1555491204 DUCO - 52Pickup", "398297.50939 DUCO - coinexchange", "169937.594875061 DUCO - Bacman", "119937.53509070358 DUCO - rootbori", "113387.18511437952 DUCO - amornlit", "100055.31516060057 DUCO - WannaCry", "86348.5850951418 DUCO - caancom", "53725.50306919871 DUCO - giveaways", "52169.16 DUCO - celoDUCO"]}