{"Active connections": 1563, "All-time mined DUCO": 59336704.794905305, "Current difficulty": 1000000, "DUCO-S1 hashrate": "5.3 GH/s", "Duco Furim price": 0.0, "Duco Node-S price": 0.0, "Duco PancakeSwap price": 4.7e-05, "Duco SunSwap price": 8.5e-05, "Duco SushiSwap price": 7.6e-05, "Duco price": 8.5e-05, "Duco price BCH": 4e-06, "Duco price NANO": 1.7e-05, "Duco price TRX": 3e-06, "Duco price XMG": 1e-05, "Duino-Coin Server API": "github.com/revoxhere/duino-coin", "Kolka": {"Banned": 531, "Jailed": 29}, "Last block hash": "2eb3f8271cd947cdd6469be145558a7bcb72e0d9", "Last sync": 1647289970.0263257, "Last update": "14/03/2022 20:32:51 (UTC)", "Mined blocks": 130568786143, "Miner distribution": {"All": 42612, "Arduino": 7240, "CPU": 4127, "ESP32": 12589, "ESP8266": 14677, "GPU": 0, "Other": 51, "Phone": 224, "RPi": 2803, "Web": 901}, "Net energy usage": "45.48 kW", "Open threads": 21, "Pool hashrate": "5349.38 MH/s", "Registered users": 63419, "Server CPU usage": 41.7, "Server RAM usage": 46.6, "Server version": 3.0, "Top 10 richest miners": ["26744541.950550955 DUCO - bscDUCO", "10000000.269761559 DUCO - miningvir", "3965348.014869814 DUCO - Ochios", "3962275.8619908057 DUCO - RNGesus", "2629465.49930822 DUCO - coinexchange", "2453550.087773999 DUCO - ifdeduco", "1554140.5187618574 DUCO - Demoel", "1259808.5106843517 DUCO - T3rminator", "1209837.627673189 DUCO - James_themac", "1206412.871118548 DUCO - DeVisdude"], "XXHASH hashrate": "0 H/s"}