{"Active connections": 1010, "All-time mined DUCO": 65742448.838408224, "Current difficulty": 75000, "DUCO-S1 hashrate": "2.9 GH/s", "Duco Furim price": 0.0, "Duco Node-S price": 0.0, "Duco PancakeSwap price": 5e-05, "Duco SunSwap price": 0.000331, "Duco SushiSwap price": 3.9e-05, "Duco UbeSwap price": 3.5e-05, "Duco price": 0.000335, "Duco price BCH": 3.4e-05, "Duco price NANO": 2.5e-05, "Duco price TRX": 2.1e-05, "Duco price XMG": 8.3e-05, "Duino-Coin Server API": "github.com/revoxhere/duino-coin", "Kolka": {"Banned": 967, "Jailed": 74}, "Last block hash": "2eb3f8271cd947cdd6469be145558a7bcb72e0d9", "Last sync": 1660619984.5699728, "Last update": "16/08/2022 03:19:45 (UTC)", "Mined blocks": 242433709102, "Miner distribution": {"All": 36191, "Arduino": 4877, "CPU": 1921, "ESP32": 12452, "ESP8266": 15278, "GPU": 0, "Other": 58, "Phone": 61, "RPi": 1166, "Web": 378}, "Net energy usage": "28.04 kW", "Open threads": 22, "Pool hashrate": "2931.6 MH/s", "Registered users": 76455, "Server CPU usage": 37.8, "Server RAM usage": 50.6, "Server version": 3.0, "Top 10 richest miners": ["41277062.85504087 DUCO - bscDUCO", "37434981.18167597 DUCO - coinexchange", "6974991.289071771 DUCO - QQ44142894", "2368507.0 DUCO - Brunomoyses23", "2210288.9385462017 DUCO - vyrdudji", "1530685.3730165141 DUCO - renderman", "1455691.878482183 DUCO - maticDUCO", "1436226.401 DUCO - amornlit", "1209839.3183971192 DUCO - James_themac", "1145046.15 DUCO - Yanis"], "XXHASH hashrate": "0 H/s"}