{"Active connections": 1727, "All-time mined DUCO": 51733854.530823216, "Current difficulty": 1000000, "DUCO-S1 hashrate": "4.2 GH/s", "Duco Furim price": 0.0, "Duco Node-S price": 0.0, "Duco PancakeSwap price": 0.000106, "Duco SunSwap price": 0.000147, "Duco SushiSwap price": 2.2e-05, "Duco UbeSwap price": 0.000107, "Duco price": 0.000148, "Duco price BCH": 9e-06, "Duco price NANO": 4.6e-05, "Duco price TRX": 1.7e-05, "Duco price XMG": 6.3e-05, "Duino-Coin Server API": "github.com/revoxhere/duino-coin", "Kolka": {"Banned": 749, "Jailed": 48}, "Last block hash": "2eb3f8271cd947cdd6469be145558a7bcb72e0d9", "Last sync": 1651239791.6564867, "Last update": "29/04/2022 13:43:13 (UTC)", "Mined blocks": 166245894622, "Miner distribution": {"All": 40012, "Arduino": 6043, "CPU": 3432, "ESP32": 12671, "ESP8266": 15283, "GPU": 0, "Other": 69, "Phone": 138, "RPi": 1930, "Web": 446}, "Net energy usage": "39.23 kW", "Open threads": 21, "Pool hashrate": "4225.56 MH/s", "Registered users": 71649, "Server CPU usage": 43.6, "Server RAM usage": 51.7, "Server version": 3.0, "Top 10 richest miners": ["23258374.391258266 DUCO - bscDUCO", "6349650.305377089 DUCO - Ochios", "3151789.7967177606 DUCO - QQ44142894", "3000415.7780107814 DUCO - varanese67", "2886874.522030467 DUCO - coinexchange", "2210288.9385462017 DUCO - vyrdudji", "1209839.3105654893 DUCO - James_themac", "1207831.7943445556 DUCO - ivanrpz", "1201823.7593884645 DUCO - maticDUCO", "957752.3242132344 DUCO - econnaty"], "XXHASH hashrate": "0 H/s"}