{"Duino-Coin Server API": "github.com/revoxhere/duino-coin", "Server version": 2.6, "Active connections": 7794, "Open threads": 24, "Server CPU usage": 68.3, "Server RAM usage": 47.0, "Last update": "14/08/2021 15:55:22 (UTC)", "Net energy usage": "89.12 kW", "Pool hashrate": "3.9018 GH/s", "DUCO-S1 hashrate": "3.9 GH/s", "XXHASH hashrate": "34.7 MH/s", "Duco price": 0.019778, "Duco price XMG": 0.01977777, "Duco price BCH": 0.00165638, "Duco price TRX": 0.00180152, "Duco price XRP": 0.0021, "Duco price DGB": 0.0019002, "Duco Node-S price": 0.019778, "Duco JustSwap price": 0.00177418, "Duco PancakeSwap price": 0.00507655, "Registered users": 19688, "All-time mined DUCO": 5421159.16824517, "Current difficulty": 428681, "Mined blocks": 10288578004, "Last block hash": "b9bdd309ba", "Kolka": {"Jailed": 0, "Banned": 417}, "Miner distribution": {"GPU": 0, "CPU": 6718, "RPi": 1939, "ESP32": 8030, "ESP8266": 10420, "Arduino": 5688, "Other": 167}, "Top 10 richest miners": ["471581.2379246178 DUCO - bscDUCO", "169585.27057338483 DUCO - Bacman", "113035.8363911884 DUCO - amornlit", "102416.13376884125 DUCO - 52Pickup", "100000.0 DUCO - WannaCry", "86078.34639955146 DUCO - caancom", "69736.27377963257 DUCO - coinexchange", "50288.45762651612 DUCO - duinocrfsh", "50203.3894744021 DUCO - rootbori", "47119.90790638301 DUCO - chipsa"]}