{"Active connections": 939, "All-time mined DUCO": 19566445.268623486, "Current difficulty": 75000, "DUCO-S1 hashrate": "1482.2 MH/s", "Duco JustSwap price": 8.953e-05, "Duco Node-S price": 5.7e-05, "Duco PancakeSwap price": 0.000594663, "Duco SushiSwap price": 0.000356015, "Duco price": 0.000594663, "Duco price BCH": 3.358e-05, "Duco price DGB": 0.0, "Duco price NANO": 1.41e-05, "Duco price RVN": 0.0, "Duco price TRX": 8.074e-05, "Duco price XMG": 0.00026311, "Duco price XRP": 0.0, "Duino-Coin Server API": "github.com/revoxhere/duino-coin", "Kolka": {"Banned": 723, "Jailed": 24}, "Last block hash": "2eb3f8271c", "Last update": "26/12/2021 08:00:08 (UTC)", "Mined blocks": 70246467521, "Miner distribution": {"All": 30641, "Arduino": 6953, "CPU": 4349, "ESP32": 7416, "ESP8266": 8163, "GPU": 0, "Other": 4, "Phone": 222, "RPi": 2595, "Web": 939}, "Net energy usage": "41.16 kW", "Open threads": 21, "Pool hashrate": "1482.25 MH/s", "Registered users": 31973, "Server CPU usage": 49.2, "Server RAM usage": 47.5, "Server version": 2.7, "Top 10 richest miners": ["4804786.05469874 DUCO - bscDUCO", "530637.5372981913 DUCO - NodeSBroker", "492771.51247611054 DUCO - coinexchange", "397162.15067505674 DUCO - James_themac", "301183.86593066197 DUCO - bloomindark", "300520.321607231 DUCO - 52Pickup", "300000.05500833195 DUCO - bimbasimba94", "251840.60005724934 DUCO - miningvir", "203241.19242534754 DUCO - maticDUCO", "190582.057104081 DUCO - celoDUCO"], "XXHASH hashrate": "0 H/s"}