{"Active connections": 1041, "All-time mined DUCO": 214720463.3435955, "Current difficulty": 75000, "DUCO-S1 hashrate": "2.3 GH/s", "Duco FluffySwap price": 1.883e-06, "Duco Furim price": 0.0, "Duco Node-S price": 0.0, "Duco PancakeSwap price": 3.06705e-05, "Duco SunSwap price": 2.438e-05, "Duco SushiSwap price": 7.15042e-06, "Duco UbeSwap price": 2.949693582059398e-05, "Duco price": 3.06705e-05, "Duco price BCH": 2.69e-06, "Duco price NANO": 1.76e-06, "Duco price TRX": 2.34e-06, "Duco price XMG": 0.0, "Duino-Coin Server API": "github.com/revoxhere/duino-coin", "Kolka": {"Banned": 1342, "Jailed": 117}, "Last block hash": "8de4bc0b3fa1580ec7f3421feb9644fc8ead02b8", "Last sync": 1679328389.0969555, "Last update": "20/03/2023 16:06:32 (UTC)", "Mined blocks": 373126028530, "Miner distribution": {"All": 29312, "Arduino": 3603, "CPU": 992, "ESP32": 11088, "ESP8266": 11709, "GPU": 0, "Other": 11, "Phone": 9, "RPi": 1618, "Web": 282}, "Net energy usage": "20.33 kW", "Open threads": 24, "Pool hashrate": "2288.43 MH/s", "Registered users": 90533, "Server CPU usage": 45.1, "Server RAM usage": 56.7, "Server version": 3.0, "Top 10 richest miners": ["498961290.8650832 DUCO - coinexchange", "31873558.708276175 DUCO - bscDUCO", "20119946.6942 DUCO - viviana80", "15115364.7271 DUCO - Ochios", "12720440.559071772 DUCO - QQ44142894", "10759939.638689265 DUCO - fiorella71", "8125736.123916335 DUCO - Orion_0x43b", "7476279.731 DUCO - sudoerrno", "6826009.137665433 DUCO - lordachoo", "5856904.965091982 DUCO - msdo1006"], "XXHASH hashrate": "0 H/s"}