{"Duino-Coin Server API": "github.com/revoxhere/duino-coin", "Server version": 2.7, "Active connections": 6444, "Open threads": 23, "Server CPU usage": 43.7, "Server RAM usage": 59.9, "Last update": "15/10/2021 20:57:48 (UTC)", "Net energy usage": "32.05 kW", "Pool hashrate": "1044.52 MH/s", "DUCO-S1 hashrate": "1044.5 MH/s", "XXHASH hashrate": "0 H/s", "Duco price": 0.00375432, "Duco price XMG": 0.00375432, "Duco price BCH": 0.0005457, "Duco price RVN": 0.0006795, "Duco price TRX": 0.00067573, "Duco price XRP": 0.00022696, "Duco price DGB": 0.00075274, "Duco price NANO": 0.00075552, "Duco price FJC": 0.00075, "Duco Node-S price": 5.4e-05, "Duco JustSwap price": 0.00069118, "Duco PancakeSwap price": 0.000691645, "Duco SushiSwap price": 0.000756806, "Registered users": 20578, "All-time mined DUCO": 14457573.96140319, "Current difficulty": 125000, "Mined blocks": 28292031238, "Last block hash": "f17e65eeeb", "Kolka": {"Jailed": 48, "Banned": 1333}, "Miner distribution": {"GPU": 0, "CPU": 2742, "RPi": 1483, "Phone": 293, "Web": 531, "ESP32": 11153, "ESP8266": 12416, "Arduino": 5209, "Other": 160, "All": 33987}, "Top 10 richest miners": ["2766750.7872877275 DUCO - bscDUCO", "587329.8937961721 DUCO - NodeSBroker", "521520.1555491204 DUCO - 52Pickup", "400318.045809883 DUCO - James_themac", "396717.5059145402 DUCO - coinexchange", "170240.13285850236 DUCO - Bacman", "163344.10104597002 DUCO - celoDUCO", "123387.18511437952 DUCO - amornlit", "121685.90546844892 DUCO - rootbori", "87743.76203229104 DUCO - caancom"]}