{"Active connections": 1026, "All-time mined DUCO": 712498275.1089599, "Current difficulty": 75000, "DUCO-S1 hashrate": "2.011 GH/s", "Duco FluffySwap price": 2.3869999999999998e-06, "Duco Furim price": 0.0, "Duco Node-S price": 0.0, "Duco PancakeSwap price": 1.00646e-05, "Duco SunSwap price": 0.00016097, "Duco SushiSwap price": 1.24512e-05, "Duco UbeSwap price": 2.9828006500541712e-05, "Duco price": 0.00016097, "Duco price BCH": 3.4e-06, "Duco price NANO": 1.86e-06, "Duco price TRX": 2.74e-06, "Duco price XMG": 0.0, "Duino-Coin Server API": "github.com/revoxhere/duino-coin", "Kolka": {"Banned": 1357, "Jailed": 121}, "Last block hash": "8de4bc0b3fa1580ec7f3421feb9644fc8ead02b8", "Last sync": 1683522324.746478, "Last update": "08/05/2023 05:05:30 (UTC)", "Mined blocks": 398272066583, "Miner distribution": {"All": 24339, "Arduino": 3042, "CPU": 942, "ESP32": 10516, "ESP8266": 8054, "GPU": 0, "Other": 11, "Phone": 14, "RPi": 1535, "Web": 225}, "Net energy usage": "17.64 kW", "Open threads": 24, "Pool hashrate": "2011.128 MH/s", "Registered users": 92496, "Server CPU usage": 62.1, "Server RAM usage": 51.3, "Server version": 3.0, "Top 10 richest miners": ["495743830.67087966 DUCO - coinexchange", "444786096.6095876 DUCO - coinexchange", "54938403.49839266 DUCO - bscDUCO", "20119947.6942 DUCO - viviana80", "15115368.927099999 DUCO - Ochios", "12720440.559071772 DUCO - QQ44142894", "10759939.638689265 DUCO - fiorella71", "8125736.123916335 DUCO - Orion_0x43b", "7201061.658538505 DUCO - msdo1006", "6835804.667998603 DUCO - lordachoo"], "XXHASH hashrate": "0 H/s"}