{"Active connections": 2520, "All-time mined DUCO": 19347868.352677926, "Current difficulty": 75000, "DUCO-S1 hashrate": "2675.5 MH/s", "Duco JustSwap price": 0.00011897, "Duco Node-S price": 2.1e-05, "Duco PancakeSwap price": 0.000257917, "Duco SushiSwap price": 0.000665206, "Duco price": 0.000665206, "Duco price BCH": 2.103e-05, "Duco price NANO": 1.17e-05, "Duco price TRX": 8.331e-05, "Duco price XMG": 0.00042188, "Duino-Coin Server API": "github.com/revoxhere/duino-coin", "Kolka": {"Banned": 772, "Jailed": 25}, "Last block hash": "2eb3f8271c", "Last sync": 1642167422.4346573, "Last update": "14/01/2022 13:37:02 (UTC)", "Mined blocks": 84363538958, "Miner distribution": {"All": 39003, "Arduino": 6959, "CPU": 7020, "ESP32": 7266, "ESP8266": 10799, "GPU": 3, "Other": 40, "Phone": 664, "RPi": 3125, "Web": 3127}, "Net energy usage": "62.48 kW", "Open threads": 21, "Pool hashrate": "2675.52 MH/s", "Registered users": 44873, "Server CPU usage": 43.2, "Server RAM usage": 50.9, "Server version": 2.7, "Top 10 richest miners": ["6588808.855145538 DUCO - bscDUCO", "532455.820632083 DUCO - NodeSBroker", "397162.15067505674 DUCO - James_themac", "305964.91209482704 DUCO - bimbasimba94", "203883.0330053212 DUCO - maticDUCO", "190582.057104081 DUCO - celoDUCO", "170241.298916613 DUCO - Bacman", "120000.999999999 DUCO - rootbori", "101718.67375369596 DUCO - haxorcitoz", "92983.45012467373 DUCO - caancom"], "XXHASH hashrate": "0 H/s"}