{"Duino-Coin Server API": "github.com/revoxhere/duino-coin", "Server version": 2.6, "Active connections": 8769, "Open threads": 26, "Server CPU usage": 65.0, "Server RAM usage": 50.9, "Last update": "16/08/2021 18:05:02 (UTC)", "Net energy usage": "28.19 kW", "Pool hashrate": "541.1383 MH/s", "DUCO-S1 hashrate": "525.8 MH/s", "XXHASH hashrate": "15.4 MH/s", "Duco price": 0.018767, "Duco price XMG": 0.01876683, "Duco price BCH": 0.0017195, "Duco price TRX": 0.0018574, "Duco price XRP": 0.00217, "Duco price DGB": 0.00211278, "Duco Node-S price": 0.018767, "Duco JustSwap price": 0.00744571, "Duco PancakeSwap price": 0.00420784, "Registered users": 20011, "All-time mined DUCO": 5731651.159276274, "Current difficulty": 450187, "Mined blocks": 10804513192, "Last block hash": "cad8acca56", "Kolka": {"Jailed": 0, "Banned": 417}, "Miner distribution": {"GPU": 0, "CPU": 2257, "RPi": 703, "ESP32": 1641, "ESP8266": 2583, "Arduino": 1081, "Other": 87}, "Top 10 richest miners": ["548007.569585928 DUCO - bscDUCO", "169738.28114064544 DUCO - Bacman", "113111.57394203435 DUCO - amornlit", "110083.98377963256 DUCO - coinexchange", "100106.99999999886 DUCO - WannaCry", "100101.13453716449 DUCO - 52Pickup", "86154.5517121907 DUCO - caancom", "50328.93139333234 DUCO - rootbori", "50288.45762651612 DUCO - duinocrfsh", "47119.90790638301 DUCO - chipsa"]}