{"Active connections": 1413, "All-time mined DUCO": 96602857.65636896, "Current difficulty": 1000000, "DUCO-S1 hashrate": "3.8 GH/s", "Duco Furim price": 0.0, "Duco Node-S price": 0.0, "Duco PancakeSwap price": 2.7e-05, "Duco SunSwap price": 6.1e-05, "Duco SushiSwap price": 3.2e-05, "Duco UbeSwap price": 2.9e-05, "Duco price": 6.1e-05, "Duco price BCH": 4e-06, "Duco price NANO": 1.8e-05, "Duco price TRX": 1.2e-05, "Duco price XMG": 0.0, "Duino-Coin Server API": "github.com/revoxhere/duino-coin", "Kolka": {"Banned": 864, "Jailed": 47}, "Last block hash": "2eb3f8271cd947cdd6469be145558a7bcb72e0d9", "Last sync": 1654550614.9182582, "Last update": "06/06/2022 21:23:36 (UTC)", "Mined blocks": 195673345253, "Miner distribution": {"All": 40635, "Arduino": 5502, "CPU": 3159, "ESP32": 13508, "ESP8266": 16380, "GPU": 0, "Other": 45, "Phone": 81, "RPi": 1630, "Web": 330}, "Net energy usage": "37.64 kW", "Open threads": 21, "Pool hashrate": "3769.1 MH/s", "Registered users": 76230, "Server CPU usage": 41.8, "Server RAM usage": 60.9, "Server version": 3.0, "Top 10 richest miners": ["39542147.97661735 DUCO - bscDUCO", "16779504.2 DUCO - Ochios", "13385958.05339672 DUCO - coinexchange", "7064631.1340437215 DUCO - ctecrypto", "6974991.289071771 DUCO - QQ44142894", "4007975.1927293735 DUCO - Demoel", "2946207.7416942283 DUCO - renderman", "2210288.9385462017 DUCO - vyrdudji", "2145810.285601541 DUCO - jules_pilot", "2091979.3138396414 DUCO - CryptSino_Exchange"], "XXHASH hashrate": "0 H/s"}