{"Active connections": 1171, "All-time mined DUCO": 174366529.6123448, "Current difficulty": 75000, "DUCO-S1 hashrate": "2.7 GH/s", "Duco FluffySwap price": 1.0486e-05, "Duco Furim price": 0.0, "Duco Node-S price": 0.0, "Duco PancakeSwap price": 4.86354e-05, "Duco SunSwap price": 4.992e-05, "Duco SushiSwap price": 1.41803e-05, "Duco UbeSwap price": 2.9070350918275183e-05, "Duco price": 4.992e-05, "Duco price BCH": 1.497e-05, "Duco price NANO": 7e-06, "Duco price TRX": 5.46e-06, "Duco price XMG": 0.0, "Duino-Coin Server API": "github.com/revoxhere/duino-coin", "Kolka": {"Banned": 1211, "Jailed": 93}, "Last block hash": "8de4bc0b3fa1580ec7f3421feb9644fc8ead02b8", "Last sync": 1671547741.6185963, "Last update": "20/12/2022 14:49:08 (UTC)", "Mined blocks": 324848009769, "Miner distribution": {"All": 33992, "Arduino": 3796, "CPU": 1302, "ESP32": 12865, "ESP8266": 13964, "GPU": 0, "Other": 14, "Phone": 29, "RPi": 1626, "Web": 396}, "Net energy usage": "24.27 kW", "Open threads": 24, "Pool hashrate": "2683.44 MH/s", "Registered users": 85639, "Server CPU usage": 46.1, "Server RAM usage": 59.6, "Server version": 3.0, "Top 10 richest miners": ["39082807.73070239 DUCO - bscDUCO", "20119945.00125 DUCO - viviana80", "14965357.425385073 DUCO - Ochios", "13674403.026803855 DUCO - ctecrypto", "11692429.559071772 DUCO - QQ44142894", "10759939.638689265 DUCO - fiorella71", "8125736.123916335 DUCO - Orion_0x43b", "5713269.379679258 DUCO - Alessandro_Duino", "4267666.823 DUCO - Demoel", "3899000.2068999996 DUCO - AlmarRido"], "XXHASH hashrate": "0 H/s"}