{"Duino-Coin Server API": "github.com/revoxhere/duino-coin", "Server version": 2.6, "Active connections": 8388, "Open threads": 27, "Server CPU usage": 67.0, "Server RAM usage": 59.7, "Last update": "14/08/2021 23:27:54 (UTC)", "Net energy usage": "92.09 kW", "Pool hashrate": "2.1829 GH/s", "DUCO-S1 hashrate": "2.1 GH/s", "XXHASH hashrate": "41.2 MH/s", "Duco price": 0.019778, "Duco price XMG": 0.01966032, "Duco price BCH": 0.0016805, "Duco price TRX": 0.0018376, "Duco price XRP": 0.002275, "Duco price DGB": 0.00188711, "Duco Node-S price": 0.019778, "Duco JustSwap price": 0.00264939, "Duco PancakeSwap price": 0.00507655, "Registered users": 19739, "All-time mined DUCO": 5479043.137110948, "Current difficulty": 434250, "Mined blocks": 10422071218, "Last block hash": "117e566cc7", "Kolka": {"Jailed": 0, "Banned": 417}, "Miner distribution": {"GPU": 0, "CPU": 6922, "RPi": 1967, "ESP32": 8079, "ESP8266": 10458, "Arduino": 5887, "Other": 349}, "Top 10 richest miners": ["473394.4379246177 DUCO - bscDUCO", "169626.74691095424 DUCO - Bacman", "113045.82198072376 DUCO - amornlit", "100044.35256828894 DUCO - 52Pickup", "100000.26200466887 DUCO - WannaCry", "86099.97990888468 DUCO - caancom", "71966.14377963258 DUCO - coinexchange", "50288.45762651612 DUCO - duinocrfsh", "50243.099809959924 DUCO - rootbori", "47119.90790638301 DUCO - chipsa"]}