{"Active connections": 728, "All-time mined DUCO": 765539095.2707012, "Current difficulty": 75000, "DUCO-S1 hashrate": "2.446 GH/s", "Duco FluffySwap price": 2.6669999999999996e-06, "Duco Furim price": 0.0, "Duco Node-S price": 0.0, "Duco PancakeSwap price": 5.20156e-06, "Duco SunSwap price": 9.685e-05, "Duco SushiSwap price": 1.67791e-05, "Duco UbeSwap price": 2.7898752414944825e-05, "Duco price": 9.685e-05, "Duco price BCH": 3.81e-06, "Duco price NANO": 1.75e-06, "Duco price TRX": 2.85e-06, "Duco price XMG": 0.0, "Duino-Coin Server API": "github.com/revoxhere/duino-coin", "Kolka": {"Banned": 1427, "Jailed": 127}, "Last block hash": "8de4bc0b3fa1580ec7f3421feb9644fc8ead02b8", "Last sync": 1686366616.553363, "Last update": "10/06/2023 03:10:21 (UTC)", "Mined blocks": 412766407664, "Miner distribution": {"All": 24373, "Arduino": 3077, "CPU": 987, "ESP32": 10172, "ESP8266": 8399, "GPU": 0, "Other": 15, "Phone": 32, "RPi": 1437, "Web": 254}, "Net energy usage": "17.83 kW", "Open threads": 23, "Pool hashrate": "2445.502 MH/s", "Registered users": 93518, "Server CPU usage": 41.7, "Server RAM usage": 38.4, "Server version": 3.0, "Top 10 richest miners": ["495743830.67087966 DUCO - coinexchange", "403882129.5921212 DUCO - coinexchange", "53665116.02939265 DUCO - bscDUCO", "20119947.6942 DUCO - viviana80", "15115368.927099999 DUCO - Ochios", "12720440.559071772 DUCO - QQ44142894", "12318173.436431898 DUCO - Flowen1985", "10978738.822030725 DUCO - Rafa2000", "10759939.638689265 DUCO - fiorella71", "8125736.123916335 DUCO - Orion_0x43b"], "XXHASH hashrate": "0 H/s"}