{"Active connections": 929, "All-time mined DUCO": 758219623.5765746, "Current difficulty": 200000, "DUCO-S1 hashrate": "1.74 GH/s", "Duco FluffySwap price": 1.7695999999999998e-05, "Duco Furim price": 0.0, "Duco Node-S price": 0.0, "Duco PancakeSwap price": 1.34905e-05, "Duco SunSwap price": 2.418e-05, "Duco SushiSwap price": 8.331891935491e-06, "Duco UbeSwap price": 1.642e-05, "Duco price": 2.528e-05, "Duco price BCH": 0.0, "Duco price NANO": 0.0, "Duco price TRX": 2.528e-05, "Duco price XMG": 2.383e-05, "Duino-Coin Server API": "github.com/revoxhere/duino-coin", "Kolka": {"Banned": 6014, "Jailed": 190}, "Last block hash": "8de4bc0b3fa1580ec7f3421feb9644fc8ead02b8", "Last sync": 1723514045.4839234, "Last update": "13/08/2024 01:54:05 (UTC)", "Mined blocks": 542900522765, "Miner distribution": {"All": 14394, "Arduino": 1847, "CPU": 819, "ESP32": 4751, "ESP8266": 5748, "GPU": 0, "Other": 8, "Phone": 0, "RPi": 1048, "Web": 173}, "Net energy usage": "12.27 kW", "Open threads": 27, "Pool hashrate": "1739.622 MH/s", "Registered users": 105052, "Server CPU usage": 66.9, "Server RAM usage": 86.3, "Server version": 4.0, "Top 10 richest miners": ["238649357.3457555 DUCO - coinexchange", "81979480.19825932 DUCO - bscDUCO", "30855598.808 DUCO - Flowen1985", "28000980.1298474 DUCO - AlmarRido", "18280977.178 DUCO - bimbasimba94", "16096358.288900001 DUCO - viviana80", "14928191.933597073 DUCO - aimbert", "14847133.194062889 DUCO - ctecrypto", "12721940.59109726 DUCO - QQ44142894", "11342160.521714782 DUCO - duinousa"], "XXHASH hashrate": "0 H/s"}