{"Active connections": 1033, "All-time mined DUCO": 759534204.6643596, "Current difficulty": 200000, "DUCO-S1 hashrate": "1.887 GH/s", "Duco FluffySwap price": 1.8893e-05, "Duco Furim price": 0.0, "Duco Node-S price": 0.0, "Duco PancakeSwap price": 1.31559e-05, "Duco SunSwap price": 2.581e-05, "Duco SushiSwap price": 8.987494203495e-06, "Duco UbeSwap price": 1.038e-05, "Duco price": 3.566e-05, "Duco price BCH": 0.0, "Duco price NANO": 0.0, "Duco price TRX": 2.698e-05, "Duco price XMG": 3.566e-05, "Duino-Coin Server API": "github.com/revoxhere/duino-coin", "Kolka": {"Banned": 6018, "Jailed": 189}, "Last block hash": "8de4bc0b3fa1580ec7f3421feb9644fc8ead02b8", "Last sync": 1723939768.6987984, "Last update": "18/08/2024 00:09:28 (UTC)", "Mined blocks": 544063934760, "Miner distribution": {"All": 14357, "Arduino": 1867, "CPU": 704, "ESP32": 4681, "ESP8266": 5836, "GPU": 0, "Other": 7, "Phone": 4, "RPi": 1126, "Web": 132}, "Net energy usage": "11.67 kW", "Open threads": 27, "Pool hashrate": "1887.216 MH/s", "Registered users": 105195, "Server CPU usage": 58.3, "Server RAM usage": 88.4, "Server version": 4.0, "Top 10 richest miners": ["237466038.96008548 DUCO - coinexchange", "82994398.19825932 DUCO - bscDUCO", "30855598.808 DUCO - Flowen1985", "28000980.1298474 DUCO - AlmarRido", "18280977.178 DUCO - bimbasimba94", "16096358.288900001 DUCO - viviana80", "14928196.602039067 DUCO - aimbert", "14847133.194062889 DUCO - ctecrypto", "12721940.665481606 DUCO - QQ44142894", "11342345.70254324 DUCO - duinousa"], "XXHASH hashrate": "0 H/s"}