{"Active connections": 858, "All-time mined DUCO": 67734582.53429917, "Current difficulty": 1000000, "DUCO-S1 hashrate": "3.0 GH/s", "Duco Furim price": 0.0, "Duco Node-S price": 0.0, "Duco PancakeSwap price": 3.2e-05, "Duco SunSwap price": 0.000781, "Duco SushiSwap price": 2.1e-05, "Duco UbeSwap price": 3.5e-05, "Duco price": 0.000782, "Duco price BCH": 3.1e-05, "Duco price NANO": 2.3e-05, "Duco price TRX": 1.9e-05, "Duco price XMG": 0.000117, "Duino-Coin Server API": "github.com/revoxhere/duino-coin", "Kolka": {"Banned": 946, "Jailed": 69}, "Last block hash": "2eb3f8271cd947cdd6469be145558a7bcb72e0d9", "Last sync": 1659543938.6356628, "Last update": "03/08/2022 16:25:42 (UTC)", "Mined blocks": 235931491537, "Miner distribution": {"All": 36199, "Arduino": 4571, "CPU": 2302, "ESP32": 12724, "ESP8266": 14815, "GPU": 0, "Other": 59, "Phone": 59, "RPi": 1268, "Web": 401}, "Net energy usage": "30.43 kW", "Open threads": 22, "Pool hashrate": "3010.96 MH/s", "Registered users": 75564, "Server CPU usage": 42.8, "Server RAM usage": 33.2, "Server version": 3.2, "Top 10 richest miners": ["43266804.02667598 DUCO - coinexchange", "40380123.75368917 DUCO - bscDUCO", "7753983.318280362 DUCO - ctecrypto", "6974991.289071771 DUCO - QQ44142894", "2865692.091702106 DUCO - renderman", "2368507.0 DUCO - Brunomoyses23", "2210288.9385462017 DUCO - vyrdudji", "1471846.675050773 DUCO - siberia21", "1437993.074878601 DUCO - maticDUCO", "1436226.401 DUCO - amornlit"], "XXHASH hashrate": "0 H/s"}