{"Duino-Coin Server API": "github.com/revoxhere/duino-coin", "Server version": 2.7, "Active connections": 5983, "Open threads": 23, "Server CPU usage": 52.2, "Server RAM usage": 31.1, "Last update": "22/09/2021 06:05:22 (UTC)", "Net energy usage": "60.64 kW", "Pool hashrate": "1232.4982 MH/s", "DUCO-S1 hashrate": "1209.8 MH/s", "XXHASH hashrate": "22.7 MH/s", "Duco price": 0.00111629, "Duco price XMG": 0.00084002, "Duco price BCH": 0.0005163, "Duco price RVN": 0.00066569, "Duco price TRX": 0.00067808, "Duco price XRP": 0.00032533, "Duco price DGB": 0.0006279, "Duco price NANO": 0.00065975, "Duco price FJC": 0.00087185, "Duco Node-S price": 0.000394, "Duco JustSwap price": 0.00071541, "Duco PancakeSwap price": 0.00111629, "Duco SushiSwap price": 0.000608, "Registered users": 18316, "All-time mined DUCO": 10561504.76452269, "Current difficulty": 837577, "Mined blocks": 20102153109, "Last block hash": "730b6127b9", "Kolka": {"Jailed": 23, "Banned": 642}, "Miner distribution": {"GPU": 0, "CPU": 3412, "RPi": 2097, "Phone": 194, "Web": 1028, "ESP32": 8803, "ESP8266": 10238, "Arduino": 5132, "Other": 89}, "Top 10 richest miners": ["2213132.336810445 DUCO - bscDUCO", "521500.1558491204 DUCO - 52Pickup", "170255.45939000012 DUCO - coinexchange", "170042.36464343796 DUCO - Bacman", "150968.82427295833 DUCO - James_themac", "121107.21048404387 DUCO - rootbori", "113387.18511437952 DUCO - amornlit", "86513.57187078946 DUCO - caancom", "71108.08296757347 DUCO - bimbasimba94", "67874.25766751899 DUCO - maticDUCO"]}