{"Active connections": 960, "All-time mined DUCO": 746476428.570792, "Current difficulty": 200000, "DUCO-S1 hashrate": "1.669 GH/s", "Duco FluffySwap price": 8.764e-06, "Duco Furim price": 0.0, "Duco Node-S price": 0.0, "Duco PancakeSwap price": 8.57789e-06, "Duco SunSwap price": 0.00014116, "Duco SushiSwap price": 1.2962107682626e-05, "Duco UbeSwap price": 1.1191491992827553e-05, "Duco price": 0.0001859, "Duco price BCH": 0.00013859, "Duco price NANO": 0.0001859, "Duco price TRX": 1.254e-05, "Duco price XMG": 3.736e-05, "Duino-Coin Server API": "github.com/revoxhere/duino-coin", "Kolka": {"Banned": 5970, "Jailed": 183}, "Last block hash": "8de4bc0b3fa1580ec7f3421feb9644fc8ead02b8", "Last sync": 1719786937.9007127, "Last update": "30/06/2024 22:35:37 (UTC)", "Mined blocks": 531730551091, "Miner distribution": {"All": 17892, "Arduino": 2236, "CPU": 907, "ESP32": 7540, "ESP8266": 5959, "GPU": 0, "Other": 11, "Phone": 6, "RPi": 1073, "Web": 160}, "Net energy usage": "14.15 kW", "Open threads": 27, "Pool hashrate": "1668.85 MH/s", "Registered users": 103630, "Server CPU usage": 58.2, "Server RAM usage": 89.8, "Server version": 4.0, "Top 10 richest miners": ["248806367.45831996 DUCO - coinexchange", "80167980.50800352 DUCO - bscDUCO", "29548849.707830127 DUCO - AlmarRido", "24635208.6964704 DUCO - Flowen1985", "22851221.472 DUCO - bimbasimba94", "20120447.6942 DUCO - viviana80", "14898393.09113131 DUCO - aimbert", "14847133.194062889 DUCO - ctecrypto", "14175619.346697498 DUCO - duinousa", "12721940.59109726 DUCO - QQ44142894"], "XXHASH hashrate": "0 H/s"}