{"Duino-Coin Server API": "github.com/revoxhere/duino-coin", "Server version": 2.7, "Active connections": 19489, "Open threads": 24, "Server CPU usage": 53.2, "Server RAM usage": 36.0, "Last update": "19/09/2021 18:06:22 (UTC)", "Net energy usage": "62.58 kW", "Pool hashrate": "1269.7165 MH/s", "DUCO-S1 hashrate": "1221.3 MH/s", "XXHASH hashrate": "48.4 MH/s", "Duco price": 0.00176586, "Duco price XMG": 0.00094966, "Duco price BCH": 0.00061401, "Duco price RVN": 0.00078273, "Duco price TRX": 0.00078849, "Duco price XRP": 0.000371, "Duco price DGB": 0.00076039, "Duco price NANO": 0.0008149, "Duco price FJC": 0.00087185, "Duco Node-S price": 0.000398, "Duco JustSwap price": 0.00092283, "Duco PancakeSwap price": 0.00176586, "Registered users": 17993, "All-time mined DUCO": 10099758.173536826, "Current difficulty": 786674, "Mined blocks": 18880321758, "Last block hash": "730b6127b9", "Kolka": {"Jailed": 23, "Banned": 642}, "Miner distribution": {"GPU": 1, "CPU": 3663, "RPi": 2096, "Phone": 229, "Web": 1322, "ESP32": 8436, "ESP8266": 9947, "Arduino": 4835, "Other": 83}, "Top 10 richest miners": ["2106162.9564222945 DUCO - bscDUCO", "521520.1555491204 DUCO - 52Pickup", "297393.4993900001 DUCO - coinexchange", "170033.88690821113 DUCO - Bacman", "120916.90095631484 DUCO - rootbori", "113387.18511437952 DUCO - amornlit", "86483.6367919531 DUCO - caancom", "70346.22855559006 DUCO - WannaCry", "58678.916539059996 DUCO - maticDUCO", "57735.299753185565 DUCO - giveaways"]}