{"Active connections": 943, "All-time mined DUCO": 746529582.8456368, "Current difficulty": 200000, "DUCO-S1 hashrate": "1.73 GH/s", "Duco FluffySwap price": 8.742999999999999e-06, "Duco Furim price": 0.0, "Duco Node-S price": 0.0, "Duco PancakeSwap price": 8.57789e-06, "Duco SunSwap price": 0.00014077, "Duco SushiSwap price": 1.2962107682626e-05, "Duco UbeSwap price": 1.1191491992827553e-05, "Duco price": 0.0001892, "Duco price BCH": 0.00013693, "Duco price NANO": 0.0001892, "Duco price TRX": 1.25e-05, "Duco price XMG": 3.796e-05, "Duino-Coin Server API": "github.com/revoxhere/duino-coin", "Kolka": {"Banned": 5970, "Jailed": 183}, "Last block hash": "8de4bc0b3fa1580ec7f3421feb9644fc8ead02b8", "Last sync": 1719815803.849791, "Last update": "01/07/2024 06:36:43 (UTC)", "Mined blocks": 531819214494, "Miner distribution": {"All": 18336, "Arduino": 2268, "CPU": 931, "ESP32": 7788, "ESP8266": 6035, "GPU": 0, "Other": 8, "Phone": 4, "RPi": 1125, "Web": 177}, "Net energy usage": "14.55 kW", "Open threads": 28, "Pool hashrate": "1729.812 MH/s", "Registered users": 103638, "Server CPU usage": 56.8, "Server RAM usage": 90.6, "Server version": 4.0, "Top 10 richest miners": ["248800054.21854997 DUCO - coinexchange", "80167980.50800352 DUCO - bscDUCO", "29548849.707830127 DUCO - AlmarRido", "24635208.6964704 DUCO - Flowen1985", "22851221.472 DUCO - bimbasimba94", "20120447.6942 DUCO - viviana80", "14898394.9752856 DUCO - aimbert", "14847133.194062889 DUCO - ctecrypto", "14175635.370205844 DUCO - duinousa", "12721940.59109726 DUCO - QQ44142894"], "XXHASH hashrate": "0 H/s"}