{"Active connections": 995, "All-time mined DUCO": 757752175.5587195, "Current difficulty": 200000, "DUCO-S1 hashrate": "1.786 GH/s", "Duco FluffySwap price": 1.8220999999999997e-05, "Duco Furim price": 0.0, "Duco Node-S price": 0.0, "Duco PancakeSwap price": 1.34905e-05, "Duco SunSwap price": 2.49e-05, "Duco SushiSwap price": 8.331891935491e-06, "Duco UbeSwap price": 1.642e-05, "Duco price": 2.603e-05, "Duco price BCH": 0.0, "Duco price NANO": 0.0, "Duco price TRX": 2.603e-05, "Duco price XMG": 3.93e-06, "Duino-Coin Server API": "github.com/revoxhere/duino-coin", "Kolka": {"Banned": 6014, "Jailed": 190}, "Last block hash": "8de4bc0b3fa1580ec7f3421feb9644fc8ead02b8", "Last sync": 1723766582.1912675, "Last update": "16/08/2024 00:03:02 (UTC)", "Mined blocks": 543611043611, "Miner distribution": {"All": 14312, "Arduino": 1762, "CPU": 702, "ESP32": 4761, "ESP8266": 5858, "GPU": 0, "Other": 6, "Phone": 15, "RPi": 1073, "Web": 135}, "Net energy usage": "11.59 kW", "Open threads": 27, "Pool hashrate": "1786.368 MH/s", "Registered users": 105131, "Server CPU usage": 68.5, "Server RAM usage": 87.6, "Server version": 4.0, "Top 10 richest miners": ["238546305.2077055 DUCO - coinexchange", "82479435.19825932 DUCO - bscDUCO", "30855598.808 DUCO - Flowen1985", "28000980.1298474 DUCO - AlmarRido", "18280977.178 DUCO - bimbasimba94", "16096358.288900001 DUCO - viviana80", "14928193.70097542 DUCO - aimbert", "14847133.194062889 DUCO - ctecrypto", "12721940.59109726 DUCO - QQ44142894", "11342273.466453098 DUCO - duinousa"], "XXHASH hashrate": "0 H/s"}