{"Active connections": 2340, "All-time mined DUCO": 19351402.90223913, "Current difficulty": 75000, "DUCO-S1 hashrate": "2511.8 MH/s", "Duco JustSwap price": 0.0001208, "Duco Node-S price": 2.1e-05, "Duco PancakeSwap price": 0.000257917, "Duco SushiSwap price": 0.000665206, "Duco price": 0.000665206, "Duco price BCH": 2.127e-05, "Duco price NANO": 1.155e-05, "Duco price TRX": 8.459e-05, "Duco price XMG": 0.00042682, "Duino-Coin Server API": "github.com/revoxhere/duino-coin", "Kolka": {"Banned": 772, "Jailed": 25}, "Last block hash": "2eb3f8271c", "Last sync": 1642152529.558473, "Last update": "14/01/2022 09:28:49 (UTC)", "Mined blocks": 84258355839, "Miner distribution": {"All": 37270, "Arduino": 6601, "CPU": 6646, "ESP32": 6820, "ESP8266": 10617, "GPU": 0, "Other": 52, "Phone": 617, "RPi": 3078, "Web": 2839}, "Net energy usage": "59.27 kW", "Open threads": 21, "Pool hashrate": "2511.76 MH/s", "Registered users": 44791, "Server CPU usage": 46.7, "Server RAM usage": 50.9, "Server version": 2.7, "Top 10 richest miners": ["6577931.471145539 DUCO - bscDUCO", "532455.820632083 DUCO - NodeSBroker", "397162.15067505674 DUCO - James_themac", "305964.33587796503 DUCO - bimbasimba94", "203879.0330053212 DUCO - maticDUCO", "190582.057104081 DUCO - celoDUCO", "170241.298916613 DUCO - Bacman", "120000.999999999 DUCO - rootbori", "101717.3626940001 DUCO - haxorcitoz", "92983.45012467373 DUCO - caancom"], "XXHASH hashrate": "0 H/s"}