{"Active connections": 2426, "All-time mined DUCO": 21795072.188979432, "Current difficulty": 1000000, "DUCO-S1 hashrate": "3654.9 MH/s", "Duco JustSwap price": 0.00021279, "Duco Node-S price": 3.2e-05, "Duco PancakeSwap price": 0.000322114, "Duco SushiSwap price": 0.000650466, "Duco price": 0.00123181, "Duco price BCH": 1.427e-05, "Duco price NANO": 8.93e-06, "Duco price TRX": 7.127e-05, "Duco price XMG": 0.00121088, "Duino-Coin Server API": "github.com/revoxhere/duino-coin", "Kolka": {"Banned": 775, "Jailed": 26}, "Last block hash": "2eb3f8271c", "Last sync": 1643221570.6224558, "Last update": "26/01/2022 18:26:10 (UTC)", "Mined blocks": 95403855265, "Miner distribution": {"All": 41778, "Arduino": 8903, "CPU": 3658, "ESP32": 12214, "ESP8266": 12896, "GPU": 0, "Other": 39, "Phone": 154, "RPi": 2468, "Web": 1446}, "Net energy usage": "41.78 kW", "Open threads": 21, "Pool hashrate": "3654.95 MH/s", "Registered users": 51296, "Server CPU usage": 48.8, "Server RAM usage": 43.6, "Server version": 2.7, "Top 10 richest miners": ["8119624.762515697 DUCO - bscDUCO", "673881.5008694914 DUCO - coinexchange", "600513.4597015264 DUCO - bimbasimba94", "573162.1506750567 DUCO - James_themac", "355295.23782355373 DUCO - NodeSBroker", "211946.43831306402 DUCO - maticDUCO", "190596.067104081 DUCO - celoDUCO", "170252.9714737794 DUCO - RNGesus", "170241.299416613 DUCO - Bacman", "140000.53560568305 DUCO - haxorcitoz"], "XXHASH hashrate": "0 H/s"}