{"Active connections": 991, "All-time mined DUCO": 744605457.1106248, "Current difficulty": 200000, "DUCO-S1 hashrate": "1.571 GH/s", "Duco FluffySwap price": 9.394e-06, "Duco Furim price": 0.0, "Duco Node-S price": 0.0, "Duco PancakeSwap price": 8.57789e-06, "Duco SunSwap price": 2.57e-05, "Duco SushiSwap price": 1.2962107682626e-05, "Duco UbeSwap price": 1.1191491992827553e-05, "Duco price": 2.57e-05, "Duco price BCH": 0.0, "Duco price NANO": 0.0, "Duco price TRX": 1.343e-05, "Duco price XMG": 0.0, "Duino-Coin Server API": "github.com/revoxhere/duino-coin", "Kolka": {"Banned": 5991, "Jailed": 191}, "Last block hash": "8de4bc0b3fa1580ec7f3421feb9644fc8ead02b8", "Last sync": 1721349433.922435, "Last update": "19/07/2024 00:37:13 (UTC)", "Mined blocks": 536620877863, "Miner distribution": {"All": 17931, "Arduino": 2167, "CPU": 876, "ESP32": 7650, "ESP8266": 5900, "GPU": 0, "Other": 9, "Phone": 24, "RPi": 1125, "Web": 180}, "Net energy usage": "14.07 kW", "Open threads": 27, "Pool hashrate": "1570.769 MH/s", "Registered users": 104247, "Server CPU usage": 65.6, "Server RAM usage": 90.8, "Server version": 4.0, "Top 10 richest miners": ["247605154.06559473 DUCO - coinexchange", "81473387.50800352 DUCO - bscDUCO", "30000991.1298474 DUCO - AlmarRido", "24635208.6964704 DUCO - Flowen1985", "18660226.832638856 DUCO - aimbert", "18280977.178 DUCO - bimbasimba94", "16096358.288900001 DUCO - viviana80", "14847133.194062889 DUCO - ctecrypto", "12721940.59109726 DUCO - QQ44142894", "11341172.89470974 DUCO - duinousa"], "XXHASH hashrate": "0 H/s"}