{"Active connections": 1088, "All-time mined DUCO": 745025453.572422, "Current difficulty": 200000, "DUCO-S1 hashrate": "1.637 GH/s", "Duco FluffySwap price": 9.45e-06, "Duco Furim price": 0.0, "Duco Node-S price": 0.0, "Duco PancakeSwap price": 8.57789e-06, "Duco SunSwap price": 0.00015184, "Duco SushiSwap price": 1.2962107682626e-05, "Duco UbeSwap price": 1.1191491992827553e-05, "Duco price": 0.00015184, "Duco price BCH": 0.0, "Duco price NANO": 0.0, "Duco price TRX": 1.348e-05, "Duco price XMG": 1.157e-05, "Duino-Coin Server API": "github.com/revoxhere/duino-coin", "Kolka": {"Banned": 5987, "Jailed": 192}, "Last block hash": "8de4bc0b3fa1580ec7f3421feb9644fc8ead02b8", "Last sync": 1720725135.5349078, "Last update": "11/07/2024 19:12:15 (UTC)", "Mined blocks": 534676571012, "Miner distribution": {"All": 18181, "Arduino": 2221, "CPU": 895, "ESP32": 7890, "ESP8266": 5820, "GPU": 0, "Other": 9, "Phone": 4, "RPi": 1170, "Web": 172}, "Net energy usage": "14.32 kW", "Open threads": 27, "Pool hashrate": "1636.917 MH/s", "Registered users": 104030, "Server CPU usage": 65.6, "Server RAM usage": 91.3, "Server version": 4.0, "Top 10 richest miners": ["248125783.95947477 DUCO - coinexchange", "81472607.50800352 DUCO - bscDUCO", "30001031.442 DUCO - AlmarRido", "24635208.6964704 DUCO - Flowen1985", "18660226.31470233 DUCO - aimbert", "18280977.178 DUCO - bimbasimba94", "16096358.288900001 DUCO - viviana80", "14847133.194062889 DUCO - ctecrypto", "14176231.476517757 DUCO - duinousa", "12721940.59109726 DUCO - QQ44142894"], "XXHASH hashrate": "0 H/s"}