{"Duino-Coin Server API": "github.com/revoxhere/duino-coin", "Server version": 2.6, "Active connections": 5821, "Open threads": 22, "Server CPU usage": 65.3, "Server RAM usage": 62.4, "Last update": "14/08/2021 06:10:13 (UTC)", "Net energy usage": "78.74 kW", "Pool hashrate": "6.4046 GH/s", "DUCO-S1 hashrate": "6.4 GH/s", "XXHASH hashrate": "38.7 MH/s", "Duco price": 0.015304, "Duco price XMG": 0.01530362, "Duco price BCH": 0.00164213, "Duco price TRX": 0.00177722, "Duco price XRP": 0.001925, "Duco price DGB": 0.00188757, "Duco Node-S price": 0.015304, "Duco JustSwap price": 0.00625983, "Duco PancakeSwap price": 0.00420784, "Registered users": 19603, "All-time mined DUCO": 5314100.341080427, "Current difficulty": 421684, "Mined blocks": 10120644330, "Last block hash": "24d708808b", "Kolka": {"Jailed": 0, "Banned": 417}, "Miner distribution": {"GPU": 0, "CPU": 5702, "RPi": 1797, "ESP32": 7762, "ESP8266": 9852, "Arduino": 4748, "Other": 254}, "Top 10 richest miners": ["469890.6717687579 DUCO - bscDUCO", "169528.37305936145 DUCO - Bacman", "113025.28358929392 DUCO - amornlit", "110004.76789433749 DUCO - 52Pickup", "86050.6187023133 DUCO - caancom", "79999.90636678287 DUCO - noixauvk", "62200.40377963258 DUCO - coinexchange", "50288.45762651612 DUCO - duinocrfsh", "50152.31978874203 DUCO - rootbori", "47119.90790638301 DUCO - chipsa"]}