{"Duino-Coin Server API": "github.com/revoxhere/duino-coin", "Server version": 2.7, "Active connections": 17366, "Open threads": 23, "Server CPU usage": 57.9, "Server RAM usage": 33.0, "Last update": "22/09/2021 16:05:55 (UTC)", "Net energy usage": "69.46 kW", "Pool hashrate": "1407.954 MH/s", "DUCO-S1 hashrate": "1367.3 MH/s", "XXHASH hashrate": "40.7 MH/s", "Duco price": 0.00111629, "Duco price XMG": 0.00086958, "Duco price BCH": 0.00053876, "Duco price RVN": 0.00071095, "Duco price TRX": 0.00072023, "Duco price XRP": 0.00034119, "Duco price DGB": 0.00065847, "Duco price NANO": 0.0007076, "Duco price FJC": 0.00087185, "Duco Node-S price": 0, "Duco JustSwap price": 0.00062612, "Duco PancakeSwap price": 0.00111629, "Duco SushiSwap price": 0.000608, "Registered users": 18370, "All-time mined DUCO": 10641747.390480755, "Current difficulty": 846100, "Mined blocks": 20306673812, "Last block hash": "730b6127b9", "Kolka": {"Jailed": 24, "Banned": 642}, "Miner distribution": {"GPU": 1, "CPU": 3906, "RPi": 2327, "Phone": 222, "Web": 1091, "ESP32": 10229, "ESP8266": 11914, "Arduino": 5904, "Other": 99}, "Top 10 richest miners": ["2270856.791844934 DUCO - bscDUCO", "521500.1558491204 DUCO - 52Pickup", "301028.0574945699 DUCO - James_themac", "170056.7577352893 DUCO - Bacman", "121139.99358560164 DUCO - rootbori", "113387.18511437952 DUCO - amornlit", "86529.948796445 DUCO - caancom", "71114.0056398414 DUCO - bimbasimba94", "66944.51914776371 DUCO - giveaways", "64169.16 DUCO - celoDUCO"]}