{"Active connections": 1224, "All-time mined DUCO": 194924263.68646455, "Current difficulty": 75000, "DUCO-S1 hashrate": "2.5 GH/s", "Duco FluffySwap price": 2.338e-06, "Duco Furim price": 0.0, "Duco Node-S price": 0.0, "Duco PancakeSwap price": 3.84593e-05, "Duco SunSwap price": 5.614e-05, "Duco SushiSwap price": 5.85086e-06, "Duco UbeSwap price": 2.930907137581414e-05, "Duco price": 5.614e-05, "Duco price BCH": 3.35e-06, "Duco price NANO": 1.97e-06, "Duco price TRX": 4.65e-06, "Duco price XMG": 0.0, "Duino-Coin Server API": "github.com/revoxhere/duino-coin", "Kolka": {"Banned": 1252, "Jailed": 98}, "Last block hash": "8de4bc0b3fa1580ec7f3421feb9644fc8ead02b8", "Last sync": 1674765004.9333076, "Last update": "26/01/2023 20:30:10 (UTC)", "Mined blocks": 345214966379, "Miner distribution": {"All": 34100, "Arduino": 4027, "CPU": 1365, "ESP32": 12937, "ESP8266": 13751, "GPU": 0, "Other": 27, "Phone": 11, "RPi": 1614, "Web": 368}, "Net energy usage": "24.58 kW", "Open threads": 24, "Pool hashrate": "2480.62 MH/s", "Registered users": 87607, "Server CPU usage": 59.4, "Server RAM usage": 53.5, "Server version": 3.0, "Top 10 richest miners": ["82496769.20646729 DUCO - coinexchange", "41220007.34345014 DUCO - bscDUCO", "20119946.6942 DUCO - viviana80", "11692429.559071772 DUCO - QQ44142894", "10759939.638689265 DUCO - fiorella71", "8125736.123916335 DUCO - Orion_0x43b", "7695798.286 DUCO - RNGesus", "6813912.650923619 DUCO - lordachoo", "6561235.024 DUCO - saikrsa", "5637139.684 DUCO - sudoerrno"], "XXHASH hashrate": "0 H/s"}