{"Active connections": 921, "All-time mined DUCO": 730991587.3321577, "Current difficulty": 75000, "DUCO-S1 hashrate": "2.009 GH/s", "Duco FluffySwap price": 1.638e-06, "Duco Furim price": 0.0, "Duco Node-S price": 0.0, "Duco PancakeSwap price": 1.52453e-05, "Duco SunSwap price": 2.252e-05, "Duco SushiSwap price": 1.5914e-05, "Duco UbeSwap price": 2.9828006500541712e-05, "Duco price": 2.9828006500541712e-05, "Duco price BCH": 2.35e-06, "Duco price NANO": 1.66e-06, "Duco price TRX": 2.31e-06, "Duco price XMG": 0.0, "Duino-Coin Server API": "github.com/revoxhere/duino-coin", "Kolka": {"Banned": 1356, "Jailed": 122}, "Last block hash": "8de4bc0b3fa1580ec7f3421feb9644fc8ead02b8", "Last sync": 1682656423.4358938, "Last update": "28/04/2023 04:33:48 (UTC)", "Mined blocks": 393052228873, "Miner distribution": {"All": 27703, "Arduino": 3419, "CPU": 993, "ESP32": 10568, "ESP8266": 10950, "GPU": 0, "Other": 29, "Phone": 16, "RPi": 1474, "Web": 254}, "Net energy usage": "19.43 kW", "Open threads": 24, "Pool hashrate": "2008.72 MH/s", "Registered users": 92132, "Server CPU usage": 57.0, "Server RAM usage": 40.7, "Server version": 3.0, "Top 10 richest miners": ["495743830.67087966 DUCO - coinexchange", "455660578.8695878 DUCO - coinexchange", "47260744.49839266 DUCO - bscDUCO", "20119947.6942 DUCO - viviana80", "15115368.927099999 DUCO - Ochios", "12720440.559071772 DUCO - QQ44142894", "10759939.638689265 DUCO - fiorella71", "8125736.123916335 DUCO - Orion_0x43b", "7871982.841046517 DUCO - revox", "7871982.841046517 DUCO - revox"], "XXHASH hashrate": "0 H/s"}