{"Active connections": 2467, "All-time mined DUCO": 20187040.173017453, "Current difficulty": 1000000, "DUCO-S1 hashrate": "3793.1 MH/s", "Duco JustSwap price": 0.00026374, "Duco Node-S price": 2.1e-05, "Duco PancakeSwap price": 0.000322114, "Duco SushiSwap price": 0.000650466, "Duco price": 0.00084914, "Duco price BCH": 2.081e-05, "Duco price NANO": 1.121e-05, "Duco price TRX": 8.554e-05, "Duco price XMG": 0.00083578, "Duino-Coin Server API": "github.com/revoxhere/duino-coin", "Kolka": {"Banned": 772, "Jailed": 28}, "Last block hash": "2eb3f8271c", "Last sync": 1642509033.9643326, "Last update": "18/01/2022 12:30:33 (UTC)", "Mined blocks": 86613927912, "Miner distribution": {"All": 39810, "Arduino": 6981, "CPU": 5673, "ESP32": 9539, "ESP8266": 11664, "GPU": 0, "Other": 15, "Phone": 345, "RPi": 3014, "Web": 2579}, "Net energy usage": "54.44 kW", "Open threads": 21, "Pool hashrate": "3793.12 MH/s", "Registered users": 47194, "Server CPU usage": 46.4, "Server RAM usage": 37.3, "Server version": 2.7, "Top 10 richest miners": ["6505767.334763524 DUCO - bscDUCO", "532455.820632083 DUCO - NodeSBroker", "443700.1461635686 DUCO - bimbasimba94", "440014.8648912901 DUCO - miningvir", "397162.15067505674 DUCO - James_themac", "205268.79235569396 DUCO - maticDUCO", "190583.057104081 DUCO - celoDUCO", "170241.298916613 DUCO - Bacman", "131749.09509054382 DUCO - haxorcitoz", "120000.999999999 DUCO - rootbori"], "XXHASH hashrate": "0 H/s"}