{"Active connections": 1488, "All-time mined DUCO": 147817564.28946176, "Current difficulty": 75000, "DUCO-S1 hashrate": "3.2 GH/s", "Duco FluffySwap price": 0.0, "Duco Furim price": 0.0, "Duco Node-S price": 0.0, "Duco PancakeSwap price": 0.0, "Duco SunSwap price": 0.0, "Duco SushiSwap price": 0.0, "Duco UbeSwap price": 0.0, "Duco price": 1.748e-05, "Duco price BCH": 1.748e-05, "Duco price NANO": 8.69e-06, "Duco price TRX": 5.27e-06, "Duco price XMG": 0.0, "Duino-Coin Server API": "github.com/revoxhere/duino-coin", "Kolka": {"Banned": 1160, "Jailed": 88}, "Last block hash": "8de4bc0b3fa1580ec7f3421feb9644fc8ead02b8", "Last sync": 1669309653.7575765, "Last update": "24/11/2022 17:07:40 (UTC)", "Mined blocks": 309474621431, "Miner distribution": {"All": 38202, "Arduino": 4370, "CPU": 1747, "ESP32": 13669, "ESP8266": 16173, "GPU": 0, "Other": 22, "Phone": 45, "RPi": 1729, "Web": 447}, "Net energy usage": "28.83 kW", "Open threads": 23, "Pool hashrate": "3178.8 MH/s", "Registered users": 84142, "Server CPU usage": 54.3, "Server RAM usage": 41.6, "Server version": 3.0, "Top 10 richest miners": ["38498656.43978844 DUCO - bscDUCO", "21884501.232221425 DUCO - coinexchange", "20119945.00125 DUCO - viviana80", "14965341.634141278 DUCO - Ochios", "11692429.559071772 DUCO - QQ44142894", "10759939.638689265 DUCO - fiorella71", "6700745.3655135725 DUCO - lordachoo", "2567742.791300181 DUCO - RNGesus", "2368507.0 DUCO - Brunomoyses23", "2210288.919161586 DUCO - vyrdudji"], "XXHASH hashrate": "0 H/s"}