{"Active connections": 1369, "All-time mined DUCO": 95740455.51257019, "Current difficulty": 1000000, "DUCO-S1 hashrate": "3.6 GH/s", "Duco Furim price": 0.0, "Duco Node-S price": 0.0, "Duco PancakeSwap price": 2.2e-05, "Duco SunSwap price": 5.3e-05, "Duco SushiSwap price": 1.8e-05, "Duco UbeSwap price": 2.9e-05, "Duco price": 6.1e-05, "Duco price BCH": 4e-06, "Duco price NANO": 1.8e-05, "Duco price TRX": 1.2e-05, "Duco price XMG": 0.0, "Duino-Coin Server API": "github.com/revoxhere/duino-coin", "Kolka": {"Banned": 865, "Jailed": 47}, "Last block hash": "2eb3f8271cd947cdd6469be145558a7bcb72e0d9", "Last sync": 1654756752.4038205, "Last update": "09/06/2022 06:39:13 (UTC)", "Mined blocks": 197538682231, "Miner distribution": {"All": 40413, "Arduino": 5373, "CPU": 2919, "ESP32": 13588, "ESP8266": 16399, "GPU": 0, "Other": 45, "Phone": 75, "RPi": 1670, "Web": 344}, "Net energy usage": "36.24 kW", "Open threads": 21, "Pool hashrate": "3636.98 MH/s", "Registered users": 76404, "Server CPU usage": 44.3, "Server RAM usage": 61.6, "Server version": 3.0, "Top 10 richest miners": ["39551324.97661735 DUCO - bscDUCO", "16779504.2 DUCO - Ochios", "13282293.783396723 DUCO - coinexchange", "7064786.409100463 DUCO - ctecrypto", "6974991.289071771 DUCO - QQ44142894", "4006479.257638222 DUCO - Demoel", "2946220.208818971 DUCO - renderman", "2210288.9385462017 DUCO - vyrdudji", "2145887.908018779 DUCO - jules_pilot", "2041979.3138396414 DUCO - CryptSino_Exchange"], "XXHASH hashrate": "0 H/s"}