{"Duino-Coin Server API": "github.com/revoxhere/duino-coin", "Server version": 2.6, "Active connections": 3832, "Open threads": 22, "Server CPU usage": 34.0, "Server RAM usage": 39.5, "Last update": "15/08/2021 23:51:39 (UTC)", "Net energy usage": "2.95 kW", "Pool hashrate": "26.4088 MH/s", "DUCO-S1 hashrate": "26.4 MH/s", "XXHASH hashrate": "0 H/s", "Duco price": 0.01876683, "Duco price XMG": 0.01876683, "Duco price BCH": 0.00176023, "Duco price TRX": 0.00185706, "Duco price XRP": 0.0022575, "Duco price DGB": 0.00208371, "Duco price NANO": 0.0016, "Duco Node-S price": 0, "Duco JustSwap price": 0, "Duco PancakeSwap price": 0.00507655, "Registered users": 19899, "All-time mined DUCO": 5653298.957534013, "Current difficulty": 448016, "Mined blocks": 10752386446, "Last block hash": "51a006ea10", "Kolka": {"Jailed": 0, "Banned": 417}, "Miner distribution": {"GPU": 0, "CPU": 21, "RPi": 8, "ESP32": 574, "ESP8266": 1656, "Arduino": 680, "Other": 8}, "Top 10 richest miners": ["527745.2748570178 DUCO - bscDUCO", "169731.59155515893 DUCO - Bacman", "113091.98848069938 DUCO - amornlit", "100099.81875441814 DUCO - 52Pickup", "86151.55023636225 DUCO - caancom", "79999.99999999886 DUCO - WannaCry", "78948.05377963255 DUCO - coinexchange", "50326.448585051075 DUCO - rootbori", "50288.45762651612 DUCO - duinocrfsh", "47119.90790638301 DUCO - chipsa"], "Active workers": {"Revo": 50, "omblomid": 50, "devtest": 50, "kheim": 50, "kulfon": 50, "kleks": 50, "belofond": 50, "Rungarun": 39, "kpminer": 38, "ayyo": 34, "chiaminer": 33, "E29DTD": 32, "pmee04": 29, "phitayakorn2": 28, "sunnyk83": 27, "icardinfo": 26, "JAnucha": 26, "phitayakorn1": 25, "cha505": 24, "SuperKKshop1": 23, "mille19": 22, "thotsaporn": 22, "Rungarun01": 22, "artstab2021esp8266": 20, "kang_oboy": 20, "tahafree": 20, "bowlings1980": 19, "scelecs": 19, "Applebee": 18, "phitayakorn3": 18, "phitayakorn": 18, "Jakrawut": 18, "nt12": 18, "wafikhalil": 18, "brydziu": 17, "sabi1980": 17, "enterpannet": 17, "idea08": 17, "idea07": 16, "lecf1ham": 16, "DuinoCoin01": 16, "pmee0404": 15, "DuinoCoin02": 15, "plom11": 14, "eiriknord": 14, "Jeka": 14, "TONY": 14, "k1r4": 14, "toto99303": 14, "khetkate": 14, "Kittipongpr": 13, "magani": 13, "Pokajar": 13, "navair130": 12, "witthaya2214": 12, "Hockey1": 12, "ekafing": 12, "Game01": 12, "omofair": 12, "cha303": 12, "juliet77": 12, "pattana": 12, "hrgnw": 12, "saviopereira2228": 12, "wstart": 12, "boonlong": 12, "Geleose": 12, "chan289": 12, "maxkie01": 11, "pts": 11, "anusun": 11, "omowhite": 11, "Tachaya": 11, "meddi420": 10, "supannee_p": 10, "Miner5658": 10, "madelectron": 10, "Chai50099": 10, "liewbizkit01": 10, "Pattiya2021": 10, "lnwTO": 10, "Tang30534": 10, "samon2008": 10, "boonlong2": 10, "abc": 10, "thongchaiTT": 10, "bove": 10, "Masook0002": 10, "Vissanu": 10, "anusorn": 10, "putthiporn": 10, "catfly": 10, "iray": 10, "pentium": 10, "MonsterMalte": 9, "khengkung": 9, "Karan2498": 9, "zyon": 9, "maktak001": 9, "Peeek2012": 9, "halyavas585": 9, "Masook0001": 9, "JPL": 9, "Nattiwut": 9, "bagizoo0011": 9, "xxxjajoxxx": 9, "kesara": 9, "Mariusz696": 8, "harmrorije": 8, "jaman": 8, "mr_t_ony": 8, "iew": 8, "coinminer": 8, "realoptionx": 8, "Ratchanin": 8, "panglima": 8, "farukhosen": 8, "ongart": 8, "navaporn1296": 8, "lee77": 8, "Focomoon": 8, "antisofe": 8, "joprast03": 8, "watchara_tp": 8, "mrtminer": 8, "Matoz": 8, "bilan": 8, "pamornpolc": 8, "juansatorlo": 8, "k0n24d": 8, "d0ubled": 7, "Auefefa": 7, "ruscharis": 7, "jgrichardson67": 7, "gorogosominer": 7, "MyDesktop": 7, "filli": 7, "Wongsathon27": 7, "moopingcoin": 7, "zugo42": 7, "jonburch": 7, "KreZnaTioN": 7, "subaru": 7, "FEYKER": 7, "Padang_33": 7, "hore": 7, "janvdberk": 6, "Therimbox": 6, "hassugar87": 6, "theppanom31": 6, "Akibahar": 6, "bentech4u": 6, "cotto2130": 6, "nanticha": 6, "kritja": 6, "DeMon": 6, "jakkaew14": 6, "anotev": 6, "mohammadalip": 6, "SumateCoin": 6, "homchoo": 6, "atuqwacan": 6, "cybrog2027": 6, "krpppminerD": 6, "anmos2214": 6, "coffeebreakph": 6, "Rain": 6, "MyDuino": 6, "yg9dfk": 5, "N_R": 5, "Bancha4289": 5, "Bigstacked": 5, "tumprezio": 5, "mazzoleniclaudio": 5, "lordahoy": 5, "mrlathi": 5, "akachai1526": 5, "rhoongjod": 5, "moonliker": 5, "monkhonyok": 5, "Pui3PM": 5, "Malito2010": 5, "comeafter11": 5, "pathawee": 5, "Youyou": 5, "Beer_1995": 5, "gigaohm": 5, "redclouth": 5, "billiken_27": 5, "Rixher": 5, "GndmWngZro": 5, "sangia": 5, "liewbizkit": 4, "PichateD": 4, "oooboogieboogieboogie": 4, "diunonino": 4, "huiimanoid": 4, "destux": 4, "Cahyo": 4, "white666": 4, "Kratai": 4, "Merdeka": 4, "denvero10": 4, "ninja": 4, "Comeafter1111": 4, "panupong8266": 4, "ProxMoxUser": 4, "bolaubi": 4, "NONAME145145": 4, "NONAME122122": 4, "Actor26": 4, "wirat1115": 4, "Comeafter": 4, "thinhnguyen006": 4, "hs9hmw": 4, "Prawdangpr": 4, "Santiphongk": 4, "rontpsdata": 4, "BZ8192": 4, "Esp8266_01": 4, "Alsahim": 4, "Sattaya": 4, "srosendal": 4, "photo2011": 4, "stress12": 4, "Mikailelele": 4, "Gudangcoin": 4, "poopun": 4, "welcome_to_future": 4, "DucoShop2021": 4, "SSakdee": 4, "VictorDecaigny": 3, "cryptosc0ps": 3, "claudiobrt": 3, "vicoli2000": 3, "narongrit31": 3, "kweing": 3, "Tadasbruzas91": 3, "hellomynameiswyatt": 3, "21licence": 3, "SaratCrypto": 3, "kong007x": 3, "hwar": 3, "Staso28": 3, "grimlock753": 3, "A_cool_Boi2465": 3, "consultaing": 3, "littlearrow": 3, "copasky34": 3, "Menta23": 3, "BeerMatt2002": 3, "wichcha": 3, "stargate7": 3, "Kir456": 3, "flaringsoul": 3, "tee022443": 3, "eakfancy": 3, "pencari_receh901": 3, "kssa14": 3, "kogolf": 3, "fuzzinger": 3, "tombot": 3, "chrud": 3, "suchon168": 3, "arlo3d": 3, "fino182": 3, "airkit": 3, "spong": 3, "boonlong3": 3, "vadimmetelic": 3, "friendwifi": 3, "legacy": 3, "kazuyak1993": 3, "mek404": 3, "chudai95": 3, "poohzaza166": 3, "Seeker": 3, "piratu90": 3, "garganojim": 3, "Tamketo6022": 3, "UptownSquash": 3, "yazilimgrup": 3, "losbastos": 2, "Marszeff": 2, "monlikeza": 2, "ssarkarS7": 2, "avlober": 2, "szlez": 2, "TonTawan": 2, "rayshakar": 2, "Phil1234": 2, "Turlx": 2, "AkeKriangsak": 2, "chawankang": 2, "noip184": 2, "electron64": 2, "Canopus": 2, "StarBlackTH": 2, "Weera": 2, "ebitsjesper": 2, "cable101": 2, "liewbizkit02": 2, "woottermfun1": 2, "EmptyCarts": 2, "anhthu615": 2, "dogedog82": 2, "patumvan": 2, "youngboy": 2, "aoritl213": 2, "adriang2": 2, "dach01": 2, "badminer": 2, "Ronnakorn": 2, "vicko03": 2, "hpl": 2, "kk_bingo": 2, "charin2": 2, "Aut173": 2, "danritchz": 2, "Veta": 2, "1InHeaRt": 2, "ammorck": 2, "maronline": 2, "jalanpagi": 2, "bmxeu16": 2, "kai": 2, "oli737": 2, "Detsre1": 2, "Comeafter111": 2, "lumgon": 2, "kaittipoom": 2, "hs5zru": 2, "MrWaffleworth": 2, "leon676": 2, "Bastek": 2, "Gwirkle": 2, "Wintana": 2, "Feliliks": 2, "kanokeee": 2, "enrixp": 2, "MCONCEPT": 2, "Pui3PM2": 2, "shadow": 2, "zuza": 2, "nontawats": 2, "htht2499": 2, "kir": 2, "Ferreira": 2, "FatfishTH": 2, "Allytek23": 2, "Dimitri2a": 1, "joelguasp04": 1, "hs5rlr": 1, "rullolex": 1, "goybaa": 1, "Oekla": 1, "itmod0824": 1, "zoli210": 1, "nikkimaysuni": 1, "neurocodigo": 1, "shiwka83": 1, "Digger": 1, "Mang-G-Zon": 1, "onezzz": 1, "jik686": 1, "cyberax": 1, "DogeMiners": 1, "Nararun10": 1, "GOPALL": 1, "focus2013": 1, "Mobiuss": 1, "missingtears": 1, "rizasaja": 1, "Renan7": 1, "decoy4ik": 1, "Leds": 1, "laxubu": 1, "Gruiny": 1, "iphichit": 1, "yadi2771": 1, "athipan2111": 1, "2539jeaw": 1, "Gotlife": 1, "sush46": 1, "phitayakorn2515": 1, "sakcoin": 1, "NakanoKSR": 1, "zahiltf": 1, "backdoores": 1, "okedokudong": 1, "pansang": 1, "Mighty78": 1, "earth701": 1, "jakkit20": 1, "nuttasut": 1, "Patzaa": 1, "nui2kesp": 1, "Suboncoin": 1, "yothin": 1, "rogerdog81": 1, "anillive": 1, "lifemirror": 1, "kimbmb": 1, "KB1ROP": 1, "Cleiton3": 1, "MassTheMiner": 1, "Que1200": 1, "tony_997": 1, "vexiq2": 1, "siwakornsaelor1812": 1, "cool_keen": 1, "DPzee": 1, "hs9hmw2": 1, "2002020": 1, "DDmit85": 1, "Yunginvestor777": 1, "Pattanaaod": 1, "carl-g": 1, "actstorm": 1, "LaserBenny": 1, "Junlajuk1991": 1, "Joejo": 1, "aerzox": 1, "skyrogib13": 1,