{"Active connections": 29239, "All-time mined DUCO": 18845291.968521602, "Current difficulty": 125000, "DUCO-S1 hashrate": "1337.8 MH/s", "Duco JustSwap price": 0.00033275, "Duco Node-S price": 0.00013, "Duco PancakeSwap price": 0.00080574, "Duco SushiSwap price": 0.000282931, "Duco price": 0.00081096, "Duco price BCH": 0.0002831, "Duco price DGB": 0.0, "Duco price NANO": 0.00013325, "Duco price RVN": 0.0, "Duco price TRX": 0.00036117, "Duco price XMG": 0.00080815, "Duco price XRP": 0.0, "Duino-Coin Server API": "github.com/revoxhere/duino-coin", "Kolka": {"Banned": 698, "Jailed": 24}, "Last block hash": "2eb3f8271c", "Last update": "23/11/2021 20:14:57 (UTC)", "Mined blocks": 46872650477, "Miner distribution": {"All": 37479, "Arduino": 6530, "CPU": 3697, "ESP32": 11439, "ESP8266": 12743, "GPU": 0, "Other": 37, "Phone": 452, "RPi": 2093, "Web": 488}, "Net energy usage": "39.62 kW", "Open threads": 24, "Pool hashrate": "1337.82 MH/s", "Registered users": 25826, "Server CPU usage": 53.9, "Server RAM usage": 52.4, "Server version": 2.7, "Top 10 richest miners": ["3506970.4316160437 DUCO - bscDUCO", "1288769.542090219 DUCO - coinexchange", "591776.708081775 DUCO - NodeSBroker", "351150.1606789791 DUCO - James_themac", "300520.1555491204 DUCO - 52Pickup", "240334.6688855673 DUCO - bimbasimba94", "188487.89104597003 DUCO - celoDUCO", "170241.13285850236 DUCO - Bacman", "139203.5696000892 DUCO - maticDUCO", "119999.99999999892 DUCO - rootbori"], "XXHASH hashrate": "0 H/s"}