{"Duino-Coin Server API": "github.com/revoxhere/duino-coin", "Server version": 2.6, "Active connections": 8822, "Open threads": 21, "Server CPU usage": 65.3, "Server RAM usage": 51.5, "Last update": "16/08/2021 18:57:20 (UTC)", "Net energy usage": "28.35 kW", "Pool hashrate": "525.3293 MH/s", "DUCO-S1 hashrate": "507.0 MH/s", "XXHASH hashrate": "18.4 MH/s", "Duco price": 0.018767, "Duco price XMG": 0.01876683, "Duco price BCH": 0.00172425, "Duco price TRX": 0.001862, "Duco price XRP": 0.0021525, "Duco price DGB": 0.00211995, "Duco Node-S price": 0.018767, "Duco JustSwap price": 0.00746415, "Duco PancakeSwap price": 0.00420784, "Registered users": 20015, "All-time mined DUCO": 5734043.941726006, "Current difficulty": 450368, "Mined blocks": 10808943096, "Last block hash": "a59fdd9ec1", "Kolka": {"Jailed": 0, "Banned": 417}, "Miner distribution": {"GPU": 0, "CPU": 2243, "RPi": 712, "ESP32": 1687, "ESP8266": 2697, "Arduino": 1207, "Other": 95}, "Top 10 richest miners": ["548208.569585928 DUCO - bscDUCO", "169738.28114064544 DUCO - Bacman", "113112.3721539072 DUCO - amornlit", "111552.90377963256 DUCO - coinexchange", "100106.99999999886 DUCO - WannaCry", "100101.13453716449 DUCO - 52Pickup", "86155.48705003684 DUCO - caancom", "50328.93139333234 DUCO - rootbori", "50288.45762651612 DUCO - duinocrfsh", "47119.90790638301 DUCO - chipsa"]}