{"Duino-Coin Server API": "github.com/revoxhere/duino-coin", "Server version": 2.7, "Active connections": 81179, "Open threads": 24, "Server CPU usage": 68.0, "Server RAM usage": 46.1, "Last update": "29/10/2021 10:06:19 (UTC)", "Net energy usage": "34.19 kW", "Pool hashrate": "1190.22 MH/s", "DUCO-S1 hashrate": "1190.2 MH/s", "XXHASH hashrate": "0 H/s", "Duco price": 0.000655069, "Duco price XMG": 0.00048815, "Duco price BCH": 0.00012217, "Duco price RVN": 0.0, "Duco price TRX": 0.00029992, "Duco price XRP": 0.0, "Duco price DGB": 0.0, "Duco price NANO": 0.00029603, "Duco Node-S price": 0.000139, "Duco JustSwap price": 0.00051197, "Duco PancakeSwap price": 0.000655069, "Duco SushiSwap price": 9.95036e-05, "Registered users": 22106, "All-time mined DUCO": 16466306.323420487, "Current difficulty": 125000, "Mined blocks": 34462963727, "Last block hash": "4847d2c5b0", "Kolka": {"Jailed": 24, "Banned": 672}, "Miner distribution": {"GPU": 0, "CPU": 2998, "RPi": 1892, "Phone": 164, "Web": 540, "ESP32": 10313, "ESP8266": 12394, "Arduino": 6187, "Other": 112, "All": 34600}, "Top 10 richest miners": ["3080631.256389671 DUCO - bscDUCO", "716466.6500902202 DUCO - coinexchange", "586781.6039841222 DUCO - NodeSBroker", "522520.1555491204 DUCO - 52Pickup", "401015.27432950045 DUCO - James_themac", "172627.89104597003 DUCO - celoDUCO", "170240.13285850236 DUCO - Bacman", "123387.18511437952 DUCO - amornlit", "119999.99999999892 DUCO - rootbori", "88537.28193242001 DUCO - caancom"]}