{"Active connections": 526, "All-time mined DUCO": 777044972.9920838, "Current difficulty": 200000, "DUCO-S1 hashrate": "1.717 GH/s", "Duco FluffySwap price": 2.1462e-05, "Duco Furim price": 0.0, "Duco Node-S price": 0.0, "Duco PancakeSwap price": 1.31425e-05, "Duco SunSwap price": 2.932e-05, "Duco SushiSwap price": 8.987494203495e-06, "Duco UbeSwap price": 1.568e-05, "Duco price": 3.472e-05, "Duco price BCH": 0.0, "Duco price NANO": 0.0, "Duco price TRX": 3.065e-05, "Duco price XMG": 3.472e-05, "Duino-Coin Server API": "github.com/revoxhere/duino-coin", "Kolka": {"Banned": 6032, "Jailed": 191}, "Last block hash": "8de4bc0b3fa1580ec7f3421feb9644fc8ead02b8", "Last sync": 1726079322.8451717, "Last update": "11/09/2024 18:28:43 (UTC)", "Mined blocks": 549880255389, "Miner distribution": {"All": 14667, "Arduino": 1855, "CPU": 720, "ESP32": 4930, "ESP8266": 5923, "GPU": 0, "Other": 10, "Phone": 33, "RPi": 1015, "Web": 181}, "Net energy usage": "11.77 kW", "Open threads": 28, "Pool hashrate": "1717.214 MH/s", "Registered users": 105921, "Server CPU usage": 70.5, "Server RAM usage": 64.4, "Server version": 4.0, "Top 10 richest miners": ["235441217.68801278 DUCO - coinexchange", "85495978.52646369 DUCO - bscDUCO", "35576240.569 DUCO - AlmarRido", "30855598.808 DUCO - Flowen1985", "20160690.628000002 DUCO - viviana80", "18317539.132 DUCO - bimbasimba94", "14928743.608601857 DUCO - aimbert", "14847133.194062889 DUCO - ctecrypto", "12721943.39257476 DUCO - QQ44142894", "11365365.348728942 DUCO - duinousa"], "XXHASH hashrate": "0 H/s"}