{"Duino-Coin Server API": "github.com/revoxhere/duino-coin", "Server version": 2.6, "Active connections": 10347, "Open threads": 25, "Server CPU usage": 51.2, "Server RAM usage": 35.5, "Last update": "17/08/2021 15:27:24 (UTC)", "Net energy usage": "87.79 kW", "Pool hashrate": "2.5417 GH/s", "DUCO-S1 hashrate": "2.5 GH/s", "XXHASH hashrate": "58.2 MH/s", "Duco price": 0.018767, "Duco price XMG": 0.01876683, "Duco price BCH": 0.00168235, "Duco price TRX": 0.0017946, "Duco price XRP": 0.002065, "Duco price DGB": 0.00204843, "Duco price NANO": 0.0015375, "Duco Node-S price": 0.018767, "Duco JustSwap price": 0.00719396, "Duco PancakeSwap price": 0.00420784, "Registered users": 20147, "All-time mined DUCO": 5824878.733055254, "Current difficulty": 454720, "Mined blocks": 10913401190, "Last block hash": "2eaa8498b1", "Kolka": {"Jailed": 0, "Banned": 417}, "Miner distribution": {"GPU": 3, "CPU": 7162, "RPi": 2122, "ESP32": 5146, "ESP8266": 7095, "Arduino": 3891, "Other": 272}, "Top 10 richest miners": ["552057.6295859279 DUCO - bscDUCO", "169742.1722203788 DUCO - Bacman", "133396.28377963256 DUCO - coinexchange", "114142.00374190864 DUCO - WannaCry", "113148.31825224147 DUCO - amornlit", "101401.23405974268 DUCO - 52Pickup", "86158.76379168684 DUCO - caancom", "52615.36703970125 DUCO - zero0", "50330.43375593974 DUCO - rootbori", "50288.45762651612 DUCO - duinocrfsh"]}