{"Active connections": 1070, "All-time mined DUCO": 748925814.0666426, "Current difficulty": 200000, "DUCO-S1 hashrate": "1.462 GH/s", "Duco FluffySwap price": 9.625e-06, "Duco Furim price": 0.0, "Duco Node-S price": 0.0, "Duco PancakeSwap price": 8.57789e-06, "Duco SunSwap price": 2.632e-05, "Duco SushiSwap price": 1.2962107682626e-05, "Duco UbeSwap price": 1.1191491992827553e-05, "Duco price": 2.632e-05, "Duco price BCH": 0.0, "Duco price NANO": 0.0, "Duco price TRX": 1.376e-05, "Duco price XMG": 1.31e-06, "Duino-Coin Server API": "github.com/revoxhere/duino-coin", "Kolka": {"Banned": 5991, "Jailed": 191}, "Last block hash": "8de4bc0b3fa1580ec7f3421feb9644fc8ead02b8", "Last sync": 1722092816.511826, "Last update": "27/07/2024 15:06:56 (UTC)", "Mined blocks": 538825809605, "Miner distribution": {"All": 15985, "Arduino": 2049, "CPU": 875, "ESP32": 5866, "ESP8266": 5868, "GPU": 0, "Other": 8, "Phone": 16, "RPi": 1145, "Web": 158}, "Net energy usage": "13.32 kW", "Open threads": 30, "Pool hashrate": "1461.631 MH/s", "Registered users": 104514, "Server CPU usage": 67.0, "Server RAM usage": 92.5, "Server version": 4.0, "Top 10 richest miners": ["245209794.14215544 DUCO - coinexchange", "81477088.50800352 DUCO - bscDUCO", "30000980.1298474 DUCO - AlmarRido", "24635208.6964704 DUCO - Flowen1985", "18660231.21068833 DUCO - aimbert", "18280977.178 DUCO - bimbasimba94", "16096358.288900001 DUCO - viviana80", "14847133.194062889 DUCO - ctecrypto", "12721940.59109726 DUCO - QQ44142894", "11341463.639728239 DUCO - duinousa"], "XXHASH hashrate": "0 H/s"}