{"Active connections": 1374, "All-time mined DUCO": 732886253.342892, "Current difficulty": 75000, "DUCO-S1 hashrate": "2.102 GH/s", "Duco FluffySwap price": 2.8e-06, "Duco Furim price": 0.0, "Duco Node-S price": 0.0, "Duco PancakeSwap price": 7.12905e-06, "Duco SunSwap price": 0.00014823, "Duco SushiSwap price": 1.04461e-05, "Duco UbeSwap price": 2.745467541750601e-05, "Duco price": 0.00014823, "Duco price BCH": 4e-06, "Duco price NANO": 1.79e-06, "Duco price TRX": 2.76e-06, "Duco price XMG": 0.0, "Duino-Coin Server API": "github.com/revoxhere/duino-coin", "Kolka": {"Banned": 1357, "Jailed": 121}, "Last block hash": "8de4bc0b3fa1580ec7f3421feb9644fc8ead02b8", "Last sync": 1683892724.6302488, "Last update": "12/05/2023 11:58:51 (UTC)", "Mined blocks": 400223641930, "Miner distribution": {"All": 24575, "Arduino": 2956, "CPU": 865, "ESP32": 10916, "ESP8266": 8090, "GPU": 0, "Other": 8, "Phone": 16, "RPi": 1472, "Web": 252}, "Net energy usage": "17.24 kW", "Open threads": 24, "Pool hashrate": "2101.894 MH/s", "Registered users": 92636, "Server CPU usage": 60.6, "Server RAM usage": 57.4, "Server version": 3.0, "Top 10 richest miners": ["495743830.67087966 DUCO - coinexchange", "434438994.6923243 DUCO - coinexchange", "55579431.04439265 DUCO - bscDUCO", "20119947.6942 DUCO - viviana80", "15115368.927099999 DUCO - Ochios", "14307210.461 DUCO - ctecrypto", "12720440.559071772 DUCO - QQ44142894", "10759939.638689265 DUCO - fiorella71", "8125736.123916335 DUCO - Orion_0x43b", "7201194.437776549 DUCO - msdo1006"], "XXHASH hashrate": "0 H/s"}