{"Active connections": 1710, "All-time mined DUCO": 61985506.55110712, "Current difficulty": 1000000, "DUCO-S1 hashrate": "4.9 GH/s", "Duco Furim price": 0.0, "Duco Node-S price": 0.0, "Duco PancakeSwap price": 6.6e-05, "Duco SunSwap price": 0.000133, "Duco SushiSwap price": 6.1e-05, "Duco price": 0.000133, "Duco price BCH": 7e-06, "Duco price NANO": 3.1e-05, "Duco price TRX": 5e-06, "Duco price XMG": 1.4e-05, "Duino-Coin Server API": "github.com/revoxhere/duino-coin", "Kolka": {"Banned": 635, "Jailed": 34}, "Last block hash": "2eb3f8271cd947cdd6469be145558a7bcb72e0d9", "Last sync": 1648626180.6906312, "Last update": "30/03/2022 07:43:02 (UTC)", "Mined blocks": 143012854829, "Miner distribution": {"All": 41600, "Arduino": 6969, "CPU": 3746, "ESP32": 12869, "ESP8266": 14664, "GPU": 0, "Other": 36, "Phone": 171, "RPi": 2453, "Web": 692}, "Net energy usage": "42.31 kW", "Open threads": 21, "Pool hashrate": "4934.31 MH/s", "Registered users": 66862, "Server CPU usage": 38.3, "Server RAM usage": 62.2, "Server version": 3.0, "Top 10 richest miners": ["23351329.20041564 DUCO - bscDUCO", "9027048.415869802 DUCO - Ochios", "8000000.269761559 DUCO - miningvir", "3757994.509313159 DUCO - coinexchange", "3250092.351695432 DUCO - miyan001", "2453550.087773999 DUCO - ifdeduco", "1209838.627673189 DUCO - James_themac", "1202215.1820308624 DUCO - juanjefraire", "1200001.40117249 DUCO - amornlit", "1000292.5078259985 DUCO - DarYo"], "XXHASH hashrate": "0 H/s"}