{"Active connections": 1305, "All-time mined DUCO": 19183983.439503506, "Current difficulty": 75000, "DUCO-S1 hashrate": "1748.3 MH/s", "Duco JustSwap price": 8.453e-05, "Duco Node-S price": 2.1e-05, "Duco PancakeSwap price": 0.000471918, "Duco SushiSwap price": 0.000116574, "Duco price": 0.000471918, "Duco price BCH": 2.153e-05, "Duco price NANO": 1.369e-05, "Duco price TRX": 7.623e-05, "Duco price XMG": 0.00032298, "Duino-Coin Server API": "github.com/revoxhere/duino-coin", "Kolka": {"Banned": 766, "Jailed": 24}, "Last block hash": "2eb3f8271c", "Last sync": 1641261961.7463474, "Last update": "04/01/2022 02:06:01 (UTC)", "Mined blocks": 76837309444, "Miner distribution": {"All": 34483, "Arduino": 6645, "CPU": 4746, "ESP32": 9243, "ESP8266": 9076, "GPU": 0, "Other": 10, "Phone": 385, "RPi": 2453, "Web": 1925}, "Net energy usage": "45.54 kW", "Open threads": 21, "Pool hashrate": "1748.34 MH/s", "Registered users": 36772, "Server CPU usage": 66.6, "Server RAM usage": 37.8, "Server version": 2.7, "Top 10 richest miners": ["6024164.728818329 DUCO - bscDUCO", "530781.5372981913 DUCO - NodeSBroker", "397162.15067505674 DUCO - James_themac", "305897.694699639 DUCO - bimbasimba94", "300520.321607231 DUCO - 52Pickup", "203874.64124778754 DUCO - maticDUCO", "190582.057104081 DUCO - celoDUCO", "170241.298916613 DUCO - Bacman", "120000.999999999 DUCO - rootbori", "101512.98781049454 DUCO - haxorcitoz"], "XXHASH hashrate": "0 H/s"}