{"Active connections": 679, "All-time mined DUCO": 194903505.15462807, "Current difficulty": 75000, "DUCO-S1 hashrate": "2.2 GH/s", "Duco FluffySwap price": 3.6819999999999996e-06, "Duco Furim price": 0.0, "Duco Node-S price": 0.0, "Duco PancakeSwap price": 2.40111e-05, "Duco SunSwap price": 6.301e-05, "Duco SushiSwap price": 8.26598e-06, "Duco UbeSwap price": 2.8687163822298956e-05, "Duco price": 6.301e-05, "Duco price BCH": 5.26e-06, "Duco price NANO": 3.59e-06, "Duco price TRX": 5.22e-06, "Duco price XMG": 0.0, "Duino-Coin Server API": "github.com/revoxhere/duino-coin", "Kolka": {"Banned": 1329, "Jailed": 114}, "Last block hash": "8de4bc0b3fa1580ec7f3421feb9644fc8ead02b8", "Last sync": 1677805422.6371083, "Last update": "03/03/2023 01:03:46 (UTC)", "Mined blocks": 364146953681, "Miner distribution": {"All": 30269, "Arduino": 3759, "CPU": 872, "ESP32": 11593, "ESP8266": 12090, "GPU": 0, "Other": 6, "Phone": 17, "RPi": 1568, "Web": 364}, "Net energy usage": "20.0 kW", "Open threads": 24, "Pool hashrate": "2215.26 MH/s", "Registered users": 89722, "Server CPU usage": 42.0, "Server RAM usage": 32.5, "Server version": 3.0, "Top 10 richest miners": ["506790134.26172054 DUCO - coinexchange", "41885570.794576176 DUCO - bscDUCO", "20119946.6942 DUCO - viviana80", "15115364.7271 DUCO - Ochios", "12283086.27 DUCO - infternet", "11692429.559071772 DUCO - QQ44142894", "10759939.638689265 DUCO - fiorella71", "8125736.123916335 DUCO - Orion_0x43b", "6822414.502694512 DUCO - lordachoo", "5390317.239189138 DUCO - msdo1006"], "XXHASH hashrate": "0 H/s"}