{"Active connections": 2471, "All-time mined DUCO": 20202811.99149797, "Current difficulty": 1000000, "DUCO-S1 hashrate": "3878.5 MH/s", "Duco JustSwap price": 0.00026156, "Duco Node-S price": 2.1e-05, "Duco PancakeSwap price": 0.000322114, "Duco SushiSwap price": 0.000650466, "Duco price": 0.00084914, "Duco price BCH": 2.082e-05, "Duco price NANO": 1.094e-05, "Duco price TRX": 8.483e-05, "Duco price XMG": 0.00083184, "Duino-Coin Server API": "github.com/revoxhere/duino-coin", "Kolka": {"Banned": 772, "Jailed": 28}, "Last block hash": "2eb3f8271c", "Last sync": 1642523502.4842448, "Last update": "18/01/2022 16:31:42 (UTC)", "Mined blocks": 86735294771, "Miner distribution": {"All": 38829, "Arduino": 7033, "CPU": 5613, "ESP32": 9183, "ESP8266": 11722, "GPU": 0, "Other": 16, "Phone": 377, "RPi": 2935, "Web": 1950}, "Net energy usage": "53.2 kW", "Open threads": 21, "Pool hashrate": "3878.47 MH/s", "Registered users": 47296, "Server CPU usage": 51.0, "Server RAM usage": 37.5, "Server version": 2.7, "Top 10 richest miners": ["6505819.851642073 DUCO - bscDUCO", "532475.820632083 DUCO - NodeSBroker", "443701.9179887741 DUCO - bimbasimba94", "440018.83840452996 DUCO - miningvir", "397162.15067505674 DUCO - James_themac", "205325.79335569395 DUCO - maticDUCO", "190583.057104081 DUCO - celoDUCO", "170241.298916613 DUCO - Bacman", "131754.97307866905 DUCO - haxorcitoz", "120000.999999999 DUCO - rootbori"], "XXHASH hashrate": "0 H/s"}