{"Active connections": 886, "All-time mined DUCO": 85415919.23233993, "Current difficulty": 1000000, "DUCO-S1 hashrate": "3.2 GH/s", "Duco Furim price": 0.0, "Duco Node-S price": 0.0, "Duco PancakeSwap price": 2.6e-05, "Duco SunSwap price": 4.1e-05, "Duco SushiSwap price": 1.3e-05, "Duco UbeSwap price": 2.8e-05, "Duco price": 0.000291, "Duco price BCH": 1.7e-05, "Duco price NANO": 1.3e-05, "Duco price TRX": 1.6e-05, "Duco price XMG": 3.6e-05, "Duino-Coin Server API": "github.com/revoxhere/duino-coin", "Kolka": {"Banned": 919, "Jailed": 54}, "Last block hash": "2eb3f8271cd947cdd6469be145558a7bcb72e0d9", "Last sync": 1656020508.837293, "Last update": "23/06/2022 21:41:50 (UTC)", "Mined blocks": 208359242534, "Miner distribution": {"All": 39184, "Arduino": 5341, "CPU": 2558, "ESP32": 13356, "ESP8266": 15867, "GPU": 0, "Other": 87, "Phone": 115, "RPi": 1583, "Web": 277}, "Net energy usage": "33.41 kW", "Open threads": 21, "Pool hashrate": "3239.1 MH/s", "Registered users": 72918, "Server CPU usage": 38.4, "Server RAM usage": 39.5, "Server version": 3.0, "Top 10 richest miners": ["35992883.98633014 DUCO - bscDUCO", "16868016.799999997 DUCO - Ochios", "7752078.773418021 DUCO - ctecrypto", "6974991.289071771 DUCO - QQ44142894", "5784042.023655772 DUCO - renderman", "4006561.6412628326 DUCO - Demoel", "2368507.0 DUCO - Brunomoyses23", "2210288.9385462017 DUCO - vyrdudji", "2070152.565 DUCO - CryptSino_Exchange", "1856145.3433966988 DUCO - coinexchange"], "XXHASH hashrate": "0 H/s"}