{"Duino-Coin Server API": "github.com/revoxhere/duino-coin", "Server version": 2.7, "Active connections": 7219, "Open threads": 23, "Server CPU usage": 51.5, "Server RAM usage": 34.9, "Last update": "25/09/2021 08:05:43 (UTC)", "Net energy usage": "69.42 kW", "Pool hashrate": "1542.3254 MH/s", "DUCO-S1 hashrate": "1508.4 MH/s", "XXHASH hashrate": "33.9 MH/s", "Duco price": 0.00105341, "Duco price XMG": 0.00085084, "Duco price BCH": 0.00077037, "Duco price RVN": 0.00068352, "Duco price TRX": 0.00045919, "Duco price XRP": 0.00032978, "Duco price DGB": 0.00062472, "Duco price NANO": 0.00067715, "Duco price FJC": 0.00076532, "Duco Node-S price": 0.000391, "Duco JustSwap price": 0.00041788, "Duco PancakeSwap price": 0.00105341, "Duco SushiSwap price": 0.000693224, "Registered users": 18707, "All-time mined DUCO": 11862412.901441464, "Current difficulty": 911993, "Mined blocks": 21887850075, "Last block hash": "730b6127b9", "Kolka": {"Jailed": 24, "Banned": 642}, "Miner distribution": {"GPU": 1, "CPU": 3797, "RPi": 2378, "Phone": 260, "Web": 1046, "ESP32": 10343, "ESP8266": 12366, "Arduino": 6326, "Other": 94}, "Top 10 richest miners": ["2278103.1401616535 DUCO - bscDUCO", "931238.6673714254 DUCO - James_themac", "521500.1558491204 DUCO - 52Pickup", "170240.13285850236 DUCO - Bacman", "133601.10104597002 DUCO - celoDUCO", "123387.18511437952 DUCO - amornlit", "121311.95144731192 DUCO - rootbori", "100020.2338336877 DUCO - bimbasimba94", "86763.30035932167 DUCO - caancom", "67049.7853744245 DUCO - giveaways"]}