{"Active connections": 1175, "All-time mined DUCO": 744621862.9800391, "Current difficulty": 200000, "DUCO-S1 hashrate": "1.554 GH/s", "Duco FluffySwap price": 9.401e-06, "Duco Furim price": 0.0, "Duco Node-S price": 0.0, "Duco PancakeSwap price": 8.57789e-06, "Duco SunSwap price": 2.57e-05, "Duco SushiSwap price": 1.2962107682626e-05, "Duco UbeSwap price": 1.1191491992827553e-05, "Duco price": 2.57e-05, "Duco price BCH": 0.0, "Duco price NANO": 0.0, "Duco price TRX": 1.343e-05, "Duco price XMG": 1.31e-06, "Duino-Coin Server API": "github.com/revoxhere/duino-coin", "Kolka": {"Banned": 5991, "Jailed": 191}, "Last block hash": "8de4bc0b3fa1580ec7f3421feb9644fc8ead02b8", "Last sync": 1721486574.1637566, "Last update": "20/07/2024 14:42:54 (UTC)", "Mined blocks": 537043231566, "Miner distribution": {"All": 18207, "Arduino": 2211, "CPU": 889, "ESP32": 7805, "ESP8266": 5970, "GPU": 0, "Other": 12, "Phone": 5, "RPi": 1134, "Web": 181}, "Net energy usage": "14.27 kW", "Open threads": 27, "Pool hashrate": "1554.227 MH/s", "Registered users": 104294, "Server CPU usage": 68.6, "Server RAM usage": 91.3, "Server version": 4.0, "Top 10 richest miners": ["247390200.03618473 DUCO - coinexchange", "81473387.50800352 DUCO - bscDUCO", "30000991.1298474 DUCO - AlmarRido", "24635208.6964704 DUCO - Flowen1985", "18660226.832638856 DUCO - aimbert", "18280977.178 DUCO - bimbasimba94", "16096358.288900001 DUCO - viviana80", "14847133.194062889 DUCO - ctecrypto", "12721940.59109726 DUCO - QQ44142894", "11341222.431586126 DUCO - duinousa"], "XXHASH hashrate": "0 H/s"}