{"Active connections": 941, "All-time mined DUCO": 84695504.23303464, "Current difficulty": 1000000, "DUCO-S1 hashrate": "2.8 GH/s", "Duco Furim price": 0.0, "Duco Node-S price": 0.0, "Duco PancakeSwap price": 2.8e-05, "Duco SunSwap price": 4.6e-05, "Duco SushiSwap price": 2.5e-05, "Duco UbeSwap price": 3.7e-05, "Duco price": 0.000117, "Duco price BCH": 2.3e-05, "Duco price NANO": 1.9e-05, "Duco price TRX": 1.7e-05, "Duco price XMG": 0.000117, "Duino-Coin Server API": "github.com/revoxhere/duino-coin", "Kolka": {"Banned": 928, "Jailed": 69}, "Last block hash": "2eb3f8271cd947cdd6469be145558a7bcb72e0d9", "Last sync": 1658128947.8368516, "Last update": "18/07/2022 07:22:28 (UTC)", "Mined blocks": 225373100592, "Miner distribution": {"All": 36134, "Arduino": 4412, "CPU": 2124, "ESP32": 12374, "ESP8266": 15363, "GPU": 0, "Other": 65, "Phone": 74, "RPi": 1426, "Web": 296}, "Net energy usage": "29.6 kW", "Open threads": 22, "Pool hashrate": "2828.39 MH/s", "Registered users": 74501, "Server CPU usage": 36.2, "Server RAM usage": 59.1, "Server version": 3.2, "Top 10 richest miners": ["49022785.197396696 DUCO - coinexchange", "37318424.622689165 DUCO - bscDUCO", "16888317.427 DUCO - Ochios", "7753946.802644094 DUCO - ctecrypto", "6974991.289071771 DUCO - QQ44142894", "3883539.22652821 DUCO - renderman", "2368507.0 DUCO - Brunomoyses23", "2210288.9385462017 DUCO - vyrdudji", "2070152.565 DUCO - CryptSino_Exchange", "1423464.5421398599 DUCO - maticDUCO"], "XXHASH hashrate": "0 H/s"}