{"Active connections": 885, "All-time mined DUCO": 157705345.09140453, "Current difficulty": 75000, "DUCO-S1 hashrate": "2.7 GH/s", "Duco FluffySwap price": 1.1745999999999999e-05, "Duco Furim price": 0.0, "Duco Node-S price": 0.0, "Duco PancakeSwap price": 5.20473e-05, "Duco SunSwap price": 4.89e-05, "Duco SushiSwap price": 1.61159e-05, "Duco UbeSwap price": 2.9311039484286864e-05, "Duco price": 5.20473e-05, "Duco price BCH": 1.679e-05, "Duco price NANO": 7.75e-06, "Duco price TRX": 5.34e-06, "Duco price XMG": 0.0, "Duino-Coin Server API": "github.com/revoxhere/duino-coin", "Kolka": {"Banned": 1178, "Jailed": 90}, "Last block hash": "8de4bc0b3fa1580ec7f3421feb9644fc8ead02b8", "Last sync": 1670207690.0475445, "Last update": "05/12/2022 02:34:55 (UTC)", "Mined blocks": 315781175962, "Miner distribution": {"All": 34849, "Arduino": 3846, "CPU": 1375, "ESP32": 13083, "ESP8266": 14407, "GPU": 0, "Other": 15, "Phone": 49, "RPi": 1704, "Web": 370}, "Net energy usage": "25.16 kW", "Open threads": 24, "Pool hashrate": "2747.55 MH/s", "Registered users": 84780, "Server CPU usage": 49.3, "Server RAM usage": 35.6, "Server version": 3.0, "Top 10 richest miners": ["38531229.63978844 DUCO - bscDUCO", "20119945.00125 DUCO - viviana80", "14965353.225385074 DUCO - Ochios", "11692429.559071772 DUCO - QQ44142894", "10759939.638689265 DUCO - fiorella71", "8125584.923827332 DUCO - Orion_0x43b", "7470017.026 DUCO - RNGesus", "7204677.020791364 DUCO - coinexchange", "4267666.823 DUCO - Demoel", "4197893.688 DUCO - AlmarRido"], "XXHASH hashrate": "0 H/s"}