{"Active connections": 1121, "All-time mined DUCO": 85198164.74450725, "Current difficulty": 75000, "DUCO-S1 hashrate": "3.2 GH/s", "Duco Furim price": 0.0, "Duco Node-S price": 0.0, "Duco PancakeSwap price": 3.4e-05, "Duco SunSwap price": 0.000159, "Duco SushiSwap price": 2.8e-05, "Duco UbeSwap price": 2.9e-05, "Duco price": 0.000604, "Duco price BCH": 3.8e-05, "Duco price NANO": 2.7e-05, "Duco price TRX": 2.8e-05, "Duco price XMG": 0.000601, "Duino-Coin Server API": "github.com/revoxhere/duino-coin", "Kolka": {"Banned": 981, "Jailed": 80}, "Last block hash": "2eb3f8271cd947cdd6469be145558a7bcb72e0d9", "Last sync": 1662082509.8795123, "Last update": "02/09/2022 01:35:14 (UTC)", "Mined blocks": 252050282835, "Miner distribution": {"All": 37847, "Arduino": 4675, "CPU": 2640, "ESP32": 13368, "ESP8266": 15541, "GPU": 0, "Other": 14, "Phone": 47, "RPi": 1146, "Web": 416}, "Net energy usage": "32.99 kW", "Open threads": 22, "Pool hashrate": "3167.19 MH/s", "Registered users": 77539, "Server CPU usage": 42.4, "Server RAM usage": 57.8, "Server version": 3.0, "Top 10 richest miners": ["42368691.258514926 DUCO - bscDUCO", "26317325.27853224 DUCO - coinexchange", "15964250.693 DUCO - Ochios", "6974991.289071771 DUCO - QQ44142894", "4020924.396334288 DUCO - Demoel", "2368507.0 DUCO - Brunomoyses23", "2210288.919161586 DUCO - vyrdudji", "2059946.798120224 DUCO - renderman", "1528143.8314821827 DUCO - maticDUCO", "1500669.775111832 DUCO - giveaways"], "XXHASH hashrate": "0 H/s"}