{"Active connections": 1020, "All-time mined DUCO": 157559014.16282678, "Current difficulty": 75000, "DUCO-S1 hashrate": "2.7 GH/s", "Duco FluffySwap price": 1.2179999999999999e-05, "Duco Furim price": 0.0, "Duco Node-S price": 0.0, "Duco PancakeSwap price": 5.20473e-05, "Duco SunSwap price": 4.905e-05, "Duco SushiSwap price": 1.61159e-05, "Duco UbeSwap price": 2.9311039484286864e-05, "Duco price": 5.20473e-05, "Duco price BCH": 1.74e-05, "Duco price NANO": 7.83e-06, "Duco price TRX": 5.36e-06, "Duco price XMG": 0.0, "Duino-Coin Server API": "github.com/revoxhere/duino-coin", "Kolka": {"Banned": 1180, "Jailed": 90}, "Last block hash": "8de4bc0b3fa1580ec7f3421feb9644fc8ead02b8", "Last sync": 1670251138.2179394, "Last update": "05/12/2022 14:39:01 (UTC)", "Mined blocks": 316085151782, "Miner distribution": {"All": 34279, "Arduino": 3769, "CPU": 1375, "ESP32": 12888, "ESP8266": 14176, "GPU": 0, "Other": 16, "Phone": 26, "RPi": 1683, "Web": 346}, "Net energy usage": "24.89 kW", "Open threads": 24, "Pool hashrate": "2700.27 MH/s", "Registered users": 84816, "Server CPU usage": 53.7, "Server RAM usage": 36.0, "Server version": 3.0, "Top 10 richest miners": ["38531229.63978844 DUCO - bscDUCO", "20119945.00125 DUCO - viviana80", "14965353.225385074 DUCO - Ochios", "11692429.559071772 DUCO - QQ44142894", "10759939.638689265 DUCO - fiorella71", "8125587.013323895 DUCO - Orion_0x43b", "7205150.125791364 DUCO - coinexchange", "4267666.823 DUCO - Demoel", "4197893.688 DUCO - AlmarRido", "2368507.0 DUCO - Brunomoyses23"], "XXHASH hashrate": "0 H/s"}