{"Active connections": 1258, "All-time mined DUCO": 56361973.96180688, "Current difficulty": 1000000, "DUCO-S1 hashrate": "4.2 GH/s", "Duco Furim price": 0.0, "Duco Node-S price": 0.0, "Duco PancakeSwap price": 5.7e-05, "Duco SunSwap price": 0.000149, "Duco SushiSwap price": 1.6e-05, "Duco UbeSwap price": 0.000102, "Duco price": 0.000162, "Duco price BCH": 9e-06, "Duco price NANO": 4.4e-05, "Duco price TRX": 1.7e-05, "Duco price XMG": 6.2e-05, "Duino-Coin Server API": "github.com/revoxhere/duino-coin", "Kolka": {"Banned": 765, "Jailed": 48}, "Last block hash": "2eb3f8271cd947cdd6469be145558a7bcb72e0d9", "Last sync": 1651528587.858936, "Last update": "02/05/2022 21:56:30 (UTC)", "Mined blocks": 168782120846, "Miner distribution": {"All": 40129, "Arduino": 6070, "CPU": 3495, "ESP32": 12990, "ESP8266": 15283, "GPU": 0, "Other": 82, "Phone": 162, "RPi": 2034, "Web": 13}, "Net energy usage": "39.51 kW", "Open threads": 21, "Pool hashrate": "4245.8 MH/s", "Registered users": 72018, "Server CPU usage": 31.2, "Server RAM usage": 28.1, "Server version": 3.0, "Top 10 richest miners": ["24194115.391258266 DUCO - bscDUCO", "6303650.305377089 DUCO - Ochios", "3633842.5774254114 DUCO - QQ44142894", "2210288.9385462017 DUCO - vyrdudji", "2100530.6945775906 DUCO - varanese67", "1812426.0220304665 DUCO - coinexchange", "1453214.3490399483 DUCO - maticDUCO", "1209839.3105654893 DUCO - James_themac", "1203127.4547189518 DUCO - ivanrpz", "957862.041223795 DUCO - econnaty"], "XXHASH hashrate": "0 H/s"}