{"Active connections": 1221, "All-time mined DUCO": 19668167.84782252, "Current difficulty": 75000, "DUCO-S1 hashrate": "1578.2 MH/s", "Duco JustSwap price": 8.56e-05, "Duco Node-S price": 2.1e-05, "Duco PancakeSwap price": 0.000471918, "Duco SushiSwap price": 0.000116574, "Duco price": 0.000471918, "Duco price BCH": 2.231e-05, "Duco price NANO": 1.339e-05, "Duco price TRX": 7.719e-05, "Duco price XMG": 0.00024823, "Duino-Coin Server API": "github.com/revoxhere/duino-coin", "Kolka": {"Banned": 757, "Jailed": 24}, "Last block hash": "2eb3f8271c", "Last sync": 1641130542.2165017, "Last update": "02/01/2022 13:35:42 (UTC)", "Mined blocks": 75635495312, "Miner distribution": {"All": 30036, "Arduino": 6051, "CPU": 4251, "ESP32": 7694, "ESP8266": 8025, "GPU": 0, "Other": 33, "Phone": 535, "RPi": 1890, "Web": 1557}, "Net energy usage": "39.87 kW", "Open threads": 21, "Pool hashrate": "1578.22 MH/s", "Registered users": 35391, "Server CPU usage": 61.8, "Server RAM usage": 32.4, "Server version": 2.7, "Top 10 richest miners": ["5445293.363127295 DUCO - bscDUCO", "530779.5372981913 DUCO - NodeSBroker", "397162.15067505674 DUCO - James_themac", "305886.2570129285 DUCO - bimbasimba94", "300520.321607231 DUCO - 52Pickup", "299601.01035819284 DUCO - bloomindark", "212682.71432993756 DUCO - maticDUCO", "203776.0162713289 DUCO - coinexchange", "190582.057104081 DUCO - celoDUCO", "170241.298916613 DUCO - Bacman"], "XXHASH hashrate": "0 H/s"}