{"Active connections": 354, "All-time mined DUCO": 778825893.6947296, "Current difficulty": 200000, "DUCO-S1 hashrate": "1.956 GH/s", "Duco FluffySwap price": 0.0, "Duco Furim price": 0.0, "Duco Node-S price": 0.0, "Duco PancakeSwap price": 0.0, "Duco SunSwap price": 0.0, "Duco SushiSwap price": 0.0, "Duco UbeSwap price": 0.0, "Duco price": 3.468e-05, "Duco price BCH": 0.0, "Duco price NANO": 0.0, "Duco price TRX": 2.993e-05, "Duco price XMG": 3.468e-05, "Duino-Coin Server API": "github.com/revoxhere/duino-coin", "Kolka": {"Banned": 6027, "Jailed": 191}, "Last block hash": "8de4bc0b3fa1580ec7f3421feb9644fc8ead02b8", "Last sync": 1725478977.9928436, "Last update": "04/09/2024 19:42:58 (UTC)", "Mined blocks": 548236114936, "Miner distribution": {"All": 14861, "Arduino": 1854, "CPU": 807, "ESP32": 4899, "ESP8266": 6020, "GPU": 0, "Other": 11, "Phone": 3, "RPi": 1078, "Web": 189}, "Net energy usage": "12.46 kW", "Open threads": 27, "Pool hashrate": "1956.142 MH/s", "Registered users": 105721, "Server CPU usage": 57.4, "Server RAM usage": 60.4, "Server version": 4.0, "Top 10 richest miners": ["235434433.5798855 DUCO - coinexchange", "85495877.52646369 DUCO - bscDUCO", "35576240.569 DUCO - AlmarRido", "30855598.808 DUCO - Flowen1985", "20160690.628000002 DUCO - viviana80", "18317539.132 DUCO - bimbasimba94", "14928228.633224599 DUCO - aimbert", "14847133.194062889 DUCO - ctecrypto", "14206542.577802502 DUCO - duinousa", "12721943.39257476 DUCO - QQ44142894"], "XXHASH hashrate": "0 H/s"}