{"Active connections": 1582, "All-time mined DUCO": 97532858.5936937, "Current difficulty": 75000, "DUCO-S1 hashrate": "3.1 GH/s", "Duco FluffySwap price": 2e-05, "Duco Furim price": 0.0, "Duco Node-S price": 0.0, "Duco PancakeSwap price": 3.6e-05, "Duco SunSwap price": 8.5e-05, "Duco SushiSwap price": 1.5e-05, "Duco UbeSwap price": 2.9e-05, "Duco price": 0.000133, "Duco price BCH": 2.9e-05, "Duco price NANO": 1.1e-05, "Duco price TRX": 1.5e-05, "Duco price XMG": 0.000133, "Duino-Coin Server API": "github.com/revoxhere/duino-coin", "Kolka": {"Banned": 1080, "Jailed": 82}, "Last block hash": "2eb3f8271cd947cdd6469be145558a7bcb72e0d9", "Last sync": 1664650095.9146168, "Last update": "01/10/2022 18:48:17 (UTC)", "Mined blocks": 271785303496, "Miner distribution": {"All": 39442, "Arduino": 4607, "CPU": 2389, "ESP32": 13919, "ESP8266": 17010, "GPU": 0, "Other": 22, "Phone": 24, "RPi": 1196, "Web": 275}, "Net energy usage": "32.3 kW", "Open threads": 22, "Pool hashrate": "3142.5 MH/s", "Registered users": 80095, "Server CPU usage": 42.4, "Server RAM usage": 53.8, "Server version": 3.0, "Top 10 richest miners": ["48766286.56555955 DUCO - coinexchange", "39687113.437422335 DUCO - bscDUCO", "15965314.016999999 DUCO - Ochios", "6974991.289071771 DUCO - QQ44142894", "4075220.2860000003 DUCO - AlmarRido", "2575305.51356097 DUCO - ThePurpleMadMan", "2368507.0 DUCO - Brunomoyses23", "2210288.919161586 DUCO - vyrdudji", "1868400.6935986995 DUCO - renderman", "1761144.640384309 DUCO - giveaways"], "XXHASH hashrate": "0 H/s"}