{"Active connections": 1141, "All-time mined DUCO": 754863142.9472319, "Current difficulty": 200000, "DUCO-S1 hashrate": "3.688 GH/s", "Duco FluffySwap price": 1.736e-05, "Duco Furim price": 0.0, "Duco Node-S price": 0.0, "Duco PancakeSwap price": 0.0, "Duco SunSwap price": 2.374e-05, "Duco SushiSwap price": 0.0, "Duco UbeSwap price": 0.0, "Duco price": 2.482e-05, "Duco price BCH": 0.0, "Duco price NANO": 0.0, "Duco price TRX": 2.482e-05, "Duco price XMG": 2.246e-05, "Duino-Coin Server API": "github.com/revoxhere/duino-coin", "Kolka": {"Banned": 6012, "Jailed": 190}, "Last block hash": "8de4bc0b3fa1580ec7f3421feb9644fc8ead02b8", "Last sync": 1723049112.4577613, "Last update": "07/08/2024 16:45:12 (UTC)", "Mined blocks": 541620397315, "Miner distribution": {"All": 14926, "Arduino": 1956, "CPU": 778, "ESP32": 4821, "ESP8266": 6076, "GPU": 0, "Other": 11, "Phone": 56, "RPi": 1058, "Web": 170}, "Net energy usage": "12.26 kW", "Open threads": 27, "Pool hashrate": "3687.983 MH/s", "Registered users": 104877, "Server CPU usage": 61.5, "Server RAM usage": 97.2, "Server version": 4.0, "Top 10 richest miners": ["241766366.38339543 DUCO - coinexchange", "81977128.19825932 DUCO - bscDUCO", "30855598.808 DUCO - Flowen1985", "28000980.1298474 DUCO - AlmarRido", "18280977.178 DUCO - bimbasimba94", "16096358.288900001 DUCO - viviana80", "14928188.227312483 DUCO - aimbert", "14847133.194062889 DUCO - ctecrypto", "12721940.59109726 DUCO - QQ44142894", "11341911.217206808 DUCO - duinousa"], "XXHASH hashrate": "0 H/s"}