{"Active connections": 987, "All-time mined DUCO": 189880213.58324605, "Current difficulty": 75000, "DUCO-S1 hashrate": "2.6 GH/s", "Duco FluffySwap price": 1.0773e-05, "Duco Furim price": 0.0, "Duco Node-S price": 0.0, "Duco PancakeSwap price": 4.86354e-05, "Duco SunSwap price": 5.011e-05, "Duco SushiSwap price": 1.41803e-05, "Duco UbeSwap price": 2.9070350918275183e-05, "Duco price": 5.011e-05, "Duco price BCH": 1.541e-05, "Duco price NANO": 7e-06, "Duco price TRX": 5.48e-06, "Duco price XMG": 0.0, "Duino-Coin Server API": "github.com/revoxhere/duino-coin", "Kolka": {"Banned": 1196, "Jailed": 93}, "Last block hash": "8de4bc0b3fa1580ec7f3421feb9644fc8ead02b8", "Last sync": 1671319669.5427344, "Last update": "17/12/2022 23:27:53 (UTC)", "Mined blocks": 323246734029, "Miner distribution": {"All": 34283, "Arduino": 3734, "CPU": 1323, "ESP32": 12994, "ESP8266": 14044, "GPU": 0, "Other": 14, "Phone": 54, "RPi": 1682, "Web": 438}, "Net energy usage": "24.63 kW", "Open threads": 24, "Pool hashrate": "2594.17 MH/s", "Registered users": 85503, "Server CPU usage": 46.8, "Server RAM usage": 55.0, "Server version": 3.0, "Top 10 richest miners": ["38976164.63978844 DUCO - bscDUCO", "20119945.00125 DUCO - viviana80", "14965353.225385074 DUCO - Ochios", "13674178.62498448 DUCO - ctecrypto", "11692429.559071772 DUCO - QQ44142894", "10759939.638689265 DUCO - fiorella71", "8555254.87 DUCO - Flowen1985", "8125728.54123065 DUCO - Orion_0x43b", "4267666.823 DUCO - Demoel", "4094239.3669 DUCO - AlmarRido"], "XXHASH hashrate": "0 H/s"}