{"Active connections": 955, "All-time mined DUCO": 756630448.5244588, "Current difficulty": 200000, "DUCO-S1 hashrate": "1.462 GH/s", "Duco FluffySwap price": 9.652999999999999e-06, "Duco Furim price": 0.0, "Duco Node-S price": 0.0, "Duco PancakeSwap price": 1.42855e-05, "Duco SunSwap price": 2.638e-05, "Duco SushiSwap price": 9.464632013668e-06, "Duco UbeSwap price": 0.0, "Duco price": 2.638e-05, "Duco price BCH": 0.0, "Duco price NANO": 0.0, "Duco price TRX": 1.379e-05, "Duco price XMG": 0.0, "Duino-Coin Server API": "github.com/revoxhere/duino-coin", "Kolka": {"Banned": 5991, "Jailed": 191}, "Last block hash": "8de4bc0b3fa1580ec7f3421feb9644fc8ead02b8", "Last sync": 1722302126.5527115, "Last update": "30/07/2024 01:15:26 (UTC)", "Mined blocks": 539438714376, "Miner distribution": {"All": 16240, "Arduino": 2025, "CPU": 916, "ESP32": 5993, "ESP8266": 6018, "GPU": 0, "Other": 9, "Phone": 0, "RPi": 1118, "Web": 161}, "Net energy usage": "13.65 kW", "Open threads": 27, "Pool hashrate": "1462.299 MH/s", "Registered users": 104609, "Server CPU usage": 65.0, "Server RAM usage": 91.4, "Server version": 4.0, "Top 10 richest miners": ["244088118.9115755 DUCO - coinexchange", "81477127.19825932 DUCO - bscDUCO", "30855598.808 DUCO - Flowen1985", "30000980.1298474 DUCO - AlmarRido", "18660231.901031207 DUCO - aimbert", "18280977.178 DUCO - bimbasimba94", "16096358.288900001 DUCO - viviana80", "14847133.194062889 DUCO - ctecrypto", "12721940.59109726 DUCO - QQ44142894", "11341572.01776629 DUCO - duinousa"], "XXHASH hashrate": "0 H/s"}