{"Active connections": 578, "All-time mined DUCO": 1072525144.1967396, "Current difficulty": 75000, "DUCO-S1 hashrate": "1.569 GH/s", "Duco FluffySwap price": 3.829e-06, "Duco Furim price": 0.0, "Duco Node-S price": 0.0, "Duco PancakeSwap price": 1.13133e-05, "Duco SunSwap price": 0.00011102, "Duco SushiSwap price": 1.56361e-05, "Duco UbeSwap price": 2.7898752414944825e-05, "Duco price": 0.00011102, "Duco price BCH": 5.45e-06, "Duco price NANO": 1.15e-06, "Duco price TRX": 1.63e-06, "Duco price XMG": 0.0, "Duino-Coin Server API": "github.com/revoxhere/duino-coin", "Kolka": {"Banned": 5739, "Jailed": 144}, "Last block hash": "8de4bc0b3fa1580ec7f3421feb9644fc8ead02b8", "Last sync": 1689293634.8186877, "Last update": "14/07/2023 00:14:04 (UTC)", "Mined blocks": 426831880534, "Miner distribution": {"All": 19690, "Arduino": 2160, "CPU": 598, "ESP32": 8633, "ESP8266": 7298, "GPU": 1, "Other": 10, "Phone": 18, "RPi": 972, "Web": 0}, "Net energy usage": "13.03 kW", "Open threads": 24, "Pool hashrate": "1569.494 MH/s", "Registered users": 94354, "Server CPU usage": 31.4, "Server RAM usage": 34.6, "Server version": 3.0, "Top 10 richest miners": ["495743830.67087966 DUCO - coinexchange", "385449359.2888502 DUCO - coinexchange", "50363867.80947695 DUCO - bscDUCO", "36165869.197 DUCO - AlmarRido", "24326348.334 DUCO - Flowen1985", "20119947.6942 DUCO - viviana80", "15115368.927099999 DUCO - Ochios", "12720440.559071772 DUCO - QQ44142894", "11660788.94750406 DUCO - ctecrypto", "11408217.326238636 DUCO - bimbasimba94"], "XXHASH hashrate": "0 H/s"}