{"Duino-Coin Server API": "github.com/revoxhere/duino-coin", "Server version": 2.7, "Active connections": 20434, "Open threads": 23, "Server CPU usage": 52.9, "Server RAM usage": 36.0, "Last update": "23/09/2021 11:05:46 (UTC)", "Net energy usage": "68.58 kW", "Pool hashrate": "1376.2121 MH/s", "DUCO-S1 hashrate": "1351.2 MH/s", "XXHASH hashrate": "25.0 MH/s", "Duco price": 0.00111629, "Duco price XMG": 0.00087868, "Duco price BCH": 0.00053982, "Duco price RVN": 0.0007263, "Duco price TRX": 0.00073421, "Duco price XRP": 0.00034643, "Duco price DGB": 0.00067312, "Duco price NANO": 0.0007163, "Duco price FJC": 0.00078829, "Duco Node-S price": 0, "Duco JustSwap price": 0.00063828, "Duco PancakeSwap price": 0.00111629, "Duco SushiSwap price": 0.000608, "Registered users": 18495, "All-time mined DUCO": 10812650.823032036, "Current difficulty": 863918, "Mined blocks": 20734543941, "Last block hash": "730b6127b9", "Kolka": {"Jailed": 24, "Banned": 642}, "Miner distribution": {"GPU": 1, "CPU": 3728, "RPi": 2347, "Phone": 190, "Web": 1298, "ESP32": 10492, "ESP8266": 12091, "Arduino": 6179, "Other": 98}, "Top 10 richest miners": ["2247192.478084734 DUCO - bscDUCO", "521500.1558491204 DUCO - 52Pickup", "301151.84046039416 DUCO - James_themac", "170056.7577352893 DUCO - Bacman", "121141.32558449966 DUCO - rootbori", "113387.18511437952 DUCO - amornlit", "101974.76532751137 DUCO - bimbasimba94", "86602.50903293928 DUCO - caancom", "83004.16 DUCO - celoDUCO", "67049.7853744245 DUCO - giveaways"]}