{"Duino-Coin Server API": "github.com/revoxhere/duino-coin", "Server version": 2.7, "Active connections": 12115, "Open threads": 24, "Server CPU usage": 60.2, "Server RAM usage": 28.8, "Last update": "12/09/2021 07:06:06 (UTC)", "Net energy usage": "60.55 kW", "Pool hashrate": "1164.4851 MH/s", "DUCO-S1 hashrate": "1134.5 MH/s", "XXHASH hashrate": "30.0 MH/s", "Duco price": 0.00473865, "Duco price XMG": 0.00135636, "Duco price BCH": 0.00062959, "Duco price RVN": 0.00083163, "Duco price TRX": 0.00099146, "Duco price XRP": 0.0008025, "Duco price DGB": 0.00078222, "Duco price NANO": 0.0008468, "Duco price FJC": 0.00081526, "Duco Node-S price": 0.002076, "Duco JustSwap price": 0.00473865, "Duco PancakeSwap price": 0.0014763, "Registered users": 17257, "All-time mined DUCO": 9071029.716780221, "Current difficulty": 661656, "Mined blocks": 15879729204, "Last block hash": "730b6127b9", "Kolka": {"Jailed": 21, "Banned": 607}, "Miner distribution": {"GPU": 0, "CPU": 3850, "RPi": 2008, "Phone": 0, "Web": 1187, "ESP32": 6517, "ESP8266": 8913, "Arduino": 3935, "Other": 0}, "Top 10 richest miners": ["1807281.672349205 DUCO - bscDUCO", "520520.1555491204 DUCO - 52Pickup", "466699.29939 DUCO - coinexchange", "169937.594875061 DUCO - Bacman", "119937.53509070358 DUCO - rootbori", "113387.18511437952 DUCO - amornlit", "86348.5850951418 DUCO - caancom", "53725.50306919871 DUCO - giveaways", "51573.59280698942 DUCO - ducodoly", "50288.45762651612 DUCO - duinocrfsh"]}