{"Duino-Coin Server API": "github.com/revoxhere/duino-coin", "Server version": 2.7, "Active connections": 22007, "Open threads": 24, "Server CPU usage": 52.9, "Server RAM usage": 33.8, "Last update": "13/09/2021 18:13:19 (UTC)", "Net energy usage": "60.8 kW", "Pool hashrate": "1156.2179 MH/s", "DUCO-S1 hashrate": "1137.1 MH/s", "XXHASH hashrate": "19.1 MH/s", "Duco price": 0.00305587, "Duco price XMG": 0.00267534, "Duco price BCH": 0.00061515, "Duco price RVN": 0.00080601, "Duco price TRX": 0.00105051, "Duco price XRP": 0.000795, "Duco price DGB": 0.00073809, "Duco price NANO": 0.000783, "Duco price FJC": 0.00080937, "Duco Node-S price": 0.00205, "Duco JustSwap price": 0.00305587, "Duco PancakeSwap price": 0.0014763, "Registered users": 17397, "All-time mined DUCO": 9213369.46005996, "Current difficulty": 680539, "Mined blocks": 16333165981, "Last block hash": "730b6127b9", "Kolka": {"Jailed": 21, "Banned": 633}, "Miner distribution": {"GPU": 0, "CPU": 3654, "RPi": 2082, "Phone": 0, "Web": 1129, "ESP32": 7296, "ESP8266": 9902, "Arduino": 3699, "Other": 0}, "Top 10 richest miners": ["1899862.825463625 DUCO - bscDUCO", "520520.1555491204 DUCO - 52Pickup", "385683.05939 DUCO - coinexchange", "169947.59545073222 DUCO - Bacman", "119937.53509070358 DUCO - rootbori", "113387.18511437952 DUCO - amornlit", "86361.44952543094 DUCO - caancom", "60109.167003981536 DUCO - WannaCry", "53753.680885014706 DUCO - giveaways", "52169.16 DUCO - celoDUCO"]}