{"Duino-Coin Server API": "github.com/revoxhere/duino-coin", "Server version": 2.6, "Active connections": 6516, "Open threads": 22, "Server CPU usage": 70.8, "Server RAM usage": 62.2, "Last update": "14/08/2021 15:17:09 (UTC)", "Net energy usage": "88.4 kW", "Pool hashrate": "3.3576 GH/s", "DUCO-S1 hashrate": "3.3 GH/s", "XXHASH hashrate": "40.4 MH/s", "Duco price": 0.01968121, "Duco price XMG": 0.01968121, "Duco price BCH": 0.00164928, "Duco price TRX": 0.00180064, "Duco price XRP": 0.0021175, "Duco price DGB": 0.0018975, "Duco Node-S price": 0.019681, "Duco JustSwap price": 0.00177332, "Duco PancakeSwap price": 0.00507655, "Registered users": 19680, "All-time mined DUCO": 5415758.462798544, "Current difficulty": 428273, "Mined blocks": 10278627866, "Last block hash": "d513470d7c", "Kolka": {"Jailed": 0, "Banned": 417}, "Miner distribution": {"GPU": 0, "CPU": 6647, "RPi": 1901, "ESP32": 7956, "ESP8266": 10286, "Arduino": 5851, "Other": 219}, "Top 10 richest miners": ["471248.2379246178 DUCO - bscDUCO", "169581.43534856316 DUCO - Bacman", "113035.17976538153 DUCO - amornlit", "102415.39646750744 DUCO - 52Pickup", "100000.0 DUCO - WannaCry", "86076.50245614053 DUCO - caancom", "69737.28377963256 DUCO - coinexchange", "50288.45762651612 DUCO - duinocrfsh", "50200.24269405237 DUCO - rootbori", "47119.90790638301 DUCO - chipsa"]}