{"Active connections": 1349, "All-time mined DUCO": 96966943.87817253, "Current difficulty": 75000, "DUCO-S1 hashrate": "3.0 GH/s", "Duco FluffySwap price": 2.1e-05, "Duco Furim price": 0.0, "Duco Node-S price": 0.0, "Duco PancakeSwap price": 4.5e-05, "Duco SunSwap price": 0.000134, "Duco SushiSwap price": 1.7e-05, "Duco UbeSwap price": 2.9e-05, "Duco price": 0.000134, "Duco price BCH": 3e-05, "Duco price NANO": 1.3e-05, "Duco price TRX": 1.6e-05, "Duco price XMG": 0.000107, "Duino-Coin Server API": "github.com/revoxhere/duino-coin", "Kolka": {"Banned": 1037, "Jailed": 82}, "Last block hash": "2eb3f8271cd947cdd6469be145558a7bcb72e0d9", "Last sync": 1663493931.6802475, "Last update": "18/09/2022 09:38:54 (UTC)", "Mined blocks": 263366062985, "Miner distribution": {"All": 39026, "Arduino": 4753, "CPU": 2072, "ESP32": 14213, "ESP8266": 16239, "GPU": 0, "Other": 16, "Phone": 60, "RPi": 1251, "Web": 422}, "Net energy usage": "30.33 kW", "Open threads": 22, "Pool hashrate": "2978.74 MH/s", "Registered users": 79007, "Server CPU usage": 48.5, "Server RAM usage": 60.4, "Server version": 3.0, "Top 10 richest miners": ["40921601.99251492 DUCO - bscDUCO", "16675566.25634705 DUCO - coinexchange", "15964258.47 DUCO - Ochios", "6974991.289071771 DUCO - QQ44142894", "3719009.8672579555 DUCO - ctecrypto", "2750242.0629405202 DUCO - goddani", "2368507.0 DUCO - Brunomoyses23", "2210288.919161586 DUCO - vyrdudji", "2150286.3914438575 DUCO - Flowen1985", "1868354.9214412984 DUCO - renderman"], "XXHASH hashrate": "0 H/s"}