{"Active connections": 1257, "All-time mined DUCO": 55298899.906179994, "Current difficulty": 1000000, "DUCO-S1 hashrate": "4.4 GH/s", "Duco Furim price": 0.0, "Duco Node-S price": 0.0, "Duco PancakeSwap price": 5.9e-05, "Duco SunSwap price": 5.5e-05, "Duco SushiSwap price": 1.4e-05, "Duco UbeSwap price": 0.0001, "Duco price": 0.0001, "Duco price BCH": 7e-06, "Duco price NANO": 3.5e-05, "Duco price TRX": 1.9e-05, "Duco price XMG": 5e-05, "Duino-Coin Server API": "github.com/revoxhere/duino-coin", "Kolka": {"Banned": 779, "Jailed": 47}, "Last block hash": "2eb3f8271cd947cdd6469be145558a7bcb72e0d9", "Last sync": 1652157255.488361, "Last update": "10/05/2022 04:34:17 (UTC)", "Mined blocks": 174500712356, "Miner distribution": {"All": 41323, "Arduino": 5937, "CPU": 3476, "ESP32": 13496, "ESP8266": 15699, "GPU": 0, "Other": 70, "Phone": 241, "RPi": 1986, "Web": 418}, "Net energy usage": "40.11 kW", "Open threads": 21, "Pool hashrate": "4351.17 MH/s", "Registered users": 73423, "Server CPU usage": 33.7, "Server RAM usage": 43.3, "Server version": 3.0, "Top 10 richest miners": ["27324267.70799496 DUCO - bscDUCO", "6803499.999997091 DUCO - Ochios", "4007214.727092468 DUCO - Demoel", "3729104.4806257915 DUCO - QQ44142894", "2210288.9385462017 DUCO - vyrdudji", "1458603.157733561 DUCO - maticDUCO", "1386371.3400304662 DUCO - coinexchange", "1262698.4662331669 DUCO - ctecrypto", "1209839.3105654893 DUCO - James_themac", "958345.4150545334 DUCO - econnaty"], "XXHASH hashrate": "0 H/s"}