{"Duino-Coin Server API": "github.com/revoxhere/duino-coin", "Server version": 2.7, "Active connections": 18033, "Open threads": 23, "Server CPU usage": 59.7, "Server RAM usage": 47.0, "Last update": "27/09/2021 13:06:32 (UTC)", "Net energy usage": "71.11 kW", "Pool hashrate": "1465.83 MH/s", "DUCO-S1 hashrate": "1420.1 MH/s", "XXHASH hashrate": "45.7 MH/s", "Duco price": 0.00106335, "Duco price XMG": 0.00087422, "Duco price BCH": 0.00034994, "Duco price RVN": 0.00049925, "Duco price TRX": 0.0004997, "Duco price XRP": 0.00019907, "Duco price DGB": 0.00049853, "Duco price NANO": 0.00050112, "Duco price FJC": 0.0005, "Duco Node-S price": 0.000361, "Duco JustSwap price": 0.00077082, "Duco PancakeSwap price": 0.00106335, "Duco SushiSwap price": 0.000692305, "Registered users": 18973, "All-time mined DUCO": 12365775.35995262, "Current difficulty": 969894, "Mined blocks": 23277858322, "Last block hash": "730b6127b9", "Kolka": {"Jailed": 24, "Banned": 642}, "Miner distribution": {"GPU": 0, "CPU": 765, "RPi": 604, "Phone": 68, "Web": 382, "ESP32": 5698, "ESP8266": 12649, "Arduino": 6196, "Other": 74, "All": 26436}, "Top 10 richest miners": ["2354167.320041812 DUCO - bscDUCO", "911800.290180525 DUCO - James_themac", "521520.1555491204 DUCO - 52Pickup", "170240.13285850236 DUCO - Bacman", "163500.10104597002 DUCO - celoDUCO", "123387.18511437952 DUCO - amornlit", "121447.37024653809 DUCO - rootbori", "100060.82929173831 DUCO - bimbasimba94", "86969.4997554 DUCO - caancom", "57614.28326587971 DUCO - phat1979"]}