{"Active connections": 797, "All-time mined DUCO": 89566311.7846868, "Current difficulty": 1000000, "DUCO-S1 hashrate": "3.1 GH/s", "Duco Furim price": 0.0, "Duco Node-S price": 0.0, "Duco PancakeSwap price": 7e-05, "Duco SunSwap price": 4.4e-05, "Duco SushiSwap price": 1.8e-05, "Duco UbeSwap price": 2.8e-05, "Duco price": 8.7e-05, "Duco price BCH": 1.3e-05, "Duco price NANO": 1.3e-05, "Duco price TRX": 1.7e-05, "Duco price XMG": 8.7e-05, "Duino-Coin Server API": "github.com/revoxhere/duino-coin", "Kolka": {"Banned": 924, "Jailed": 58}, "Last block hash": "2eb3f8271cd947cdd6469be145558a7bcb72e0d9", "Last sync": 1657507382.0230157, "Last update": "11/07/2022 02:43:03 (UTC)", "Mined blocks": 220410478292, "Miner distribution": {"All": 37041, "Arduino": 4998, "CPU": 2269, "ESP32": 12599, "ESP8266": 15275, "GPU": 0, "Other": 94, "Phone": 69, "RPi": 1486, "Web": 251}, "Net energy usage": "30.73 kW", "Open threads": 22, "Pool hashrate": "3066.12 MH/s", "Registered users": 74039, "Server CPU usage": 32.1, "Server RAM usage": 39.3, "Server version": 3.0, "Top 10 richest miners": ["34152710.622689165 DUCO - bscDUCO", "16868017.35010215 DUCO - Ochios", "7753701.940299597 DUCO - ctecrypto", "6974991.289071771 DUCO - QQ44142894", "5469686.945702979 DUCO - renderman", "2368507.0 DUCO - Brunomoyses23", "2210288.9385462017 DUCO - vyrdudji", "2070152.565 DUCO - CryptSino_Exchange", "1584432.9873966968 DUCO - coinexchange", "1413046.5421398599 DUCO - maticDUCO"], "XXHASH hashrate": "0 H/s"}