{"Active connections": 1075, "All-time mined DUCO": 159065129.74445623, "Current difficulty": 75000, "DUCO-S1 hashrate": "2.4 GH/s", "Duco FluffySwap price": 2.1139999999999996e-06, "Duco Furim price": 0.0, "Duco Node-S price": 0.0, "Duco PancakeSwap price": 3.52437e-05, "Duco SunSwap price": 5.418e-05, "Duco SushiSwap price": 5.30688e-06, "Duco UbeSwap price": 2.8375119743665973e-05, "Duco price": 5.418e-05, "Duco price BCH": 3.02e-06, "Duco price NANO": 1.87e-06, "Duco price TRX": 4.46e-06, "Duco price XMG": 0.0, "Duino-Coin Server API": "github.com/revoxhere/duino-coin", "Kolka": {"Banned": 1233, "Jailed": 96}, "Last block hash": "8de4bc0b3fa1580ec7f3421feb9644fc8ead02b8", "Last sync": 1674141937.3028316, "Last update": "19/01/2023 15:25:44 (UTC)", "Mined blocks": 341334677778, "Miner distribution": {"All": 34300, "Arduino": 4128, "CPU": 1271, "ESP32": 12875, "ESP8266": 13964, "GPU": 0, "Other": 18, "Phone": 13, "RPi": 1594, "Web": 437}, "Net energy usage": "24.13 kW", "Open threads": 24, "Pool hashrate": "2416.18 MH/s", "Registered users": 87211, "Server CPU usage": 58.6, "Server RAM usage": 59.2, "Server version": 3.0, "Top 10 richest miners": ["90793125.35219541 DUCO - coinexchange", "40951354.110702395 DUCO - bscDUCO", "20119946.6942 DUCO - viviana80", "11692429.559071772 DUCO - QQ44142894", "10759939.638689265 DUCO - fiorella71", "8125736.123916335 DUCO - Orion_0x43b", "6812046.038885907 DUCO - lordachoo", "4965363.69527713 DUCO - Ochios", "3850971.207 DUCO - AlmarRido", "3348684.424594567 DUCO - msdo1006"], "XXHASH hashrate": "0 H/s"}