{"Duino-Coin Server API": "github.com/revoxhere/duino-coin", "Server version": 2.7, "Active connections": 8923, "Open threads": 24, "Server CPU usage": 66.7, "Server RAM usage": 28.0, "Last update": "11/09/2021 06:06:27 (UTC)", "Net energy usage": "66.91 kW", "Pool hashrate": "1203.5639 MH/s", "DUCO-S1 hashrate": "1180.5 MH/s", "XXHASH hashrate": "23.1 MH/s", "Duco price": 0.00463746, "Duco price XMG": 0.00136329, "Duco price BCH": 0.00063263, "Duco price RVN": 0.00080768, "Duco price TRX": 0.00095912, "Duco price XRP": 0.0008025, "Duco price DGB": 0.00076642, "Duco price NANO": 0.00077575, "Duco price FJC": 0.00081511, "Duco Node-S price": 0.002064, "Duco JustSwap price": 0.00463746, "Duco PancakeSwap price": 0.0014763, "Registered users": 17179, "All-time mined DUCO": 8955066.828383598, "Current difficulty": 647879, "Mined blocks": 15549178708, "Last block hash": "730b6127b9", "Kolka": {"Jailed": 21, "Banned": 607}, "Miner distribution": {"GPU": 0, "CPU": 4151, "RPi": 2176, "Phone": 0, "Web": 1035, "ESP32": 7835, "ESP8266": 10333, "Arduino": 3589, "Other": 453}, "Top 10 richest miners": ["1897315.3270457448 DUCO - bscDUCO", "504535.03939 DUCO - coinexchange", "240020.1555491204 DUCO - 52Pickup", "188707.21730808966 DUCO - WannaCry", "169937.594875061 DUCO - Bacman", "119932.64987187649 DUCO - rootbori", "113387.18511437952 DUCO - amornlit", "86319.69293751144 DUCO - caancom", "53725.50306919871 DUCO - giveaways", "51482.686246583464 DUCO - ducodoly"]}