{"Duino-Coin Server API": "github.com/revoxhere/duino-coin", "Server version": 2.6, "Active connections": 6275, "Open threads": 22, "Server CPU usage": 67.5, "Server RAM usage": 63.4, "Last update": "14/08/2021 05:11:30 (UTC)", "Net energy usage": "75.12 kW", "Pool hashrate": "3.2054 GH/s", "DUCO-S1 hashrate": "3.2 GH/s", "XXHASH hashrate": "28.0 MH/s", "Duco price": 0.015304, "Duco price XMG": 0.01530362, "Duco price BCH": 0.00163538, "Duco price TRX": 0.00176504, "Duco price XRP": 0.00189, "Duco price DGB": 0.00188463, "Duco Node-S price": 0.015304, "Duco JustSwap price": 0.00621693, "Duco PancakeSwap price": 0.00420784, "Registered users": 19587, "All-time mined DUCO": 5306206.559808988, "Current difficulty": 421034, "Mined blocks": 10104883536, "Last block hash": "9bb57ac51a", "Kolka": {"Jailed": 0, "Banned": 417}, "Miner distribution": {"GPU": 1, "CPU": 5305, "RPi": 1769, "ESP32": 7756, "ESP8266": 9873, "Arduino": 4723, "Other": 252}, "Top 10 richest miners": ["469890.6715687579 DUCO - bscDUCO", "169525.1033578496 DUCO - Bacman", "113024.08895616107 DUCO - amornlit", "110003.69686470254 DUCO - 52Pickup", "86047.773559458 DUCO - caancom", "79999.90636678287 DUCO - noixauvk", "62200.40377963258 DUCO - coinexchange", "50288.45762651612 DUCO - duinocrfsh", "50147.167458192904 DUCO - rootbori", "47119.90790638301 DUCO - chipsa"]}