{"Active connections": 1040, "All-time mined DUCO": 754555327.7102674, "Current difficulty": 200000, "DUCO-S1 hashrate": "1.614 GH/s", "Duco FluffySwap price": 8.638e-06, "Duco Furim price": 0.0, "Duco Node-S price": 0.0, "Duco PancakeSwap price": 0.0, "Duco SunSwap price": 2.365e-05, "Duco SushiSwap price": 0.0, "Duco UbeSwap price": 0.0, "Duco price": 2.365e-05, "Duco price BCH": 0.0, "Duco price NANO": 0.0, "Duco price TRX": 1.236e-05, "Duco price XMG": 1.133e-05, "Duino-Coin Server API": "github.com/revoxhere/duino-coin", "Kolka": {"Banned": 6012, "Jailed": 190}, "Last block hash": "8de4bc0b3fa1580ec7f3421feb9644fc8ead02b8", "Last sync": 1722973326.4148116, "Last update": "06/08/2024 19:42:06 (UTC)", "Mined blocks": 541405224063, "Miner distribution": {"All": 14854, "Arduino": 1992, "CPU": 819, "ESP32": 4894, "ESP8266": 5901, "GPU": 0, "Other": 9, "Phone": 0, "RPi": 1037, "Web": 202}, "Net energy usage": "12.44 kW", "Open threads": 27, "Pool hashrate": "1614.453 MH/s", "Registered users": 104851, "Server CPU usage": 61.5, "Server RAM usage": 96.5, "Server version": 4.0, "Top 10 richest miners": ["241765825.63339543 DUCO - coinexchange", "81977128.19825932 DUCO - bscDUCO", "30855598.808 DUCO - Flowen1985", "28000980.1298474 DUCO - AlmarRido", "18280977.178 DUCO - bimbasimba94", "16096358.288900001 DUCO - viviana80", "14928186.94339625 DUCO - aimbert", "14847133.194062889 DUCO - ctecrypto", "12721940.59109726 DUCO - QQ44142894", "11341881.006388798 DUCO - duinousa"], "XXHASH hashrate": "0 H/s"}