{"Duino-Coin Server API": "github.com/revoxhere/duino-coin", "Server version": 2.6, "Active connections": 12761, "Open threads": 28, "Server CPU usage": 74.9, "Server RAM usage": 66.2, "Last update": "17/08/2021 10:54:15 (UTC)", "Net energy usage": "68.4 kW", "Pool hashrate": "14.9227 GH/s", "DUCO-S1 hashrate": "14.7 GH/s", "XXHASH hashrate": "193.6 MH/s", "Duco price": 0.01876683, "Duco price XMG": 0.01876683, "Duco price BCH": 0.00172298, "Duco price TRX": 0.00182776, "Duco price XRP": 0.002135, "Duco price DGB": 0.00207567, "Duco price NANO": 0.0015875, "Duco Node-S price": 0.003, "Duco JustSwap price": 0.00732689, "Duco PancakeSwap price": 0.00420784, "Registered users": 20114, "All-time mined DUCO": 5810367.98572031, "Current difficulty": 453466, "Mined blocks": 10883240958, "Last block hash": "c27ebb4b9c", "Kolka": {"Jailed": 0, "Banned": 417}, "Miner distribution": {"GPU": 8, "CPU": 5497, "RPi": 921, "ESP32": 2648, "ESP8266": 6455, "Arduino": 559, "Other": 921}, "Top 10 richest miners": ["551931.4895859279 DUCO - bscDUCO", "169741.7419356001 DUCO - Bacman", "132354.35377963257 DUCO - coinexchange", "120106.99999999886 DUCO - WannaCry", "113136.46201272894 DUCO - amornlit", "101401.17791420905 DUCO - 52Pickup", "86158.58772899676 DUCO - caancom", "52595.39801481012 DUCO - zero0", "50328.99879275615 DUCO - rootbori", "50288.45762651612 DUCO - duinocrfsh"]}