{"Active connections": 1314, "All-time mined DUCO": 193712923.65801284, "Current difficulty": 75000, "DUCO-S1 hashrate": "2.3 GH/s", "Duco FluffySwap price": 0.0, "Duco Furim price": 0.0, "Duco Node-S price": 0.0, "Duco PancakeSwap price": 0.0, "Duco SunSwap price": 0.0, "Duco SushiSwap price": 0.0, "Duco UbeSwap price": 0.0, "Duco price": 5.56e-06, "Duco price BCH": 5.56e-06, "Duco price NANO": 3.93e-06, "Duco price TRX": 5.36e-06, "Duco price XMG": 0.0, "Duino-Coin Server API": "github.com/revoxhere/duino-coin", "Kolka": {"Banned": 1309, "Jailed": 112}, "Last block hash": "8de4bc0b3fa1580ec7f3421feb9644fc8ead02b8", "Last sync": 1676878111.6490595, "Last update": "20/02/2023 07:28:37 (UTC)", "Mined blocks": 358494051355, "Miner distribution": {"All": 30644, "Arduino": 3735, "CPU": 986, "ESP32": 11878, "ESP8266": 12026, "GPU": 0, "Other": 7, "Phone": 36, "RPi": 1624, "Web": 352}, "Net energy usage": "20.88 kW", "Open threads": 24, "Pool hashrate": "2309.05 MH/s", "Registered users": 89182, "Server CPU usage": 53.4, "Server RAM usage": 47.3, "Server version": 3.0, "Top 10 richest miners": ["42487364.794576176 DUCO - bscDUCO", "20119946.6942 DUCO - viviana80", "15115363.695 DUCO - Ochios", "12043702.27 DUCO - infternet", "11692429.559071772 DUCO - QQ44142894", "10759939.638689265 DUCO - fiorella71", "9288720.664911453 DUCO - coinexchange", "8125736.123916335 DUCO - Orion_0x43b", "6820185.635675049 DUCO - lordachoo", "4486550.526533048 DUCO - msdo1006"], "XXHASH hashrate": "0 H/s"}