{"Active connections": 1461, "All-time mined DUCO": 113619689.55648735, "Current difficulty": 75000, "DUCO-S1 hashrate": "3.0 GH/s", "Duco FluffySwap price": 2e-05, "Duco Furim price": 0.0, "Duco Node-S price": 0.0, "Duco PancakeSwap price": 3.4e-05, "Duco SunSwap price": 0.000129, "Duco SushiSwap price": 1.5e-05, "Duco UbeSwap price": 2.9e-05, "Duco price": 0.000132, "Duco price BCH": 2.9e-05, "Duco price NANO": 1.2e-05, "Duco price TRX": 1.5e-05, "Duco price XMG": 0.000109, "Duino-Coin Server API": "github.com/revoxhere/duino-coin", "Kolka": {"Banned": 1009, "Jailed": 83}, "Last block hash": "2eb3f8271cd947cdd6469be145558a7bcb72e0d9", "Last sync": 1663839720.2046382, "Last update": "22/09/2022 09:42:03 (UTC)", "Mined blocks": 266035489750, "Miner distribution": {"All": 38221, "Arduino": 4591, "CPU": 1926, "ESP32": 13650, "ESP8266": 16116, "GPU": 0, "Other": 19, "Phone": 38, "RPi": 1273, "Web": 608}, "Net energy usage": "29.32 kW", "Open threads": 22, "Pool hashrate": "2956.03 MH/s", "Registered users": 79374, "Server CPU usage": 55.0, "Server RAM usage": 60.3, "Server version": 3.0, "Top 10 richest miners": ["39716896.437422335 DUCO - bscDUCO", "15965309.807 DUCO - Ochios", "12860556.972833946 DUCO - ctecrypto", "7529901.679473277 DUCO - coinexchange", "6974991.289071771 DUCO - QQ44142894", "6074168.949 DUCO - AlmarRido", "2574196.0106682414 DUCO - ThePurpleMadMan", "2368507.0 DUCO - Brunomoyses23", "2235784.8348392705 DUCO - Alessandro_Duino", "2210288.919161586 DUCO - vyrdudji"], "XXHASH hashrate": "0 H/s"}