{"Duino-Coin Server API": "github.com/revoxhere/duino-coin", "Server version": 2.7, "Active connections": 20704, "Open threads": 23, "Server CPU usage": 41.3, "Server RAM usage": 59.5, "Last update": "14/10/2021 00:48:21 (UTC)", "Net energy usage": "34.97 kW", "Pool hashrate": "1231.98 MH/s", "DUCO-S1 hashrate": "1232.0 MH/s", "XXHASH hashrate": "0 H/s", "Duco price": 0.00344622, "Duco price XMG": 0.00344622, "Duco price BCH": 0.00054472, "Duco price RVN": 0.00067501, "Duco price TRX": 0.00067381, "Duco price XRP": 0.000225, "Duco price DGB": 0.00074485, "Duco price NANO": 0.0007543, "Duco price FJC": 0.00075, "Duco Node-S price": 5.1e-05, "Duco JustSwap price": 0.00168683, "Duco PancakeSwap price": 0.000691645, "Duco SushiSwap price": 0.000756806, "Registered users": 20392, "All-time mined DUCO": 14142072.328701137, "Current difficulty": 125000, "Mined blocks": 27349139963, "Last block hash": "9817f37e1a", "Kolka": {"Jailed": 48, "Banned": 1332}, "Miner distribution": {"GPU": 0, "CPU": 3085, "RPi": 1961, "Phone": 184, "Web": 591, "ESP32": 11146, "ESP8266": 12314, "Arduino": 5003, "Other": 215, "All": 34499}, "Top 10 richest miners": ["2694841.017651237 DUCO - bscDUCO", "585935.8937961721 DUCO - NodeSBroker", "521520.1555491204 DUCO - 52Pickup", "400155.2847811115 DUCO - James_themac", "347708.0659145401 DUCO - coinexchange", "170240.13285850236 DUCO - Bacman", "170226.10104597002 DUCO - celoDUCO", "123387.18511437952 DUCO - amornlit", "121685.90546844892 DUCO - rootbori", "87594.78824694017 DUCO - caancom"]}