{"Active connections": 1191, "All-time mined DUCO": 871203609.9744276, "Current difficulty": 75000, "DUCO-S1 hashrate": "2.304 GH/s", "Duco FluffySwap price": 1.8409999999999998e-06, "Duco Furim price": 0.0, "Duco Node-S price": 0.0, "Duco PancakeSwap price": 9.73482e-06, "Duco SunSwap price": 9.884e-05, "Duco SushiSwap price": 1.51929e-05, "Duco UbeSwap price": 2.7898752414944825e-05, "Duco price": 9.884e-05, "Duco price BCH": 2.63e-06, "Duco price NANO": 1.03e-06, "Duco price TRX": 1.45e-06, "Duco price XMG": 0.0, "Duino-Coin Server API": "github.com/revoxhere/duino-coin", "Kolka": {"Banned": 5724, "Jailed": 129}, "Last block hash": "8de4bc0b3fa1580ec7f3421feb9644fc8ead02b8", "Last sync": 1687437012.929849, "Last update": "22/06/2023 12:30:27 (UTC)", "Mined blocks": 418282302979, "Miner distribution": {"All": 22371, "Arduino": 2809, "CPU": 947, "ESP32": 9508, "ESP8266": 7620, "GPU": 0, "Other": 8, "Phone": 11, "RPi": 1291, "Web": 177}, "Net energy usage": "16.53 kW", "Open threads": 23, "Pool hashrate": "2304.421 MH/s", "Registered users": 93850, "Server CPU usage": 48.5, "Server RAM usage": 37.1, "Server version": 3.0, "Top 10 richest miners": ["495743830.67087966 DUCO - coinexchange", "387661830.5105878 DUCO - coinexchange", "49333857.02939265 DUCO - bscDUCO", "20119947.6942 DUCO - viviana80", "15115368.927099999 DUCO - Ochios", "12720440.559071772 DUCO - QQ44142894", "12714248.917033408 DUCO - duinousa", "11408207.365686301 DUCO - bimbasimba94", "11242382.673576886 DUCO - paranoid64", "10978766.04658526 DUCO - Rafa2000"], "XXHASH hashrate": "0 H/s"}