{"Active connections": 1325, "All-time mined DUCO": 65590348.67734855, "Current difficulty": 1000000, "DUCO-S1 hashrate": "4.2 GH/s", "Duco Furim price": 0.0, "Duco Node-S price": 0.0, "Duco PancakeSwap price": 5.2e-05, "Duco SunSwap price": 9.9e-05, "Duco SushiSwap price": 5.9e-05, "Duco price": 9.9e-05, "Duco price BCH": 9e-06, "Duco price NANO": 5.4e-05, "Duco price TRX": 1.6e-05, "Duco price XMG": 0.0, "Duino-Coin Server API": "github.com/revoxhere/duino-coin", "Kolka": {"Banned": 697, "Jailed": 35}, "Last block hash": "2eb3f8271cd947cdd6469be145558a7bcb72e0d9", "Last sync": 1650198971.9956496, "Last update": "17/04/2022 12:36:12 (UTC)", "Mined blocks": 156972215318, "Miner distribution": {"All": 38223, "Arduino": 5871, "CPU": 3251, "ESP32": 12342, "ESP8266": 14221, "GPU": 0, "Other": 61, "Phone": 149, "RPi": 1880, "Web": 448}, "Net energy usage": "37.32 kW", "Open threads": 21, "Pool hashrate": "4156.36 MH/s", "Registered users": 69695, "Server CPU usage": 29.7, "Server RAM usage": 48.9, "Server version": 3.0, "Top 10 richest miners": ["22576348.20590838 DUCO - bscDUCO", "8648549.914401649 DUCO - Ochios", "3857501.652030468 DUCO - coinexchange", "3250098.6952358535 DUCO - miyan001", "3157395.8591929614 DUCO - Demoel", "2000361.5989223463 DUCO - varanese67", "1935387.998162207 DUCO - QQ44142894", "1237461.899605718 DUCO - maticDUCO", "1209838.627673189 DUCO - James_themac", "1200001.40117249 DUCO - amornlit"], "XXHASH hashrate": "0 H/s"}