{"Active connections": 838, "All-time mined DUCO": 85060638.88257864, "Current difficulty": 1000000, "DUCO-S1 hashrate": "3.2 GH/s", "Duco Furim price": 0.0, "Duco Node-S price": 0.0, "Duco PancakeSwap price": 3.8e-05, "Duco SunSwap price": 4.4e-05, "Duco SushiSwap price": 1.8e-05, "Duco UbeSwap price": 2.8e-05, "Duco price": 8.7e-05, "Duco price BCH": 1.3e-05, "Duco price NANO": 1.3e-05, "Duco price TRX": 1.7e-05, "Duco price XMG": 2e-06, "Duino-Coin Server API": "github.com/revoxhere/duino-coin", "Kolka": {"Banned": 924, "Jailed": 58}, "Last block hash": "2eb3f8271cd947cdd6469be145558a7bcb72e0d9", "Last sync": 1657474857.5923834, "Last update": "10/07/2022 17:40:58 (UTC)", "Mined blocks": 220136283737, "Miner distribution": {"All": 37037, "Arduino": 4972, "CPU": 2342, "ESP32": 12583, "ESP8266": 15259, "GPU": 0, "Other": 93, "Phone": 70, "RPi": 1489, "Web": 229}, "Net energy usage": "31.15 kW", "Open threads": 22, "Pool hashrate": "3202.68 MH/s", "Registered users": 74015, "Server CPU usage": 35.7, "Server RAM usage": 34.3, "Server version": 3.0, "Top 10 richest miners": ["34152710.622689165 DUCO - bscDUCO", "16868017.35010215 DUCO - Ochios", "7753701.940299597 DUCO - ctecrypto", "6974991.289071771 DUCO - QQ44142894", "5469686.945702979 DUCO - renderman", "2368507.0 DUCO - Brunomoyses23", "2210288.9385462017 DUCO - vyrdudji", "2070152.565 DUCO - CryptSino_Exchange", "1584432.9873966968 DUCO - coinexchange", "1413046.5421398599 DUCO - maticDUCO"], "XXHASH hashrate": "0 H/s"}