{"Duino-Coin Server API": "github.com/revoxhere/duino-coin", "Server version": 2.7, "Active connections": 9854, "Open threads": 23, "Server CPU usage": 52.2, "Server RAM usage": 33.2, "Last update": "22/09/2021 09:05:36 (UTC)", "Net energy usage": "61.19 kW", "Pool hashrate": "1242.2813 MH/s", "DUCO-S1 hashrate": "1214.8 MH/s", "XXHASH hashrate": "27.5 MH/s", "Duco price": 0.00111629, "Duco price XMG": 0.00084834, "Duco price BCH": 0.00052146, "Duco price RVN": 0.00068268, "Duco price TRX": 0.00068974, "Duco price XRP": 0.00032782, "Duco price DGB": 0.00063423, "Duco price NANO": 0.00066845, "Duco price FJC": 0.00087185, "Duco Node-S price": 0, "Duco JustSwap price": 0.0007277, "Duco PancakeSwap price": 0.00111629, "Duco SushiSwap price": 0.000608, "Registered users": 18329, "All-time mined DUCO": 10584877.007100688, "Current difficulty": 840559, "Mined blocks": 20173725186, "Last block hash": "730b6127b9", "Kolka": {"Jailed": 23, "Banned": 642}, "Miner distribution": {"GPU": 0, "CPU": 3442, "RPi": 2109, "Phone": 241, "Web": 1186, "ESP32": 8882, "ESP8266": 10184, "Arduino": 5302, "Other": 92}, "Top 10 richest miners": ["2214757.336810445 DUCO - bscDUCO", "521500.1558491204 DUCO - 52Pickup", "185781.62939000013 DUCO - coinexchange", "170056.7577352893 DUCO - Bacman", "140987.38824641745 DUCO - James_themac", "121117.73806307613 DUCO - rootbori", "113387.18511437952 DUCO - amornlit", "86513.57187078946 DUCO - caancom", "71109.63028119098 DUCO - bimbasimba94", "67876.057667519 DUCO - maticDUCO"]}