{"Active connections": 1675, "All-time mined DUCO": 59717495.28798658, "Current difficulty": 1000000, "DUCO-S1 hashrate": "5.2 GH/s", "Duco Furim price": 0.0, "Duco Node-S price": 0.0, "Duco PancakeSwap price": 6.6e-05, "Duco SunSwap price": 0.000136, "Duco SushiSwap price": 6.1e-05, "Duco price": 0.000136, "Duco price BCH": 7e-06, "Duco price NANO": 3.1e-05, "Duco price TRX": 5e-06, "Duco price XMG": 1.4e-05, "Duino-Coin Server API": "github.com/revoxhere/duino-coin", "Kolka": {"Banned": 634, "Jailed": 34}, "Last block hash": "2eb3f8271cd947cdd6469be145558a7bcb72e0d9", "Last sync": 1648680434.1330276, "Last update": "30/03/2022 22:47:17 (UTC)", "Mined blocks": 143514109157, "Miner distribution": {"All": 43704, "Arduino": 7486, "CPU": 4119, "ESP32": 13128, "ESP8266": 15425, "GPU": 0, "Other": 41, "Phone": 154, "RPi": 2485, "Web": 866}, "Net energy usage": "45.46 kW", "Open threads": 21, "Pool hashrate": "5153.86 MH/s", "Registered users": 66975, "Server CPU usage": 44.1, "Server RAM usage": 62.3, "Server version": 3.0, "Top 10 richest miners": ["25617329.20041564 DUCO - bscDUCO", "8015048.415869802 DUCO - Ochios", "5000000.269761559 DUCO - miningvir", "3761401.779313159 DUCO - coinexchange", "3250097.887284338 DUCO - miyan001", "2453550.087773999 DUCO - ifdeduco", "1209838.627673189 DUCO - James_themac", "1202233.0407026021 DUCO - juanjefraire", "1200001.40117249 DUCO - amornlit", "1000307.6776444556 DUCO - econnaty"], "XXHASH hashrate": "0 H/s"}