{"Duino-Coin Server API": "github.com/revoxhere/duino-coin", "Server version": 2.6, "Active connections": 8090, "Open threads": 21, "Server CPU usage": 56.2, "Server RAM usage": 55.7, "Last update": "13/08/2021 22:05:32 (UTC)", "Net energy usage": "68.28 kW", "Pool hashrate": "2.5727 GH/s", "DUCO-S1 hashrate": "2.5 GH/s", "XXHASH hashrate": "69.8 MH/s", "Duco price": 0.015304, "Duco price XMG": 0.01530362, "Duco price BCH": 0.00160653, "Duco price TRX": 0.00176704, "Duco price XRP": 0.001855, "Duco price DGB": 0.00193292, "Duco Node-S price": 0.015304, "Duco JustSwap price": 0.00622397, "Duco PancakeSwap price": 0.00420784, "Registered users": 19523, "All-time mined DUCO": 5248467.4473664155, "Current difficulty": 416162, "Mined blocks": 9988155498, "Last block hash": "59daa2c6d7", "Kolka": {"Jailed": 0, "Banned": 417}, "Miner distribution": {"GPU": 0, "CPU": 4589, "RPi": 1763, "ESP32": 7575, "ESP8266": 9746, "Arduino": 5285, "Other": 224}, "Top 10 richest miners": ["469730.57056875795 DUCO - bscDUCO", "169498.2344337232 DUCO - Bacman", "113015.39862333932 DUCO - amornlit", "110456.06908673236 DUCO - 52Pickup", "86027.31601670092 DUCO - caancom", "79727.90636678287 DUCO - noixauvk", "61876.45377963257 DUCO - coinexchange", "50288.45762651612 DUCO - duinocrfsh", "50110.0480400761 DUCO - rootbori", "47119.90790638301 DUCO - chipsa"]}