{"Active connections": 1424, "All-time mined DUCO": 62496707.2598761, "Current difficulty": 1000000, "DUCO-S1 hashrate": "4.2 GH/s", "Duco Furim price": 0.0, "Duco Node-S price": 0.0, "Duco PancakeSwap price": 2.6e-05, "Duco SunSwap price": 4.9e-05, "Duco SushiSwap price": 9e-06, "Duco UbeSwap price": 9.7e-05, "Duco price": 9.7e-05, "Duco price BCH": 6e-06, "Duco price NANO": 2.8e-05, "Duco price TRX": 1.7e-05, "Duco price XMG": 4.7e-05, "Duino-Coin Server API": "github.com/revoxhere/duino-coin", "Kolka": {"Banned": 805, "Jailed": 47}, "Last block hash": "2eb3f8271cd947cdd6469be145558a7bcb72e0d9", "Last sync": 1652703212.7135944, "Last update": "16/05/2022 12:13:33 (UTC)", "Mined blocks": 179359907269, "Miner distribution": {"All": 40760, "Arduino": 5760, "CPU": 3391, "ESP32": 13368, "ESP8266": 15762, "GPU": 0, "Other": 57, "Phone": 144, "RPi": 1895, "Web": 383}, "Net energy usage": "39.31 kW", "Open threads": 21, "Pool hashrate": "4238.45 MH/s", "Registered users": 74435, "Server CPU usage": 41.3, "Server RAM usage": 53.9, "Server version": 3.0, "Top 10 richest miners": ["26747785.33443735 DUCO - bscDUCO", "11803505.085032174 DUCO - Ochios", "4522234.586582195 DUCO - QQ44142894", "4007470.052699241 DUCO - Demoel", "2210288.9385462017 DUCO - vyrdudji", "2155090.1618955405 DUCO - ctecrypto", "1469293.5879635608 DUCO - maticDUCO", "1415001.401 DUCO - amornlit", "1300014.680030466 DUCO - coinexchange", "1209839.3105654893 DUCO - James_themac"], "XXHASH hashrate": "0 H/s"}