{"Active connections": 776, "All-time mined DUCO": 88112184.52994058, "Current difficulty": 75000, "DUCO-S1 hashrate": "3.1 GH/s", "Duco FluffySwap price": 1.1487e-05, "Duco Furim price": 0.0, "Duco Node-S price": 0.0, "Duco PancakeSwap price": 3.27056e-05, "Duco SunSwap price": 9.01e-05, "Duco SushiSwap price": 4.35584e-05, "Duco UbeSwap price": 2.9098580230377713e-05, "Duco price": 9.01e-05, "Duco price BCH": 1.64e-05, "Duco price NANO": 7.09e-06, "Duco price TRX": 6.2e-06, "Duco price XMG": 5.756e-05, "Duino-Coin Server API": "github.com/revoxhere/duino-coin", "Kolka": {"Banned": 1111, "Jailed": 85}, "Last block hash": "8de4bc0b3fa1580ec7f3421feb9644fc8ead02b8", "Last sync": 1666494796.5567017, "Last update": "23/10/2022 03:13:19 (UTC)", "Mined blocks": 286594006644, "Miner distribution": {"All": 37534, "Arduino": 4473, "CPU": 2339, "ESP32": 12912, "ESP8266": 16098, "GPU": 0, "Other": 14, "Phone": 56, "RPi": 1240, "Web": 402}, "Net energy usage": "31.31 kW", "Open threads": 25, "Pool hashrate": "3122.97 MH/s", "Registered users": 81683, "Server CPU usage": 40.6, "Server RAM usage": 31.8, "Server version": 3.0, "Top 10 richest miners": ["38301731.025158234 DUCO - bscDUCO", "36814510.4333568 DUCO - coinexchange", "15965318.216999998 DUCO - Ochios", "8552892.059071772 DUCO - QQ44142894", "2368507.0 DUCO - Brunomoyses23", "2210288.919161586 DUCO - vyrdudji", "1615385.8630387518 DUCO - maticDUCO", "1457898.898 DUCO - amornlit", "1264713.9962090936 DUCO - Skywalker", "1210967.0883971192 DUCO - James_themac"], "XXHASH hashrate": "0 H/s"}