{"Active connections": 814, "All-time mined DUCO": 739531336.5856495, "Current difficulty": 200000, "DUCO-S1 hashrate": "2.341 GH/s", "Duco FluffySwap price": 8.197e-06, "Duco Furim price": 0.0, "Duco Node-S price": 0.0, "Duco PancakeSwap price": 8.57789e-06, "Duco SunSwap price": 9.524e-05, "Duco SushiSwap price": 1.2962107682626e-05, "Duco UbeSwap price": 1.1191491992827553e-05, "Duco price": 0.0002146, "Duco price BCH": 0.00015589, "Duco price NANO": 0.0002146, "Duco price TRX": 1.171e-05, "Duco price XMG": 0.0, "Duino-Coin Server API": "github.com/revoxhere/duino-coin", "Kolka": {"Banned": 5967, "Jailed": 182}, "Last block hash": "8de4bc0b3fa1580ec7f3421feb9644fc8ead02b8", "Last sync": 1718159609.9386263, "Last update": "12/06/2024 02:33:29 (UTC)", "Mined blocks": 526718147527, "Miner distribution": {"All": 18652, "Arduino": 2335, "CPU": 946, "ESP32": 7813, "ESP8266": 6134, "GPU": 0, "Other": 11, "Phone": 9, "RPi": 1247, "Web": 157}, "Net energy usage": "14.91 kW", "Open threads": 27, "Pool hashrate": "2340.958 MH/s", "Registered users": 102946, "Server CPU usage": 54.8, "Server RAM usage": 89.1, "Server version": 4.0, "Top 10 richest miners": ["79388919.78550309 DUCO - bscDUCO", "30792510.456 DUCO - Flowen1985", "30547233.707830127 DUCO - AlmarRido", "20119947.6942 DUCO - viviana80", "18545685.805999998 DUCO - bimbasimba94", "14898329.567307541 DUCO - aimbert", "14844678.987830834 DUCO - ctecrypto", "12720440.59109726 DUCO - QQ44142894", "11316199.838333664 DUCO - duinousa", "11015478.642 DUCO - Rafa2000"], "XXHASH hashrate": "0 H/s"}