{"Active connections": 781, "All-time mined DUCO": 89155975.71247756, "Current difficulty": 1000000, "DUCO-S1 hashrate": "3.1 GH/s", "Duco Furim price": 0.0, "Duco Node-S price": 0.0, "Duco PancakeSwap price": 4e-05, "Duco SunSwap price": 4.4e-05, "Duco SushiSwap price": 1.2e-05, "Duco UbeSwap price": 2.8e-05, "Duco price": 0.00025, "Duco price BCH": 1.3e-05, "Duco price NANO": 1.4e-05, "Duco price TRX": 1.7e-05, "Duco price XMG": 8.7e-05, "Duino-Coin Server API": "github.com/revoxhere/duino-coin", "Kolka": {"Banned": 923, "Jailed": 57}, "Last block hash": "2eb3f8271cd947cdd6469be145558a7bcb72e0d9", "Last sync": 1657160485.9068654, "Last update": "07/07/2022 02:21:26 (UTC)", "Mined blocks": 217582187439, "Miner distribution": {"All": 37510, "Arduino": 5039, "CPU": 2410, "ESP32": 12810, "ESP8266": 15368, "GPU": 0, "Other": 79, "Phone": 79, "RPi": 1483, "Web": 242}, "Net energy usage": "31.74 kW", "Open threads": 22, "Pool hashrate": "3072.21 MH/s", "Registered users": 73767, "Server CPU usage": 29.8, "Server RAM usage": 33.6, "Server version": 3.0, "Top 10 richest miners": ["34152710.622689165 DUCO - bscDUCO", "16868017.35010215 DUCO - Ochios", "7753438.96847565 DUCO - ctecrypto", "6974991.289071771 DUCO - QQ44142894", "5823456.142824465 DUCO - renderman", "4006803.97947103 DUCO - Demoel", "3061045.747396697 DUCO - coinexchange", "2368507.0 DUCO - Brunomoyses23", "2210288.9385462017 DUCO - vyrdudji", "2070152.565 DUCO - CryptSino_Exchange"], "XXHASH hashrate": "0 H/s"}