{"Active connections": 792, "All-time mined DUCO": 203213022.7128192, "Current difficulty": 75000, "DUCO-S1 hashrate": "2.2 GH/s", "Duco FluffySwap price": 1.7569999999999999e-06, "Duco Furim price": 0.0, "Duco Node-S price": 0.0, "Duco PancakeSwap price": 2.58901e-05, "Duco SunSwap price": 2.42e-05, "Duco SushiSwap price": 3.29103e-05, "Duco UbeSwap price": 2.8687163822298956e-05, "Duco price": 3.29103e-05, "Duco price BCH": 2.52e-06, "Duco price NANO": 1.64e-06, "Duco price TRX": 2.32e-06, "Duco price XMG": 0.0, "Duino-Coin Server API": "github.com/revoxhere/duino-coin", "Kolka": {"Banned": 1337, "Jailed": 116}, "Last block hash": "8de4bc0b3fa1580ec7f3421feb9644fc8ead02b8", "Last sync": 1678977526.628316, "Last update": "16/03/2023 14:38:49 (UTC)", "Mined blocks": 371045137160, "Miner distribution": {"All": 29898, "Arduino": 3561, "CPU": 995, "ESP32": 11576, "ESP8266": 11856, "GPU": 0, "Other": 11, "Phone": 18, "RPi": 1623, "Web": 258}, "Net energy usage": "20.59 kW", "Open threads": 24, "Pool hashrate": "2218.12 MH/s", "Registered users": 90361, "Server CPU usage": 44.1, "Server RAM usage": 46.9, "Server version": 3.0, "Top 10 richest miners": ["500608774.06513315 DUCO - coinexchange", "31813310.928276174 DUCO - bscDUCO", "20119946.6942 DUCO - viviana80", "15115364.7271 DUCO - Ochios", "11692429.559071772 DUCO - QQ44142894", "10759939.638689265 DUCO - fiorella71", "8125736.123916335 DUCO - Orion_0x43b", "6825156.925088866 DUCO - lordachoo", "5856668.875944636 DUCO - msdo1006", "5808221.72106312 DUCO - revox"], "XXHASH hashrate": "0 H/s"}