{"Active connections": 676, "All-time mined DUCO": 687241731.7676691, "Current difficulty": 75000, "DUCO-S1 hashrate": "2.0 GH/s", "Duco FluffySwap price": 1.75e-06, "Duco Furim price": 0.0, "Duco Node-S price": 0.0, "Duco PancakeSwap price": 3.13039e-05, "Duco SunSwap price": 2.356e-05, "Duco SushiSwap price": 1.88429e-05, "Duco UbeSwap price": 2.949693582059398e-05, "Duco price": 3.13039e-05, "Duco price BCH": 2.5e-06, "Duco price NANO": 1.81e-06, "Duco price TRX": 2.26e-06, "Duco price XMG": 0.0, "Duino-Coin Server API": "github.com/revoxhere/duino-coin", "Kolka": {"Banned": 1331, "Jailed": 115}, "Last block hash": "8de4bc0b3fa1580ec7f3421feb9644fc8ead02b8", "Last sync": 1679874631.379284, "Last update": "26/03/2023 23:50:33 (UTC)", "Mined blocks": 376353229956, "Miner distribution": {"All": 28932, "Arduino": 3604, "CPU": 983, "ESP32": 10923, "ESP8266": 11547, "GPU": 0, "Other": 18, "Phone": 28, "RPi": 1577, "Web": 252}, "Net energy usage": "20.03 kW", "Open threads": 24, "Pool hashrate": "2031.56 MH/s", "Registered users": 90835, "Server CPU usage": 43.9, "Server RAM usage": 41.3, "Server version": 3.0, "Top 10 richest miners": ["495743830.67087966 DUCO - coinexchange", "494554458.701114 DUCO - coinexchange", "34517385.708276175 DUCO - bscDUCO", "20119946.6942 DUCO - viviana80", "15115364.7271 DUCO - Ochios", "12720440.559071772 DUCO - QQ44142894", "10759939.638689265 DUCO - fiorella71", "8125736.123916335 DUCO - Orion_0x43b", "6827306.141433417 DUCO - lordachoo", "6785746.657011401 DUCO - msdo1006"], "XXHASH hashrate": "0 H/s"}