{"Active connections": 816, "All-time mined DUCO": 19642948.233968522, "Current difficulty": 75000, "DUCO-S1 hashrate": "1514.2 MH/s", "Duco JustSwap price": 9.023e-05, "Duco Node-S price": 2.1e-05, "Duco PancakeSwap price": 0.000594663, "Duco SushiSwap price": 0.000356015, "Duco price": 0.000594663, "Duco price BCH": 3.398e-05, "Duco price DGB": 0.0, "Duco price NANO": 1.444e-05, "Duco price RVN": 0.0, "Duco price TRX": 8.137e-05, "Duco price XMG": 0.00026441, "Duco price XRP": 0.0, "Duino-Coin Server API": "github.com/revoxhere/duino-coin", "Kolka": {"Banned": 725, "Jailed": 24}, "Last block hash": "2eb3f8271c", "Last update": "26/12/2021 18:02:32 (UTC)", "Mined blocks": 70587924182, "Miner distribution": {"All": 31127, "Arduino": 7097, "CPU": 4448, "ESP32": 7490, "ESP8266": 8088, "GPU": 0, "Other": 12, "Phone": 323, "RPi": 2742, "Web": 927}, "Net energy usage": "42.07 kW", "Open threads": 21, "Pool hashrate": "1514.17 MH/s", "Registered users": 32058, "Server CPU usage": 51.7, "Server RAM usage": 34.0, "Server version": 2.7, "Top 10 richest miners": ["4808571.35469874 DUCO - bscDUCO", "530637.5372981913 DUCO - NodeSBroker", "500419.491771618 DUCO - coinexchange", "397162.15067505674 DUCO - James_themac", "301648.58074587426 DUCO - bloomindark", "300520.321607231 DUCO - 52Pickup", "300007.77444582264 DUCO - bimbasimba94", "252147.89392999007 DUCO - miningvir", "204939.19242534754 DUCO - maticDUCO", "190582.057104081 DUCO - celoDUCO"], "XXHASH hashrate": "0 H/s"}