{"Active connections": 912, "All-time mined DUCO": 741131726.1593974, "Current difficulty": 200000, "DUCO-S1 hashrate": "2.47 GH/s", "Duco FluffySwap price": 7.91e-06, "Duco Furim price": 0.0, "Duco Node-S price": 0.0, "Duco PancakeSwap price": 8.57789e-06, "Duco SunSwap price": 9.195e-05, "Duco SushiSwap price": 1.2962107682626e-05, "Duco UbeSwap price": 1.1191491992827553e-05, "Duco price": 0.00026, "Duco price BCH": 0.00017104, "Duco price NANO": 0.00026, "Duco price TRX": 1.131e-05, "Duco price XMG": 0.0, "Duino-Coin Server API": "github.com/revoxhere/duino-coin", "Kolka": {"Banned": 5949, "Jailed": 182}, "Last block hash": "8de4bc0b3fa1580ec7f3421feb9644fc8ead02b8", "Last sync": 1716777667.161397, "Last update": "27/05/2024 02:41:07 (UTC)", "Mined blocks": 522486774164, "Miner distribution": {"All": 18135, "Arduino": 2322, "CPU": 957, "ESP32": 7263, "ESP8266": 6168, "GPU": 0, "Other": 23, "Phone": 9, "RPi": 1219, "Web": 174}, "Net energy usage": "14.74 kW", "Open threads": 28, "Pool hashrate": "2469.544 MH/s", "Registered users": 102335, "Server CPU usage": 82.3, "Server RAM usage": 91.9, "Server version": 4.0, "Top 10 richest miners": ["79153663.74889731 DUCO - bscDUCO", "31494834.034456138 DUCO - AlmarRido", "30792510.456 DUCO - Flowen1985", "20119947.6942 DUCO - viviana80", "18545685.805999998 DUCO - bimbasimba94", "14898312.72915313 DUCO - aimbert", "14843573.980314283 DUCO - ctecrypto", "12720440.585598174 DUCO - QQ44142894", "11315351.561728094 DUCO - duinousa", "10759939.638689265 DUCO - fiorella71"], "XXHASH hashrate": "0 H/s"}