{"Active connections": 743, "All-time mined DUCO": 223189211.35562822, "Current difficulty": 75000, "DUCO-S1 hashrate": "2.3 GH/s", "Duco FluffySwap price": 3.4929999999999994e-06, "Duco Furim price": 0.0, "Duco Node-S price": 0.0, "Duco PancakeSwap price": 2.40111e-05, "Duco SunSwap price": 2.458e-05, "Duco SushiSwap price": 8.26598e-06, "Duco UbeSwap price": 2.8687163822298956e-05, "Duco price": 2.8687163822298956e-05, "Duco price BCH": 4.97e-06, "Duco price NANO": 3.45e-06, "Duco price TRX": 5.05e-06, "Duco price XMG": 0.0, "Duino-Coin Server API": "github.com/revoxhere/duino-coin", "Kolka": {"Banned": 1329, "Jailed": 114}, "Last block hash": "8de4bc0b3fa1580ec7f3421feb9644fc8ead02b8", "Last sync": 1677979112.1674347, "Last update": "05/03/2023 01:18:39 (UTC)", "Mined blocks": 365226731626, "Miner distribution": {"All": 30168, "Arduino": 3827, "CPU": 925, "ESP32": 11628, "ESP8266": 11861, "GPU": 0, "Other": 8, "Phone": 32, "RPi": 1556, "Web": 331}, "Net energy usage": "20.19 kW", "Open threads": 25, "Pool hashrate": "2261.86 MH/s", "Registered users": 89815, "Server CPU usage": 48.2, "Server RAM usage": 34.1, "Server version": 3.0, "Top 10 richest miners": ["506790220.0317206 DUCO - coinexchange", "41886071.794576176 DUCO - bscDUCO", "20119946.6942 DUCO - viviana80", "15115364.7271 DUCO - Ochios", "14092529.382 DUCO - ctecrypto", "11692429.559071772 DUCO - QQ44142894", "10759939.638689265 DUCO - fiorella71", "8125736.123916335 DUCO - Orion_0x43b", "6822780.751283509 DUCO - lordachoo", "5693218.431339938 DUCO - revox"], "XXHASH hashrate": "0 H/s"}