{"Duino-Coin Server API": "github.com/revoxhere/duino-coin", "Server version": 2.6, "Active connections": 8799, "Open threads": 23, "Server CPU usage": 65.4, "Server RAM usage": 52.3, "Last update": "16/08/2021 17:17:58 (UTC)", "Net energy usage": "6.61 kW", "Pool hashrate": "110.2049 MH/s", "DUCO-S1 hashrate": "109.0 MH/s", "XXHASH hashrate": "1.2 MH/s", "Duco price": 0.018767, "Duco price XMG": 0.01876683, "Duco price BCH": 0.0017187, "Duco price TRX": 0.00185, "Duco price XRP": 0.0021525, "Duco price DGB": 0.00211767, "Duco Node-S price": 0.018767, "Duco JustSwap price": 0.00741604, "Duco PancakeSwap price": 0.00420784, "Registered users": 20005, "All-time mined DUCO": 5729459.097561711, "Current difficulty": 450013, "Mined blocks": 10800390114, "Last block hash": "88af27f0e3", "Kolka": {"Jailed": 0, "Banned": 417}, "Miner distribution": {"GPU": 0, "CPU": 180, "RPi": 104, "ESP32": 1652, "ESP8266": 2383, "Arduino": 521, "Other": 45}, "Top 10 richest miners": ["546165.569585928 DUCO - bscDUCO", "169738.28114064544 DUCO - Bacman", "113110.85581270204 DUCO - amornlit", "110093.71377963256 DUCO - coinexchange", "100106.99999999886 DUCO - WannaCry", "100101.13453716449 DUCO - 52Pickup", "86153.40484556652 DUCO - caancom", "50328.93139333234 DUCO - rootbori", "50288.45762651612 DUCO - duinocrfsh", "47119.90790638301 DUCO - chipsa"]}