{"Active connections": 798, "All-time mined DUCO": 739861857.804672, "Current difficulty": 200000, "DUCO-S1 hashrate": "2.614 GH/s", "Duco FluffySwap price": 8.869e-06, "Duco Furim price": 0.0, "Duco Node-S price": 0.0, "Duco PancakeSwap price": 8.57789e-06, "Duco SunSwap price": 0.00010294, "Duco SushiSwap price": 1.2962107682626e-05, "Duco UbeSwap price": 1.1191491992827553e-05, "Duco price": 0.000222, "Duco price BCH": 0.00014852, "Duco price NANO": 0.000222, "Duco price TRX": 1.266e-05, "Duco price XMG": 3.75e-06, "Duino-Coin Server API": "github.com/revoxhere/duino-coin", "Kolka": {"Banned": 5922, "Jailed": 181}, "Last block hash": "8de4bc0b3fa1580ec7f3421feb9644fc8ead02b8", "Last sync": 1715377812.0230372, "Last update": "10/05/2024 21:50:12 (UTC)", "Mined blocks": 518450450510, "Miner distribution": {"All": 17090, "Arduino": 2121, "CPU": 992, "ESP32": 6572, "ESP8266": 5838, "GPU": 0, "Other": 28, "Phone": 4, "RPi": 1352, "Web": 183}, "Net energy usage": "14.72 kW", "Open threads": 28, "Pool hashrate": "2614.389 MH/s", "Registered users": 101770, "Server CPU usage": 30.8, "Server RAM usage": 90.5, "Server version": 4.0, "Top 10 richest miners": ["78442380.74889731 DUCO - bscDUCO", "39493232.42763998 DUCO - AlmarRido", "30792510.456 DUCO - Flowen1985", "20119947.6942 DUCO - viviana80", "17045685.805999998 DUCO - bimbasimba94", "14868533.39400416 DUCO - aimbert", "14842410.12787646 DUCO - ctecrypto", "12720440.585598174 DUCO - QQ44142894", "11314581.444356773 DUCO - duinousa", "10759939.638689265 DUCO - fiorella71"], "XXHASH hashrate": "0 H/s"}