{"Active connections": 1506, "All-time mined DUCO": 78215308.14219347, "Current difficulty": 1000000, "DUCO-S1 hashrate": "3.9 GH/s", "Duco Furim price": 0.0, "Duco Node-S price": 0.0, "Duco PancakeSwap price": 4.2e-05, "Duco SunSwap price": 6e-05, "Duco SushiSwap price": 4.9e-05, "Duco UbeSwap price": 4.2e-05, "Duco price": 0.000188, "Duco price BCH": 6e-06, "Duco price NANO": 2.8e-05, "Duco price TRX": 2.1e-05, "Duco price XMG": 0.000188, "Duino-Coin Server API": "github.com/revoxhere/duino-coin", "Kolka": {"Banned": 840, "Jailed": 47}, "Last block hash": "2eb3f8271cd947cdd6469be145558a7bcb72e0d9", "Last sync": 1653494654.713776, "Last update": "25/05/2022 16:04:15 (UTC)", "Mined blocks": 186340413176, "Miner distribution": {"All": 40514, "Arduino": 5605, "CPU": 3033, "ESP32": 13465, "ESP8266": 16003, "GPU": 0, "Other": 75, "Phone": 130, "RPi": 1843, "Web": 360}, "Net energy usage": "37.08 kW", "Open threads": 21, "Pool hashrate": "3911.02 MH/s", "Registered users": 75337, "Server CPU usage": 38.2, "Server RAM usage": 43.1, "Server version": 3.0, "Top 10 richest miners": ["28010399.18543735 DUCO - bscDUCO", "17779500.0 DUCO - Ochios", "6490991.289071771 DUCO - QQ44142894", "4270473.878585478 DUCO - bimbasimba94", "4007682.2870748066 DUCO - Demoel", "2727781.4250073293 DUCO - ctecrypto", "2210288.9385462017 DUCO - vyrdudji", "2145169.467415815 DUCO - jules_pilot", "2063423.2273045857 DUCO - maticDUCO", "1637272.2600304668 DUCO - coinexchange"], "XXHASH hashrate": "0 H/s"}