{"Duino-Coin Server API": "github.com/revoxhere/duino-coin", "Server version": 2.6, "Active connections": 6136, "Open threads": 23, "Server CPU usage": 65.1, "Server RAM usage": 56.0, "Last update": "14/08/2021 08:41:52 (UTC)", "Net energy usage": "78.76 kW", "Pool hashrate": "2.4668 GH/s", "DUCO-S1 hashrate": "2.4 GH/s", "XXHASH hashrate": "32.4 MH/s", "Duco price": 0.015304, "Duco price XMG": 0.01530362, "Duco price BCH": 0.00166893, "Duco price TRX": 0.00182616, "Duco price XRP": 0.0020475, "Duco price DGB": 0.00190526, "Duco Node-S price": 0.015304, "Duco JustSwap price": 0.00643221, "Duco PancakeSwap price": 0.00507655, "Registered users": 19620, "All-time mined DUCO": 5344482.802317248, "Current difficulty": 423470, "Mined blocks": 10163433238, "Last block hash": "046588e9d3", "Kolka": {"Jailed": 0, "Banned": 417}, "Miner distribution": {"GPU": 0, "CPU": 5792, "RPi": 1765, "ESP32": 7508, "ESP8266": 9386, "Arduino": 5568, "Other": 245}, "Top 10 richest miners": ["466220.92137662787 DUCO - bscDUCO", "169542.20072022255 DUCO - Bacman", "113028.34613326103 DUCO - amornlit", "102407.57276829719 DUCO - 52Pickup", "86057.94097874049 DUCO - caancom", "80000.90636678287 DUCO - noixauvk", "69501.32377963257 DUCO - coinexchange", "50288.45762651612 DUCO - duinocrfsh", "50167.4900475033 DUCO - rootbori", "47119.90790638301 DUCO - chipsa"]}