{"Active connections": 1576, "All-time mined DUCO": 98102975.2118237, "Current difficulty": 75000, "DUCO-S1 hashrate": "3.0 GH/s", "Duco FluffySwap price": 2e-05, "Duco Furim price": 0.0, "Duco Node-S price": 0.0, "Duco PancakeSwap price": 3.6e-05, "Duco SunSwap price": 8.6e-05, "Duco SushiSwap price": 1.5e-05, "Duco UbeSwap price": 2.9e-05, "Duco price": 0.000131, "Duco price BCH": 2.9e-05, "Duco price NANO": 1.2e-05, "Duco price TRX": 1.5e-05, "Duco price XMG": 0.000131, "Duino-Coin Server API": "github.com/revoxhere/duino-coin", "Kolka": {"Banned": 1068, "Jailed": 82}, "Last block hash": "2eb3f8271cd947cdd6469be145558a7bcb72e0d9", "Last sync": 1664545262.9201338, "Last update": "30/09/2022 13:41:05 (UTC)", "Mined blocks": 270903417681, "Miner distribution": {"All": 38948, "Arduino": 4623, "CPU": 2151, "ESP32": 13962, "ESP8266": 16837, "GPU": 0, "Other": 16, "Phone": 58, "RPi": 1201, "Web": 100}, "Net energy usage": "30.59 kW", "Open threads": 23, "Pool hashrate": "3045.13 MH/s", "Registered users": 80008, "Server CPU usage": 48.6, "Server RAM usage": 53.8, "Server version": 3.0, "Top 10 richest miners": ["39781418.437422335 DUCO - bscDUCO", "15965314.007 DUCO - Ochios", "13071999.202694604 DUCO - ctecrypto", "6974991.289071771 DUCO - QQ44142894", "4075220.2860000003 DUCO - AlmarRido", "2575174.392322448 DUCO - ThePurpleMadMan", "2368507.0 DUCO - Brunomoyses23", "2210288.919161586 DUCO - vyrdudji", "2000122.5163383363 DUCO - treaks", "1868394.85498389 DUCO - renderman"], "XXHASH hashrate": "0 H/s"}