{"Active connections": 1351, "All-time mined DUCO": 102857827.48236305, "Current difficulty": 75000, "DUCO-S1 hashrate": "2.9 GH/s", "Duco FluffySwap price": 2e-05, "Duco Furim price": 0.0, "Duco Node-S price": 0.0, "Duco PancakeSwap price": 3.9e-05, "Duco SunSwap price": 0.00013, "Duco SushiSwap price": 1.5e-05, "Duco UbeSwap price": 2.9e-05, "Duco price": 0.00013, "Duco price BCH": 2.8e-05, "Duco price NANO": 1.2e-05, "Duco price TRX": 1.5e-05, "Duco price XMG": 0.000109, "Duino-Coin Server API": "github.com/revoxhere/duino-coin", "Kolka": {"Banned": 1006, "Jailed": 83}, "Last block hash": "2eb3f8271cd947cdd6469be145558a7bcb72e0d9", "Last sync": 1663671186.5179434, "Last update": "20/09/2022 10:53:08 (UTC)", "Mined blocks": 264822013278, "Miner distribution": {"All": 38706, "Arduino": 4745, "CPU": 2074, "ESP32": 14351, "ESP8266": 15714, "GPU": 0, "Other": 45, "Phone": 60, "RPi": 1231, "Web": 486}, "Net energy usage": "30.16 kW", "Open threads": 22, "Pool hashrate": "2852.62 MH/s", "Registered users": 79188, "Server CPU usage": 50.4, "Server RAM usage": 45.2, "Server version": 3.0, "Top 10 richest miners": ["40098948.26552233 DUCO - bscDUCO", "15965309.807 DUCO - Ochios", "12566401.385809386 DUCO - ctecrypto", "11768409.028439209 DUCO - coinexchange", "6974991.289071771 DUCO - QQ44142894", "2649910.540242616 DUCO - goddani", "2573995.039422214 DUCO - ThePurpleMadMan", "2368507.0 DUCO - Brunomoyses23", "2210288.919161586 DUCO - vyrdudji", "1868361.5442643664 DUCO - renderman"], "XXHASH hashrate": "0 H/s"}