{"Active connections": 746, "All-time mined DUCO": 1126601942.978666, "Current difficulty": 75000, "DUCO-S1 hashrate": "2.343 GH/s", "Duco FluffySwap price": 3.3109999999999997e-06, "Duco Furim price": 0.0, "Duco Node-S price": 0.0, "Duco PancakeSwap price": 7.2694e-06, "Duco SunSwap price": 0.00010521, "Duco SushiSwap price": 1.01312e-05, "Duco UbeSwap price": 2.9093097913322633e-05, "Duco price": 0.00010521, "Duco price BCH": 4.73e-06, "Duco price NANO": 1.1e-06, "Duco price TRX": 1.97e-06, "Duco price XMG": 1.293e-05, "Duino-Coin Server API": "github.com/revoxhere/duino-coin", "Kolka": {"Banned": 5661, "Jailed": 161}, "Last block hash": "8de4bc0b3fa1580ec7f3421feb9644fc8ead02b8", "Last sync": 1694334870.1504045, "Last update": "10/09/2023 08:34:35 (UTC)", "Mined blocks": 447226315748, "Miner distribution": {"All": 20246, "Arduino": 2259, "CPU": 822, "ESP32": 8458, "ESP8266": 7455, "GPU": 0, "Other": 16, "Phone": 17, "RPi": 1219, "Web": 0}, "Net energy usage": "14.84 kW", "Open threads": 24, "Pool hashrate": "2343.411 MH/s", "Registered users": 95572, "Server CPU usage": 40.2, "Server RAM usage": 43.4, "Server version": 3.0, "Top 10 richest miners": ["495743830.67087966 DUCO - coinexchange", "364660821.32267 DUCO - coinexchange", "70408419.64457695 DUCO - bscDUCO", "44222470.968 DUCO - AlmarRido", "26700861.881426554 DUCO - giveaways", "24485940.745 DUCO - Flowen1985", "20119947.6942 DUCO - viviana80", "14281362.881 DUCO - bimbasimba94", "12720440.559071772 DUCO - QQ44142894", "11758322.739780247 DUCO - ctecrypto"], "XXHASH hashrate": "0 H/s"}