{"Active connections": 1448, "All-time mined DUCO": 41453612.67528431, "Current difficulty": 1000000, "DUCO-S1 hashrate": "5.7 GH/s", "Duco JustSwap price": 0.00021832, "Duco Node-S price": 0.006871, "Duco PancakeSwap price": 9.41186e-05, "Duco SushiSwap price": 0.000209454, "Duco price": 0.008174, "Duco price BCH": 2.86e-06, "Duco price NANO": 1.185e-05, "Duco price TRX": 1.315e-05, "Duco price XMG": 0.00104218, "Duino-Coin Server API": "github.com/revoxhere/duino-coin", "Kolka": {"Banned": 790, "Jailed": 27}, "Last block hash": "2eb3f8271cd947cdd6469be145558a7bcb72e0d9", "Last sync": 1644581729.615834, "Last update": "11/02/2022 12:15:30 (UTC)", "Mined blocks": 106607869381, "Miner distribution": {"All": 31158, "Arduino": 6033, "CPU": 4773, "ESP32": 6840, "ESP8266": 9489, "GPU": 0, "Other": 8, "Phone": 325, "RPi": 2786, "Web": 904}, "Net energy usage": "44.38 kW", "Open threads": 21, "Pool hashrate": "5743.02 MH/s", "Registered users": 56101, "Server CPU usage": 39.3, "Server RAM usage": 43.4, "Server version": 2.7, "Top 10 richest miners": ["12948966.0 DUCO - miningvir", "12255857.590093603 DUCO - bscDUCO", "2223443.9708699137 DUCO - coinexchange", "1741633.8540921155 DUCO - bimbasimba94", "938162.1506750567 DUCO - James_themac", "926820.1073329016 DUCO - bloomindark", "716376.3325857767 DUCO - Ochios", "226295.5003678302 DUCO - Backrndsource", "224947.34950451492 DUCO - maticDUCO", "190624.067104081 DUCO - celoDUCO"], "XXHASH hashrate": "0 H/s"}