{"Active connections": 2186, "All-time mined DUCO": 19590875.812529963, "Current difficulty": 75000, "DUCO-S1 hashrate": "1331.3 MH/s", "Duco JustSwap price": 8.561e-05, "Duco Node-S price": 2.1e-05, "Duco PancakeSwap price": 0.000594663, "Duco SushiSwap price": 0.000356015, "Duco price": 0.000594663, "Duco price BCH": 3.315e-05, "Duco price DGB": 0.0, "Duco price NANO": 1.376e-05, "Duco price RVN": 0.0, "Duco price TRX": 7.72e-05, "Duco price XMG": 0.00024948, "Duco price XRP": 0.0, "Duino-Coin Server API": "github.com/revoxhere/duino-coin", "Kolka": {"Banned": 733, "Jailed": 24}, "Last block hash": "2eb3f8271c", "Last sync": 1640729968.911407, "Last update": "28/12/2021 22:19:28 (UTC)", "Mined blocks": 72362987518, "Miner distribution": {"All": 29187, "Arduino": 6914, "CPU": 3847, "ESP32": 7420, "ESP8266": 7621, "GPU": 0, "Other": 5, "Phone": 265, "RPi": 2067, "Web": 1048}, "Net energy usage": "36.94 kW", "Open threads": 21, "Pool hashrate": "1331.32 MH/s", "Registered users": 32794, "Server CPU usage": 70.3, "Server RAM usage": 47.3, "Server version": 2.7, "Top 10 richest miners": ["5176230.227918889 DUCO - bscDUCO", "530737.5372981913 DUCO - NodeSBroker", "500405.031771618 DUCO - coinexchange", "397162.15067505674 DUCO - James_themac", "303076.8285360939 DUCO - bloomindark", "300520.321607231 DUCO - 52Pickup", "300034.78119837976 DUCO - bimbasimba94", "208027.35682435756 DUCO - maticDUCO", "190582.057104081 DUCO - celoDUCO", "170241.298916613 DUCO - Bacman"], "XXHASH hashrate": "0 H/s"}