{"Active connections": 621, "All-time mined DUCO": 780071326.97283, "Current difficulty": 200000, "DUCO-S1 hashrate": "6.097 GH/s", "Duco FluffySwap price": 2.1335999999999997e-05, "Duco Furim price": 0.0, "Duco Node-S price": 0.0, "Duco PancakeSwap price": 1.31425e-05, "Duco SunSwap price": 2.914e-05, "Duco SushiSwap price": 8.987494203495e-06, "Duco UbeSwap price": 1.568e-05, "Duco price": 3.254e-05, "Duco price BCH": 0.0, "Duco price NANO": 0.0, "Duco price TRX": 3.046e-05, "Duco price XMG": 3.254e-05, "Duino-Coin Server API": "github.com/revoxhere/duino-coin", "Kolka": {"Banned": 6032, "Jailed": 191}, "Last block hash": "8de4bc0b3fa1580ec7f3421feb9644fc8ead02b8", "Last sync": 1725807525.7429032, "Last update": "08/09/2024 14:58:45 (UTC)", "Mined blocks": 549130680552, "Miner distribution": {"All": 14863, "Arduino": 1898, "CPU": 727, "ESP32": 5060, "ESP8266": 5919, "GPU": 0, "Other": 11, "Phone": 12, "RPi": 1028, "Web": 208}, "Net energy usage": "11.92 kW", "Open threads": 27, "Pool hashrate": "6097.034 MH/s", "Registered users": 105840, "Server CPU usage": 73.7, "Server RAM usage": 62.2, "Server version": 4.0, "Top 10 richest miners": ["235437556.79531315 DUCO - coinexchange", "85495878.52646369 DUCO - bscDUCO", "35576240.569 DUCO - AlmarRido", "30855598.808 DUCO - Flowen1985", "20160690.628000002 DUCO - viviana80", "18317539.132 DUCO - bimbasimba94", "14928737.916602576 DUCO - aimbert", "14847133.194062889 DUCO - ctecrypto", "14206652.070107272 DUCO - duinousa", "12721943.39257476 DUCO - QQ44142894"], "XXHASH hashrate": "0 H/s"}