{"Active connections": 2773, "All-time mined DUCO": 1128810851.665048, "Current difficulty": 75000, "DUCO-S1 hashrate": "1.917 GH/s", "Duco FluffySwap price": 3.7169999999999997e-06, "Duco Furim price": 0.0, "Duco Node-S price": 0.0, "Duco PancakeSwap price": 7.2694e-06, "Duco SunSwap price": 8.477e-05, "Duco SushiSwap price": 1.01312e-05, "Duco UbeSwap price": 2.9093097913322633e-05, "Duco price": 8.477e-05, "Duco price BCH": 5.4e-06, "Duco price NANO": 1.08e-06, "Duco price TRX": 2.11e-06, "Duco price XMG": 1.631e-05, "Duino-Coin Server API": "github.com/revoxhere/duino-coin", "Kolka": {"Banned": 5674, "Jailed": 167}, "Last block hash": "8de4bc0b3fa1580ec7f3421feb9644fc8ead02b8", "Last sync": 1695227004.6828442, "Last update": "20/09/2023 16:23:28 (UTC)", "Mined blocks": 451022488448, "Miner distribution": {"All": 18498, "Arduino": 2321, "CPU": 654, "ESP32": 7079, "ESP8266": 7131, "GPU": 0, "Other": 7, "Phone": 21, "RPi": 1218, "Web": 67}, "Net energy usage": "13.15 kW", "Open threads": 24, "Pool hashrate": "1917.005 MH/s", "Registered users": 95934, "Server CPU usage": 61.9, "Server RAM usage": 18.7, "Server version": 3.0, "Top 10 richest miners": ["495743830.67087966 DUCO - coinexchange", "352540282.56128526 DUCO - coinexchange", "71509831.64457695 DUCO - bscDUCO", "39628683.974 DUCO - AlmarRido", "26717195.393431745 DUCO - giveaways", "24485940.745 DUCO - Flowen1985", "20119947.6942 DUCO - viviana80", "12720440.559071772 DUCO - QQ44142894", "11784130.383860141 DUCO - ctecrypto", "11415090.305 DUCO - bimbasimba94"], "XXHASH hashrate": "0 H/s"}