{"Active connections": 743, "All-time mined DUCO": 224434967.29087672, "Current difficulty": 75000, "DUCO-S1 hashrate": "2.2 GH/s", "Duco FluffySwap price": 3.521e-06, "Duco Furim price": 0.0, "Duco Node-S price": 0.0, "Duco PancakeSwap price": 2.40502e-05, "Duco SunSwap price": 2.463e-05, "Duco SushiSwap price": 7.79183e-06, "Duco UbeSwap price": 2.8687163822298956e-05, "Duco price": 2.8687163822298956e-05, "Duco price BCH": 5.02e-06, "Duco price NANO": 3.4e-06, "Duco price TRX": 5.06e-06, "Duco price XMG": 0.0, "Duino-Coin Server API": "github.com/revoxhere/duino-coin", "Kolka": {"Banned": 1329, "Jailed": 114}, "Last block hash": "8de4bc0b3fa1580ec7f3421feb9644fc8ead02b8", "Last sync": 1678156409.039053, "Last update": "07/03/2023 02:33:32 (UTC)", "Mined blocks": 366302854866, "Miner distribution": {"All": 29651, "Arduino": 3674, "CPU": 911, "ESP32": 11393, "ESP8266": 11871, "GPU": 0, "Other": 9, "Phone": 22, "RPi": 1481, "Web": 290}, "Net energy usage": "19.81 kW", "Open threads": 24, "Pool hashrate": "2155.45 MH/s", "Registered users": 89912, "Server CPU usage": 43.6, "Server RAM usage": 34.8, "Server version": 3.0, "Top 10 richest miners": ["503404675.6512206 DUCO - coinexchange", "41892071.794576176 DUCO - bscDUCO", "20119946.6942 DUCO - viviana80", "15115364.7271 DUCO - Ochios", "14092529.382 DUCO - ctecrypto", "11692429.559071772 DUCO - QQ44142894", "10759939.638689265 DUCO - fiorella71", "8125736.123916335 DUCO - Orion_0x43b", "6823146.183414818 DUCO - lordachoo", "5833219.439449101 DUCO - revox"], "XXHASH hashrate": "0 H/s"}