{"Active connections": 770, "All-time mined DUCO": 687840135.1006337, "Current difficulty": 75000, "DUCO-S1 hashrate": "2.1 GH/s", "Duco FluffySwap price": 1.6799999999999998e-06, "Duco Furim price": 0.0, "Duco Node-S price": 0.0, "Duco PancakeSwap price": 3.13039e-05, "Duco SunSwap price": 2.34e-05, "Duco SushiSwap price": 1.88429e-05, "Duco UbeSwap price": 2.949693582059398e-05, "Duco price": 3.13039e-05, "Duco price BCH": 2.39e-06, "Duco price NANO": 1.73e-06, "Duco price TRX": 2.24e-06, "Duco price XMG": 0.0, "Duino-Coin Server API": "github.com/revoxhere/duino-coin", "Kolka": {"Banned": 1331, "Jailed": 117}, "Last block hash": "8de4bc0b3fa1580ec7f3421feb9644fc8ead02b8", "Last sync": 1680026606.7245924, "Last update": "28/03/2023 18:03:30 (UTC)", "Mined blocks": 377046136545, "Miner distribution": {"All": 29226, "Arduino": 3762, "CPU": 977, "ESP32": 11091, "ESP8266": 11540, "GPU": 0, "Other": 12, "Phone": 11, "RPi": 1598, "Web": 235}, "Net energy usage": "20.1 kW", "Open threads": 24, "Pool hashrate": "2058.16 MH/s", "Registered users": 90906, "Server CPU usage": 50.1, "Server RAM usage": 45.9, "Server version": 3.0, "Top 10 richest miners": ["495743830.67087966 DUCO - coinexchange", "494424916.5634848 DUCO - coinexchange", "34947321.708276175 DUCO - bscDUCO", "20119946.6942 DUCO - viviana80", "15115364.7271 DUCO - Ochios", "12720440.559071772 DUCO - QQ44142894", "10759939.638689265 DUCO - fiorella71", "8125736.123916335 DUCO - Orion_0x43b", "6827624.174558293 DUCO - lordachoo", "6785829.859527055 DUCO - msdo1006"], "XXHASH hashrate": "0 H/s"}