{"Active connections": 953, "All-time mined DUCO": 783627613.2699418, "Current difficulty": 200000, "DUCO-S1 hashrate": "1.921 GH/s", "Duco FluffySwap price": 2.1867999999999998e-05, "Duco Furim price": 0.0, "Duco Node-S price": 0.0, "Duco PancakeSwap price": 1.31425e-05, "Duco SunSwap price": 2.986e-05, "Duco SushiSwap price": 8.987494203495e-06, "Duco UbeSwap price": 1.568e-05, "Duco price": 3.513e-05, "Duco price BCH": 0.0, "Duco price NANO": 0.0, "Duco price TRX": 3.122e-05, "Duco price XMG": 3.513e-05, "Duino-Coin Server API": "github.com/revoxhere/duino-coin", "Kolka": {"Banned": 6025, "Jailed": 191}, "Last block hash": "8de4bc0b3fa1580ec7f3421feb9644fc8ead02b8", "Last sync": 1725162019.1932192, "Last update": "01/09/2024 03:40:19 (UTC)", "Mined blocks": 547368033187, "Miner distribution": {"All": 14734, "Arduino": 1913, "CPU": 789, "ESP32": 4846, "ESP8266": 5889, "GPU": 0, "Other": 10, "Phone": 10, "RPi": 1130, "Web": 147}, "Net energy usage": "12.32 kW", "Open threads": 27, "Pool hashrate": "1920.979 MH/s", "Registered users": 105615, "Server CPU usage": 63.3, "Server RAM usage": 96.1, "Server version": 4.0, "Top 10 richest miners": ["234970523.2617655 DUCO - coinexchange", "85494792.52646369 DUCO - bscDUCO", "35576240.569 DUCO - AlmarRido", "30855598.808 DUCO - Flowen1985", "22896923.915 DUCO - bimbasimba94", "20160690.628000002 DUCO - viviana80", "14928224.121692607 DUCO - aimbert", "14847133.194062889 DUCO - ctecrypto", "14206430.804656027 DUCO - duinousa", "12721943.39257476 DUCO - QQ44142894"], "XXHASH hashrate": "0 H/s"}