{"Duino-Coin Server API": "github.com/revoxhere/duino-coin", "Server version": 2.7, "Active connections": 4587, "Open threads": 24, "Server CPU usage": 67.2, "Server RAM usage": 24.3, "Last update": "25/10/2021 19:26:19 (UTC)", "Net energy usage": "31.95 kW", "Pool hashrate": "1098.19 MH/s", "DUCO-S1 hashrate": "1098.2 MH/s", "XXHASH hashrate": "0 H/s", "Duco price": 0.001619, "Duco price XMG": 0.00050586, "Duco price BCH": 0.00030551, "Duco price RVN": 0.00035092, "Duco price TRX": 0.00030037, "Duco price XRP": 0.00015137, "Duco price DGB": 0.0005008, "Duco price NANO": 0.00050369, "Duco price FJC": 0.0006565, "Duco Node-S price": 5.1e-05, "Duco JustSwap price": 0.00121192, "Duco Ubeswap price": 0.001619, "Duco PancakeSwap price": 0.000917565, "Duco SushiSwap price": 0.000846605, "Registered users": 21665, "All-time mined DUCO": 15933516.943194624, "Current difficulty": 125000, "Mined blocks": 33035406744, "Last block hash": "808322d453", "Kolka": {"Jailed": 24, "Banned": 672}, "Miner distribution": {"GPU": 0, "CPU": 2718, "RPi": 1497, "Phone": 209, "Web": 752, "ESP32": 10630, "ESP8266": 12254, "Arduino": 5800, "Other": 113, "All": 33973}, "Top 10 richest miners": ["2974943.3228342715 DUCO - bscDUCO", "586542.3539841222 DUCO - NodeSBroker", "586516.22009022 DUCO - coinexchange", "521520.1555491204 DUCO - 52Pickup", "400902.96469144314 DUCO - James_themac", "172487.89104597003 DUCO - celoDUCO", "170240.13285850236 DUCO - Bacman", "123387.18511437952 DUCO - amornlit", "121685.90546844892 DUCO - rootbori", "88372.53764611587 DUCO - caancom"]}