{"Active connections": 935, "All-time mined DUCO": 172916690.31337538, "Current difficulty": 75000, "DUCO-S1 hashrate": "2.4 GH/s", "Duco FluffySwap price": 1.7779999999999997e-06, "Duco Furim price": 0.0, "Duco Node-S price": 0.0, "Duco PancakeSwap price": 3.08548e-05, "Duco SunSwap price": 4.769e-05, "Duco SushiSwap price": 3.43818e-06, "Duco UbeSwap price": 2.7980974249630965e-05, "Duco price": 4.769e-05, "Duco price BCH": 2.54e-06, "Duco price NANO": 1.71e-06, "Duco price TRX": 3.91e-06, "Duco price XMG": 0.0, "Duino-Coin Server API": "github.com/revoxhere/duino-coin", "Kolka": {"Banned": 1234, "Jailed": 96}, "Last block hash": "8de4bc0b3fa1580ec7f3421feb9644fc8ead02b8", "Last sync": 1673085225.9473822, "Last update": "07/01/2023 09:53:49 (UTC)", "Mined blocks": 334847083450, "Miner distribution": {"All": 33802, "Arduino": 3861, "CPU": 1252, "ESP32": 12763, "ESP8266": 13891, "GPU": 0, "Other": 17, "Phone": 11, "RPi": 1629, "Web": 378}, "Net energy usage": "23.88 kW", "Open threads": 24, "Pool hashrate": "2388.47 MH/s", "Registered users": 86545, "Server CPU usage": 47.8, "Server RAM usage": 45.6, "Server version": 3.0, "Top 10 richest miners": ["98058560.95093815 DUCO - coinexchange", "40220617.73070239 DUCO - bscDUCO", "20119945.00125 DUCO - viviana80", "14965361.625395073 DUCO - Ochios", "13675334.218015814 DUCO - ctecrypto", "11692429.559071772 DUCO - QQ44142894", "10759939.638689265 DUCO - fiorella71", "8125736.123916335 DUCO - Orion_0x43b", "6809370.891345188 DUCO - lordachoo", "4267666.823 DUCO - Demoel"], "XXHASH hashrate": "0 H/s"}