{"Active connections": 1426, "All-time mined DUCO": 194918462.99146822, "Current difficulty": 75000, "DUCO-S1 hashrate": "2.4 GH/s", "Duco FluffySwap price": 3.689e-06, "Duco Furim price": 0.0, "Duco Node-S price": 0.0, "Duco PancakeSwap price": 2.92879e-05, "Duco SunSwap price": 6.158e-05, "Duco SushiSwap price": 8.32413e-06, "Duco UbeSwap price": 2.8687163822298956e-05, "Duco price": 6.158e-05, "Duco price BCH": 5.27e-06, "Duco price NANO": 3.66e-06, "Duco price TRX": 5.1e-06, "Duco price XMG": 0.0, "Duino-Coin Server API": "github.com/revoxhere/duino-coin", "Kolka": {"Banned": 1322, "Jailed": 112}, "Last block hash": "8de4bc0b3fa1580ec7f3421feb9644fc8ead02b8", "Last sync": 1677265184.5500283, "Last update": "24/02/2023 18:59:52 (UTC)", "Mined blocks": 360868381083, "Miner distribution": {"All": 30755, "Arduino": 3930, "CPU": 989, "ESP32": 11745, "ESP8266": 12048, "GPU": 0, "Other": 9, "Phone": 60, "RPi": 1629, "Web": 345}, "Net energy usage": "20.9 kW", "Open threads": 25, "Pool hashrate": "2352.42 MH/s", "Registered users": 89420, "Server CPU usage": 48.4, "Server RAM usage": 54.1, "Server version": 3.0, "Top 10 richest miners": ["508328128.0944061 DUCO - coinexchange", "42588762.794576176 DUCO - bscDUCO", "20119946.6942 DUCO - viviana80", "15115363.695 DUCO - Ochios", "12202628.27 DUCO - infternet", "11692429.559071772 DUCO - QQ44142894", "10759939.638689265 DUCO - fiorella71", "8125736.123916335 DUCO - Orion_0x43b", "7752696.779 DUCO - sudoerrno", "6821132.308409145 DUCO - lordachoo"], "XXHASH hashrate": "0 H/s"}