{"Active connections": 1162, "All-time mined DUCO": 744637614.5957892, "Current difficulty": 200000, "DUCO-S1 hashrate": "1.584 GH/s", "Duco FluffySwap price": 9.407999999999999e-06, "Duco Furim price": 0.0, "Duco Node-S price": 0.0, "Duco PancakeSwap price": 8.57789e-06, "Duco SunSwap price": 2.569e-05, "Duco SushiSwap price": 1.2962107682626e-05, "Duco UbeSwap price": 1.1191491992827553e-05, "Duco price": 2.569e-05, "Duco price BCH": 0.0, "Duco price NANO": 0.0, "Duco price TRX": 1.343e-05, "Duco price XMG": 1.31e-06, "Duino-Coin Server API": "github.com/revoxhere/duino-coin", "Kolka": {"Banned": 5991, "Jailed": 191}, "Last block hash": "8de4bc0b3fa1580ec7f3421feb9644fc8ead02b8", "Last sync": 1721493793.4272258, "Last update": "20/07/2024 16:43:13 (UTC)", "Mined blocks": 537065520170, "Miner distribution": {"All": 18122, "Arduino": 2208, "CPU": 920, "ESP32": 7699, "ESP8266": 5945, "GPU": 0, "Other": 12, "Phone": 5, "RPi": 1144, "Web": 189}, "Net energy usage": "14.44 kW", "Open threads": 29, "Pool hashrate": "1583.815 MH/s", "Registered users": 104298, "Server CPU usage": 61.3, "Server RAM usage": 90.4, "Server version": 4.0, "Top 10 richest miners": ["247380200.03618473 DUCO - coinexchange", "81473387.50800352 DUCO - bscDUCO", "30000991.1298474 DUCO - AlmarRido", "24635208.6964704 DUCO - Flowen1985", "18660226.832638856 DUCO - aimbert", "18280977.178 DUCO - bimbasimba94", "16096358.288900001 DUCO - viviana80", "14847133.194062889 DUCO - ctecrypto", "12721940.59109726 DUCO - QQ44142894", "11341225.752689328 DUCO - duinousa"], "XXHASH hashrate": "0 H/s"}