{"Active connections": 1744, "All-time mined DUCO": 63410635.04208833, "Current difficulty": 1000000, "DUCO-S1 hashrate": "4.8 GH/s", "Duco Furim price": 0.0, "Duco Node-S price": 0.0, "Duco PancakeSwap price": 6.6e-05, "Duco SunSwap price": 0.000129, "Duco SushiSwap price": 6.1e-05, "Duco price": 0.000136, "Duco price BCH": 6e-06, "Duco price NANO": 3e-05, "Duco price TRX": 5e-06, "Duco price XMG": 9e-06, "Duino-Coin Server API": "github.com/revoxhere/duino-coin", "Kolka": {"Banned": 637, "Jailed": 34}, "Last block hash": "2eb3f8271cd947cdd6469be145558a7bcb72e0d9", "Last sync": 1648806926.416025, "Last update": "01/04/2022 09:55:28 (UTC)", "Mined blocks": 144697735941, "Miner distribution": {"All": 40413, "Arduino": 6704, "CPU": 3664, "ESP32": 12491, "ESP8266": 14415, "GPU": 0, "Other": 34, "Phone": 204, "RPi": 2362, "Web": 539}, "Net energy usage": "41.17 kW", "Open threads": 21, "Pool hashrate": "4751.61 MH/s", "Registered users": 67168, "Server CPU usage": 40.3, "Server RAM usage": 61.9, "Server version": 3.0, "Top 10 richest miners": ["25261791.20041564 DUCO - bscDUCO", "10404049.914401649 DUCO - Ochios", "5000000.269761559 DUCO - miningvir", "3773857.429313159 DUCO - coinexchange", "3250098.6952358535 DUCO - miyan001", "2453551.93887242 DUCO - ifdeduco", "1562605.321058913 DUCO - Demoel", "1209838.627673189 DUCO - James_themac", "1202277.0001009465 DUCO - juanjefraire", "1200001.40117249 DUCO - amornlit"], "XXHASH hashrate": "0 H/s"}