{"Active connections": 865, "All-time mined DUCO": 738774757.2522148, "Current difficulty": 200000, "DUCO-S1 hashrate": "2.508 GH/s", "Duco FluffySwap price": 8.742999999999999e-06, "Duco Furim price": 0.0, "Duco Node-S price": 0.0, "Duco PancakeSwap price": 8.57789e-06, "Duco SunSwap price": 0.00010154, "Duco SushiSwap price": 1.2962107682626e-05, "Duco UbeSwap price": 1.1191491992827553e-05, "Duco price": 0.0002056, "Duco price BCH": 0.000152, "Duco price NANO": 0.0002056, "Duco price TRX": 1.248e-05, "Duco price XMG": 0.0, "Duino-Coin Server API": "github.com/revoxhere/duino-coin", "Kolka": {"Banned": 5922, "Jailed": 181}, "Last block hash": "8de4bc0b3fa1580ec7f3421feb9644fc8ead02b8", "Last sync": 1715698913.4892445, "Last update": "14/05/2024 15:01:53 (UTC)", "Mined blocks": 519353303149, "Miner distribution": {"All": 17712, "Arduino": 2175, "CPU": 996, "ESP32": 6865, "ESP8266": 6123, "GPU": 0, "Other": 20, "Phone": 19, "RPi": 1329, "Web": 185}, "Net energy usage": "14.98 kW", "Open threads": 28, "Pool hashrate": "2507.63 MH/s", "Registered users": 101898, "Server CPU usage": 32.5, "Server RAM usage": 92.3, "Server version": 4.0, "Top 10 richest miners": ["78665233.74889731 DUCO - bscDUCO", "39493232.42763998 DUCO - AlmarRido", "30792510.456 DUCO - Flowen1985", "20119947.6942 DUCO - viviana80", "17045685.805999998 DUCO - bimbasimba94", "14868541.457229866 DUCO - aimbert", "14842696.705425754 DUCO - ctecrypto", "12720440.585598174 DUCO - QQ44142894", "11314734.943423964 DUCO - duinousa", "10759939.638689265 DUCO - fiorella71"], "XXHASH hashrate": "0 H/s"}