{"Active connections": 1179, "All-time mined DUCO": 55449401.15497449, "Current difficulty": 1000000, "DUCO-S1 hashrate": "4.1 GH/s", "Duco Furim price": 0.0, "Duco Node-S price": 0.0, "Duco PancakeSwap price": 5.3e-05, "Duco SunSwap price": 5.7e-05, "Duco SushiSwap price": 1.4e-05, "Duco UbeSwap price": 0.0001, "Duco price": 0.0001, "Duco price BCH": 7e-06, "Duco price NANO": 3.5e-05, "Duco price TRX": 2e-05, "Duco price XMG": 5.1e-05, "Duino-Coin Server API": "github.com/revoxhere/duino-coin", "Kolka": {"Banned": 782, "Jailed": 46}, "Last block hash": "2eb3f8271cd947cdd6469be145558a7bcb72e0d9", "Last sync": 1652240350.1338034, "Last update": "11/05/2022 03:39:10 (UTC)", "Mined blocks": 175242855757, "Miner distribution": {"All": 39845, "Arduino": 5483, "CPU": 3305, "ESP32": 13109, "ESP8266": 15357, "GPU": 0, "Other": 73, "Phone": 156, "RPi": 1908, "Web": 454}, "Net energy usage": "38.51 kW", "Open threads": 21, "Pool hashrate": "4126.14 MH/s", "Registered users": 73567, "Server CPU usage": 29.6, "Server RAM usage": 42.8, "Server version": 3.0, "Top 10 richest miners": ["27069598.78897829 DUCO - bscDUCO", "9303501.000002448 DUCO - Ochios", "4127108.3463585814 DUCO - QQ44142894", "4007254.4472261327 DUCO - Demoel", "2210288.9385462017 DUCO - vyrdudji", "1662291.6700304663 DUCO - coinexchange", "1518735.688960454 DUCO - ctecrypto", "1459364.554433561 DUCO - maticDUCO", "1209839.3105654893 DUCO - James_themac", "958406.3416540142 DUCO - econnaty"], "XXHASH hashrate": "0 H/s"}