{"Duino-Coin Server API": "github.com/revoxhere/duino-coin", "Server version": 2.7, "Active connections": 6270, "Open threads": 24, "Server CPU usage": 59.9, "Server RAM usage": 42.9, "Last update": "09/09/2021 23:09:15 (UTC)", "Net energy usage": "57.91 kW", "Pool hashrate": "1073.712 MH/s", "DUCO-S1 hashrate": "1047.6 MH/s", "XXHASH hashrate": "26.1 MH/s", "Duco price": 0.00449521, "Duco price XMG": 0.00139935, "Duco price BCH": 0.00066378, "Duco price RVN": 0.00084036, "Duco price TRX": 0.0009297, "Duco price XRP": 0.000825, "Duco price DGB": 0.00082245, "Duco price NANO": 0.00084245, "Duco price FJC": 0.00085104, "Duco Node-S price": 0.002125, "Duco JustSwap price": 0.00449521, "Duco PancakeSwap price": 0.0014763, "Registered users": 17048, "All-time mined DUCO": 8804195.694148883, "Current difficulty": 629262, "Mined blocks": 15102465537, "Last block hash": "730b6127b9", "Kolka": {"Jailed": 21, "Banned": 602}, "Miner distribution": {"GPU": 0, "CPU": 3672, "RPi": 1912, "Phone": 0, "Web": 1184, "ESP32": 6314, "ESP8266": 8436, "Arduino": 2731, "Other": 339}, "Top 10 richest miners": ["1881181.8222890745 DUCO - bscDUCO", "497718.53586967307 DUCO - coinexchange", "240000.1555491204 DUCO - 52Pickup", "188639.80959377365 DUCO - WannaCry", "169937.594875061 DUCO - Bacman", "119916.67773827117 DUCO - rootbori", "113387.18511437952 DUCO - amornlit", "86305.32054331023 DUCO - caancom", "53280.91109411898 DUCO - giveaways", "51390.83361370643 DUCO - ducodoly"]}