{"Active connections": 815, "All-time mined DUCO": 90458628.39581579, "Current difficulty": 1000000, "DUCO-S1 hashrate": "3.1 GH/s", "Duco Furim price": 0.0, "Duco Node-S price": 0.0, "Duco PancakeSwap price": 4e-05, "Duco SunSwap price": 4.3e-05, "Duco SushiSwap price": 1.2e-05, "Duco UbeSwap price": 2.8e-05, "Duco price": 8.7e-05, "Duco price BCH": 1.3e-05, "Duco price NANO": 1.2e-05, "Duco price TRX": 1.7e-05, "Duco price XMG": 8.7e-05, "Duino-Coin Server API": "github.com/revoxhere/duino-coin", "Kolka": {"Banned": 936, "Jailed": 56}, "Last block hash": "2eb3f8271cd947cdd6469be145558a7bcb72e0d9", "Last sync": 1656947302.017093, "Last update": "04/07/2022 15:08:25 (UTC)", "Mined blocks": 215821421464, "Miner distribution": {"All": 37294, "Arduino": 5021, "CPU": 2272, "ESP32": 12763, "ESP8266": 15350, "GPU": 0, "Other": 86, "Phone": 62, "RPi": 1483, "Web": 257}, "Net energy usage": "30.85 kW", "Open threads": 22, "Pool hashrate": "3079.6 MH/s", "Registered users": 73599, "Server CPU usage": 35.6, "Server RAM usage": 28.7, "Server version": 3.0, "Top 10 richest miners": ["34153185.622689165 DUCO - bscDUCO", "16868013.00251215 DUCO - Ochios", "7753247.696489331 DUCO - ctecrypto", "6974991.289071771 DUCO - QQ44142894", "5754461.120496169 DUCO - renderman", "4006769.0453929054 DUCO - Demoel", "3487014.933396697 DUCO - coinexchange", "2368507.0 DUCO - Brunomoyses23", "2210288.9385462017 DUCO - vyrdudji", "2070152.565 DUCO - CryptSino_Exchange"], "XXHASH hashrate": "0 H/s"}