{"Active connections": 926, "All-time mined DUCO": 714751754.1723337, "Current difficulty": 75000, "DUCO-S1 hashrate": "2.1 GH/s", "Duco FluffySwap price": 1.8689999999999998e-06, "Duco Furim price": 0.0, "Duco Node-S price": 0.0, "Duco PancakeSwap price": 1.98386e-05, "Duco SunSwap price": 2.418e-05, "Duco SushiSwap price": 1.78029e-05, "Duco UbeSwap price": 2.9828006500541712e-05, "Duco price": 2.9828006500541712e-05, "Duco price BCH": 2.67e-06, "Duco price NANO": 1.84e-06, "Duco price TRX": 2.32e-06, "Duco price XMG": 0.0, "Duino-Coin Server API": "github.com/revoxhere/duino-coin", "Kolka": {"Banned": 1346, "Jailed": 123}, "Last block hash": "8de4bc0b3fa1580ec7f3421feb9644fc8ead02b8", "Last sync": 1681630386.148459, "Last update": "16/04/2023 07:33:09 (UTC)", "Mined blocks": 386934569795, "Miner distribution": {"All": 27861, "Arduino": 3378, "CPU": 1004, "ESP32": 10660, "ESP8266": 10987, "GPU": 0, "Other": 29, "Phone": 10, "RPi": 1554, "Web": 239}, "Net energy usage": "19.67 kW", "Open threads": 24, "Pool hashrate": "2062.0 MH/s", "Registered users": 91701, "Server CPU usage": 48.9, "Server RAM usage": 53.6, "Server version": 3.0, "Top 10 richest miners": ["495743830.67087966 DUCO - coinexchange", "476719522.4389794 DUCO - coinexchange", "45183543.49839266 DUCO - bscDUCO", "20119947.6942 DUCO - viviana80", "15115368.927099999 DUCO - Ochios", "12720440.559071772 DUCO - QQ44142894", "10759939.638689265 DUCO - fiorella71", "8125736.123916335 DUCO - Orion_0x43b", "7200273.689391057 DUCO - msdo1006", "6881868.112 DUCO - revox"], "XXHASH hashrate": "0 H/s"}