{"Active connections": 1331, "All-time mined DUCO": 106643054.10529843, "Current difficulty": 75000, "DUCO-S1 hashrate": "2.9 GH/s", "Duco FluffySwap price": 2e-05, "Duco Furim price": 0.0, "Duco Node-S price": 0.0, "Duco PancakeSwap price": 3.4e-05, "Duco SunSwap price": 0.000128, "Duco SushiSwap price": 1.5e-05, "Duco UbeSwap price": 2.9e-05, "Duco price": 0.00025, "Duco price BCH": 2.8e-05, "Duco price NANO": 1.2e-05, "Duco price TRX": 1.5e-05, "Duco price XMG": 0.000109, "Duino-Coin Server API": "github.com/revoxhere/duino-coin", "Kolka": {"Banned": 1007, "Jailed": 83}, "Last block hash": "2eb3f8271cd947cdd6469be145558a7bcb72e0d9", "Last sync": 1663709470.4400575, "Last update": "20/09/2022 21:31:12 (UTC)", "Mined blocks": 265126806527, "Miner distribution": {"All": 38931, "Arduino": 4856, "CPU": 2017, "ESP32": 14185, "ESP8266": 15986, "GPU": 0, "Other": 25, "Phone": 55, "RPi": 1254, "Web": 553}, "Net energy usage": "30.01 kW", "Open threads": 22, "Pool hashrate": "2886.65 MH/s", "Registered users": 79236, "Server CPU usage": 49.3, "Server RAM usage": 51.5, "Server version": 3.0, "Top 10 richest miners": ["39870573.26552233 DUCO - bscDUCO", "15965309.807 DUCO - Ochios", "12566418.24301551 DUCO - ctecrypto", "8767579.458944015 DUCO - coinexchange", "6974991.289071771 DUCO - QQ44142894", "2644363.665242616 DUCO - goddani", "2574026.5581916356 DUCO - ThePurpleMadMan", "2368507.0 DUCO - Brunomoyses23", "2235558.240038389 DUCO - Alessandro_Duino", "2210288.919161586 DUCO - vyrdudji"], "XXHASH hashrate": "0 H/s"}