{"Active connections": 992, "All-time mined DUCO": 736949381.5489924, "Current difficulty": 200000, "DUCO-S1 hashrate": "2.527 GH/s", "Duco FluffySwap price": 7.889e-06, "Duco Furim price": 0.0, "Duco Node-S price": 0.0, "Duco PancakeSwap price": 8.57789e-06, "Duco SunSwap price": 9.163e-05, "Duco SushiSwap price": 1.2962107682626e-05, "Duco UbeSwap price": 1.1191491992827553e-05, "Duco price": 0.000248, "Duco price BCH": 0.00016187, "Duco price NANO": 0.000248, "Duco price TRX": 1.127e-05, "Duco price XMG": 4.066e-05, "Duino-Coin Server API": "github.com/revoxhere/duino-coin", "Kolka": {"Banned": 5949, "Jailed": 182}, "Last block hash": "8de4bc0b3fa1580ec7f3421feb9644fc8ead02b8", "Last sync": 1717293629.9240324, "Last update": "02/06/2024 02:00:29 (UTC)", "Mined blocks": 524050265180, "Miner distribution": {"All": 17719, "Arduino": 2193, "CPU": 937, "ESP32": 7241, "ESP8266": 5997, "GPU": 0, "Other": 14, "Phone": 13, "RPi": 1172, "Web": 152}, "Net energy usage": "14.4 kW", "Open threads": 28, "Pool hashrate": "2527.416 MH/s", "Registered users": 102532, "Server CPU usage": 55.8, "Server RAM usage": 91.1, "Server version": 4.0, "Top 10 richest miners": ["79023409.78550309 DUCO - bscDUCO", "30792510.456 DUCO - Flowen1985", "30547607.59476263 DUCO - AlmarRido", "20119947.6942 DUCO - viviana80", "18545685.805999998 DUCO - bimbasimba94", "14898326.669402188 DUCO - aimbert", "14844031.332841337 DUCO - ctecrypto", "12720440.585598174 DUCO - QQ44142894", "11315655.1563649 DUCO - duinousa", "10759939.638689265 DUCO - fiorella71"], "XXHASH hashrate": "0 H/s"}