{"Active connections": 1056, "All-time mined DUCO": 98351532.72003734, "Current difficulty": 75000, "DUCO-S1 hashrate": "3.0 GH/s", "Duco FluffySwap price": 1.2088999999999999e-05, "Duco Furim price": 0.0, "Duco Node-S price": 0.0, "Duco PancakeSwap price": 3.73398e-05, "Duco SunSwap price": 5.062e-05, "Duco SushiSwap price": 4.69978e-05, "Duco UbeSwap price": 2.929910624286002e-05, "Duco price": 6.43e-05, "Duco price BCH": 1.728e-05, "Duco price NANO": 7.38e-06, "Duco price TRX": 6.3e-06, "Duco price XMG": 6.43e-05, "Duino-Coin Server API": "github.com/revoxhere/duino-coin", "Kolka": {"Banned": 1124, "Jailed": 88}, "Last block hash": "8de4bc0b3fa1580ec7f3421feb9644fc8ead02b8", "Last sync": 1667182064.8468804, "Last update": "31/10/2022 02:07:47 (UTC)", "Mined blocks": 291815188399, "Miner distribution": {"All": 37335, "Arduino": 4532, "CPU": 2309, "ESP32": 13027, "ESP8266": 15642, "GPU": 0, "Other": 23, "Phone": 93, "RPi": 1273, "Web": 436}, "Net energy usage": "31.06 kW", "Open threads": 23, "Pool hashrate": "3049.78 MH/s", "Registered users": 82347, "Server CPU usage": 41.2, "Server RAM usage": 47.6, "Server version": 3.0, "Top 10 richest miners": ["38407038.025158234 DUCO - bscDUCO", "25247887.764609914 DUCO - coinexchange", "15965319.80435637 DUCO - Ochios", "11692429.559071772 DUCO - QQ44142894", "2415446.5600482784 DUCO - lordachoo", "2368507.0 DUCO - Brunomoyses23", "2210288.919161586 DUCO - vyrdudji", "1719789.1563064212 DUCO - Orion_0x43b", "1638719.6808087118 DUCO - maticDUCO", "1457898.898 DUCO - amornlit"], "XXHASH hashrate": "0 H/s"}