{"Active connections": 1027, "All-time mined DUCO": 163020426.92695516, "Current difficulty": 75000, "DUCO-S1 hashrate": "2.8 GH/s", "Duco FluffySwap price": 1.1052999999999999e-05, "Duco Furim price": 0.0, "Duco Node-S price": 0.0, "Duco PancakeSwap price": 5.3311e-05, "Duco SunSwap price": 4.871e-05, "Duco SushiSwap price": 1.59499e-05, "Duco UbeSwap price": 2.931300785709489e-05, "Duco price": 5.3311e-05, "Duco price BCH": 1.58e-05, "Duco price NANO": 7.6e-06, "Duco price TRX": 5.32e-06, "Duco price XMG": 0.0, "Duino-Coin Server API": "github.com/revoxhere/duino-coin", "Kolka": {"Banned": 1189, "Jailed": 91}, "Last block hash": "8de4bc0b3fa1580ec7f3421feb9644fc8ead02b8", "Last sync": 1670907012.0334322, "Last update": "13/12/2022 04:50:14 (UTC)", "Mined blocks": 320423007475, "Miner distribution": {"All": 34839, "Arduino": 4003, "CPU": 1403, "ESP32": 13045, "ESP8266": 14222, "GPU": 0, "Other": 18, "Phone": 35, "RPi": 1706, "Web": 407}, "Net energy usage": "25.3 kW", "Open threads": 25, "Pool hashrate": "2759.62 MH/s", "Registered users": 85268, "Server CPU usage": 44.1, "Server RAM usage": 48.9, "Server version": 3.0, "Top 10 richest miners": ["38537770.63978844 DUCO - bscDUCO", "20119945.00125 DUCO - viviana80", "14965353.225385074 DUCO - Ochios", "11692429.559071772 DUCO - QQ44142894", "10759939.638689265 DUCO - fiorella71", "8125662.654237844 DUCO - Orion_0x43b", "4267666.823 DUCO - Demoel", "4194750.3669 DUCO - AlmarRido", "3811041.085155266 DUCO - coinexchange", "2415194.3170889476 DUCO - msdo1006"], "XXHASH hashrate": "0 H/s"}