{"Active connections": 2322, "All-time mined DUCO": 22750896.421204947, "Current difficulty": 1000000, "DUCO-S1 hashrate": "4745.7 MH/s", "Duco JustSwap price": 0.00021047, "Duco Node-S price": 2.1e-05, "Duco PancakeSwap price": 0.000322114, "Duco SushiSwap price": 0.000650466, "Duco price": 0.00113514, "Duco price BCH": 1.377e-05, "Duco price NANO": 8.14e-06, "Duco price TRX": 7.05e-05, "Duco price XMG": 0.00113248, "Duino-Coin Server API": "github.com/revoxhere/duino-coin", "Kolka": {"Banned": 775, "Jailed": 27}, "Last block hash": "2eb3f8271c", "Last sync": 1642972065.8880553, "Last update": "23/01/2022 21:07:45 (UTC)", "Mined blocks": 92160964585, "Miner distribution": {"All": 39930, "Arduino": 6940, "CPU": 5095, "ESP32": 10580, "ESP8266": 12724, "GPU": 0, "Other": 34, "Phone": 380, "RPi": 2872, "Web": 1305}, "Net energy usage": "50.25 kW", "Open threads": 21, "Pool hashrate": "4745.69 MH/s", "Registered users": 50026, "Server CPU usage": 53.1, "Server RAM usage": 41.0, "Server version": 2.7, "Top 10 richest miners": ["6797382.334161088 DUCO - bscDUCO", "1086225.2109890534 DUCO - miningvir", "600500.5866606551 DUCO - bimbasimba94", "561844.2808694914 DUCO - coinexchange", "531452.9920085537 DUCO - NodeSBroker", "397162.15067505674 DUCO - James_themac", "208722.554541504 DUCO - maticDUCO", "190585.067104081 DUCO - celoDUCO", "170241.299416613 DUCO - Bacman", "150204.24923496955 DUCO - RNGesus"], "XXHASH hashrate": "0 H/s"}