{"Active connections": 1322, "All-time mined DUCO": 193227458.82277316, "Current difficulty": 75000, "DUCO-S1 hashrate": "2.2 GH/s", "Duco FluffySwap price": 3.7379999999999996e-06, "Duco Furim price": 0.0, "Duco Node-S price": 0.0, "Duco PancakeSwap price": 2.97322e-05, "Duco SunSwap price": 6.339e-05, "Duco SushiSwap price": 8.03333e-06, "Duco UbeSwap price": 2.8687163822298956e-05, "Duco price": 6.339e-05, "Duco price BCH": 5.34e-06, "Duco price NANO": 3.76e-06, "Duco price TRX": 5.25e-06, "Duco price XMG": 0.0, "Duino-Coin Server API": "github.com/revoxhere/duino-coin", "Kolka": {"Banned": 1302, "Jailed": 101}, "Last block hash": "8de4bc0b3fa1580ec7f3421feb9644fc8ead02b8", "Last sync": 1676707858.552826, "Last update": "18/02/2023 08:11:04 (UTC)", "Mined blocks": 357437366316, "Miner distribution": {"All": 30190, "Arduino": 3624, "CPU": 901, "ESP32": 11846, "ESP8266": 11870, "GPU": 0, "Other": 8, "Phone": 42, "RPi": 1589, "Web": 310}, "Net energy usage": "20.13 kW", "Open threads": 24, "Pool hashrate": "2171.51 MH/s", "Registered users": 89065, "Server CPU usage": 48.2, "Server RAM usage": 60.7, "Server version": 3.0, "Top 10 richest miners": ["41487623.794576176 DUCO - bscDUCO", "20119946.6942 DUCO - viviana80", "15115363.695 DUCO - Ochios", "11692429.559071772 DUCO - QQ44142894", "11653648.27 DUCO - infternet", "10947736.422811454 DUCO - coinexchange", "10759939.638689265 DUCO - fiorella71", "8125736.123916335 DUCO - Orion_0x43b", "6819731.543021384 DUCO - lordachoo", "4023562.592746147 DUCO - msdo1006"], "XXHASH hashrate": "0 H/s"}