{"Active connections": 3316, "All-time mined DUCO": 73848170.15870936, "Current difficulty": 75000, "DUCO-S1 hashrate": "2.9 GH/s", "Duco Furim price": 0.0, "Duco Node-S price": 0.0, "Duco PancakeSwap price": 4.4e-05, "Duco SunSwap price": 0.000313, "Duco SushiSwap price": 3.8e-05, "Duco UbeSwap price": 2.8e-05, "Duco price": 0.000317, "Duco price BCH": 2.4e-05, "Duco price NANO": 1.8e-05, "Duco price TRX": 1.9e-05, "Duco price XMG": 1.5e-05, "Duino-Coin Server API": "github.com/revoxhere/duino-coin", "Kolka": {"Banned": 973, "Jailed": 73}, "Last block hash": "2eb3f8271cd947cdd6469be145558a7bcb72e0d9", "Last sync": 1660935082.4713292, "Last update": "19/08/2022 18:51:28 (UTC)", "Mined blocks": 244663036871, "Miner distribution": {"All": 36224, "Arduino": 4443, "CPU": 1909, "ESP32": 12969, "ESP8266": 15165, "GPU": 0, "Other": 71, "Phone": 44, "RPi": 1178, "Web": 445}, "Net energy usage": "28.11 kW", "Open threads": 23, "Pool hashrate": "2933.8 MH/s", "Registered users": 76697, "Server CPU usage": 70.4, "Server RAM usage": 58.4, "Server version": 3.0, "Top 10 richest miners": ["41721785.119341 DUCO - bscDUCO", "33639297.029119626 DUCO - coinexchange", "6974991.289071771 DUCO - QQ44142894", "4131369.1776682963 DUCO - Demoel", "3250423.4740415 DUCO - renderman", "2368507.0 DUCO - Brunomoyses23", "2210288.9385462017 DUCO - vyrdudji", "1482324.0084821829 DUCO - maticDUCO", "1436226.401 DUCO - amornlit", "1209999.0000002678 DUCO - AlmarRido"], "XXHASH hashrate": "0 H/s"}