{"Active connections": 1135, "All-time mined DUCO": 739060919.2719038, "Current difficulty": 200000, "DUCO-S1 hashrate": "2.623 GH/s", "Duco FluffySwap price": 8.169e-06, "Duco Furim price": 0.0, "Duco Node-S price": 0.0, "Duco PancakeSwap price": 8.57789e-06, "Duco SunSwap price": 9.487e-05, "Duco SushiSwap price": 1.2962107682626e-05, "Duco UbeSwap price": 1.1191491992827553e-05, "Duco price": 0.000226, "Duco price BCH": 0.00016485, "Duco price NANO": 0.000226, "Duco price TRX": 1.166e-05, "Duco price XMG": 0.00020854, "Duino-Coin Server API": "github.com/revoxhere/duino-coin", "Kolka": {"Banned": 5949, "Jailed": 182}, "Last block hash": "8de4bc0b3fa1580ec7f3421feb9644fc8ead02b8", "Last sync": 1717950339.9979482, "Last update": "09/06/2024 16:25:40 (UTC)", "Mined blocks": 526061135618, "Miner distribution": {"All": 18916, "Arduino": 2324, "CPU": 1040, "ESP32": 7745, "ESP8266": 6294, "GPU": 0, "Other": 19, "Phone": 12, "RPi": 1276, "Web": 206}, "Net energy usage": "15.65 kW", "Open threads": 27, "Pool hashrate": "2623.133 MH/s", "Registered users": 102859, "Server CPU usage": 53.6, "Server RAM usage": 90.9, "Server version": 4.0, "Top 10 richest miners": ["79266419.78550309 DUCO - bscDUCO", "30792510.456 DUCO - Flowen1985", "30547233.689035717 DUCO - AlmarRido", "20119947.6942 DUCO - viviana80", "18545685.805999998 DUCO - bimbasimba94", "14898329.52230701 DUCO - aimbert", "14844517.608141933 DUCO - ctecrypto", "12720440.59109726 DUCO - QQ44142894", "11316077.170064613 DUCO - duinousa", "11015478.642 DUCO - Rafa2000"], "XXHASH hashrate": "0 H/s"}