{"Active connections": 1459, "All-time mined DUCO": 97882932.96941817, "Current difficulty": 75000, "DUCO-S1 hashrate": "2.8 GH/s", "Duco FluffySwap price": 2.1e-05, "Duco Furim price": 0.0, "Duco Node-S price": 0.0, "Duco PancakeSwap price": 3.6e-05, "Duco SunSwap price": 8.7e-05, "Duco SushiSwap price": 1.5e-05, "Duco UbeSwap price": 2.9e-05, "Duco price": 0.000133, "Duco price BCH": 3e-05, "Duco price NANO": 1.2e-05, "Duco price TRX": 1.5e-05, "Duco price XMG": 0.000133, "Duino-Coin Server API": "github.com/revoxhere/duino-coin", "Kolka": {"Banned": 1070, "Jailed": 82}, "Last block hash": "2eb3f8271cd947cdd6469be145558a7bcb72e0d9", "Last sync": 1664585017.1994548, "Last update": "01/10/2022 00:43:40 (UTC)", "Mined blocks": 271239332731, "Miner distribution": {"All": 38628, "Arduino": 4492, "CPU": 2096, "ESP32": 13828, "ESP8266": 16934, "GPU": 0, "Other": 11, "Phone": 41, "RPi": 1217, "Web": 9}, "Net energy usage": "30.15 kW", "Open threads": 22, "Pool hashrate": "2827.03 MH/s", "Registered users": 80049, "Server CPU usage": 40.5, "Server RAM usage": 53.0, "Server version": 3.0, "Top 10 richest miners": ["48766286.56555955 DUCO - coinexchange", "39687113.437422335 DUCO - bscDUCO", "15965314.016999999 DUCO - Ochios", "6974991.289071771 DUCO - QQ44142894", "4075220.2860000003 DUCO - AlmarRido", "2575305.51356097 DUCO - ThePurpleMadMan", "2368507.0 DUCO - Brunomoyses23", "2210288.919161586 DUCO - vyrdudji", "1868400.6935986995 DUCO - renderman", "1761144.640384309 DUCO - giveaways"], "XXHASH hashrate": "0 H/s"}