{"Active connections": 1074, "All-time mined DUCO": 758759614.6684563, "Current difficulty": 200000, "DUCO-S1 hashrate": "1.918 GH/s", "Duco FluffySwap price": 1.8914e-05, "Duco Furim price": 0.0, "Duco Node-S price": 0.0, "Duco PancakeSwap price": 1.34905e-05, "Duco SunSwap price": 2.588e-05, "Duco SushiSwap price": 8.331891935491e-06, "Duco UbeSwap price": 1.642e-05, "Duco price": 3.571e-05, "Duco price BCH": 0.0, "Duco price NANO": 0.0, "Duco price TRX": 2.705e-05, "Duco price XMG": 3.571e-05, "Duino-Coin Server API": "github.com/revoxhere/duino-coin", "Kolka": {"Banned": 6018, "Jailed": 189}, "Last block hash": "8de4bc0b3fa1580ec7f3421feb9644fc8ead02b8", "Last sync": 1723918118.7307124, "Last update": "17/08/2024 18:08:38 (UTC)", "Mined blocks": 544006645015, "Miner distribution": {"All": 14417, "Arduino": 1879, "CPU": 748, "ESP32": 4671, "ESP8266": 5877, "GPU": 0, "Other": 7, "Phone": 4, "RPi": 1111, "Web": 120}, "Net energy usage": "11.92 kW", "Open threads": 28, "Pool hashrate": "1917.67 MH/s", "Registered users": 105187, "Server CPU usage": 70.2, "Server RAM usage": 86.9, "Server version": 4.0, "Top 10 richest miners": ["237465738.96008548 DUCO - coinexchange", "82994398.19825932 DUCO - bscDUCO", "30855598.808 DUCO - Flowen1985", "28000980.1298474 DUCO - AlmarRido", "18280977.178 DUCO - bimbasimba94", "16096358.288900001 DUCO - viviana80", "14928196.602039067 DUCO - aimbert", "14847133.194062889 DUCO - ctecrypto", "12721940.665481606 DUCO - QQ44142894", "11342334.815889463 DUCO - duinousa"], "XXHASH hashrate": "0 H/s"}