{"Active connections": 1184, "All-time mined DUCO": 159049497.1113286, "Current difficulty": 75000, "DUCO-S1 hashrate": "2.8 GH/s", "Duco FluffySwap price": 1.1619999999999999e-05, "Duco Furim price": 0.0, "Duco Node-S price": 0.0, "Duco PancakeSwap price": 5.20473e-05, "Duco SunSwap price": 4.856e-05, "Duco SushiSwap price": 1.61159e-05, "Duco UbeSwap price": 2.9311039484286864e-05, "Duco price": 5.20473e-05, "Duco price BCH": 1.659e-05, "Duco price NANO": 7.73e-06, "Duco price TRX": 5.31e-06, "Duco price XMG": 0.0, "Duino-Coin Server API": "github.com/revoxhere/duino-coin", "Kolka": {"Banned": 1180, "Jailed": 90}, "Last block hash": "8de4bc0b3fa1580ec7f3421feb9644fc8ead02b8", "Last sync": 1670349406.3366861, "Last update": "06/12/2022 17:56:49 (UTC)", "Mined blocks": 316676415101, "Miner distribution": {"All": 33197, "Arduino": 3611, "CPU": 1307, "ESP32": 12130, "ESP8266": 13968, "GPU": 0, "Other": 14, "Phone": 25, "RPi": 1682, "Web": 460}, "Net energy usage": "24.14 kW", "Open threads": 24, "Pool hashrate": "2763.45 MH/s", "Registered users": 84881, "Server CPU usage": 59.3, "Server RAM usage": 38.2, "Server version": 3.0, "Top 10 richest miners": ["38531229.63978844 DUCO - bscDUCO", "20119945.00125 DUCO - viviana80", "14965353.225385074 DUCO - Ochios", "11692429.559071772 DUCO - QQ44142894", "10759939.638689265 DUCO - fiorella71", "8125594.471108001 DUCO - Orion_0x43b", "6978459.787697614 DUCO - coinexchange", "4267666.823 DUCO - Demoel", "4196769.466899999 DUCO - AlmarRido", "2368507.0 DUCO - Brunomoyses23"], "XXHASH hashrate": "0 H/s"}