{"Active connections": 463, "All-time mined DUCO": 777101321.7620478, "Current difficulty": 200000, "DUCO-S1 hashrate": "1.599 GH/s", "Duco FluffySwap price": 2.1531999999999996e-05, "Duco Furim price": 0.0, "Duco Node-S price": 0.0, "Duco PancakeSwap price": 1.31425e-05, "Duco SunSwap price": 2.942e-05, "Duco SushiSwap price": 8.987494203495e-06, "Duco UbeSwap price": 1.568e-05, "Duco price": 3.495e-05, "Duco price BCH": 0.0, "Duco price NANO": 0.0, "Duco price TRX": 3.076e-05, "Duco price XMG": 3.495e-05, "Duino-Coin Server API": "github.com/revoxhere/duino-coin", "Kolka": {"Banned": 6032, "Jailed": 191}, "Last block hash": "8de4bc0b3fa1580ec7f3421feb9644fc8ead02b8", "Last sync": 1726111856.8083389, "Last update": "12/09/2024 03:30:56 (UTC)", "Mined blocks": 549969518921, "Miner distribution": {"All": 14367, "Arduino": 1801, "CPU": 646, "ESP32": 4887, "ESP8266": 5871, "GPU": 0, "Other": 9, "Phone": 10, "RPi": 972, "Web": 171}, "Net energy usage": "11.16 kW", "Open threads": 27, "Pool hashrate": "1598.548 MH/s", "Registered users": 105930, "Server CPU usage": 64.4, "Server RAM usage": 64.8, "Server version": 4.0, "Top 10 richest miners": ["235434315.67879277 DUCO - coinexchange", "85495978.52646369 DUCO - bscDUCO", "35576240.569 DUCO - AlmarRido", "30855598.808 DUCO - Flowen1985", "20160690.628000002 DUCO - viviana80", "18317539.132 DUCO - bimbasimba94", "14958488.896820003 DUCO - aimbert", "14847133.194062889 DUCO - ctecrypto", "12721943.39257476 DUCO - QQ44142894", "11365366.029327974 DUCO - duinousa"], "XXHASH hashrate": "0 H/s"}