{"Active connections": 932, "All-time mined DUCO": 714571004.6350349, "Current difficulty": 75000, "DUCO-S1 hashrate": "2.1 GH/s", "Duco FluffySwap price": 1.8689999999999998e-06, "Duco Furim price": 0.0, "Duco Node-S price": 0.0, "Duco PancakeSwap price": 1.71998e-05, "Duco SunSwap price": 2.434e-05, "Duco SushiSwap price": 1.66649e-05, "Duco UbeSwap price": 2.9828006500541712e-05, "Duco price": 2.9828006500541712e-05, "Duco price BCH": 2.67e-06, "Duco price NANO": 1.84e-06, "Duco price TRX": 2.33e-06, "Duco price XMG": 0.0, "Duino-Coin Server API": "github.com/revoxhere/duino-coin", "Kolka": {"Banned": 1346, "Jailed": 123}, "Last block hash": "8de4bc0b3fa1580ec7f3421feb9644fc8ead02b8", "Last sync": 1681467502.2463636, "Last update": "14/04/2023 10:18:30 (UTC)", "Mined blocks": 385924016774, "Miner distribution": {"All": 28063, "Arduino": 3387, "CPU": 984, "ESP32": 10746, "ESP8266": 11141, "GPU": 0, "Other": 31, "Phone": 11, "RPi": 1511, "Web": 252}, "Net energy usage": "19.6 kW", "Open threads": 24, "Pool hashrate": "2059.02 MH/s", "Registered users": 91632, "Server CPU usage": 53.4, "Server RAM usage": 52.8, "Server version": 3.0, "Top 10 richest miners": ["495743830.67087966 DUCO - coinexchange", "477868834.5389794 DUCO - coinexchange", "43061775.566 DUCO - bscDUCO", "20119947.6942 DUCO - viviana80", "15115368.927099999 DUCO - Ochios", "12720440.559071772 DUCO - QQ44142894", "10759939.638689265 DUCO - fiorella71", "8125736.123916335 DUCO - Orion_0x43b", "7200162.599467137 DUCO - msdo1006", "6832002.687350295 DUCO - lordachoo"], "XXHASH hashrate": "0 H/s"}