{"Active connections": 938, "All-time mined DUCO": 716185273.624129, "Current difficulty": 75000, "DUCO-S1 hashrate": "2.0 GH/s", "Duco FluffySwap price": 1.848e-06, "Duco Furim price": 0.0, "Duco Node-S price": 0.0, "Duco PancakeSwap price": 1.98386e-05, "Duco SunSwap price": 2.249e-05, "Duco SushiSwap price": 1.78029e-05, "Duco UbeSwap price": 2.9828006500541712e-05, "Duco price": 2.9828006500541712e-05, "Duco price BCH": 2.63e-06, "Duco price NANO": 1.83e-06, "Duco price TRX": 2.3e-06, "Duco price XMG": 0.0, "Duino-Coin Server API": "github.com/revoxhere/duino-coin", "Kolka": {"Banned": 1349, "Jailed": 122}, "Last block hash": "8de4bc0b3fa1580ec7f3421feb9644fc8ead02b8", "Last sync": 1681775126.2997801, "Last update": "17/04/2023 23:45:28 (UTC)", "Mined blocks": 387836233985, "Miner distribution": {"All": 27722, "Arduino": 3390, "CPU": 1005, "ESP32": 10618, "ESP8266": 10873, "GPU": 0, "Other": 30, "Phone": 12, "RPi": 1549, "Web": 245}, "Net energy usage": "19.6 kW", "Open threads": 24, "Pool hashrate": "2036.22 MH/s", "Registered users": 91773, "Server CPU usage": 44.5, "Server RAM usage": 60.6, "Server version": 3.0, "Top 10 richest miners": ["495743830.67087966 DUCO - coinexchange", "474308222.4565794 DUCO - coinexchange", "45183543.49839266 DUCO - bscDUCO", "20119947.6942 DUCO - viviana80", "15115368.927099999 DUCO - Ochios", "12720440.559071772 DUCO - QQ44142894", "10759939.638689265 DUCO - fiorella71", "8125736.123916335 DUCO - Orion_0x43b", "7200349.953745543 DUCO - msdo1006", "6881868.112 DUCO - revox"], "XXHASH hashrate": "0 H/s"}