{"Active connections": 10269, "All-time mined DUCO": 18732984.455393657, "Current difficulty": 125000, "DUCO-S1 hashrate": "1329.9 MH/s", "Duco JustSwap price": 0.00032885, "Duco Node-S price": 0.00013, "Duco PancakeSwap price": 0.00080574, "Duco SushiSwap price": 0.000282931, "Duco price": 0.00080574, "Duco price BCH": 0.000276, "Duco price DGB": 0.0, "Duco price NANO": 0.00012875, "Duco price RVN": 0.0, "Duco price TRX": 0.00035694, "Duco price XMG": 0.0005905, "Duco price XRP": 0.0, "Duino-Coin Server API": "github.com/revoxhere/duino-coin", "Kolka": {"Banned": 698, "Jailed": 24}, "Last block hash": "2eb3f8271c", "Last update": "22/11/2021 20:09:37 (UTC)", "Mined blocks": 46316783659, "Miner distribution": {"All": 37160, "Arduino": 6428, "CPU": 3686, "ESP32": 11280, "ESP8266": 12730, "GPU": 0, "Other": 35, "Phone": 463, "RPi": 2065, "Web": 473}, "Net energy usage": "39.4 kW", "Open threads": 24, "Pool hashrate": "1329.95 MH/s", "Registered users": 25626, "Server CPU usage": 49.1, "Server RAM usage": 49.7, "Server version": 2.7, "Top 10 richest miners": ["3476283.958404438 DUCO - bscDUCO", "1280090.2720902192 DUCO - coinexchange", "591776.708081775 DUCO - NodeSBroker", "351150.1606789791 DUCO - James_themac", "300520.1555491204 DUCO - 52Pickup", "240288.47913057526 DUCO - bimbasimba94", "188487.89104597003 DUCO - celoDUCO", "170241.13285850236 DUCO - Bacman", "143395.01960008914 DUCO - maticDUCO", "119999.99999999892 DUCO - rootbori"], "XXHASH hashrate": "0 H/s"}