{"Active connections": 1220, "All-time mined DUCO": 84400432.23311168, "Current difficulty": 1000000, "DUCO-S1 hashrate": "3.7 GH/s", "Duco Furim price": 0.0, "Duco Node-S price": 0.0, "Duco PancakeSwap price": 3.5e-05, "Duco SunSwap price": 6e-05, "Duco SushiSwap price": 3.3e-05, "Duco UbeSwap price": 2.9e-05, "Duco price": 8.5e-05, "Duco price BCH": 3e-06, "Duco price NANO": 1.4e-05, "Duco price TRX": 1e-05, "Duco price XMG": 8.5e-05, "Duino-Coin Server API": "github.com/revoxhere/duino-coin", "Kolka": {"Banned": 855, "Jailed": 47}, "Last block hash": "2eb3f8271cd947cdd6469be145558a7bcb72e0d9", "Last sync": 1654322946.8756797, "Last update": "04/06/2022 06:09:08 (UTC)", "Mined blocks": 193655511682, "Miner distribution": {"All": 40325, "Arduino": 5439, "CPU": 3219, "ESP32": 13370, "ESP8266": 16109, "GPU": 0, "Other": 53, "Phone": 85, "RPi": 1664, "Web": 386}, "Net energy usage": "37.93 kW", "Open threads": 21, "Pool hashrate": "3676.07 MH/s", "Registered users": 76022, "Server CPU usage": 38.9, "Server RAM usage": 54.7, "Server version": 3.0, "Top 10 richest miners": ["32886410.594722692 DUCO - bscDUCO", "17779504.2 DUCO - Ochios", "6974991.289071771 DUCO - QQ44142894", "5235052.956794953 DUCO - ctecrypto", "4007928.3524725055 DUCO - Demoel", "2396203.892095863 DUCO - renderman", "2210288.9385462017 DUCO - vyrdudji", "2145647.382447601 DUCO - jules_pilot", "2091979.3138396414 DUCO - CryptSino_Exchange", "1665452.692139856 DUCO - maticDUCO"], "XXHASH hashrate": "0 H/s"}