{"Active connections": 1095, "All-time mined DUCO": 779421076.5107913, "Current difficulty": 200000, "DUCO-S1 hashrate": "1.913 GH/s", "Duco FluffySwap price": 2.2442e-05, "Duco Furim price": 0.0, "Duco Node-S price": 0.0, "Duco PancakeSwap price": 1.31425e-05, "Duco SunSwap price": 3.067e-05, "Duco SushiSwap price": 8.987494203495e-06, "Duco UbeSwap price": 1.568e-05, "Duco price": 3.859e-05, "Duco price BCH": 0.0, "Duco price NANO": 0.0, "Duco price TRX": 3.207e-05, "Duco price XMG": 3.859e-05, "Duino-Coin Server API": "github.com/revoxhere/duino-coin", "Kolka": {"Banned": 6024, "Jailed": 189}, "Last block hash": "8de4bc0b3fa1580ec7f3421feb9644fc8ead02b8", "Last sync": 1724495429.4826293, "Last update": "24/08/2024 10:30:29 (UTC)", "Mined blocks": 545558859861, "Miner distribution": {"All": 14484, "Arduino": 1659, "CPU": 799, "ESP32": 4797, "ESP8266": 5973, "GPU": 0, "Other": 6, "Phone": 5, "RPi": 1103, "Web": 142}, "Net energy usage": "12.3 kW", "Open threads": 27, "Pool hashrate": "1913.117 MH/s", "Registered users": 105389, "Server CPU usage": 63.0, "Server RAM usage": 95.6, "Server version": 4.0, "Top 10 richest miners": ["235328799.90501556 DUCO - coinexchange", "84473498.70122527 DUCO - bscDUCO", "35576240.569 DUCO - AlmarRido", "30855598.808 DUCO - Flowen1985", "22896923.915 DUCO - bimbasimba94", "20160688.723 DUCO - viviana80", "14928208.254815865 DUCO - aimbert", "14847133.194062889 DUCO - ctecrypto", "12721941.951587833 DUCO - QQ44142894", "11342550.210174676 DUCO - duinousa"], "XXHASH hashrate": "0 H/s"}