{"Active connections": 2760, "All-time mined DUCO": 740151578.3191392, "Current difficulty": 75000, "DUCO-S1 hashrate": "2.518 GH/s", "Duco FluffySwap price": 2.842e-06, "Duco Furim price": 0.0, "Duco Node-S price": 0.0, "Duco PancakeSwap price": 5.86642e-06, "Duco SunSwap price": 0.00010585, "Duco SushiSwap price": 1.30752e-05, "Duco UbeSwap price": 2.8285092635326694e-05, "Duco price": 0.00010585, "Duco price BCH": 4.06e-06, "Duco price NANO": 1.81e-06, "Duco price TRX": 3.11e-06, "Duco price XMG": 0.0, "Duino-Coin Server API": "github.com/revoxhere/duino-coin", "Kolka": {"Banned": 1398, "Jailed": 128}, "Last block hash": "8de4bc0b3fa1580ec7f3421feb9644fc8ead02b8", "Last sync": 1685331269.61137, "Last update": "29/05/2023 03:34:42 (UTC)", "Mined blocks": 407774054668, "Miner distribution": {"All": 24371, "Arduino": 2967, "CPU": 980, "ESP32": 10331, "ESP8266": 8330, "GPU": 0, "Other": 7, "Phone": 16, "RPi": 1522, "Web": 218}, "Net energy usage": "17.9 kW", "Open threads": 24, "Pool hashrate": "2518.27 MH/s", "Registered users": 93209, "Server CPU usage": 71.4, "Server RAM usage": 53.4, "Server version": 3.0, "Top 10 richest miners": ["495743830.67087966 DUCO - coinexchange", "407925661.8267886 DUCO - coinexchange", "52074437.04439265 DUCO - bscDUCO", "20119947.6942 DUCO - viviana80", "15115368.927099999 DUCO - Ochios", "12720440.559071772 DUCO - QQ44142894", "12319077.829415096 DUCO - Flowen1985", "10759939.638689265 DUCO - fiorella71", "8125736.123916335 DUCO - Orion_0x43b", "7299324.64216045 DUCO - revox"], "XXHASH hashrate": "0 H/s"}