{"Active connections": 289, "All-time mined DUCO": 34072851.402625136, "Current difficulty": 1000000, "DUCO-S1 hashrate": "20.0 GH/s", "Duco JustSwap price": 0.00021809, "Duco Node-S price": 0, "Duco PancakeSwap price": 9.41186e-05, "Duco SushiSwap price": 0.000209454, "Duco price": 0.00100243, "Duco price BCH": 2.71e-06, "Duco price NANO": 1.11e-05, "Duco price TRX": 7.884e-05, "Duco price XMG": 0.00100243, "Duino-Coin Server API": "github.com/revoxhere/duino-coin", "Kolka": {"Banned": 786, "Jailed": 28}, "Last block hash": "2eb3f8271c", "Last sync": 1644183646.0942273, "Last update": "06/02/2022 21:40:46 (UTC)", "Mined blocks": 104981469857, "Miner distribution": {"All": 1712, "Arduino": 178, "CPU": 215, "ESP32": 457, "ESP8266": 728, "GPU": 0, "Other": 3, "Phone": 12, "RPi": 119, "Web": 0}, "Net energy usage": "2.14 kW", "Open threads": 21, "Pool hashrate": "20041.81 MH/s", "Registered users": 54935, "Server CPU usage": 20.7, "Server RAM usage": 16.2, "Server version": 2.7, "Top 10 richest miners": ["11723882.233126624 DUCO - bscDUCO", "9047022.021054601 DUCO - miningvir", "1428008.8926460487 DUCO - bimbasimba94", "1251266.6708699139 DUCO - coinexchange", "573162.1506750567 DUCO - James_themac", "516561.51617247926 DUCO - Techno78", "356197.8636235537 DUCO - NodeSBroker", "222039.1388045149 DUCO - maticDUCO", "190624.067104081 DUCO - celoDUCO", "170241.299416613 DUCO - Bacman"], "XXHASH hashrate": "0 H/s"}