{"Active connections": 7209, "All-time mined DUCO": 17760854.056067523, "Current difficulty": 125000, "DUCO-S1 hashrate": "1014.2 MH/s", "Duco JustSwap price": 0.00081299, "Duco Node-S price": 0.00013, "Duco PancakeSwap price": 0.000656946, "Duco SushiSwap price": 0.000469464, "Duco price": 0.00136603, "Duco price BCH": 0.0, "Duco price DGB": 0.0, "Duco price NANO": 0.000578, "Duco price RVN": 0.0, "Duco price TRX": 0.0, "Duco price XMG": 0.00135618, "Duco price XRP": 0.0, "Duino-Coin Server API": "github.com/revoxhere/duino-coin", "Kolka": {"Banned": 682, "Jailed": 24}, "Last block hash": "25f19adf8e", "Last update": "14/11/2021 12:28:29 (UTC)", "Mined blocks": 41916990121, "Miner distribution": {"All": 32498, "Arduino": 5696, "CPU": 2545, "ESP32": 9728, "ESP8266": 11673, "GPU": 0, "Other": 346, "Phone": 263, "RPi": 1664, "Web": 583}, "Net energy usage": "30.33 kW", "Open threads": 24, "Pool hashrate": "1014.25 MH/s", "Registered users": 23896, "Server CPU usage": 62.9, "Server RAM usage": 42.9, "Server version": 2.7, "Top 10 richest miners": ["3533020.418019887 DUCO - bscDUCO", "1283170.0100902193 DUCO - coinexchange", "591776.628131775 DUCO - NodeSBroker", "351150.1606789791 DUCO - James_themac", "300520.1555491204 DUCO - 52Pickup", "188487.89104597003 DUCO - celoDUCO", "170241.13285850236 DUCO - Bacman", "123387.18511437952 DUCO - amornlit", "119999.99999999892 DUCO - rootbori", "119094.34277253377 DUCO - maticDUCO"], "XXHASH hashrate": "0 H/s"}