{"Active connections": 2201, "All-time mined DUCO": 22660618.518158987, "Current difficulty": 1000000, "DUCO-S1 hashrate": "4875.4 MH/s", "Duco JustSwap price": 0.00019598, "Duco Node-S price": 2.1e-05, "Duco PancakeSwap price": 0.000322114, "Duco SushiSwap price": 0.000650466, "Duco price": 0.00108006, "Duco price BCH": 1.292e-05, "Duco price NANO": 7.61e-06, "Duco price TRX": 6.564e-05, "Duco price XMG": 0.00108006, "Duino-Coin Server API": "github.com/revoxhere/duino-coin", "Kolka": {"Banned": 775, "Jailed": 26}, "Last block hash": "2eb3f8271c", "Last sync": 1643026303.2503629, "Last update": "24/01/2022 12:11:43 (UTC)", "Mined blocks": 92841324825, "Miner distribution": {"All": 41444, "Arduino": 7189, "CPU": 5195, "ESP32": 11159, "ESP8266": 12802, "GPU": 0, "Other": 35, "Phone": 461, "RPi": 2920, "Web": 1683}, "Net energy usage": "51.68 kW", "Open threads": 21, "Pool hashrate": "4875.43 MH/s", "Registered users": 50320, "Server CPU usage": 47.2, "Server RAM usage": 38.2, "Server version": 2.7, "Top 10 richest miners": ["6974776.374200613 DUCO - bscDUCO", "1086244.2885400427 DUCO - miningvir", "600502.0776706523 DUCO - bimbasimba94", "596041.6308694914 DUCO - coinexchange", "531453.0320085537 DUCO - NodeSBroker", "397162.15067505674 DUCO - James_themac", "209423.149426634 DUCO - maticDUCO", "190585.067104081 DUCO - celoDUCO", "170241.299416613 DUCO - Bacman", "160210.2430496905 DUCO - RNGesus"], "XXHASH hashrate": "0 H/s"}