{"Active connections": 1092, "All-time mined DUCO": 745066152.5806446, "Current difficulty": 200000, "DUCO-S1 hashrate": "1.683 GH/s", "Duco FluffySwap price": 9.387e-06, "Duco Furim price": 0.0, "Duco Node-S price": 0.0, "Duco PancakeSwap price": 8.57789e-06, "Duco SunSwap price": 0.00015111, "Duco SushiSwap price": 1.2962107682626e-05, "Duco UbeSwap price": 1.1191491992827553e-05, "Duco price": 0.00015111, "Duco price BCH": 0.0, "Duco price NANO": 0.0, "Duco price TRX": 1.342e-05, "Duco price XMG": 1.174e-05, "Duino-Coin Server API": "github.com/revoxhere/duino-coin", "Kolka": {"Banned": 5987, "Jailed": 192}, "Last block hash": "8de4bc0b3fa1580ec7f3421feb9644fc8ead02b8", "Last sync": 1720703487.927299, "Last update": "11/07/2024 13:11:27 (UTC)", "Mined blocks": 534609396831, "Miner distribution": {"All": 18220, "Arduino": 2218, "CPU": 907, "ESP32": 7924, "ESP8266": 5835, "GPU": 0, "Other": 10, "Phone": 8, "RPi": 1158, "Web": 160}, "Net energy usage": "14.39 kW", "Open threads": 27, "Pool hashrate": "1682.706 MH/s", "Registered users": 104014, "Server CPU usage": 65.5, "Server RAM usage": 91.7, "Server version": 4.0, "Top 10 richest miners": ["248125720.0394748 DUCO - coinexchange", "81472506.50800352 DUCO - bscDUCO", "30001031.442 DUCO - AlmarRido", "24635208.6964704 DUCO - Flowen1985", "18660226.280359834 DUCO - aimbert", "18280977.178 DUCO - bimbasimba94", "16096358.288900001 DUCO - viviana80", "14847133.194062889 DUCO - ctecrypto", "14176224.997851726 DUCO - duinousa", "12721940.59109726 DUCO - QQ44142894"], "XXHASH hashrate": "0 H/s"}