{"Active connections": 1161, "All-time mined DUCO": 157968766.3361312, "Current difficulty": 75000, "DUCO-S1 hashrate": "2.8 GH/s", "Duco FluffySwap price": 1.1522e-05, "Duco Furim price": 0.0, "Duco Node-S price": 0.0, "Duco PancakeSwap price": 5.26153e-05, "Duco SunSwap price": 5.019e-05, "Duco SushiSwap price": 1.61789e-05, "Duco UbeSwap price": 2.931300785709489e-05, "Duco price": 5.26153e-05, "Duco price BCH": 1.645e-05, "Duco price NANO": 7.7e-06, "Duco price TRX": 5.49e-06, "Duco price XMG": 0.0, "Duino-Coin Server API": "github.com/revoxhere/duino-coin", "Kolka": {"Banned": 1183, "Jailed": 90}, "Last block hash": "8de4bc0b3fa1580ec7f3421feb9644fc8ead02b8", "Last sync": 1670664576.6171238, "Last update": "10/12/2022 09:29:39 (UTC)", "Mined blocks": 318691637943, "Miner distribution": {"All": 34091, "Arduino": 3918, "CPU": 1422, "ESP32": 12678, "ESP8266": 13942, "GPU": 0, "Other": 14, "Phone": 29, "RPi": 1634, "Web": 454}, "Net energy usage": "25.03 kW", "Open threads": 24, "Pool hashrate": "2837.17 MH/s", "Registered users": 85084, "Server CPU usage": 54.2, "Server RAM usage": 40.6, "Server version": 3.0, "Top 10 richest miners": ["38531229.63978844 DUCO - bscDUCO", "20119945.00125 DUCO - viviana80", "14965353.225385074 DUCO - Ochios", "11692429.559071772 DUCO - QQ44142894", "10759939.638689265 DUCO - fiorella71", "8125647.645689881 DUCO - Orion_0x43b", "5578392.3285835525 DUCO - coinexchange", "4267666.823 DUCO - Demoel", "4194744.3669 DUCO - AlmarRido", "2368507.0 DUCO - Brunomoyses23"], "XXHASH hashrate": "0 H/s"}