{"Active connections": 1474, "All-time mined DUCO": 56633267.48899995, "Current difficulty": 1000000, "DUCO-S1 hashrate": "4.4 GH/s", "Duco Furim price": 0.0, "Duco Node-S price": 0.0, "Duco PancakeSwap price": 5.2e-05, "Duco SunSwap price": 8.6e-05, "Duco SushiSwap price": 5.9e-05, "Duco price": 8.6e-05, "Duco price BCH": 6e-06, "Duco price NANO": 3e-05, "Duco price TRX": 5e-06, "Duco price XMG": 0.0, "Duino-Coin Server API": "github.com/revoxhere/duino-coin", "Kolka": {"Banned": 669, "Jailed": 34}, "Last block hash": "2eb3f8271cd947cdd6469be145558a7bcb72e0d9", "Last sync": 1649540806.196065, "Last update": "09/04/2022 21:46:47 (UTC)", "Mined blocks": 151163128778, "Miner distribution": {"All": 40699, "Arduino": 6576, "CPU": 3623, "ESP32": 13163, "ESP8266": 14473, "GPU": 0, "Other": 62, "Phone": 127, "RPi": 2167, "Web": 508}, "Net energy usage": "40.79 kW", "Open threads": 21, "Pool hashrate": "4422.56 MH/s", "Registered users": 68411, "Server CPU usage": 39.2, "Server RAM usage": 54.2, "Server version": 3.0, "Top 10 richest miners": ["23980607.97890838 DUCO - bscDUCO", "7348449.914401649 DUCO - Ochios", "5000000.269761559 DUCO - miningvir", "3806781.4493131586 DUCO - coinexchange", "3250098.6952358535 DUCO - miyan001", "2000026.1022984828 DUCO - varanese67", "1560240.5814145356 DUCO - Demoel", "1229816.1953455491 DUCO - maticDUCO", "1209838.627673189 DUCO - James_themac", "1202523.2509825048 DUCO - juanjefraire"], "XXHASH hashrate": "0 H/s"}