{"Duino-Coin Server API": "github.com/revoxhere/duino-coin", "Server version": 2.6, "Active connections": 5545, "Open threads": 22, "Server CPU usage": 60.1, "Server RAM usage": 59.2, "Last update": "14/08/2021 03:25:48 (UTC)", "Net energy usage": "77.25 kW", "Pool hashrate": "3.4833 GH/s", "DUCO-S1 hashrate": "3.5 GH/s", "XXHASH hashrate": "23.9 MH/s", "Duco price": 0.015304, "Duco price XMG": 0.01530362, "Duco price BCH": 0.00165563, "Duco price TRX": 0.00177666, "Duco price XRP": 0.0019075, "Duco price DGB": 0.00193077, "Duco Node-S price": 0.015304, "Duco JustSwap price": 0.00625785, "Duco PancakeSwap price": 0.00420784, "Registered users": 19550, "All-time mined DUCO": 5291628.033354357, "Current difficulty": 419827, "Mined blocks": 10076063630, "Last block hash": "8f0283ad46", "Kolka": {"Jailed": 0, "Banned": 417}, "Miner distribution": {"GPU": 0, "CPU": 5644, "RPi": 1757, "ESP32": 7559, "ESP8266": 9414, "Arduino": 5228, "Other": 214}, "Top 10 richest miners": ["469849.57156875794 DUCO - bscDUCO", "169519.09094737095 DUCO - Bacman", "113021.87899321465 DUCO - amornlit", "110001.69007725542 DUCO - 52Pickup", "86042.65576782773 DUCO - caancom", "79999.90636678287 DUCO - noixauvk", "62245.40377963258 DUCO - coinexchange", "50288.45762651612 DUCO - duinocrfsh", "50137.59566419879 DUCO - rootbori", "47119.90790638301 DUCO - chipsa"]}