{"Active connections": 35605, "All-time mined DUCO": 18931195.920337524, "Current difficulty": 125000, "DUCO-S1 hashrate": "1334.0 MH/s", "Duco JustSwap price": 0.00031555, "Duco Node-S price": 5.1e-05, "Duco PancakeSwap price": 0.00080574, "Duco SushiSwap price": 0.000282931, "Duco price": 0.00161742, "Duco price BCH": 0.00029132, "Duco price DGB": 0.0, "Duco price NANO": 0.000129, "Duco price RVN": 0.0, "Duco price TRX": 0.0003425, "Duco price XMG": 0.00157657, "Duco price XRP": 0.0, "Duino-Coin Server API": "github.com/revoxhere/duino-coin", "Kolka": {"Banned": 699, "Jailed": 24}, "Last block hash": "2eb3f8271c", "Last update": "24/11/2021 15:19:58 (UTC)", "Mined blocks": 47311831484, "Miner distribution": {"All": 36985, "Arduino": 6528, "CPU": 3662, "ESP32": 11248, "ESP8266": 12588, "GPU": 0, "Other": 39, "Phone": 411, "RPi": 2031, "Web": 478}, "Net energy usage": "39.12 kW", "Open threads": 24, "Pool hashrate": "1333.96 MH/s", "Registered users": 25961, "Server CPU usage": 59.5, "Server RAM usage": 56.8, "Server version": 2.7, "Top 10 richest miners": ["3518436.903083799 DUCO - bscDUCO", "1314219.5981483294 DUCO - coinexchange", "591787.6749362791 DUCO - NodeSBroker", "351150.3267370898 DUCO - James_themac", "300520.32160723105 DUCO - 52Pickup", "253349.9589797808 DUCO - bimbasimba94", "188488.05710408065 DUCO - celoDUCO", "170241.29891661298 DUCO - Bacman", "141968.5696000892 DUCO - maticDUCO", "119999.99999999892 DUCO - rootbori"], "XXHASH hashrate": "0 H/s"}