{"Active connections": 717, "All-time mined DUCO": 92791206.60107985, "Current difficulty": 1000000, "DUCO-S1 hashrate": "3.1 GH/s", "Duco Furim price": 0.0, "Duco Node-S price": 0.0, "Duco PancakeSwap price": 4e-05, "Duco SunSwap price": 4.6e-05, "Duco SushiSwap price": 1.2e-05, "Duco UbeSwap price": 2.8e-05, "Duco price": 8.7e-05, "Duco price BCH": 1.4e-05, "Duco price NANO": 1.3e-05, "Duco price TRX": 1.7e-05, "Duco price XMG": 2e-06, "Duino-Coin Server API": "github.com/revoxhere/duino-coin", "Kolka": {"Banned": 924, "Jailed": 58}, "Last block hash": "2eb3f8271cd947cdd6469be145558a7bcb72e0d9", "Last sync": 1657341147.797042, "Last update": "09/07/2022 04:32:29 (UTC)", "Mined blocks": 219065667106, "Miner distribution": {"All": 37063, "Arduino": 4809, "CPU": 2323, "ESP32": 12574, "ESP8266": 15406, "GPU": 0, "Other": 93, "Phone": 81, "RPi": 1504, "Web": 273}, "Net energy usage": "31.14 kW", "Open threads": 22, "Pool hashrate": "3136.01 MH/s", "Registered users": 73901, "Server CPU usage": 31.1, "Server RAM usage": 38.5, "Server version": 3.0, "Top 10 richest miners": ["34152710.622689165 DUCO - bscDUCO", "16868017.35010215 DUCO - Ochios", "7753582.061977944 DUCO - ctecrypto", "6974991.289071771 DUCO - QQ44142894", "5819516.714805033 DUCO - renderman", "2368507.0 DUCO - Brunomoyses23", "2210288.9385462017 DUCO - vyrdudji", "2207685.4173966968 DUCO - coinexchange", "2070152.565 DUCO - CryptSino_Exchange", "1429416.5421398599 DUCO - maticDUCO"], "XXHASH hashrate": "0 H/s"}