{"Active connections": 115745, "All-time mined DUCO": 16533291.5375833, "Current difficulty": 125000, "DUCO-S1 hashrate": "1277.8 MH/s", "Duco JustSwap price": 0.00048527, "Duco Node-S price": 5.1e-05, "Duco PancakeSwap price": 0.000726946, "Duco SushiSwap price": 0.00102713, "Duco price": 0.00102713, "Duco price BCH": 0.00011749, "Duco price DGB": 0.0, "Duco price NANO": 0.0003034, "Duco price RVN": 0.0, "Duco price TRX": 0.0003016, "Duco price XMG": 0.00061646, "Duco price XRP": 0.0, "Duino-Coin Server API": "github.com/revoxhere/duino-coin", "Kolka": {"Banned": 675, "Jailed": 24}, "Last block hash": "65b3f612d0", "Last update": "30/10/2021 19:22:12 (UTC)", "Mined blocks": 35266791178, "Miner distribution": {"All": 36040, "Arduino": 6090, "CPU": 3304, "ESP32": 10677, "ESP8266": 12440, "GPU": 0, "Other": 79, "Phone": 244, "RPi": 1934, "Web": 1272}, "Net energy usage": "37.08 kW", "Open threads": 24, "Pool hashrate": "1277.75 MH/s", "Registered users": 22272, "Server CPU usage": 68.2, "Server RAM usage": 52.2, "Server version": 2.7, "Top 10 richest miners": ["3111980.7138977908 DUCO - bscDUCO", "640035.2300902199 DUCO - coinexchange", "587337.6039841222 DUCO - NodeSBroker", "522520.1555491204 DUCO - 52Pickup", "401030.45108678046 DUCO - James_themac", "170240.13285850236 DUCO - Bacman", "168697.89104597003 DUCO - celoDUCO", "123387.18511437952 DUCO - amornlit", "119999.99999999892 DUCO - rootbori", "92044.36655613378 DUCO - maticDUCO"], "XXHASH hashrate": "0 H/s"}