{"Active connections": 1948, "All-time mined DUCO": 760811778.4854429, "Current difficulty": 75000, "DUCO-S1 hashrate": "2.409 GH/s", "Duco FluffySwap price": 2.856e-06, "Duco Furim price": 0.0, "Duco Node-S price": 0.0, "Duco PancakeSwap price": 6.52802e-06, "Duco SunSwap price": 0.00015107, "Duco SushiSwap price": 1.23111e-05, "Duco UbeSwap price": 2.745467541750601e-05, "Duco price": 0.00015107, "Duco price BCH": 4.08e-06, "Duco price NANO": 1.82e-06, "Duco price TRX": 2.81e-06, "Duco price XMG": 0.0, "Duino-Coin Server API": "github.com/revoxhere/duino-coin", "Kolka": {"Banned": 1381, "Jailed": 122}, "Last block hash": "8de4bc0b3fa1580ec7f3421feb9644fc8ead02b8", "Last sync": 1684263099.9663458, "Last update": "16/05/2023 18:51:45 (UTC)", "Mined blocks": 402187195542, "Miner distribution": {"All": 24625, "Arduino": 3148, "CPU": 1006, "ESP32": 10372, "ESP8266": 8196, "GPU": 0, "Other": 15, "Phone": 33, "RPi": 1510, "Web": 345}, "Net energy usage": "18.16 kW", "Open threads": 25, "Pool hashrate": "2409.349 MH/s", "Registered users": 92782, "Server CPU usage": 61.9, "Server RAM usage": 53.8, "Server version": 3.0, "Top 10 richest miners": ["495743830.67087966 DUCO - coinexchange", "425929227.4863035 DUCO - coinexchange", "55628931.04439265 DUCO - bscDUCO", "45037625.142 DUCO - AlmarRido", "20119947.6942 DUCO - viviana80", "15115368.927099999 DUCO - Ochios", "12720440.559071772 DUCO - QQ44142894", "10759939.638689265 DUCO - fiorella71", "8125736.123916335 DUCO - Orion_0x43b", "7201477.453505667 DUCO - msdo1006"], "XXHASH hashrate": "0 H/s"}