{"Active connections": 746, "All-time mined DUCO": 19788372.411806453, "Current difficulty": 75000, "DUCO-S1 hashrate": "959.9 MH/s", "Duco JustSwap price": 8.715e-05, "Duco Node-S price": 5.7e-05, "Duco PancakeSwap price": 0.000471918, "Duco SushiSwap price": 0.000116574, "Duco price": 0.000471918, "Duco price BCH": 3.276e-05, "Duco price NANO": 1.346e-05, "Duco price TRX": 7.859e-05, "Duco price XMG": 0.00025025, "Duino-Coin Server API": "github.com/revoxhere/duino-coin", "Kolka": {"Banned": 744, "Jailed": 24}, "Last block hash": "2eb3f8271c", "Last sync": 1640869102.2358425, "Last update": "30/12/2021 12:58:22 (UTC)", "Mined blocks": 73647407350, "Miner distribution": {"All": 27117, "Arduino": 6494, "CPU": 2411, "ESP32": 7476, "ESP8266": 7814, "GPU": 0, "Other": 1, "Phone": 183, "RPi": 1500, "Web": 1238}, "Net energy usage": "27.17 kW", "Open threads": 21, "Pool hashrate": "959.9 MH/s", "Registered users": 33400, "Server CPU usage": 49.5, "Server RAM usage": 25.8, "Server version": 2.7, "Top 10 richest miners": ["5185915.939058452 DUCO - bscDUCO", "541880.0334113289 DUCO - coinexchange", "530740.5372981913 DUCO - NodeSBroker", "397162.15067505674 DUCO - James_themac", "305861.05665413855 DUCO - bimbasimba94", "304552.5467802146 DUCO - bloomindark", "300520.321607231 DUCO - 52Pickup", "210015.41682435756 DUCO - maticDUCO", "190582.057104081 DUCO - celoDUCO", "170241.298916613 DUCO - Bacman"], "XXHASH hashrate": "0 H/s"}