{"Active connections": 1646, "All-time mined DUCO": 17211811.32182651, "Current difficulty": 125000, "DUCO-S1 hashrate": "1236.9 MH/s", "Duco JustSwap price": 0.00269753, "Duco Node-S price": 0.000131, "Duco PancakeSwap price": 0.000656946, "Duco SushiSwap price": 0.000469464, "Duco price": 0.00272819, "Duco price BCH": 0.00012367, "Duco price DGB": 0.0, "Duco price NANO": 0.00044025, "Duco price RVN": 0.0, "Duco price TRX": 0.0003209, "Duco price XMG": 0.00105949, "Duco price XRP": 0.0, "Duino-Coin Server API": "github.com/revoxhere/duino-coin", "Kolka": {"Banned": 680, "Jailed": 24}, "Last block hash": "65b3f612d0", "Last update": "08/11/2021 10:19:07 (UTC)", "Mined blocks": 39276792078, "Miner distribution": {"All": 34598, "Arduino": 6013, "CPU": 3273, "ESP32": 10173, "ESP8266": 12238, "GPU": 0, "Other": 57, "Phone": 351, "RPi": 1957, "Web": 536}, "Net energy usage": "35.9 kW", "Open threads": 24, "Pool hashrate": "1236.89 MH/s", "Registered users": 23078, "Server CPU usage": 58.5, "Server RAM usage": 32.5, "Server version": 2.7, "Top 10 richest miners": ["3307362.754288351 DUCO - bscDUCO", "838820.3000902196 DUCO - coinexchange", "588407.6081317749 DUCO - NodeSBroker", "522520.1555491204 DUCO - 52Pickup", "401096.0702600378 DUCO - James_themac", "195997.89104597003 DUCO - celoDUCO", "170241.13285850236 DUCO - Bacman", "129628.19777253376 DUCO - maticDUCO", "123387.18511437952 DUCO - amornlit", "119999.99999999892 DUCO - rootbori"], "XXHASH hashrate": "0 H/s"}