{"Duino-Coin Server API": "github.com/revoxhere/duino-coin", "Server version": 2.6, "Active connections": 8540, "Open threads": 22, "Server CPU usage": 63.9, "Server RAM usage": 50.8, "Last update": "16/08/2021 17:23:06 (UTC)", "Net energy usage": "6.51 kW", "Pool hashrate": "129.7872 MH/s", "DUCO-S1 hashrate": "128.1 MH/s", "XXHASH hashrate": "1.7 MH/s", "Duco price": 0.018767, "Duco price XMG": 0.01876683, "Duco price BCH": 0.00171775, "Duco price TRX": 0.00184946, "Duco price XRP": 0.0021525, "Duco price DGB": 0.00211302, "Duco Node-S price": 0.018767, "Duco JustSwap price": 0.00741388, "Duco PancakeSwap price": 0.00420784, "Registered users": 20006, "All-time mined DUCO": 5729709.464934565, "Current difficulty": 450032, "Mined blocks": 10800809634, "Last block hash": "2de5bf79e0", "Kolka": {"Jailed": 0, "Banned": 417}, "Miner distribution": {"GPU": 0, "CPU": 178, "RPi": 102, "ESP32": 1662, "ESP8266": 2312, "Arduino": 529, "Other": 48}, "Top 10 richest miners": ["546165.569585928 DUCO - bscDUCO", "169738.28114064544 DUCO - Bacman", "113110.93033449976 DUCO - amornlit", "110093.71377963256 DUCO - coinexchange", "100106.99999999886 DUCO - WannaCry", "100101.13453716449 DUCO - 52Pickup", "86153.5666888016 DUCO - caancom", "50328.93139333234 DUCO - rootbori", "50288.45762651612 DUCO - duinocrfsh", "47119.90790638301 DUCO - chipsa"]}