{"Active connections": 1390, "All-time mined DUCO": 1078156337.1792698, "Current difficulty": 75000, "DUCO-S1 hashrate": "2.122 GH/s", "Duco FluffySwap price": 3.99e-06, "Duco Furim price": 0.0, "Duco Node-S price": 0.0, "Duco PancakeSwap price": 1.13538e-05, "Duco SunSwap price": 0.000106, "Duco SushiSwap price": 1.47317e-05, "Duco UbeSwap price": 2.7898752414944825e-05, "Duco price": 0.000106, "Duco price BCH": 5.68e-06, "Duco price NANO": 1.07e-06, "Duco price TRX": 1.56e-06, "Duco price XMG": 0.0, "Duino-Coin Server API": "github.com/revoxhere/duino-coin", "Kolka": {"Banned": 5727, "Jailed": 144}, "Last block hash": "8de4bc0b3fa1580ec7f3421feb9644fc8ead02b8", "Last sync": 1688652084.2839413, "Last update": "06/07/2023 14:01:38 (UTC)", "Mined blocks": 423949644997, "Miner distribution": {"All": 21004, "Arduino": 2477, "CPU": 780, "ESP32": 9069, "ESP8266": 7479, "GPU": 0, "Other": 7, "Phone": 19, "RPi": 1173, "Web": 0}, "Net energy usage": "14.79 kW", "Open threads": 23, "Pool hashrate": "2121.951 MH/s", "Registered users": 94261, "Server CPU usage": 49.8, "Server RAM usage": 55.0, "Server version": 3.0, "Top 10 richest miners": ["495743830.67087966 DUCO - coinexchange", "385423886.34255016 DUCO - coinexchange", "50308867.80947695 DUCO - bscDUCO", "36165869.187 DUCO - AlmarRido", "24326348.334 DUCO - Flowen1985", "20119947.6942 DUCO - viviana80", "15115368.927099999 DUCO - Ochios", "12720440.559071772 DUCO - QQ44142894", "12715458.433214605 DUCO - duinousa", "11660063.712615365 DUCO - ctecrypto"], "XXHASH hashrate": "0 H/s"}