{"Active connections": 1025, "All-time mined DUCO": 174455669.1078987, "Current difficulty": 75000, "DUCO-S1 hashrate": "2.4 GH/s", "Duco FluffySwap price": 1.722e-06, "Duco Furim price": 0.0, "Duco Node-S price": 0.0, "Duco PancakeSwap price": 3.10212e-05, "Duco SunSwap price": 4.597e-05, "Duco SushiSwap price": 3.44715e-06, "Duco UbeSwap price": 2.7980974249630965e-05, "Duco price": 4.597e-05, "Duco price BCH": 2.46e-06, "Duco price NANO": 1.7e-06, "Duco price TRX": 3.77e-06, "Duco price XMG": 0.0, "Duino-Coin Server API": "github.com/revoxhere/duino-coin", "Kolka": {"Banned": 1233, "Jailed": 94}, "Last block hash": "8de4bc0b3fa1580ec7f3421feb9644fc8ead02b8", "Last sync": 1673005672.124476, "Last update": "06/01/2023 11:47:55 (UTC)", "Mined blocks": 334338996496, "Miner distribution": {"All": 33885, "Arduino": 3977, "CPU": 1238, "ESP32": 12781, "ESP8266": 13803, "GPU": 0, "Other": 24, "Phone": 25, "RPi": 1627, "Web": 410}, "Net energy usage": "23.81 kW", "Open threads": 25, "Pool hashrate": "2401.95 MH/s", "Registered users": 86497, "Server CPU usage": 55.0, "Server RAM usage": 43.6, "Server version": 3.0, "Top 10 richest miners": ["98096650.39107694 DUCO - coinexchange", "40220617.73070239 DUCO - bscDUCO", "20119945.00125 DUCO - viviana80", "14965357.425395073 DUCO - Ochios", "13675334.218015814 DUCO - ctecrypto", "11692429.559071772 DUCO - QQ44142894", "10759939.638689265 DUCO - fiorella71", "8125736.123916335 DUCO - Orion_0x43b", "6809228.983653771 DUCO - lordachoo", "4267666.823 DUCO - Demoel"], "XXHASH hashrate": "0 H/s"}