{"Duino-Coin Server API": "github.com/revoxhere/duino-coin", "Server version": 2.7, "Active connections": 34026, "Open threads": 23, "Server CPU usage": 47.1, "Server RAM usage": 68.2, "Last update": "24/10/2021 15:12:12 (UTC)", "Net energy usage": "36.11 kW", "Pool hashrate": "1319.65 MH/s", "DUCO-S1 hashrate": "1319.6 MH/s", "XXHASH hashrate": "16.3 kH/s", "Duco price": 0.00119573, "Duco price XMG": 0.00036098, "Duco price BCH": 0.00037493, "Duco price RVN": 0.00047533, "Duco price TRX": 0.00035682, "Duco price XRP": 0.00017835, "Duco price DGB": 0.00059324, "Duco price NANO": 0.00059126, "Duco price FJC": 0.0006565, "Duco Node-S price": 5.1e-05, "Duco JustSwap price": 0.00119573, "Duco PancakeSwap price": 0.000891066, "Duco SushiSwap price": 0.000938335, "Registered users": 21552, "All-time mined DUCO": 15783884.892934408, "Current difficulty": 125000, "Mined blocks": 32566183650, "Last block hash": "8f833ff814", "Kolka": {"Jailed": 48, "Banned": 1343}, "Miner distribution": {"GPU": 0, "CPU": 3335, "RPi": 1929, "Phone": 294, "Web": 410, "ESP32": 10372, "ESP8266": 12057, "Arduino": 6138, "Other": 131, "All": 34666}, "Top 10 richest miners": ["2946097.7828603783 DUCO - bscDUCO", "586542.3539841222 DUCO - NodeSBroker", "558341.69009022 DUCO - coinexchange", "521520.1555491204 DUCO - 52Pickup", "400852.9217041822 DUCO - James_themac", "173540.89104597003 DUCO - celoDUCO", "170240.13285850236 DUCO - Bacman", "123387.18511437952 DUCO - amornlit", "121685.90546844892 DUCO - rootbori", "88330.34279786267 DUCO - caancom"]}