{"Active connections": 1477, "All-time mined DUCO": 85373539.62094957, "Current difficulty": 75000, "DUCO-S1 hashrate": "2.9 GH/s", "Duco FluffySwap price": 3e-05, "Duco Furim price": 0.0, "Duco Node-S price": 0.0, "Duco PancakeSwap price": 4.3e-05, "Duco SunSwap price": 0.000159, "Duco SushiSwap price": 1.8e-05, "Duco UbeSwap price": 2.9e-05, "Duco price": 0.000351, "Duco price BCH": 4.3e-05, "Duco price NANO": 2.8e-05, "Duco price TRX": 2.9e-05, "Duco price XMG": 0.000351, "Duino-Coin Server API": "github.com/revoxhere/duino-coin", "Kolka": {"Banned": 1014, "Jailed": 80}, "Last block hash": "2eb3f8271cd947cdd6469be145558a7bcb72e0d9", "Last sync": 1662986297.3513165, "Last update": "12/09/2022 12:38:20 (UTC)", "Mined blocks": 259278733384, "Miner distribution": {"All": 38301, "Arduino": 4936, "CPU": 1968, "ESP32": 14165, "ESP8266": 15674, "GPU": 0, "Other": 21, "Phone": 49, "RPi": 1074, "Web": 414}, "Net energy usage": "29.1 kW", "Open threads": 22, "Pool hashrate": "2918.54 MH/s", "Registered users": 78473, "Server CPU usage": 48.4, "Server RAM usage": 60.9, "Server version": 3.0, "Top 10 richest miners": ["41388829.99251492 DUCO - bscDUCO", "22677909.117610693 DUCO - coinexchange", "15964250.693 DUCO - Ochios", "6974991.289071771 DUCO - QQ44142894", "3718479.736916583 DUCO - ctecrypto", "2368507.0 DUCO - Brunomoyses23", "2277275.3594974703 DUCO - renderman", "2210288.919161586 DUCO - vyrdudji", "1650210.8102176713 DUCO - Flowen1985", "1605058.0314821827 DUCO - maticDUCO"], "XXHASH hashrate": "0 H/s"}