{"Active connections": 1385, "All-time mined DUCO": 17792172.86639729, "Current difficulty": 75000, "DUCO-S1 hashrate": "1543.7 MH/s", "Duco JustSwap price": 0.00013896, "Duco Node-S price": 5.7e-05, "Duco PancakeSwap price": 0.000594663, "Duco SushiSwap price": 0.000356015, "Duco price": 0.000594663, "Duco price BCH": 8.274e-05, "Duco price DGB": 0.0, "Duco price NANO": 1.728e-05, "Duco price RVN": 0.0, "Duco price TRX": 0.00018438, "Duco price XMG": 0.00037394, "Duco price XRP": 0.0, "Duino-Coin Server API": "github.com/revoxhere/duino-coin", "Kolka": {"Banned": 712, "Jailed": 24}, "Last block hash": "2eb3f8271c", "Last update": "12/12/2021 19:17:05 (UTC)", "Mined blocks": 60523927867, "Miner distribution": {"All": 37345, "Arduino": 6814, "CPU": 4452, "ESP32": 10763, "ESP8266": 11508, "GPU": 0, "Other": 15, "Phone": 476, "RPi": 2669, "Web": 648}, "Net energy usage": "44.68 kW", "Open threads": 21, "Pool hashrate": "1543.73 MH/s", "Registered users": 29868, "Server CPU usage": 54.4, "Server RAM usage": 55.9, "Server version": 2.7, "Top 10 richest miners": ["4668945.739258009 DUCO - bscDUCO", "1134795.1181484298 DUCO - coinexchange", "530162.5806861913 DUCO - NodeSBroker", "397162.15067505674 DUCO - James_themac", "300520.321607231 DUCO - 52Pickup", "188782.057104081 DUCO - celoDUCO", "183985.40375092917 DUCO - maticDUCO", "170241.298916613 DUCO - Bacman", "167096.0318032028 DUCO - bloomindark", "119999.999999999 DUCO - rootbori"], "XXHASH hashrate": "0 H/s"}