{"Active connections": 704, "All-time mined DUCO": 1126723583.0462158, "Current difficulty": 75000, "DUCO-S1 hashrate": "2.284 GH/s", "Duco FluffySwap price": 3.388e-06, "Duco Furim price": 0.0, "Duco Node-S price": 0.0, "Duco PancakeSwap price": 7.2694e-06, "Duco SunSwap price": 0.00010333, "Duco SushiSwap price": 1.01312e-05, "Duco UbeSwap price": 2.9093097913322633e-05, "Duco price": 0.00010333, "Duco price BCH": 4.82e-06, "Duco price NANO": 1.11e-06, "Duco price TRX": 1.93e-06, "Duco price XMG": 1.563e-05, "Duino-Coin Server API": "github.com/revoxhere/duino-coin", "Kolka": {"Banned": 5661, "Jailed": 161}, "Last block hash": "8de4bc0b3fa1580ec7f3421feb9644fc8ead02b8", "Last sync": 1693854566.7631147, "Last update": "04/09/2023 19:09:29 (UTC)", "Mined blocks": 445088488054, "Miner distribution": {"All": 19674, "Arduino": 2298, "CPU": 758, "ESP32": 8243, "ESP8266": 7167, "GPU": 0, "Other": 8, "Phone": 20, "RPi": 1180, "Web": 0}, "Net energy usage": "14.15 kW", "Open threads": 24, "Pool hashrate": "2284.195 MH/s", "Registered users": 95430, "Server CPU usage": 38.3, "Server RAM usage": 36.4, "Server version": 3.0, "Top 10 richest miners": ["495743830.67087966 DUCO - coinexchange", "364660821.32267 DUCO - coinexchange", "70408419.64457695 DUCO - bscDUCO", "44222470.968 DUCO - AlmarRido", "26700861.881426554 DUCO - giveaways", "24485940.745 DUCO - Flowen1985", "20119947.6942 DUCO - viviana80", "14281362.881 DUCO - bimbasimba94", "12720440.559071772 DUCO - QQ44142894", "11758322.739780247 DUCO - ctecrypto"], "XXHASH hashrate": "0 H/s"}