{"Active connections": 665, "All-time mined DUCO": 193995882.72217044, "Current difficulty": 75000, "DUCO-S1 hashrate": "2.4 GH/s", "Duco FluffySwap price": 3.7099999999999996e-06, "Duco Furim price": 0.0, "Duco Node-S price": 0.0, "Duco PancakeSwap price": 2.19458e-05, "Duco SunSwap price": 6.286e-05, "Duco SushiSwap price": 8.77009e-06, "Duco UbeSwap price": 2.8687163822298956e-05, "Duco price": 6.286e-05, "Duco price BCH": 5.32e-06, "Duco price NANO": 3.58e-06, "Duco price TRX": 5.2e-06, "Duco price XMG": 0.0, "Duino-Coin Server API": "github.com/revoxhere/duino-coin", "Kolka": {"Banned": 1328, "Jailed": 114}, "Last block hash": "8de4bc0b3fa1580ec7f3421feb9644fc8ead02b8", "Last sync": 1677743926.4348884, "Last update": "02/03/2023 07:58:50 (UTC)", "Mined blocks": 363767653543, "Miner distribution": {"All": 29857, "Arduino": 3761, "CPU": 932, "ESP32": 11382, "ESP8266": 11854, "GPU": 0, "Other": 10, "Phone": 15, "RPi": 1579, "Web": 324}, "Net energy usage": "20.15 kW", "Open threads": 26, "Pool hashrate": "2360.52 MH/s", "Registered users": 89693, "Server CPU usage": 40.9, "Server RAM usage": 18.6, "Server version": 3.0, "Top 10 richest miners": ["507035039.87624556 DUCO - coinexchange", "41885570.794576176 DUCO - bscDUCO", "20119946.6942 DUCO - viviana80", "15115364.7271 DUCO - Ochios", "12283086.27 DUCO - infternet", "11692429.559071772 DUCO - QQ44142894", "10759939.638689265 DUCO - fiorella71", "8125736.123916335 DUCO - Orion_0x43b", "6822324.549020492 DUCO - lordachoo", "5145298.627459324 DUCO - msdo1006"], "XXHASH hashrate": "0 H/s"}