{"Active connections": 2281, "All-time mined DUCO": 20130988.42399929, "Current difficulty": 1000000, "DUCO-S1 hashrate": "2563.1 MH/s", "Duco JustSwap price": 0.00031326, "Duco Node-S price": 2.1e-05, "Duco PancakeSwap price": 0.000322114, "Duco SushiSwap price": 0.000650466, "Duco price": 0.0008574, "Duco price BCH": 2.09e-05, "Duco price NANO": 1.155e-05, "Duco price TRX": 8.891e-05, "Duco price XMG": 0.00085312, "Duino-Coin Server API": "github.com/revoxhere/duino-coin", "Kolka": {"Banned": 772, "Jailed": 26}, "Last block hash": "2eb3f8271c", "Last sync": 1642433137.2212255, "Last update": "17/01/2022 15:25:37 (UTC)", "Mined blocks": 85931898281, "Miner distribution": {"All": 35864, "Arduino": 6466, "CPU": 5097, "ESP32": 7878, "ESP8266": 11245, "GPU": 0, "Other": 17, "Phone": 238, "RPi": 2767, "Web": 2156}, "Net energy usage": "48.98 kW", "Open threads": 21, "Pool hashrate": "2563.13 MH/s", "Registered users": 46727, "Server CPU usage": 46.8, "Server RAM usage": 34.3, "Server version": 2.7, "Top 10 richest miners": ["6475482.099058762 DUCO - bscDUCO", "532455.820632083 DUCO - NodeSBroker", "443691.813117084 DUCO - bimbasimba94", "440000.827138843 DUCO - miningvir", "397162.15067505674 DUCO - James_themac", "205010.01555132127 DUCO - maticDUCO", "190583.057104081 DUCO - celoDUCO", "170241.298916613 DUCO - Bacman", "131727.39631958495 DUCO - haxorcitoz", "120000.999999999 DUCO - rootbori"], "XXHASH hashrate": "0 H/s"}