{"Active connections": 651, "All-time mined DUCO": 734203084.2265747, "Current difficulty": 200000, "DUCO-S1 hashrate": "2.149 GH/s", "Duco FluffySwap price": 0.0, "Duco Furim price": 0.0, "Duco Node-S price": 0.0, "Duco PancakeSwap price": 0.0, "Duco SunSwap price": 0.0, "Duco SushiSwap price": 0.0, "Duco UbeSwap price": 0.0, "Duco price": 0.000248, "Duco price BCH": 0.00017739, "Duco price NANO": 0.000248, "Duco price TRX": 1.121e-05, "Duco price XMG": 0.0, "Duino-Coin Server API": "github.com/revoxhere/duino-coin", "Kolka": {"Banned": 5900, "Jailed": 177}, "Last block hash": "8de4bc0b3fa1580ec7f3421feb9644fc8ead02b8", "Last sync": 1713873470.770234, "Last update": "23/04/2024 11:57:50 (UTC)", "Mined blocks": 514579930639, "Miner distribution": {"All": 15350, "Arduino": 1956, "CPU": 826, "ESP32": 5940, "ESP8266": 5386, "GPU": 0, "Other": 32, "Phone": 16, "RPi": 1194, "Web": 0}, "Net energy usage": "12.72 kW", "Open threads": 26, "Pool hashrate": "2148.537 MH/s", "Registered users": 100949, "Server CPU usage": 22.4, "Server RAM usage": 93.3, "Server version": 4.0, "Top 10 richest miners": ["78413359.74889731 DUCO - bscDUCO", "39491496.79265186 DUCO - AlmarRido", "24584838.687 DUCO - Flowen1985", "20119947.6942 DUCO - viviana80", "17011708.804704107 DUCO - bimbasimba94", "14868531.194595315 DUCO - aimbert", "14841874.440919967 DUCO - ctecrypto", "14142563.219038658 DUCO - duinousa", "12720440.559071772 DUCO - QQ44142894", "10759939.638689265 DUCO - fiorella71"], "XXHASH hashrate": "0 H/s"}