{"Active connections": 733, "All-time mined DUCO": 723060197.4054736, "Current difficulty": 75000, "DUCO-S1 hashrate": "2.02 GH/s", "Duco FluffySwap price": 1.645e-06, "Duco Furim price": 0.0, "Duco Node-S price": 0.0, "Duco PancakeSwap price": 1.82531e-05, "Duco SunSwap price": 2.35e-05, "Duco SushiSwap price": 1.48593e-05, "Duco UbeSwap price": 2.9828006500541712e-05, "Duco price": 2.9828006500541712e-05, "Duco price BCH": 2.35e-06, "Duco price NANO": 1.58e-06, "Duco price TRX": 2.41e-06, "Duco price XMG": 0.0, "Duino-Coin Server API": "github.com/revoxhere/duino-coin", "Kolka": {"Banned": 1356, "Jailed": 122}, "Last block hash": "8de4bc0b3fa1580ec7f3421feb9644fc8ead02b8", "Last sync": 1682946267.5151126, "Last update": "01/05/2023 13:04:32 (UTC)", "Mined blocks": 394849518136, "Miner distribution": {"All": 28286, "Arduino": 3500, "CPU": 1028, "ESP32": 10800, "ESP8266": 11123, "GPU": 0, "Other": 28, "Phone": 30, "RPi": 1543, "Web": 234}, "Net energy usage": "19.95 kW", "Open threads": 24, "Pool hashrate": "2019.504 MH/s", "Registered users": 92275, "Server CPU usage": 52.8, "Server RAM usage": 35.1, "Server version": 3.0, "Top 10 richest miners": ["495743830.67087966 DUCO - coinexchange", "450703003.41958773 DUCO - coinexchange", "49429976.49839266 DUCO - bscDUCO", "20119947.6942 DUCO - viviana80", "15115368.927099999 DUCO - Ochios", "12720440.559071772 DUCO - QQ44142894", "10759939.638689265 DUCO - fiorella71", "8125736.123916335 DUCO - Orion_0x43b", "7871982.841046517 DUCO - revox", "7871982.841046517 DUCO - revox"], "XXHASH hashrate": "0 H/s"}