{"Active connections": 944, "All-time mined DUCO": 92553283.43143421, "Current difficulty": 75000, "DUCO-S1 hashrate": "3.0 GH/s", "Duco FluffySwap price": 1.134e-05, "Duco Furim price": 0.0, "Duco Node-S price": 0.0, "Duco PancakeSwap price": 3.73398e-05, "Duco SunSwap price": 7.978e-05, "Duco SushiSwap price": 4.69978e-05, "Duco UbeSwap price": 2.929910624286002e-05, "Duco price": 7.978e-05, "Duco price BCH": 1.619e-05, "Duco price NANO": 7.13e-06, "Duco price TRX": 6.14e-06, "Duco price XMG": 5.642e-05, "Duino-Coin Server API": "github.com/revoxhere/duino-coin", "Kolka": {"Banned": 1114, "Jailed": 85}, "Last block hash": "8de4bc0b3fa1580ec7f3421feb9644fc8ead02b8", "Last sync": 1666657565.6531875, "Last update": "25/10/2022 00:26:08 (UTC)", "Mined blocks": 287835529980, "Miner distribution": {"All": 37450, "Arduino": 4374, "CPU": 2231, "ESP32": 13128, "ESP8266": 16017, "GPU": 0, "Other": 28, "Phone": 52, "RPi": 1249, "Web": 371}, "Net energy usage": "30.65 kW", "Open threads": 23, "Pool hashrate": "3043.13 MH/s", "Registered users": 81830, "Server CPU usage": 44.8, "Server RAM usage": 45.1, "Server version": 3.0, "Top 10 richest miners": ["38401231.025158234 DUCO - bscDUCO", "29779854.997088045 DUCO - coinexchange", "15965319.80435637 DUCO - Ochios", "11692429.559071772 DUCO - QQ44142894", "2384193.1418357054 DUCO - lordachoo", "2368507.0 DUCO - Brunomoyses23", "2210288.919161586 DUCO - vyrdudji", "1615510.8630387518 DUCO - maticDUCO", "1457898.898 DUCO - amornlit", "1274893.8949313895 DUCO - Skywalker"], "XXHASH hashrate": "0 H/s"}