{"Active connections": 1196, "All-time mined DUCO": 179782239.7041526, "Current difficulty": 75000, "DUCO-S1 hashrate": "2.5 GH/s", "Duco FluffySwap price": 3.864e-06, "Duco Furim price": 0.0, "Duco Node-S price": 0.0, "Duco PancakeSwap price": 2.79369e-05, "Duco SunSwap price": 5.763e-05, "Duco SushiSwap price": 6.23366e-06, "Duco UbeSwap price": 2.891638595203949e-05, "Duco price": 5.763e-05, "Duco price BCH": 5.52e-06, "Duco price NANO": 3.56e-06, "Duco price TRX": 4.77e-06, "Duco price XMG": 0.0, "Duino-Coin Server API": "github.com/revoxhere/duino-coin", "Kolka": {"Banned": 1268, "Jailed": 98}, "Last block hash": "8de4bc0b3fa1580ec7f3421feb9644fc8ead02b8", "Last sync": 1675315002.5473738, "Last update": "02/02/2023 05:16:48 (UTC)", "Mined blocks": 348777118297, "Miner distribution": {"All": 31880, "Arduino": 3898, "CPU": 1346, "ESP32": 12069, "ESP8266": 12501, "GPU": 0, "Other": 14, "Phone": 25, "RPi": 1652, "Web": 375}, "Net energy usage": "23.54 kW", "Open threads": 24, "Pool hashrate": "2456.08 MH/s", "Registered users": 87975, "Server CPU usage": 49.0, "Server RAM usage": 59.9, "Server version": 3.0, "Top 10 richest miners": ["82202302.56311627 DUCO - coinexchange", "40844326.35752013 DUCO - bscDUCO", "20119946.6942 DUCO - viviana80", "15115363.695 DUCO - Ochios", "11692429.559071772 DUCO - QQ44142894", "10759939.638689265 DUCO - fiorella71", "8125736.123916335 DUCO - Orion_0x43b", "6815841.07310776 DUCO - lordachoo", "5637139.684 DUCO - sudoerrno", "3349138.3537657745 DUCO - msdo1006"], "XXHASH hashrate": "0 H/s"}