{"Active connections": 1312, "All-time mined DUCO": 234231035.43871367, "Current difficulty": 75000, "DUCO-S1 hashrate": "2.3 GH/s", "Duco FluffySwap price": 3.4859999999999997e-06, "Duco Furim price": 0.0, "Duco Node-S price": 0.0, "Duco PancakeSwap price": 3.17471e-05, "Duco SunSwap price": 5.785e-05, "Duco SushiSwap price": 6.48802e-06, "Duco UbeSwap price": 2.8567641015443758e-05, "Duco price": 5.785e-05, "Duco price BCH": 4.99e-06, "Duco price NANO": 3.37e-06, "Duco price TRX": 4.79e-06, "Duco price XMG": 0.0, "Duino-Coin Server API": "github.com/revoxhere/duino-coin", "Kolka": {"Banned": 1290, "Jailed": 100}, "Last block hash": "8de4bc0b3fa1580ec7f3421feb9644fc8ead02b8", "Last sync": 1676128885.9411094, "Last update": "11/02/2023 15:21:31 (UTC)", "Mined blocks": 353879506242, "Miner distribution": {"All": 30422, "Arduino": 3747, "CPU": 1185, "ESP32": 11919, "ESP8266": 11597, "GPU": 0, "Other": 7, "Phone": 22, "RPi": 1562, "Web": 383}, "Net energy usage": "21.84 kW", "Open threads": 24, "Pool hashrate": "2270.06 MH/s", "Registered users": 88691, "Server CPU usage": 47.1, "Server RAM usage": 51.5, "Server version": 3.0, "Top 10 richest miners": ["41483967.794576176 DUCO - bscDUCO", "40000000.302386284 DUCO - AlmarRido", "20119946.6942 DUCO - viviana80", "15469712.581486383 DUCO - coinexchange", "15115363.695 DUCO - Ochios", "11692429.559071772 DUCO - QQ44142894", "11153422.27 DUCO - infternet", "10759939.638689265 DUCO - fiorella71", "9636747.63735928 DUCO - paranoid64", "8125736.123916335 DUCO - Orion_0x43b"], "XXHASH hashrate": "0 H/s"}