{"Active connections": 366, "All-time mined DUCO": 773754729.601511, "Current difficulty": 200000, "DUCO-S1 hashrate": "1.746 GH/s", "Duco FluffySwap price": 2.0992999999999997e-05, "Duco Furim price": 0.0, "Duco Node-S price": 0.0, "Duco PancakeSwap price": 1.31425e-05, "Duco SunSwap price": 2.865e-05, "Duco SushiSwap price": 8.987494203495e-06, "Duco UbeSwap price": 1.568e-05, "Duco price": 3.512e-05, "Duco price BCH": 0.0, "Duco price NANO": 0.0, "Duco price TRX": 2.995e-05, "Duco price XMG": 3.512e-05, "Duino-Coin Server API": "github.com/revoxhere/duino-coin", "Kolka": {"Banned": 6032, "Jailed": 191}, "Last block hash": "8de4bc0b3fa1580ec7f3421feb9644fc8ead02b8", "Last sync": 1726555749.7983737, "Last update": "17/09/2024 06:49:09 (UTC)", "Mined blocks": 551210166665, "Miner distribution": {"All": 14904, "Arduino": 2053, "CPU": 724, "ESP32": 4919, "ESP8266": 5886, "GPU": 0, "Other": 10, "Phone": 10, "RPi": 1123, "Web": 179}, "Net energy usage": "11.99 kW", "Open threads": 27, "Pool hashrate": "1745.898 MH/s", "Registered users": 106075, "Server CPU usage": 57.0, "Server RAM usage": 64.7, "Server version": 4.0, "Top 10 richest miners": ["235283396.55754274 DUCO - coinexchange", "85495978.52646369 DUCO - bscDUCO", "35576240.569 DUCO - AlmarRido", "30855598.808 DUCO - Flowen1985", "20160690.628000002 DUCO - viviana80", "18317539.132 DUCO - bimbasimba94", "14958490.824862882 DUCO - aimbert", "14847133.194062889 DUCO - ctecrypto", "12721943.39257476 DUCO - QQ44142894", "11365378.579642586 DUCO - duinousa"], "XXHASH hashrate": "0 H/s"}