{"Active connections": 988, "All-time mined DUCO": 757479547.50752, "Current difficulty": 200000, "DUCO-S1 hashrate": "1.644 GH/s", "Duco FluffySwap price": 1.7752e-05, "Duco Furim price": 0.0, "Duco Node-S price": 0.0, "Duco PancakeSwap price": 1.3163e-05, "Duco SunSwap price": 2.421e-05, "Duco SushiSwap price": 8.331891935491e-06, "Duco UbeSwap price": 1.642e-05, "Duco price": 2.531e-05, "Duco price BCH": 0.0, "Duco price NANO": 0.0, "Duco price TRX": 2.531e-05, "Duco price XMG": 2.442e-05, "Duino-Coin Server API": "github.com/revoxhere/duino-coin", "Kolka": {"Banned": 6013, "Jailed": 190}, "Last block hash": "8de4bc0b3fa1580ec7f3421feb9644fc8ead02b8", "Last sync": 1723179034.8644483, "Last update": "09/08/2024 04:50:34 (UTC)", "Mined blocks": 541987778366, "Miner distribution": {"All": 14582, "Arduino": 1824, "CPU": 832, "ESP32": 4735, "ESP8266": 5916, "GPU": 0, "Other": 9, "Phone": 20, "RPi": 1049, "Web": 197}, "Net energy usage": "12.45 kW", "Open threads": 28, "Pool hashrate": "1644.205 MH/s", "Registered users": 104926, "Server CPU usage": 62.5, "Server RAM usage": 94.5, "Server version": 4.0, "Top 10 richest miners": ["239675577.96579543 DUCO - coinexchange", "81978729.19825932 DUCO - bscDUCO", "30855598.808 DUCO - Flowen1985", "28000980.1298474 DUCO - AlmarRido", "18280977.178 DUCO - bimbasimba94", "16096358.288900001 DUCO - viviana80", "14928189.43549428 DUCO - aimbert", "14847133.194062889 DUCO - ctecrypto", "12721940.59109726 DUCO - QQ44142894", "11341962.177459473 DUCO - duinousa"], "XXHASH hashrate": "0 H/s"}