{"Active connections": 1807, "All-time mined DUCO": 59867222.643604055, "Current difficulty": 1000000, "DUCO-S1 hashrate": "5.1 GH/s", "Duco Furim price": 0.0, "Duco Node-S price": 0.0, "Duco PancakeSwap price": 4.7e-05, "Duco SunSwap price": 0.000171, "Duco SushiSwap price": 7.6e-05, "Duco price": 0.000414, "Duco price BCH": 6e-06, "Duco price NANO": 2.8e-05, "Duco price TRX": 5e-06, "Duco price XMG": 1.2e-05, "Duino-Coin Server API": "github.com/revoxhere/duino-coin", "Kolka": {"Banned": 595, "Jailed": 30}, "Last block hash": "2eb3f8271cd947cdd6469be145558a7bcb72e0d9", "Last sync": 1647791404.9970503, "Last update": "20/03/2022 15:50:09 (UTC)", "Mined blocks": 134974578538, "Miner distribution": {"All": 41953, "Arduino": 7106, "CPU": 3943, "ESP32": 12708, "ESP8266": 14735, "GPU": 0, "Other": 54, "Phone": 212, "RPi": 2522, "Web": 673}, "Net energy usage": "43.66 kW", "Open threads": 21, "Pool hashrate": "5081.19 MH/s", "Registered users": 65503, "Server CPU usage": 40.1, "Server RAM usage": 53.8, "Server version": 3.0, "Top 10 richest miners": ["25849077.414274927 DUCO - bscDUCO", "10000001.269761559 DUCO - miningvir", "3965348.014869814 DUCO - Ochios", "3962275.8619908057 DUCO - RNGesus", "2654376.69930822 DUCO - coinexchange", "2453550.087773999 DUCO - ifdeduco", "1751804.4802977263 DUCO - DeVisdude", "1260075.3253694864 DUCO - T3rminator", "1209837.627673189 DUCO - James_themac", "1201863.0982068065 DUCO - juanjefraire"], "XXHASH hashrate": "0 H/s"}