{"Active connections": 1438, "All-time mined DUCO": 58914544.121541955, "Current difficulty": 1000000, "DUCO-S1 hashrate": "5.1 GH/s", "Duco Furim price": 0.0, "Duco Node-S price": 0.0, "Duco PancakeSwap price": 4.7e-05, "Duco SunSwap price": 0.000127, "Duco SushiSwap price": 7.6e-05, "Duco price": 0.000127, "Duco price BCH": 6e-06, "Duco price NANO": 2.8e-05, "Duco price TRX": 5e-06, "Duco price XMG": 1.2e-05, "Duino-Coin Server API": "github.com/revoxhere/duino-coin", "Kolka": {"Banned": 597, "Jailed": 31}, "Last block hash": "2eb3f8271cd947cdd6469be145558a7bcb72e0d9", "Last sync": 1647907074.3560176, "Last update": "21/03/2022 23:57:57 (UTC)", "Mined blocks": 136026315060, "Miner distribution": {"All": 42285, "Arduino": 7119, "CPU": 4033, "ESP32": 12736, "ESP8266": 14879, "GPU": 0, "Other": 57, "Phone": 228, "RPi": 2533, "Web": 700}, "Net energy usage": "44.35 kW", "Open threads": 21, "Pool hashrate": "5095.99 MH/s", "Registered users": 65702, "Server CPU usage": 36.9, "Server RAM usage": 59.0, "Server version": 3.0, "Top 10 richest miners": ["24711082.839215674 DUCO - bscDUCO", "10950003.269761559 DUCO - miningvir", "3965348.014869814 DUCO - Ochios", "3962275.8619908057 DUCO - RNGesus", "2707073.0693082195 DUCO - coinexchange", "2453550.087773999 DUCO - ifdeduco", "1209837.627673189 DUCO - James_themac", "1201916.468211722 DUCO - juanjefraire", "1200000.35117249 DUCO - amornlit", "1165160.1616811487 DUCO - miyan001"], "XXHASH hashrate": "0 H/s"}