{"Active connections": 1317, "All-time mined DUCO": 19361236.57556492, "Current difficulty": 75000, "DUCO-S1 hashrate": "2066.3 MH/s", "Duco JustSwap price": 7.532e-05, "Duco Node-S price": 2.1e-05, "Duco PancakeSwap price": 0.000471918, "Duco SushiSwap price": 0.000116574, "Duco price": 0.000471918, "Duco price BCH": 1.923e-05, "Duco price NANO": 1.178e-05, "Duco price TRX": 6.792e-05, "Duco price XMG": 0.00029257, "Duino-Coin Server API": "github.com/revoxhere/duino-coin", "Kolka": {"Banned": 771, "Jailed": 24}, "Last block hash": "2eb3f8271c", "Last sync": 1641543633.5967126, "Last update": "07/01/2022 08:20:33 (UTC)", "Mined blocks": 79207563385, "Miner distribution": {"All": 34160, "Arduino": 6386, "CPU": 5693, "ESP32": 7858, "ESP8266": 9214, "GPU": 0, "Other": 38, "Phone": 249, "RPi": 2678, "Web": 2044}, "Net energy usage": "51.4 kW", "Open threads": 22, "Pool hashrate": "2066.26 MH/s", "Registered users": 39429, "Server CPU usage": 54.3, "Server RAM usage": 48.5, "Server version": 2.7, "Top 10 richest miners": ["6058769.656997842 DUCO - bscDUCO", "530807.5372981913 DUCO - NodeSBroker", "397162.15067505674 DUCO - James_themac", "305926.05287361186 DUCO - bimbasimba94", "300520.321607231 DUCO - 52Pickup", "206278.1112477876 DUCO - maticDUCO", "190582.057104081 DUCO - celoDUCO", "170241.298916613 DUCO - Bacman", "148462.7362713289 DUCO - coinexchange", "120000.999999999 DUCO - rootbori"], "XXHASH hashrate": "0 H/s"}