{"Active connections": 1105, "All-time mined DUCO": 925861389.8068706, "Current difficulty": 75000, "DUCO-S1 hashrate": "2.098 GH/s", "Duco FluffySwap price": 2.716e-06, "Duco Furim price": 0.0, "Duco Node-S price": 0.0, "Duco PancakeSwap price": 9.73482e-06, "Duco SunSwap price": 9.995e-05, "Duco SushiSwap price": 1.51929e-05, "Duco UbeSwap price": 2.7898752414944825e-05, "Duco price": 9.995e-05, "Duco price BCH": 3.88e-06, "Duco price NANO": 1.06e-06, "Duco price TRX": 1.47e-06, "Duco price XMG": 0.0, "Duino-Coin Server API": "github.com/revoxhere/duino-coin", "Kolka": {"Banned": 5724, "Jailed": 130}, "Last block hash": "8de4bc0b3fa1580ec7f3421feb9644fc8ead02b8", "Last sync": 1687766089.712864, "Last update": "26/06/2023 07:55:00 (UTC)", "Mined blocks": 419921610375, "Miner distribution": {"All": 21703, "Arduino": 2681, "CPU": 850, "ESP32": 9097, "ESP8266": 7548, "GPU": 0, "Other": 9, "Phone": 6, "RPi": 1281, "Web": 231}, "Net energy usage": "15.74 kW", "Open threads": 24, "Pool hashrate": "2098.037 MH/s", "Registered users": 93982, "Server CPU usage": 47.6, "Server RAM usage": 47.3, "Server version": 3.0, "Top 10 richest miners": ["495743830.67087966 DUCO - coinexchange", "387661830.5105878 DUCO - coinexchange", "49333857.02939265 DUCO - bscDUCO", "20119947.6942 DUCO - viviana80", "15115368.927099999 DUCO - Ochios", "12720440.559071772 DUCO - QQ44142894", "12714248.917033408 DUCO - duinousa", "11408207.365686301 DUCO - bimbasimba94", "11242382.673576886 DUCO - paranoid64", "10978766.04658526 DUCO - Rafa2000"], "XXHASH hashrate": "0 H/s"}