{"Active connections": 1308, "All-time mined DUCO": 978941504.7961744, "Current difficulty": 75000, "DUCO-S1 hashrate": "1.877 GH/s", "Duco FluffySwap price": 4.368e-06, "Duco Furim price": 0.0, "Duco Node-S price": 0.0, "Duco PancakeSwap price": 1.48652e-05, "Duco SunSwap price": 0.00010394, "Duco SushiSwap price": 1.41527e-05, "Duco UbeSwap price": 2.7898752414944825e-05, "Duco price": 0.00010394, "Duco price BCH": 6.19e-06, "Duco price NANO": 1.05e-06, "Duco price TRX": 1.53e-06, "Duco price XMG": 0.0, "Duino-Coin Server API": "github.com/revoxhere/duino-coin", "Kolka": {"Banned": 5726, "Jailed": 131}, "Last block hash": "8de4bc0b3fa1580ec7f3421feb9644fc8ead02b8", "Last sync": 1688131274.0265458, "Last update": "30/06/2023 13:21:29 (UTC)", "Mined blocks": 421669800636, "Miner distribution": {"All": 21723, "Arduino": 2597, "CPU": 711, "ESP32": 9440, "ESP8266": 7562, "GPU": 0, "Other": 10, "Phone": 6, "RPi": 1217, "Web": 180}, "Net energy usage": "14.83 kW", "Open threads": 23, "Pool hashrate": "1876.594 MH/s", "Registered users": 94114, "Server CPU usage": 47.9, "Server RAM usage": 45.6, "Server version": 3.0, "Top 10 richest miners": ["495743830.67087966 DUCO - coinexchange", "384866124.25690407 DUCO - coinexchange", "49388457.02939265 DUCO - bscDUCO", "20119947.6942 DUCO - viviana80", "15115368.927099999 DUCO - Ochios", "12720440.559071772 DUCO - QQ44142894", "12714939.85804604 DUCO - duinousa", "11408217.326238636 DUCO - bimbasimba94", "11242812.01219261 DUCO - paranoid64", "10978766.04658526 DUCO - Rafa2000"], "XXHASH hashrate": "0 H/s"}