{"Active connections": 1440, "All-time mined DUCO": 65099575.59252923, "Current difficulty": 1000000, "DUCO-S1 hashrate": "5.3 GH/s", "Duco Furim price": 0.0, "Duco JustSwap price": 8.492e-05, "Duco Node-S price": 0.0, "Duco PancakeSwap price": 4.70225e-05, "Duco SushiSwap price": 7.56764e-05, "Duco price": 8.492e-05, "Duco price BCH": 4.36e-06, "Duco price NANO": 1.7e-05, "Duco price TRX": 3e-06, "Duco price XMG": 5.84e-06, "Duino-Coin Server API": "github.com/revoxhere/duino-coin", "Kolka": {"Banned": 514, "Jailed": 29}, "Last block hash": "2eb3f8271cd947cdd6469be145558a7bcb72e0d9", "Last sync": 1647167083.6962426, "Last update": "13/03/2022 10:24:45 (UTC)", "Mined blocks": 129632114070, "Miner distribution": {"All": 41102, "Arduino": 6813, "CPU": 3999, "ESP32": 12318, "ESP8266": 14343, "GPU": 0, "Other": 34, "Phone": 255, "RPi": 2703, "Web": 637}, "Net energy usage": "43.89 kW", "Open threads": 21, "Pool hashrate": "5295.01 MH/s", "Registered users": 63175, "Server CPU usage": 38.0, "Server RAM usage": 34.6, "Server version": 2.7, "Top 10 richest miners": ["25420188.212190636 DUCO - bscDUCO", "12530866.269761559 DUCO - miningvir", "5710447.453602006 DUCO - Ochios", "3962275.8619908057 DUCO - RNGesus", "2616722.05930822 DUCO - coinexchange", "2453550.087773999 DUCO - ifdeduco", "1401861.7272759832 DUCO - Demoel", "1340940.6885219235 DUCO - naderi57", "1259795.7291598043 DUCO - T3rminator", "1209837.627673189 DUCO - James_themac"], "XXHASH hashrate": "0 H/s"}