{"Active connections": 1267, "All-time mined DUCO": 234197044.80254045, "Current difficulty": 75000, "DUCO-S1 hashrate": "2.3 GH/s", "Duco FluffySwap price": 3.64e-06, "Duco Furim price": 0.0, "Duco Node-S price": 0.0, "Duco PancakeSwap price": 3.17471e-05, "Duco SunSwap price": 5.893e-05, "Duco SushiSwap price": 6.48802e-06, "Duco UbeSwap price": 2.8567641015443758e-05, "Duco price": 5.893e-05, "Duco price BCH": 5.2e-06, "Duco price NANO": 3.43e-06, "Duco price TRX": 4.88e-06, "Duco price XMG": 0.0, "Duino-Coin Server API": "github.com/revoxhere/duino-coin", "Kolka": {"Banned": 1280, "Jailed": 100}, "Last block hash": "8de4bc0b3fa1580ec7f3421feb9644fc8ead02b8", "Last sync": 1675962462.7691221, "Last update": "09/02/2023 17:07:47 (UTC)", "Mined blocks": 352865508942, "Miner distribution": {"All": 30600, "Arduino": 3796, "CPU": 1224, "ESP32": 11815, "ESP8266": 11780, "GPU": 0, "Other": 9, "Phone": 38, "RPi": 1604, "Web": 334}, "Net energy usage": "22.18 kW", "Open threads": 25, "Pool hashrate": "2332.46 MH/s", "Registered users": 88548, "Server CPU usage": 47.0, "Server RAM usage": 56.4, "Server version": 3.0, "Top 10 richest miners": ["49721641.302386284 DUCO - AlmarRido", "41539890.35752013 DUCO - bscDUCO", "20119946.6942 DUCO - viviana80", "16126390.582667485 DUCO - coinexchange", "15115363.695 DUCO - Ochios", "11692429.559071772 DUCO - QQ44142894", "11066925.27 DUCO - infternet", "10759939.638689265 DUCO - fiorella71", "8125736.123916335 DUCO - Orion_0x43b", "6817708.190710356 DUCO - lordachoo"], "XXHASH hashrate": "0 H/s"}