{"Active connections": 1272, "All-time mined DUCO": 234342567.68707833, "Current difficulty": 75000, "DUCO-S1 hashrate": "2.3 GH/s", "Duco FluffySwap price": 3.584e-06, "Duco Furim price": 0.0, "Duco Node-S price": 0.0, "Duco PancakeSwap price": 3.17471e-05, "Duco SunSwap price": 5.752e-05, "Duco SushiSwap price": 6.48802e-06, "Duco UbeSwap price": 2.8567641015443758e-05, "Duco price": 5.752e-05, "Duco price BCH": 5.12e-06, "Duco price NANO": 3.26e-06, "Duco price TRX": 4.76e-06, "Duco price XMG": 0.0, "Duino-Coin Server API": "github.com/revoxhere/duino-coin", "Kolka": {"Banned": 1286, "Jailed": 100}, "Last block hash": "8de4bc0b3fa1580ec7f3421feb9644fc8ead02b8", "Last sync": 1676056560.4990034, "Last update": "10/02/2023 19:16:05 (UTC)", "Mined blocks": 353433613418, "Miner distribution": {"All": 30675, "Arduino": 3711, "CPU": 1162, "ESP32": 11953, "ESP8266": 11830, "GPU": 0, "Other": 12, "Phone": 22, "RPi": 1643, "Web": 342}, "Net energy usage": "21.92 kW", "Open threads": 24, "Pool hashrate": "2337.49 MH/s", "Registered users": 88638, "Server CPU usage": 46.5, "Server RAM usage": 58.5, "Server version": 3.0, "Top 10 richest miners": ["41623162.35752013 DUCO - bscDUCO", "40000000.302386284 DUCO - AlmarRido", "20119946.6942 DUCO - viviana80", "16135937.711581009 DUCO - coinexchange", "15115363.695 DUCO - Ochios", "11692429.559071772 DUCO - QQ44142894", "11153422.27 DUCO - infternet", "10759939.638689265 DUCO - fiorella71", "9636706.569283579 DUCO - paranoid64", "8125736.123916335 DUCO - Orion_0x43b"], "XXHASH hashrate": "0 H/s"}