{"Active connections": 650, "All-time mined DUCO": 734015965.8665206, "Current difficulty": 200000, "DUCO-S1 hashrate": "2.205 GH/s", "Duco FluffySwap price": 0.0, "Duco Furim price": 0.0, "Duco Node-S price": 0.0, "Duco PancakeSwap price": 8.57789e-06, "Duco SunSwap price": 3.73e-05, "Duco SushiSwap price": 1.2962107682626e-05, "Duco UbeSwap price": 1.1191491992827553e-05, "Duco price": 0.000252, "Duco price BCH": 0.00017992, "Duco price NANO": 0.000252, "Duco price TRX": 1.118e-05, "Duco price XMG": 0.0, "Duino-Coin Server API": "github.com/revoxhere/duino-coin", "Kolka": {"Banned": 5900, "Jailed": 177}, "Last block hash": "8de4bc0b3fa1580ec7f3421feb9644fc8ead02b8", "Last sync": 1713808545.0805118, "Last update": "22/04/2024 17:55:45 (UTC)", "Mined blocks": 514416246784, "Miner distribution": {"All": 14799, "Arduino": 1901, "CPU": 898, "ESP32": 5571, "ESP8266": 5259, "GPU": 0, "Other": 30, "Phone": 1, "RPi": 1139, "Web": 0}, "Net energy usage": "12.84 kW", "Open threads": 27, "Pool hashrate": "2205.367 MH/s", "Registered users": 100899, "Server CPU usage": 23.5, "Server RAM usage": 91.1, "Server version": 4.0, "Top 10 richest miners": ["78412357.74889731 DUCO - bscDUCO", "39491496.79265186 DUCO - AlmarRido", "24584838.687 DUCO - Flowen1985", "20119947.6942 DUCO - viviana80", "17011708.804704107 DUCO - bimbasimba94", "14868531.194595315 DUCO - aimbert", "14841874.440919967 DUCO - ctecrypto", "14142529.363148274 DUCO - duinousa", "12720440.559071772 DUCO - QQ44142894", "10759939.638689265 DUCO - fiorella71"], "XXHASH hashrate": "0 H/s"}