{"Active connections": 643, "All-time mined DUCO": 724622148.4150722, "Current difficulty": 75000, "DUCO-S1 hashrate": "2.018 GH/s", "Duco FluffySwap price": 1.638e-06, "Duco Furim price": 0.0, "Duco Node-S price": 0.0, "Duco PancakeSwap price": 1.82531e-05, "Duco SunSwap price": 2.305e-05, "Duco SushiSwap price": 1.48593e-05, "Duco UbeSwap price": 2.9828006500541712e-05, "Duco price": 2.9828006500541712e-05, "Duco price BCH": 2.34e-06, "Duco price NANO": 1.54e-06, "Duco price TRX": 2.36e-06, "Duco price XMG": 0.0, "Duino-Coin Server API": "github.com/revoxhere/duino-coin", "Kolka": {"Banned": 1356, "Jailed": 122}, "Last block hash": "8de4bc0b3fa1580ec7f3421feb9644fc8ead02b8", "Last sync": 1683000551.7925992, "Last update": "02/05/2023 04:09:16 (UTC)", "Mined blocks": 395189898672, "Miner distribution": {"All": 27810, "Arduino": 3371, "CPU": 980, "ESP32": 10532, "ESP8266": 11128, "GPU": 0, "Other": 26, "Phone": 25, "RPi": 1531, "Web": 217}, "Net energy usage": "19.48 kW", "Open threads": 23, "Pool hashrate": "2018.152 MH/s", "Registered users": 92294, "Server CPU usage": 48.9, "Server RAM usage": 36.3, "Server version": 3.0, "Top 10 richest miners": ["495743830.67087966 DUCO - coinexchange", "448176357.01458776 DUCO - coinexchange", "52779068.49839266 DUCO - bscDUCO", "20119947.6942 DUCO - viviana80", "15115368.927099999 DUCO - Ochios", "12720440.559071772 DUCO - QQ44142894", "10759939.638689265 DUCO - fiorella71", "8125736.123916335 DUCO - Orion_0x43b", "7871982.841046517 DUCO - revox", "7871982.841046517 DUCO - revox"], "XXHASH hashrate": "0 H/s"}