{"Active connections": 1394, "All-time mined DUCO": 73003955.95595811, "Current difficulty": 1000000, "DUCO-S1 hashrate": "3.6 GH/s", "Duco Furim price": 0.0, "Duco Node-S price": 0.0, "Duco PancakeSwap price": 4.2e-05, "Duco SunSwap price": 5.7e-05, "Duco SushiSwap price": 4.9e-05, "Duco UbeSwap price": 4.2e-05, "Duco price": 0.000189, "Duco price BCH": 5e-06, "Duco price NANO": 2.7e-05, "Duco price TRX": 2e-05, "Duco price XMG": 0.000178, "Duino-Coin Server API": "github.com/revoxhere/duino-coin", "Kolka": {"Banned": 840, "Jailed": 47}, "Last block hash": "2eb3f8271cd947cdd6469be145558a7bcb72e0d9", "Last sync": 1653563337.9529119, "Last update": "26/05/2022 11:08:58 (UTC)", "Mined blocks": 186948409136, "Miner distribution": {"All": 40058, "Arduino": 5588, "CPU": 2956, "ESP32": 13269, "ESP8266": 15946, "GPU": 0, "Other": 90, "Phone": 98, "RPi": 1770, "Web": 341}, "Net energy usage": "36.34 kW", "Open threads": 21, "Pool hashrate": "3635.42 MH/s", "Registered users": 75396, "Server CPU usage": 36.1, "Server RAM usage": 50.8, "Server version": 3.0, "Top 10 richest miners": ["28010399.18543735 DUCO - bscDUCO", "17779500.0 DUCO - Ochios", "6490991.289071771 DUCO - QQ44142894", "4270473.878585478 DUCO - bimbasimba94", "4007682.2870748066 DUCO - Demoel", "2727781.4250073293 DUCO - ctecrypto", "2210288.9385462017 DUCO - vyrdudji", "2145169.467415815 DUCO - jules_pilot", "2063423.2273045857 DUCO - maticDUCO", "1637272.2600304668 DUCO - coinexchange"], "XXHASH hashrate": "0 H/s"}