{"Active connections": 907, "All-time mined DUCO": 174480984.52804694, "Current difficulty": 75000, "DUCO-S1 hashrate": "2.5 GH/s", "Duco FluffySwap price": 1.722e-06, "Duco Furim price": 0.0, "Duco Node-S price": 0.0, "Duco PancakeSwap price": 3.10212e-05, "Duco SunSwap price": 4.61e-05, "Duco SushiSwap price": 3.44715e-06, "Duco UbeSwap price": 2.7980974249630965e-05, "Duco price": 4.61e-05, "Duco price BCH": 2.46e-06, "Duco price NANO": 1.71e-06, "Duco price TRX": 3.78e-06, "Duco price XMG": 0.0, "Duino-Coin Server API": "github.com/revoxhere/duino-coin", "Kolka": {"Banned": 1233, "Jailed": 94}, "Last block hash": "8de4bc0b3fa1580ec7f3421feb9644fc8ead02b8", "Last sync": 1673009283.3895836, "Last update": "06/01/2023 12:48:06 (UTC)", "Mined blocks": 334360075745, "Miner distribution": {"All": 33567, "Arduino": 3969, "CPU": 1230, "ESP32": 12630, "ESP8266": 13680, "GPU": 0, "Other": 24, "Phone": 20, "RPi": 1617, "Web": 397}, "Net energy usage": "23.61 kW", "Open threads": 24, "Pool hashrate": "2500.36 MH/s", "Registered users": 86499, "Server CPU usage": 44.5, "Server RAM usage": 39.6, "Server version": 3.0, "Top 10 richest miners": ["98096607.12607694 DUCO - coinexchange", "40220617.73070239 DUCO - bscDUCO", "20119945.00125 DUCO - viviana80", "14965357.425395073 DUCO - Ochios", "13675334.218015814 DUCO - ctecrypto", "11692429.559071772 DUCO - QQ44142894", "10759939.638689265 DUCO - fiorella71", "8125736.123916335 DUCO - Orion_0x43b", "6809261.641202616 DUCO - lordachoo", "4267666.823 DUCO - Demoel"], "XXHASH hashrate": "0 H/s"}