{"Active connections": 1389, "All-time mined DUCO": 176589398.97346866, "Current difficulty": 75000, "DUCO-S1 hashrate": "2.4 GH/s", "Duco FluffySwap price": 1.7982999999999997e-05, "Duco Furim price": 0.0, "Duco Node-S price": 0.0, "Duco PancakeSwap price": 4.29869e-05, "Duco SunSwap price": 4.964e-05, "Duco SushiSwap price": 3.56041e-06, "Duco UbeSwap price": 2.832057037232638e-05, "Duco price": 4.964e-05, "Duco price BCH": 2.567e-05, "Duco price NANO": 1.645e-05, "Duco price TRX": 4.069e-05, "Duco price XMG": 0.0, "Duino-Coin Server API": "github.com/revoxhere/duino-coin", "Kolka": {"Banned": 1221, "Jailed": 93}, "Last block hash": "8de4bc0b3fa1580ec7f3421feb9644fc8ead02b8", "Last sync": 1672141163.8771734, "Last update": "27/12/2022 11:39:26 (UTC)", "Mined blocks": 328874959563, "Miner distribution": {"All": 32671, "Arduino": 3698, "CPU": 1212, "ESP32": 12141, "ESP8266": 13662, "GPU": 0, "Other": 32, "Phone": 21, "RPi": 1562, "Web": 343}, "Net energy usage": "23.08 kW", "Open threads": 24, "Pool hashrate": "2435.38 MH/s", "Registered users": 85991, "Server CPU usage": 43.9, "Server RAM usage": 37.4, "Server version": 3.0, "Top 10 richest miners": ["39089108.73070239 DUCO - bscDUCO", "20119945.00125 DUCO - viviana80", "14965357.425395073 DUCO - Ochios", "13675146.474935886 DUCO - ctecrypto", "11692429.559071772 DUCO - QQ44142894", "10759939.638689265 DUCO - fiorella71", "8125736.123916335 DUCO - Orion_0x43b", "6807324.300658817 DUCO - lordachoo", "4267666.823 DUCO - Demoel", "2708019.393 DUCO - sudoerrno"], "XXHASH hashrate": "0 H/s"}