{"Active connections": 1203, "All-time mined DUCO": 82215624.89448579, "Current difficulty": 75000, "DUCO-S1 hashrate": "3.0 GH/s", "Duco Furim price": 0.0, "Duco Node-S price": 0.0, "Duco PancakeSwap price": 3.4e-05, "Duco SunSwap price": 0.000158, "Duco SushiSwap price": 2.8e-05, "Duco UbeSwap price": 2.9e-05, "Duco price": 0.000603, "Duco price BCH": 3.8e-05, "Duco price NANO": 2.6e-05, "Duco price TRX": 2.8e-05, "Duco price XMG": 0.0006, "Duino-Coin Server API": "github.com/revoxhere/duino-coin", "Kolka": {"Banned": 991, "Jailed": 80}, "Last block hash": "2eb3f8271cd947cdd6469be145558a7bcb72e0d9", "Last sync": 1662165661.0346572, "Last update": "03/09/2022 00:41:03 (UTC)", "Mined blocks": 252680107201, "Miner distribution": {"All": 37837, "Arduino": 4749, "CPU": 2430, "ESP32": 13549, "ESP8266": 15575, "GPU": 0, "Other": 13, "Phone": 40, "RPi": 1120, "Web": 361}, "Net energy usage": "31.68 kW", "Open threads": 22, "Pool hashrate": "3023.93 MH/s", "Registered users": 77633, "Server CPU usage": 45.4, "Server RAM usage": 58.7, "Server version": 3.0, "Top 10 richest miners": ["42373031.258514926 DUCO - bscDUCO", "26297685.208532237 DUCO - coinexchange", "15964250.693 DUCO - Ochios", "6974991.289071771 DUCO - QQ44142894", "4020927.224613168 DUCO - Demoel", "2368507.0 DUCO - Brunomoyses23", "2210288.919161586 DUCO - vyrdudji", "2059950.5236722627 DUCO - renderman", "1541747.0314821827 DUCO - maticDUCO", "1500679.3944396642 DUCO - giveaways"], "XXHASH hashrate": "0 H/s"}