{"Active connections": 934, "All-time mined DUCO": 743426504.593194, "Current difficulty": 200000, "DUCO-S1 hashrate": "1.912 GH/s", "Duco FluffySwap price": 8.533e-06, "Duco Furim price": 0.0, "Duco Node-S price": 0.0, "Duco PancakeSwap price": 8.57789e-06, "Duco SunSwap price": 0.00013728, "Duco SushiSwap price": 1.2962107682626e-05, "Duco UbeSwap price": 1.1191491992827553e-05, "Duco price": 0.00018228, "Duco price BCH": 0.00013239, "Duco price NANO": 0.00018228, "Duco price TRX": 1.219e-05, "Duco price XMG": 3.664e-05, "Duino-Coin Server API": "github.com/revoxhere/duino-coin", "Kolka": {"Banned": 5970, "Jailed": 183}, "Last block hash": "8de4bc0b3fa1580ec7f3421feb9644fc8ead02b8", "Last sync": 1719321454.2816417, "Last update": "25/06/2024 13:17:34 (UTC)", "Mined blocks": 530289001660, "Miner distribution": {"All": 18386, "Arduino": 2379, "CPU": 974, "ESP32": 7550, "ESP8266": 6088, "GPU": 0, "Other": 16, "Phone": 15, "RPi": 1150, "Web": 214}, "Net energy usage": "14.86 kW", "Open threads": 28, "Pool hashrate": "1911.943 MH/s", "Registered users": 103421, "Server CPU usage": 52.8, "Server RAM usage": 90.8, "Server version": 4.0, "Top 10 richest miners": ["248818684.24118993 DUCO - coinexchange", "80431448.78550309 DUCO - bscDUCO", "29548821.707830127 DUCO - AlmarRido", "24635208.6964704 DUCO - Flowen1985", "22851221.472 DUCO - bimbasimba94", "20120447.6942 DUCO - viviana80", "14898371.607544385 DUCO - aimbert", "14847133.194062889 DUCO - ctecrypto", "14175329.082661971 DUCO - duinousa", "12721940.59109726 DUCO - QQ44142894"], "XXHASH hashrate": "0 H/s"}