{"Active connections": 1611, "All-time mined DUCO": 98452852.98794073, "Current difficulty": 75000, "DUCO-S1 hashrate": "3.0 GH/s", "Duco FluffySwap price": 2.1e-05, "Duco Furim price": 0.0, "Duco Node-S price": 0.0, "Duco PancakeSwap price": 3.6e-05, "Duco SunSwap price": 8.7e-05, "Duco SushiSwap price": 1.5e-05, "Duco UbeSwap price": 2.9e-05, "Duco price": 0.000134, "Duco price BCH": 3e-05, "Duco price NANO": 1.2e-05, "Duco price TRX": 1.6e-05, "Duco price XMG": 0.000134, "Duino-Coin Server API": "github.com/revoxhere/duino-coin", "Kolka": {"Banned": 1078, "Jailed": 82}, "Last block hash": "ac8e08993f4f50a7238087f95495dca87f9cb793", "Last sync": 1664744080.6399622, "Last update": "02/10/2022 20:54:42 (UTC)", "Mined blocks": 272579181721, "Miner distribution": {"All": 39845, "Arduino": 4686, "CPU": 2325, "ESP32": 14001, "ESP8266": 17263, "GPU": 0, "Other": 20, "Phone": 62, "RPi": 1170, "Web": 318}, "Net energy usage": "32.08 kW", "Open threads": 23, "Pool hashrate": "3026.11 MH/s", "Registered users": 80187, "Server CPU usage": 45.2, "Server RAM usage": 57.5, "Server version": 3.0, "Top 10 richest miners": ["47769255.72555955 DUCO - coinexchange", "39695714.437422335 DUCO - bscDUCO", "15965314.016999999 DUCO - Ochios", "6974991.289071771 DUCO - QQ44142894", "4075220.2860000003 DUCO - AlmarRido", "2575504.407411987 DUCO - ThePurpleMadMan", "2368507.0 DUCO - Brunomoyses23", "2210288.919161586 DUCO - vyrdudji", "1868408.7027118846 DUCO - renderman", "1819273.7691236555 DUCO - giveaways"], "XXHASH hashrate": "0 H/s"}