{"Active connections": 928, "All-time mined DUCO": 739316993.9572628, "Current difficulty": 200000, "DUCO-S1 hashrate": "2.124 GH/s", "Duco FluffySwap price": 8.113e-06, "Duco Furim price": 0.0, "Duco Node-S price": 0.0, "Duco PancakeSwap price": 8.57789e-06, "Duco SunSwap price": 9.43e-05, "Duco SushiSwap price": 1.2962107682626e-05, "Duco UbeSwap price": 1.1191491992827553e-05, "Duco price": 0.00019976, "Duco price BCH": 0.00014476, "Duco price NANO": 0.00019976, "Duco price TRX": 1.159e-05, "Duco price XMG": 3.923e-05, "Duino-Coin Server API": "github.com/revoxhere/duino-coin", "Kolka": {"Banned": 5967, "Jailed": 182}, "Last block hash": "8de4bc0b3fa1580ec7f3421feb9644fc8ead02b8", "Last sync": 1718394147.924218, "Last update": "14/06/2024 19:42:27 (UTC)", "Mined blocks": 527416835059, "Miner distribution": {"All": 18070, "Arduino": 2338, "CPU": 914, "ESP32": 7372, "ESP8266": 5930, "GPU": 0, "Other": 17, "Phone": 5, "RPi": 1259, "Web": 235}, "Net energy usage": "14.53 kW", "Open threads": 27, "Pool hashrate": "2124.438 MH/s", "Registered users": 103041, "Server CPU usage": 58.1, "Server RAM usage": 89.9, "Server version": 4.0, "Top 10 richest miners": ["250022401.17114 DUCO - coinexchange", "79430419.78550309 DUCO - bscDUCO", "30794010.456 DUCO - Flowen1985", "29547732.707830127 DUCO - AlmarRido", "20120447.6942 DUCO - viviana80", "18547185.805999998 DUCO - bimbasimba94", "14898329.948412826 DUCO - aimbert", "14846390.157560412 DUCO - ctecrypto", "12721940.59109726 DUCO - QQ44142894", "11316323.104924923 DUCO - duinousa"], "XXHASH hashrate": "0 H/s"}