{"Active connections": 1338, "All-time mined DUCO": 59113009.63567236, "Current difficulty": 1000000, "DUCO-S1 hashrate": "5.1 GH/s", "Duco Furim price": 0.0, "Duco Node-S price": 0.0, "Duco PancakeSwap price": 4.7e-05, "Duco SunSwap price": 0.000117, "Duco SushiSwap price": 7.6e-05, "Duco price": 0.000133, "Duco price BCH": 6e-06, "Duco price NANO": 2.8e-05, "Duco price TRX": 5e-06, "Duco price XMG": 1.3e-05, "Duino-Coin Server API": "github.com/revoxhere/duino-coin", "Kolka": {"Banned": 599, "Jailed": 31}, "Last block hash": "2eb3f8271cd947cdd6469be145558a7bcb72e0d9", "Last sync": 1648087804.3288975, "Last update": "24/03/2022 02:10:05 (UTC)", "Mined blocks": 137834473920, "Miner distribution": {"All": 41710, "Arduino": 7036, "CPU": 3966, "ESP32": 12467, "ESP8266": 14910, "GPU": 0, "Other": 18, "Phone": 211, "RPi": 2505, "Web": 597}, "Net energy usage": "43.67 kW", "Open threads": 21, "Pool hashrate": "5140.03 MH/s", "Registered users": 66031, "Server CPU usage": 37.4, "Server RAM usage": 58.3, "Server version": 3.0, "Top 10 richest miners": ["24895700.302638073 DUCO - bscDUCO", "10450003.269761559 DUCO - miningvir", "3962275.8619908057 DUCO - RNGesus", "2915348.014869814 DUCO - Ochios", "2733254.3893131595 DUCO - coinexchange", "2453550.087773999 DUCO - ifdeduco", "1585204.535119514 DUCO - miyan001", "1209837.627673189 DUCO - James_themac", "1201996.3953853298 DUCO - juanjefraire", "1200000.35117249 DUCO - amornlit"], "XXHASH hashrate": "0 H/s"}