{"Active connections": 733, "All-time mined DUCO": 742387891.8148856, "Current difficulty": 200000, "DUCO-S1 hashrate": "2.548 GH/s", "Duco FluffySwap price": 8.407e-06, "Duco Furim price": 0.0, "Duco Node-S price": 0.0, "Duco PancakeSwap price": 8.57789e-06, "Duco SunSwap price": 9.751e-05, "Duco SushiSwap price": 1.2962107682626e-05, "Duco UbeSwap price": 1.1191491992827553e-05, "Duco price": 0.000254, "Duco price BCH": 0.00016848, "Duco price NANO": 0.000254, "Duco price TRX": 1.199e-05, "Duco price XMG": 3.75e-06, "Duino-Coin Server API": "github.com/revoxhere/duino-coin", "Kolka": {"Banned": 5910, "Jailed": 177}, "Last block hash": "8de4bc0b3fa1580ec7f3421feb9644fc8ead02b8", "Last sync": 1715092798.729352, "Last update": "07/05/2024 14:39:58 (UTC)", "Mined blocks": 517690360048, "Miner distribution": {"All": 16095, "Arduino": 2273, "CPU": 1052, "ESP32": 5713, "ESP8266": 5312, "GPU": 0, "Other": 23, "Phone": 14, "RPi": 1479, "Web": 229}, "Net energy usage": "14.79 kW", "Open threads": 26, "Pool hashrate": "2547.72 MH/s", "Registered users": 101631, "Server CPU usage": 28.2, "Server RAM usage": 93.5, "Server version": 4.0, "Top 10 richest miners": ["78442380.74889731 DUCO - bscDUCO", "39491496.79265186 DUCO - AlmarRido", "30792510.456 DUCO - Flowen1985", "21307107.257 DUCO - bimbasimba94", "20119947.6942 DUCO - viviana80", "14868531.986240415 DUCO - aimbert", "14842200.676675245 DUCO - ctecrypto", "12720440.585598174 DUCO - QQ44142894", "11314468.976357834 DUCO - duinousa", "10759939.638689265 DUCO - fiorella71"], "XXHASH hashrate": "0 H/s"}