{"Duino-Coin Server API": "github.com/revoxhere/duino-coin", "Server version": 2.7, "Active connections": 14155, "Open threads": 24, "Server CPU usage": 57.9, "Server RAM usage": 38.4, "Last update": "17/09/2021 03:07:06 (UTC)", "Net energy usage": "58.37 kW", "Pool hashrate": "1031.7494 MH/s", "DUCO-S1 hashrate": "999.1 MH/s", "XXHASH hashrate": "32.6 MH/s", "Duco price": 0.00286926, "Duco price XMG": 0.00286926, "Duco price BCH": 0.00063879, "Duco price RVN": 0.00081532, "Duco price TRX": 0.00089176, "Duco price XRP": 0.0005995, "Duco price DGB": 0.0007772, "Duco price NANO": 0.00081635, "Duco price FJC": 0.00085756, "Duco Node-S price": 0.00044, "Duco JustSwap price": 0.00113965, "Duco PancakeSwap price": 0.00176586, "Registered users": 17760, "All-time mined DUCO": 9747489.513389327, "Current difficulty": 732940, "Mined blocks": 17591019842, "Last block hash": "730b6127b9", "Kolka": {"Jailed": 21, "Banned": 641}, "Miner distribution": {"GPU": 0, "CPU": 3450, "RPi": 1927, "Phone": 0, "Web": 0, "ESP32": 8026, "ESP8266": 10322, "Arduino": 4081, "Other": 0}, "Top 10 richest miners": ["2007343.4392589438 DUCO - bscDUCO", "521520.1555491204 DUCO - 52Pickup", "361807.1093900002 DUCO - coinexchange", "170000.78626047508 DUCO - Bacman", "120804.63813149508 DUCO - rootbori", "113387.18511437952 DUCO - amornlit", "86408.58867505295 DUCO - caancom", "75629.53417727392 DUCO - phat1979", "70144.01105672243 DUCO - WannaCry", "53936.72902580622 DUCO - giveaways"]}