{"Active connections": 1749, "All-time mined DUCO": 58654321.327454634, "Current difficulty": 1000000, "DUCO-S1 hashrate": "5.3 GH/s", "Duco Furim price": 0.0, "Duco Node-S price": 0.0, "Duco PancakeSwap price": 4.7e-05, "Duco SunSwap price": 0.000706, "Duco SushiSwap price": 7.6e-05, "Duco price": 0.000707, "Duco price BCH": 4e-06, "Duco price NANO": 1.7e-05, "Duco price TRX": 3e-06, "Duco price XMG": 1e-05, "Duino-Coin Server API": "github.com/revoxhere/duino-coin", "Kolka": {"Banned": 532, "Jailed": 29}, "Last block hash": "2eb3f8271cd947cdd6469be145558a7bcb72e0d9", "Last sync": 1647356432.1962512, "Last update": "15/03/2022 15:00:35 (UTC)", "Mined blocks": 131022760552, "Miner distribution": {"All": 41984, "Arduino": 7306, "CPU": 4001, "ESP32": 12463, "ESP8266": 14511, "GPU": 0, "Other": 49, "Phone": 140, "RPi": 2701, "Web": 813}, "Net energy usage": "44.28 kW", "Open threads": 21, "Pool hashrate": "5345.17 MH/s", "Registered users": 63534, "Server CPU usage": 42.0, "Server RAM usage": 68.0, "Server version": 3.0, "Top 10 richest miners": ["27352500.330225043 DUCO - bscDUCO", "10000000.269761559 DUCO - miningvir", "3965348.014869814 DUCO - Ochios", "3962275.8619908057 DUCO - RNGesus", "2631620.26930822 DUCO - coinexchange", "2453550.087773999 DUCO - ifdeduco", "1554156.0692538132 DUCO - Demoel", "1340310.025467281 DUCO - DeVisdude", "1259815.079537976 DUCO - T3rminator", "1209837.627673189 DUCO - James_themac"], "XXHASH hashrate": "0 H/s"}