{"Active connections": 870, "All-time mined DUCO": 716973228.5904667, "Current difficulty": 75000, "DUCO-S1 hashrate": "2.1 GH/s", "Duco FluffySwap price": 1.7989999999999998e-06, "Duco Furim price": 0.0, "Duco Node-S price": 0.0, "Duco PancakeSwap price": 1.71998e-05, "Duco SunSwap price": 2.372e-05, "Duco SushiSwap price": 1.66649e-05, "Duco UbeSwap price": 2.9828006500541712e-05, "Duco price": 2.9828006500541712e-05, "Duco price BCH": 2.57e-06, "Duco price NANO": 1.82e-06, "Duco price TRX": 2.27e-06, "Duco price XMG": 0.0, "Duino-Coin Server API": "github.com/revoxhere/duino-coin", "Kolka": {"Banned": 1346, "Jailed": 123}, "Last block hash": "8de4bc0b3fa1580ec7f3421feb9644fc8ead02b8", "Last sync": 1681333600.1019137, "Last update": "12/04/2023 21:06:44 (UTC)", "Mined blocks": 385101285788, "Miner distribution": {"All": 28183, "Arduino": 3273, "CPU": 1028, "ESP32": 10700, "ESP8266": 11356, "GPU": 0, "Other": 36, "Phone": 16, "RPi": 1514, "Web": 260}, "Net energy usage": "19.95 kW", "Open threads": 24, "Pool hashrate": "2111.16 MH/s", "Registered users": 91568, "Server CPU usage": 48.4, "Server RAM usage": 51.6, "Server version": 3.0, "Top 10 richest miners": ["495743830.67087966 DUCO - coinexchange", "481474505.1289793 DUCO - coinexchange", "41857375.566 DUCO - bscDUCO", "20119947.6942 DUCO - viviana80", "15115368.927099999 DUCO - Ochios", "12720440.559071772 DUCO - QQ44142894", "10759939.638689265 DUCO - fiorella71", "8125736.123916335 DUCO - Orion_0x43b", "7200070.2333446415 DUCO - msdo1006", "6831698.730611993 DUCO - lordachoo"], "XXHASH hashrate": "0 H/s"}