{"Active connections": 358, "All-time mined DUCO": 767291229.2404125, "Current difficulty": 200000, "DUCO-S1 hashrate": "1.809 GH/s", "Duco FluffySwap price": 2.1230999999999997e-05, "Duco Furim price": 0.0, "Duco Node-S price": 0.0, "Duco PancakeSwap price": 1.31425e-05, "Duco SunSwap price": 2.901e-05, "Duco SushiSwap price": 8.987494203495e-06, "Duco UbeSwap price": 1.568e-05, "Duco price": 3.77e-05, "Duco price BCH": 0.0, "Duco price NANO": 0.0, "Duco price TRX": 3.033e-05, "Duco price XMG": 3.77e-05, "Duino-Coin Server API": "github.com/revoxhere/duino-coin", "Kolka": {"Banned": 6032, "Jailed": 191}, "Last block hash": "8de4bc0b3fa1580ec7f3421feb9644fc8ead02b8", "Last sync": 1726894849.9558997, "Last update": "21/09/2024 05:00:49 (UTC)", "Mined blocks": 552179454793, "Miner distribution": {"All": 14761, "Arduino": 1988, "CPU": 686, "ESP32": 4822, "ESP8266": 5958, "GPU": 0, "Other": 10, "Phone": 42, "RPi": 1132, "Web": 123}, "Net energy usage": "11.71 kW", "Open threads": 27, "Pool hashrate": "1809.097 MH/s", "Registered users": 106194, "Server CPU usage": 49.1, "Server RAM usage": 65.8, "Server version": 4.0, "Top 10 richest miners": ["237303662.42962274 DUCO - coinexchange", "85497978.52646369 DUCO - bscDUCO", "35576240.569 DUCO - AlmarRido", "30855598.808 DUCO - Flowen1985", "18317539.132 DUCO - bimbasimba94", "16128552.502000002 DUCO - viviana80", "14958499.687117893 DUCO - aimbert", "14847133.194062889 DUCO - ctecrypto", "12721943.39257476 DUCO - QQ44142894", "11365384.179663561 DUCO - duinousa"], "XXHASH hashrate": "0 H/s"}