{"Active connections": 5899, "All-time mined DUCO": 16785509.814968813, "Current difficulty": 125000, "DUCO-S1 hashrate": "1257.8 MH/s", "Duco JustSwap price": 0.00089924, "Duco Node-S price": 5.1e-05, "Duco PancakeSwap price": 0.000726946, "Duco SushiSwap price": 0.00102713, "Duco price": 0.00102713, "Duco price BCH": 0.00012003, "Duco price DGB": 0.0, "Duco price NANO": 0.000303, "Duco price RVN": 0.0, "Duco price TRX": 0.00032148, "Duco price XMG": 0.00062977, "Duco price XRP": 0.0, "Duino-Coin Server API": "github.com/revoxhere/duino-coin", "Kolka": {"Banned": 676, "Jailed": 24}, "Last block hash": "65b3f612d0", "Last update": "02/11/2021 22:14:39 (UTC)", "Mined blocks": 36859168030, "Miner distribution": {"All": 34362, "Arduino": 6301, "CPU": 3287, "ESP32": 9984, "ESP8266": 11839, "GPU": 0, "Other": 62, "Phone": 238, "RPi": 1989, "Web": 662}, "Net energy usage": "35.92 kW", "Open threads": 24, "Pool hashrate": "1257.84 MH/s", "Registered users": 22595, "Server CPU usage": 44.0, "Server RAM usage": 45.9, "Server version": 2.7, "Top 10 richest miners": ["3123359.3768241503 DUCO - bscDUCO", "714413.4600902196 DUCO - coinexchange", "587337.6039841222 DUCO - NodeSBroker", "522520.1555491204 DUCO - 52Pickup", "401074.6698832388 DUCO - James_themac", "187228.89104597003 DUCO - celoDUCO", "170241.13285850236 DUCO - Bacman", "123387.18511437952 DUCO - amornlit", "119999.99999999892 DUCO - rootbori", "107618.82794908377 DUCO - maticDUCO"], "XXHASH hashrate": "0 H/s"}