{"Active connections": 1159, "All-time mined DUCO": 195815193.91018945, "Current difficulty": 75000, "DUCO-S1 hashrate": "2.5 GH/s", "Duco FluffySwap price": 2.38e-06, "Duco Furim price": 0.0, "Duco Node-S price": 0.0, "Duco PancakeSwap price": 3.42303e-05, "Duco SunSwap price": 5.713e-05, "Duco SushiSwap price": 5.7132e-06, "Duco UbeSwap price": 2.8918314932790766e-05, "Duco price": 5.713e-05, "Duco price BCH": 3.4e-06, "Duco price NANO": 2.12e-06, "Duco price TRX": 4.73e-06, "Duco price XMG": 0.0, "Duino-Coin Server API": "github.com/revoxhere/duino-coin", "Kolka": {"Banned": 1241, "Jailed": 98}, "Last block hash": "8de4bc0b3fa1580ec7f3421feb9644fc8ead02b8", "Last sync": 1674547182.3270502, "Last update": "24/01/2023 07:59:47 (UTC)", "Mined blocks": 343850079795, "Miner distribution": {"All": 34544, "Arduino": 4165, "CPU": 1313, "ESP32": 13088, "ESP8266": 13899, "GPU": 0, "Other": 28, "Phone": 9, "RPi": 1657, "Web": 385}, "Net energy usage": "24.51 kW", "Open threads": 24, "Pool hashrate": "2461.97 MH/s", "Registered users": 87453, "Server CPU usage": 64.6, "Server RAM usage": 53.0, "Server version": 3.0, "Top 10 richest miners": ["85450574.65020478 DUCO - coinexchange", "41060238.34345014 DUCO - bscDUCO", "20119946.6942 DUCO - viviana80", "11692429.559071772 DUCO - QQ44142894", "10759939.638689265 DUCO - fiorella71", "8125736.123916335 DUCO - Orion_0x43b", "7695798.286 DUCO - RNGesus", "6813201.607478863 DUCO - lordachoo", "6561235.024 DUCO - saikrsa", "5757639.684 DUCO - sudoerrno"], "XXHASH hashrate": "0 H/s"}