{"Active connections": 1691, "All-time mined DUCO": 1069671218.8856169, "Current difficulty": 75000, "DUCO-S1 hashrate": "1.546 GH/s", "Duco FluffySwap price": 3.864e-06, "Duco Furim price": 0.0, "Duco Node-S price": 0.0, "Duco PancakeSwap price": 1.07698e-05, "Duco SunSwap price": 0.00010528, "Duco SushiSwap price": 1.46415e-05, "Duco UbeSwap price": 2.7898752414944825e-05, "Duco price": 0.00010528, "Duco price BCH": 5.5e-06, "Duco price NANO": 1.09e-06, "Duco price TRX": 1.55e-06, "Duco price XMG": 0.0, "Duino-Coin Server API": "github.com/revoxhere/duino-coin", "Kolka": {"Banned": 5730, "Jailed": 144}, "Last block hash": "8de4bc0b3fa1580ec7f3421feb9644fc8ead02b8", "Last sync": 1689035846.984321, "Last update": "11/07/2023 00:37:35 (UTC)", "Mined blocks": 425734999049, "Miner distribution": {"All": 20192, "Arduino": 2204, "CPU": 626, "ESP32": 9006, "ESP8266": 7316, "GPU": 0, "Other": 9, "Phone": 5, "RPi": 1026, "Web": 0}, "Net energy usage": "13.41 kW", "Open threads": 23, "Pool hashrate": "1545.639 MH/s", "Registered users": 94322, "Server CPU usage": 51.8, "Server RAM usage": 57.0, "Server version": 3.0, "Top 10 richest miners": ["495743830.67087966 DUCO - coinexchange", "385370868.3625502 DUCO - coinexchange", "50363867.80947695 DUCO - bscDUCO", "36165869.187 DUCO - AlmarRido", "24326348.334 DUCO - Flowen1985", "20119947.6942 DUCO - viviana80", "15115368.927099999 DUCO - Ochios", "12720440.559071772 DUCO - QQ44142894", "12715782.847703082 DUCO - duinousa", "11660438.127871724 DUCO - ctecrypto"], "XXHASH hashrate": "0 H/s"}