{"Active connections": 2339, "All-time mined DUCO": 19451788.334589783, "Current difficulty": 75000, "DUCO-S1 hashrate": "2293.7 MH/s", "Duco JustSwap price": 0.00011847, "Duco Node-S price": 2.1e-05, "Duco PancakeSwap price": 0.000536344, "Duco SushiSwap price": 0.000615972, "Duco price": 0.000615972, "Duco price BCH": 1.879e-05, "Duco price NANO": 1.121e-05, "Duco price TRX": 6.637e-05, "Duco price XMG": 0.00029323, "Duino-Coin Server API": "github.com/revoxhere/duino-coin", "Kolka": {"Banned": 771, "Jailed": 24}, "Last block hash": "2eb3f8271c", "Last sync": 1641780927.5092912, "Last update": "10/01/2022 02:15:27 (UTC)", "Mined blocks": 81314877727, "Miner distribution": {"All": 35729, "Arduino": 6782, "CPU": 6670, "ESP32": 6177, "ESP8266": 9869, "GPU": 0, "Other": 27, "Phone": 432, "RPi": 2978, "Web": 2794}, "Net energy usage": "58.56 kW", "Open threads": 21, "Pool hashrate": "2293.69 MH/s", "Registered users": 41850, "Server CPU usage": 49.8, "Server RAM usage": 64.0, "Server version": 2.7, "Top 10 richest miners": ["6115349.847270679 DUCO - bscDUCO", "530815.5436772958 DUCO - NodeSBroker", "397162.15067505674 DUCO - James_themac", "305944.3158933479 DUCO - bimbasimba94", "300520.321607231 DUCO - 52Pickup", "200863.71451555766 DUCO - maticDUCO", "190582.057104081 DUCO - celoDUCO", "170241.298916613 DUCO - Bacman", "120000.999999999 DUCO - rootbori", "108926.53445567442 DUCO - miningvir"], "XXHASH hashrate": "0 H/s"}