{"Active connections": 1137, "All-time mined DUCO": 174711300.2457028, "Current difficulty": 75000, "DUCO-S1 hashrate": "2.5 GH/s", "Duco FluffySwap price": 1.4048999999999999e-05, "Duco Furim price": 0.0, "Duco Node-S price": 0.0, "Duco PancakeSwap price": 5.22373e-05, "Duco SunSwap price": 5.022e-05, "Duco SushiSwap price": 1.38636e-05, "Duco UbeSwap price": 2.8375119743665973e-05, "Duco price": 5.22373e-05, "Duco price BCH": 2.005e-05, "Duco price NANO": 1.334e-05, "Duco price TRX": 2.744e-05, "Duco price XMG": 0.0, "Duino-Coin Server API": "github.com/revoxhere/duino-coin", "Kolka": {"Banned": 1212, "Jailed": 93}, "Last block hash": "8de4bc0b3fa1580ec7f3421feb9644fc8ead02b8", "Last sync": 1671652703.9987128, "Last update": "21/12/2022 19:58:28 (UTC)", "Mined blocks": 325582660767, "Miner distribution": {"All": 34291, "Arduino": 3753, "CPU": 1293, "ESP32": 13192, "ESP8266": 13980, "GPU": 0, "Other": 13, "Phone": 30, "RPi": 1671, "Web": 359}, "Net energy usage": "24.39 kW", "Open threads": 24, "Pool hashrate": "2522.43 MH/s", "Registered users": 85712, "Server CPU usage": 46.8, "Server RAM usage": 59.3, "Server version": 3.0, "Top 10 richest miners": ["39083307.73070239 DUCO - bscDUCO", "20119945.00125 DUCO - viviana80", "14965357.425385073 DUCO - Ochios", "13674537.667930381 DUCO - ctecrypto", "11692429.559071772 DUCO - QQ44142894", "10759939.638689265 DUCO - fiorella71", "8125736.123916335 DUCO - Orion_0x43b", "4267666.823 DUCO - Demoel", "3897617.2068999996 DUCO - AlmarRido", "3201882.099047988 DUCO - kotethetk"], "XXHASH hashrate": "0 H/s"}