{"Active connections": 1173, "All-time mined DUCO": 837308618.6113207, "Current difficulty": 75000, "DUCO-S1 hashrate": "2.407 GH/s", "Duco FluffySwap price": 2.625e-06, "Duco Furim price": 0.0, "Duco Node-S price": 0.0, "Duco PancakeSwap price": 9.50883e-06, "Duco SunSwap price": 9.517e-05, "Duco SushiSwap price": 1.31398e-05, "Duco UbeSwap price": 2.7898752414944825e-05, "Duco price": 9.517e-05, "Duco price BCH": 3.75e-06, "Duco price NANO": 1.62e-06, "Duco price TRX": 2.8e-06, "Duco price XMG": 0.0, "Duino-Coin Server API": "github.com/revoxhere/duino-coin", "Kolka": {"Banned": 1, "Jailed": 129}, "Last block hash": "8de4bc0b3fa1580ec7f3421feb9644fc8ead02b8", "Last sync": 1687140585.5995224, "Last update": "19/06/2023 02:09:45 (UTC)", "Mined blocks": 416762174214, "Miner distribution": {"All": 23110, "Arduino": 2665, "CPU": 971, "ESP32": 9837, "ESP8266": 8004, "GPU": 0, "Other": 13, "Phone": 11, "RPi": 1371, "Web": 238}, "Net energy usage": "17.18 kW", "Open threads": 23, "Pool hashrate": "2406.639 MH/s", "Registered users": 93752, "Server CPU usage": 60.5, "Server RAM usage": 45.3, "Server version": 3.0, "Top 10 richest miners": ["495743830.67087966 DUCO - coinexchange", "388088870.50103223 DUCO - coinexchange", "49333857.02939265 DUCO - bscDUCO", "20119947.6942 DUCO - viviana80", "15115368.927099999 DUCO - Ochios", "14236198.058543807 DUCO - bimbasimba94", "12720440.559071772 DUCO - QQ44142894", "12513841.494351095 DUCO - duinousa", "10978766.04658526 DUCO - Rafa2000", "10759939.638689265 DUCO - fiorella71"], "XXHASH hashrate": "0 H/s"}