{"Active connections": 757, "All-time mined DUCO": 230864946.22879788, "Current difficulty": 75000, "DUCO-S1 hashrate": "2.2 GH/s", "Duco FluffySwap price": 3.066e-06, "Duco Furim price": 0.0, "Duco Node-S price": 0.0, "Duco PancakeSwap price": 2.40502e-05, "Duco SunSwap price": 2.042e-05, "Duco SushiSwap price": 7.79183e-06, "Duco UbeSwap price": 2.8687163822298956e-05, "Duco price": 2.8687163822298956e-05, "Duco price BCH": 4.39e-06, "Duco price NANO": 2.92e-06, "Duco price TRX": 4.19e-06, "Duco price XMG": 0.0, "Duino-Coin Server API": "github.com/revoxhere/duino-coin", "Kolka": {"Banned": 1333, "Jailed": 114}, "Last block hash": "8de4bc0b3fa1580ec7f3421feb9644fc8ead02b8", "Last sync": 1678525319.9082682, "Last update": "11/03/2023 09:02:06 (UTC)", "Mined blocks": 368528349917, "Miner distribution": {"All": 29403, "Arduino": 3583, "CPU": 925, "ESP32": 11331, "ESP8266": 11709, "GPU": 0, "Other": 8, "Phone": 38, "RPi": 1512, "Web": 297}, "Net energy usage": "19.84 kW", "Open threads": 24, "Pool hashrate": "2199.8 MH/s", "Registered users": 90102, "Server CPU usage": 48.6, "Server RAM usage": 36.2, "Server version": 3.0, "Top 10 richest miners": ["503014308.79290813 DUCO - coinexchange", "31856110.928276174 DUCO - bscDUCO", "20119946.6942 DUCO - viviana80", "15115364.7271 DUCO - Ochios", "14092587.851451576 DUCO - ctecrypto", "11692429.559071772 DUCO - QQ44142894", "10759939.638689265 DUCO - fiorella71", "9911150.749 DUCO - skymloder", "8125736.123916335 DUCO - Orion_0x43b", "6824253.746968209 DUCO - lordachoo"], "XXHASH hashrate": "0 H/s"}