{"Active connections": 3751, "All-time mined DUCO": 19114216.24831433, "Current difficulty": 125000, "DUCO-S1 hashrate": "1053.6 MH/s", "Duco JustSwap price": 0.00032301, "Duco Node-S price": 0.00013, "Duco PancakeSwap price": 0.00080574, "Duco SushiSwap price": 0.000282931, "Duco price": 0.00166446, "Duco price BCH": 0.00030297, "Duco price DGB": 0.0, "Duco price NANO": 0.0001295, "Duco price RVN": 0.0, "Duco price TRX": 0.00035059, "Duco price XMG": 0.00162753, "Duco price XRP": 0.0, "Duino-Coin Server API": "github.com/revoxhere/duino-coin", "Kolka": {"Banned": 702, "Jailed": 24}, "Last block hash": "2eb3f8271c", "Last update": "26/11/2021 03:34:46 (UTC)", "Mined blocks": 48162379988, "Miner distribution": {"All": 26624, "Arduino": 5677, "CPU": 3080, "ESP32": 5702, "ESP8266": 9543, "GPU": 0, "Other": 10, "Phone": 210, "RPi": 1920, "Web": 482}, "Net energy usage": "31.33 kW", "Open threads": 24, "Pool hashrate": "1053.61 MH/s", "Registered users": 26241, "Server CPU usage": 52.9, "Server RAM usage": 39.2, "Server version": 2.7, "Top 10 richest miners": ["3788591.37903533 DUCO - bscDUCO", "1308965.15814833 DUCO - coinexchange", "591812.674936279 DUCO - NodeSBroker", "351150.32673709 DUCO - James_themac", "300520.321607231 DUCO - 52Pickup", "188488.057104081 DUCO - celoDUCO", "170241.298916613 DUCO - Bacman", "145309.362982609 DUCO - maticDUCO", "119999.999999999 DUCO - rootbori", "113387.35117249 DUCO - amornlit"], "XXHASH hashrate": "0 H/s"}