{"Active connections": 1535, "All-time mined DUCO": 87145501.50365129, "Current difficulty": 75000, "DUCO-S1 hashrate": "3.0 GH/s", "Duco Furim price": 0.0, "Duco Node-S price": 0.0, "Duco PancakeSwap price": 3.4e-05, "Duco SunSwap price": 0.000159, "Duco SushiSwap price": 2.8e-05, "Duco UbeSwap price": 2.9e-05, "Duco price": 0.000597, "Duco price BCH": 3.8e-05, "Duco price NANO": 2.7e-05, "Duco price TRX": 2.8e-05, "Duco price XMG": 0.000595, "Duino-Coin Server API": "github.com/revoxhere/duino-coin", "Kolka": {"Banned": 981, "Jailed": 80}, "Last block hash": "2eb3f8271cd947cdd6469be145558a7bcb72e0d9", "Last sync": 1662024655.67002, "Last update": "01/09/2022 09:30:58 (UTC)", "Mined blocks": 251611026216, "Miner distribution": {"All": 37119, "Arduino": 4579, "CPU": 2202, "ESP32": 13331, "ESP8266": 15287, "GPU": 0, "Other": 32, "Phone": 63, "RPi": 1180, "Web": 445}, "Net energy usage": "30.18 kW", "Open threads": 22, "Pool hashrate": "2993.12 MH/s", "Registered users": 77487, "Server CPU usage": 44.9, "Server RAM usage": 49.3, "Server version": 3.0, "Top 10 richest miners": ["42368691.258514926 DUCO - bscDUCO", "26316825.27853224 DUCO - coinexchange", "15964250.693 DUCO - Ochios", "6974991.289071771 DUCO - QQ44142894", "4020924.355882255 DUCO - Demoel", "2368507.0 DUCO - Brunomoyses23", "2210288.919161586 DUCO - vyrdudji", "2059946.727723545 DUCO - renderman", "1528143.8314821827 DUCO - maticDUCO", "1500669.775111832 DUCO - giveaways"], "XXHASH hashrate": "0 H/s"}