{"Active connections": 1420, "All-time mined DUCO": 55410030.23181407, "Current difficulty": 1000000, "DUCO-S1 hashrate": "4.5 GH/s", "Duco Furim price": 0.0, "Duco Node-S price": 0.0, "Duco PancakeSwap price": 5.9e-05, "Duco SunSwap price": 5.8e-05, "Duco SushiSwap price": 1.4e-05, "Duco UbeSwap price": 0.0001, "Duco price": 0.0001, "Duco price BCH": 7e-06, "Duco price NANO": 3.6e-05, "Duco price TRX": 2e-05, "Duco price XMG": 5.2e-05, "Duino-Coin Server API": "github.com/revoxhere/duino-coin", "Kolka": {"Banned": 779, "Jailed": 47}, "Last block hash": "2eb3f8271cd947cdd6469be145558a7bcb72e0d9", "Last sync": 1652186161.4752848, "Last update": "10/05/2022 12:36:03 (UTC)", "Mined blocks": 174757822929, "Miner distribution": {"All": 41115, "Arduino": 5959, "CPU": 3467, "ESP32": 13568, "ESP8266": 15536, "GPU": 0, "Other": 76, "Phone": 184, "RPi": 1973, "Web": 352}, "Net energy usage": "39.91 kW", "Open threads": 21, "Pool hashrate": "4503.78 MH/s", "Registered users": 73483, "Server CPU usage": 39.5, "Server RAM usage": 45.2, "Server version": 3.0, "Top 10 richest miners": ["27324267.70799496 DUCO - bscDUCO", "6803499.999997091 DUCO - Ochios", "4007214.727092468 DUCO - Demoel", "3729104.4806257915 DUCO - QQ44142894", "2210288.9385462017 DUCO - vyrdudji", "1458603.157733561 DUCO - maticDUCO", "1386371.3400304662 DUCO - coinexchange", "1262698.4662331669 DUCO - ctecrypto", "1209839.3105654893 DUCO - James_themac", "958345.4150545334 DUCO - econnaty"], "XXHASH hashrate": "0 H/s"}