{"Duino-Coin Server API": "github.com/revoxhere/duino-coin", "Server version": 2.7, "Active connections": 12875, "Open threads": 23, "Server CPU usage": 46.4, "Server RAM usage": 65.1, "Last update": "16/10/2021 22:03:16 (UTC)", "Net energy usage": "36.19 kW", "Pool hashrate": "1211.96 MH/s", "DUCO-S1 hashrate": "1212.0 MH/s", "XXHASH hashrate": "0 H/s", "Duco price": 0.00243648, "Duco price XMG": 0.00243648, "Duco price BCH": 0.00054148, "Duco price RVN": 0.00067211, "Duco price TRX": 0.00067001, "Duco price XRP": 0.00022109, "Duco price DGB": 0.00074384, "Duco price NANO": 0.00074584, "Duco price FJC": 0.00075, "Duco Node-S price": 5.4e-05, "Duco JustSwap price": 0.00068003, "Duco PancakeSwap price": 0.000691645, "Duco SushiSwap price": 0.000756806, "Registered users": 20665, "All-time mined DUCO": 14634800.651069887, "Current difficulty": 125000, "Mined blocks": 28768856524, "Last block hash": "0552659b6e", "Kolka": {"Jailed": 48, "Banned": 1338}, "Miner distribution": {"GPU": 0, "CPU": 3307, "RPi": 1971, "Phone": 206, "Web": 548, "ESP32": 10593, "ESP8266": 12312, "Arduino": 5398, "Other": 209, "All": 34544}, "Top 10 richest miners": ["2794047.7872877275 DUCO - bscDUCO", "587890.8937961721 DUCO - NodeSBroker", "521520.1555491204 DUCO - 52Pickup", "415404.47591454023 DUCO - coinexchange", "400384.3022303449 DUCO - James_themac", "170240.13285850236 DUCO - Bacman", "167194.10104597002 DUCO - celoDUCO", "123387.18511437952 DUCO - amornlit", "121685.90546844892 DUCO - rootbori", "87827.82457437945 DUCO - caancom"]}