{"Active connections": 1006, "All-time mined DUCO": 738232651.724375, "Current difficulty": 200000, "DUCO-S1 hashrate": "2.607 GH/s", "Duco FluffySwap price": 7.784e-06, "Duco Furim price": 0.0, "Duco Node-S price": 0.0, "Duco PancakeSwap price": 8.57789e-06, "Duco SunSwap price": 9.03e-05, "Duco SushiSwap price": 1.2962107682626e-05, "Duco UbeSwap price": 1.1191491992827553e-05, "Duco price": 0.000258, "Duco price BCH": 0.00015994, "Duco price NANO": 0.000258, "Duco price TRX": 1.11e-05, "Duco price XMG": 4.061e-05, "Duino-Coin Server API": "github.com/revoxhere/duino-coin", "Kolka": {"Banned": 5949, "Jailed": 182}, "Last block hash": "8de4bc0b3fa1580ec7f3421feb9644fc8ead02b8", "Last sync": 1717214243.699701, "Last update": "01/06/2024 03:57:23 (UTC)", "Mined blocks": 523810777046, "Miner distribution": {"All": 18076, "Arduino": 2258, "CPU": 994, "ESP32": 7280, "ESP8266": 6120, "GPU": 0, "Other": 15, "Phone": 4, "RPi": 1208, "Web": 197}, "Net energy usage": "14.95 kW", "Open threads": 27, "Pool hashrate": "2606.798 MH/s", "Registered users": 102500, "Server CPU usage": 57.2, "Server RAM usage": 91.4, "Server version": 4.0, "Top 10 richest miners": ["79023409.78550309 DUCO - bscDUCO", "30792510.456 DUCO - Flowen1985", "30547607.40829605 DUCO - AlmarRido", "20119947.6942 DUCO - viviana80", "18545685.805999998 DUCO - bimbasimba94", "14898326.669402188 DUCO - aimbert", "14843944.783058487 DUCO - ctecrypto", "12720440.585598174 DUCO - QQ44142894", "11315588.554997804 DUCO - duinousa", "10759939.638689265 DUCO - fiorella71"], "XXHASH hashrate": "0 H/s"}