{"Active connections": 1011, "All-time mined DUCO": 134513179.21895427, "Current difficulty": 75000, "DUCO-S1 hashrate": "3.1 GH/s", "Duco FluffySwap price": 1.3068999999999998e-05, "Duco Furim price": 0.0, "Duco Node-S price": 0.0, "Duco PancakeSwap price": 4.98248e-05, "Duco SunSwap price": 5.166e-05, "Duco SushiSwap price": 4.71033e-05, "Duco UbeSwap price": 2.936427850655903e-05, "Duco price": 5.166e-05, "Duco price BCH": 1.866e-05, "Duco price NANO": 7.92e-06, "Duco price TRX": 6.43e-06, "Duco price XMG": 0.0, "Duino-Coin Server API": "github.com/revoxhere/duino-coin", "Kolka": {"Banned": 1137, "Jailed": 89}, "Last block hash": "8de4bc0b3fa1580ec7f3421feb9644fc8ead02b8", "Last sync": 1667616266.4917161, "Last update": "05/11/2022 02:44:30 (UTC)", "Mined blocks": 295313347371, "Miner distribution": {"All": 38376, "Arduino": 4416, "CPU": 2314, "ESP32": 13205, "ESP8266": 16485, "GPU": 0, "Other": 22, "Phone": 93, "RPi": 1465, "Web": 376}, "Net energy usage": "31.83 kW", "Open threads": 24, "Pool hashrate": "3093.88 MH/s", "Registered users": 82729, "Server CPU usage": 47.5, "Server RAM usage": 43.4, "Server version": 3.0, "Top 10 richest miners": ["35997334.025158234 DUCO - bscDUCO", "20119945.00125 DUCO - viviana80", "17540814.84296261 DUCO - coinexchange", "16965320.67115637 DUCO - Ochios", "11692429.559071772 DUCO - QQ44142894", "6519674.566831061 DUCO - Orion_0x43b", "5509847.480428283 DUCO - fiorella71", "4597007.812563166 DUCO - lordachoo", "2368507.0 DUCO - Brunomoyses23", "2210288.919161586 DUCO - vyrdudji"], "XXHASH hashrate": "0 H/s"}