{"Active connections": 1109, "All-time mined DUCO": 966326481.5761473, "Current difficulty": 75000, "DUCO-S1 hashrate": "2.047 GH/s", "Duco FluffySwap price": 0.0, "Duco Furim price": 0.0, "Duco Node-S price": 0.0, "Duco PancakeSwap price": 0.0, "Duco SunSwap price": 0.0, "Duco SushiSwap price": 0.0, "Duco UbeSwap price": 0.0, "Duco price": 4.64e-06, "Duco price BCH": 4.64e-06, "Duco price NANO": 1.03e-06, "Duco price TRX": 1.48e-06, "Duco price XMG": 0.0, "Duino-Coin Server API": "github.com/revoxhere/duino-coin", "Kolka": {"Banned": 5727, "Jailed": 131}, "Last block hash": "8de4bc0b3fa1580ec7f3421feb9644fc8ead02b8", "Last sync": 1688001148.7648091, "Last update": "29/06/2023 01:12:44 (UTC)", "Mined blocks": 421064194605, "Miner distribution": {"All": 22045, "Arduino": 2659, "CPU": 728, "ESP32": 9591, "ESP8266": 7620, "GPU": 0, "Other": 7, "Phone": 2, "RPi": 1257, "Web": 181}, "Net energy usage": "15.11 kW", "Open threads": 23, "Pool hashrate": "2047.441 MH/s", "Registered users": 94071, "Server CPU usage": 42.9, "Server RAM usage": 46.4, "Server version": 3.0, "Top 10 richest miners": ["495743830.67087966 DUCO - coinexchange", "386935547.4969041 DUCO - coinexchange", "49388457.02939265 DUCO - bscDUCO", "20119947.6942 DUCO - viviana80", "15115368.927099999 DUCO - Ochios", "12774763.234472316 DUCO - Alessandro_Duino", "12720440.559071772 DUCO - QQ44142894", "12714729.247951403 DUCO - duinousa", "11408217.326238636 DUCO - bimbasimba94", "11242723.630933415 DUCO - paranoid64"], "XXHASH hashrate": "0 H/s"}