{"Active connections": 15671, "All-time mined DUCO": 18415889.961758547, "Current difficulty": 125000, "DUCO-S1 hashrate": "1249.3 MH/s", "Duco JustSwap price": 0.00034, "Duco Node-S price": 5.1e-05, "Duco PancakeSwap price": 0.000656946, "Duco SushiSwap price": 0.000469464, "Duco price": 0.00082622, "Duco price BCH": 0.00029207, "Duco price DGB": 0.0, "Duco price NANO": 0.0001974, "Duco price RVN": 0.0, "Duco price TRX": 0.00036904, "Duco price XMG": 0.00082275, "Duco price XRP": 0.0, "Duino-Coin Server API": "github.com/revoxhere/duino-coin", "Kolka": {"Banned": 694, "Jailed": 24}, "Last block hash": "2eb3f8271c", "Last update": "20/11/2021 10:57:43 (UTC)", "Mined blocks": 45008145648, "Miner distribution": {"All": 35039, "Arduino": 6227, "CPU": 3231, "ESP32": 10292, "ESP8266": 12409, "GPU": 0, "Other": 32, "Phone": 360, "RPi": 1955, "Web": 533}, "Net energy usage": "35.8 kW", "Open threads": 24, "Pool hashrate": "1249.35 MH/s", "Registered users": 25157, "Server CPU usage": 44.6, "Server RAM usage": 45.5, "Server version": 2.7, "Top 10 richest miners": ["3406731.718895882 DUCO - bscDUCO", "1298580.2020902191 DUCO - coinexchange", "591776.703081775 DUCO - NodeSBroker", "351150.1606789791 DUCO - James_themac", "300520.1555491204 DUCO - 52Pickup", "240226.15308030488 DUCO - bimbasimba94", "188487.89104597003 DUCO - celoDUCO", "170241.13285850236 DUCO - Bacman", "129793.52039028866 DUCO - maticDUCO", "123387.18511437952 DUCO - amornlit"], "XXHASH hashrate": "0 H/s"}