{"Active connections": 2204, "All-time mined DUCO": 18963022.10224187, "Current difficulty": 125000, "DUCO-S1 hashrate": "1332.7 MH/s", "Duco JustSwap price": 0.00031665, "Duco Node-S price": 0.00013, "Duco PancakeSwap price": 0.00080574, "Duco SushiSwap price": 0.000282931, "Duco price": 0.0016102, "Duco price BCH": 0.00030921, "Duco price DGB": 0.0, "Duco price NANO": 0.00012775, "Duco price RVN": 0.0, "Duco price TRX": 0.00034369, "Duco price XMG": 0.0016035, "Duco price XRP": 0.0, "Duino-Coin Server API": "github.com/revoxhere/duino-coin", "Kolka": {"Banned": 700, "Jailed": 24}, "Last block hash": "2eb3f8271c", "Last update": "25/11/2021 00:14:24 (UTC)", "Mined blocks": 47508684125, "Miner distribution": {"All": 36624, "Arduino": 6566, "CPU": 3644, "ESP32": 11027, "ESP8266": 12454, "GPU": 0, "Other": 40, "Phone": 406, "RPi": 1985, "Web": 502}, "Net energy usage": "38.8 kW", "Open threads": 24, "Pool hashrate": "1332.73 MH/s", "Registered users": 26027, "Server CPU usage": 52.6, "Server RAM usage": 38.7, "Server version": 2.7, "Top 10 richest miners": ["3519443.2760353256 DUCO - bscDUCO", "1292782.9181483292 DUCO - coinexchange", "591807.6749362791 DUCO - NodeSBroker", "351150.3267370898 DUCO - James_themac", "300520.32160723105 DUCO - 52Pickup", "253352.3469108646 DUCO - bimbasimba94", "188488.05710408065 DUCO - celoDUCO", "170241.29891661298 DUCO - Bacman", "142193.5496000892 DUCO - maticDUCO", "119999.99999999892 DUCO - rootbori"], "XXHASH hashrate": "0 H/s"}