{"Active connections": 1234, "All-time mined DUCO": 55369291.01828385, "Current difficulty": 1000000, "DUCO-S1 hashrate": "3.8 GH/s", "Duco Furim price": 0.0, "Duco Node-S price": 0.0, "Duco PancakeSwap price": 5.2e-05, "Duco SunSwap price": 9.7e-05, "Duco SushiSwap price": 5.9e-05, "Duco price": 9.7e-05, "Duco price BCH": 7e-06, "Duco price NANO": 3.8e-05, "Duco price TRX": 6e-06, "Duco price XMG": 0.0, "Duino-Coin Server API": "github.com/revoxhere/duino-coin", "Kolka": {"Banned": 683, "Jailed": 34}, "Last block hash": "2eb3f8271cd947cdd6469be145558a7bcb72e0d9", "Last sync": 1650018322.3133585, "Last update": "15/04/2022 10:25:24 (UTC)", "Mined blocks": 155334693566, "Miner distribution": {"All": 39644, "Arduino": 6079, "CPU": 3178, "ESP32": 13120, "ESP8266": 14726, "GPU": 0, "Other": 43, "Phone": 137, "RPi": 1929, "Web": 432}, "Net energy usage": "37.53 kW", "Open threads": 22, "Pool hashrate": "3807.47 MH/s", "Registered users": 69246, "Server CPU usage": 64.0, "Server RAM usage": 33.9, "Server version": 3.0, "Top 10 richest miners": ["22890348.20590838 DUCO - bscDUCO", "7548549.914401649 DUCO - Ochios", "3847389.842030468 DUCO - coinexchange", "3507867.6997231897 DUCO - Demoel", "3250098.6952358535 DUCO - miyan001", "2000292.648334308 DUCO - varanese67", "1935339.413546256 DUCO - QQ44142894", "1236396.4016057178 DUCO - maticDUCO", "1209838.627673189 DUCO - James_themac", "1200001.40117249 DUCO - amornlit"], "XXHASH hashrate": "0 H/s"}