{"Duino-Coin Server API": "github.com/revoxhere/duino-coin", "Server version": 2.6, "Active connections": 1, "Open threads": 26, "Server CPU usage": 74.9, "Server RAM usage": 38.8, "Last update": "16/08/2021 14:23:05 (UTC)", "Net energy usage": "1.5 kW", "Pool hashrate": "14.3402 MH/s", "DUCO-S1 hashrate": "14.3 MH/s", "XXHASH hashrate": "0 H/s", "Duco price": 0.018767, "Duco price XMG": 0.01876683, "Duco price BCH": 0.00171563, "Duco price TRX": 0.00184812, "Duco price XRP": 0.00217, "Duco price DGB": 0.0021063, "Duco Node-S price": 0.018767, "Duco JustSwap price": 0.00740851, "Duco PancakeSwap price": 0.00507655, "Registered users": 19981, "All-time mined DUCO": 5721722.304030596, "Current difficulty": 449501, "Mined blocks": 10788013632, "Last block hash": "c133a932c0", "Kolka": {"Jailed": 0, "Banned": 417}, "Miner distribution": {"GPU": 0, "CPU": 13, "RPi": 11, "ESP32": 503, "ESP8266": 681, "Arduino": 427, "Other": 4}, "Top 10 richest miners": ["542825.6945703878 DUCO - bscDUCO", "169738.12875595625 DUCO - Bacman", "113104.98482837052 DUCO - amornlit", "106296.36377963255 DUCO - coinexchange", "100107.99999999886 DUCO - WannaCry", "100101.13050895766 DUCO - 52Pickup", "86151.55023636225 DUCO - caancom", "50328.92081334968 DUCO - rootbori", "50288.45762651612 DUCO - duinocrfsh", "47119.90790638301 DUCO - chipsa"]}