{"Active connections": 1115, "All-time mined DUCO": 66187398.026044935, "Current difficulty": 75000, "DUCO-S1 hashrate": "2.4 GH/s", "Duco Furim price": 0.0, "Duco Node-S price": 0.0, "Duco PancakeSwap price": 4.8e-05, "Duco SunSwap price": 0.000355, "Duco SushiSwap price": 7e-06, "Duco UbeSwap price": 3.5e-05, "Duco price": 0.001291, "Duco price BCH": 3.6e-05, "Duco price NANO": 2.7e-05, "Duco price TRX": 2.1e-05, "Duco price XMG": 0.00026, "Duino-Coin Server API": "github.com/revoxhere/duino-coin", "Kolka": {"Banned": 959, "Jailed": 70}, "Last block hash": "2eb3f8271cd947cdd6469be145558a7bcb72e0d9", "Last sync": 1660214878.7699308, "Last update": "11/08/2022 10:48:00 (UTC)", "Mined blocks": 239942159743, "Miner distribution": {"All": 33317, "Arduino": 4193, "CPU": 1569, "ESP32": 11418, "ESP8266": 14629, "GPU": 0, "Other": 56, "Phone": 41, "RPi": 1042, "Web": 369}, "Net energy usage": "24.73 kW", "Open threads": 25, "Pool hashrate": "2429.41 MH/s", "Registered users": 76149, "Server CPU usage": 35.0, "Server RAM usage": 48.2, "Server version": 3.0, "Top 10 richest miners": ["39594823.90167598 DUCO - coinexchange", "39300772.79868917 DUCO - bscDUCO", "6974991.289071771 DUCO - QQ44142894", "2869802.5677047675 DUCO - renderman", "2368507.0 DUCO - Brunomoyses23", "2210288.9385462017 DUCO - vyrdudji", "1554480.7428140556 DUCO - maticDUCO", "1436226.401 DUCO - amornlit", "1209839.3183971192 DUCO - James_themac", "980004.222400001 DUCO - Ochios"], "XXHASH hashrate": "0 H/s"}