{"Active connections": 1093, "All-time mined DUCO": 18121879.22457314, "Current difficulty": 75000, "DUCO-S1 hashrate": "1415.6 MH/s", "Duco JustSwap price": 9.818e-05, "Duco Node-S price": 2.1e-05, "Duco PancakeSwap price": 0.000594663, "Duco SushiSwap price": 0.000356015, "Duco price": 0.000594663, "Duco price BCH": 4.659e-05, "Duco price DGB": 0.0, "Duco price NANO": 1.485e-05, "Duco price RVN": 0.0, "Duco price TRX": 0.00011965, "Duco price XMG": 0.0002588, "Duco price XRP": 0.0, "Duino-Coin Server API": "github.com/revoxhere/duino-coin", "Kolka": {"Banned": 714, "Jailed": 24}, "Last block hash": "2eb3f8271c", "Last update": "17/12/2021 14:42:42 (UTC)", "Mined blocks": 63773605698, "Miner distribution": {"All": 37356, "Arduino": 7211, "CPU": 4161, "ESP32": 10357, "ESP8266": 11930, "GPU": 0, "Other": 17, "Phone": 469, "RPi": 2395, "Web": 816}, "Net energy usage": "42.68 kW", "Open threads": 21, "Pool hashrate": "1415.6 MH/s", "Registered users": 30678, "Server CPU usage": 51.4, "Server RAM usage": 37.4, "Server version": 2.7, "Top 10 richest miners": ["4880738.644915205 DUCO - bscDUCO", "966442.3862999707 DUCO - coinexchange", "530429.8882981914 DUCO - NodeSBroker", "397162.15067505674 DUCO - James_themac", "300520.321607231 DUCO - 52Pickup", "248991.80699533108 DUCO - miningvir", "194435.59518586754 DUCO - maticDUCO", "188782.057104081 DUCO - celoDUCO", "170241.298916613 DUCO - Bacman", "120000.999999999 DUCO - rootbori"], "XXHASH hashrate": "0 H/s"}