{"Active connections": 1137, "All-time mined DUCO": 782478998.5066824, "Current difficulty": 200000, "DUCO-S1 hashrate": "2.131 GH/s", "Duco FluffySwap price": 2.2287999999999997e-05, "Duco Furim price": 0.0, "Duco Node-S price": 0.0, "Duco PancakeSwap price": 1.31425e-05, "Duco SunSwap price": 3.045e-05, "Duco SushiSwap price": 8.987494203495e-06, "Duco UbeSwap price": 1.568e-05, "Duco price": 3.183e-05, "Duco price BCH": 0.0, "Duco price NANO": 0.0, "Duco price TRX": 3.183e-05, "Duco price XMG": 3.93e-06, "Duino-Coin Server API": "github.com/revoxhere/duino-coin", "Kolka": {"Banned": 6025, "Jailed": 191}, "Last block hash": "8de4bc0b3fa1580ec7f3421feb9644fc8ead02b8", "Last sync": 1724909387.039593, "Last update": "29/08/2024 05:29:47 (UTC)", "Mined blocks": 546720817347, "Miner distribution": {"All": 14655, "Arduino": 1780, "CPU": 854, "ESP32": 4797, "ESP8266": 5953, "GPU": 0, "Other": 9, "Phone": 2, "RPi": 1122, "Web": 138}, "Net energy usage": "12.69 kW", "Open threads": 27, "Pool hashrate": "2131.446 MH/s", "Registered users": 105518, "Server CPU usage": 65.7, "Server RAM usage": 95.7, "Server version": 4.0, "Top 10 richest miners": ["235014936.8035555 DUCO - coinexchange", "85494792.52646369 DUCO - bscDUCO", "35576240.569 DUCO - AlmarRido", "30855598.808 DUCO - Flowen1985", "22896923.915 DUCO - bimbasimba94", "20160688.723 DUCO - viviana80", "14928220.94877116 DUCO - aimbert", "14847133.194062889 DUCO - ctecrypto", "14206327.990004964 DUCO - duinousa", "12721943.39257476 DUCO - QQ44142894"], "XXHASH hashrate": "0 H/s"}