{"Active connections": 5119, "All-time mined DUCO": 17724897.629715566, "Current difficulty": 125000, "DUCO-S1 hashrate": "1065.5 MH/s", "Duco JustSwap price": 0.00079491, "Duco Node-S price": 5.1e-05, "Duco PancakeSwap price": 0.000656946, "Duco SushiSwap price": 0.000469464, "Duco price": 0.00114901, "Duco price BCH": 0.0, "Duco price DGB": 0.0, "Duco price NANO": 0.00058, "Duco price RVN": 0.0, "Duco price TRX": 0.0, "Duco price XMG": 0.00113839, "Duco price XRP": 0.0, "Duino-Coin Server API": "github.com/revoxhere/duino-coin", "Kolka": {"Banned": 682, "Jailed": 24}, "Last block hash": "bdd47c8c5b", "Last update": "14/11/2021 02:25:17 (UTC)", "Mined blocks": 41761007742, "Miner distribution": {"All": 32423, "Arduino": 5807, "CPU": 2475, "ESP32": 9928, "ESP8266": 11666, "GPU": 0, "Other": 198, "Phone": 234, "RPi": 1545, "Web": 570}, "Net energy usage": "29.77 kW", "Open threads": 24, "Pool hashrate": "1065.54 MH/s", "Registered users": 23811, "Server CPU usage": 65.5, "Server RAM usage": 41.4, "Server version": 2.7, "Top 10 richest miners": ["3531032.9806000832 DUCO - bscDUCO", "1283257.7600902193 DUCO - coinexchange", "591776.628131775 DUCO - NodeSBroker", "351150.1606789791 DUCO - James_themac", "300520.1555491204 DUCO - 52Pickup", "188487.89104597003 DUCO - celoDUCO", "170241.13285850236 DUCO - Bacman", "123387.18511437952 DUCO - amornlit", "119999.99999999892 DUCO - rootbori", "118201.84277253377 DUCO - maticDUCO"], "XXHASH hashrate": "0 H/s"}