{"Active connections": 1049, "All-time mined DUCO": 177326546.82975763, "Current difficulty": 75000, "DUCO-S1 hashrate": "2.4 GH/s", "Duco FluffySwap price": 1.862e-06, "Duco Furim price": 0.0, "Duco Node-S price": 0.0, "Duco PancakeSwap price": 3.40118e-05, "Duco SunSwap price": 5.036e-05, "Duco SushiSwap price": 3.43285e-06, "Duco UbeSwap price": 2.8244677344934413e-05, "Duco price": 5.036e-05, "Duco price BCH": 2.66e-06, "Duco price NANO": 1.86e-06, "Duco price TRX": 4.15e-06, "Duco price XMG": 0.0, "Duino-Coin Server API": "github.com/revoxhere/duino-coin", "Kolka": {"Banned": 1237, "Jailed": 96}, "Last block hash": "8de4bc0b3fa1580ec7f3421feb9644fc8ead02b8", "Last sync": 1673258875.9169254, "Last update": "09/01/2023 10:07:59 (UTC)", "Mined blocks": 335902884394, "Miner distribution": {"All": 34381, "Arduino": 3996, "CPU": 1346, "ESP32": 13076, "ESP8266": 13916, "GPU": 0, "Other": 41, "Phone": 10, "RPi": 1580, "Web": 416}, "Net energy usage": "24.58 kW", "Open threads": 24, "Pool hashrate": "2410.11 MH/s", "Registered users": 86661, "Server CPU usage": 45.8, "Server RAM usage": 56.7, "Server version": 3.0, "Top 10 richest miners": ["95829746.10079753 DUCO - coinexchange", "40230617.73070239 DUCO - bscDUCO", "20119946.6942 DUCO - viviana80", "14965362.6942 DUCO - Ochios", "13675334.218015814 DUCO - ctecrypto", "11692429.559071772 DUCO - QQ44142894", "10759939.638689265 DUCO - fiorella71", "8125736.123916335 DUCO - Orion_0x43b", "6809880.551747566 DUCO - lordachoo", "4267666.823 DUCO - Demoel"], "XXHASH hashrate": "0 H/s"}