{"Active connections": 856, "All-time mined DUCO": 216594499.62543648, "Current difficulty": 75000, "DUCO-S1 hashrate": "2.3 GH/s", "Duco FluffySwap price": 1.862e-06, "Duco Furim price": 0.0, "Duco Node-S price": 0.0, "Duco PancakeSwap price": 3.06705e-05, "Duco SunSwap price": 2.417e-05, "Duco SushiSwap price": 7.15042e-06, "Duco UbeSwap price": 2.949693582059398e-05, "Duco price": 3.06705e-05, "Duco price BCH": 2.65e-06, "Duco price NANO": 1.73e-06, "Duco price TRX": 2.32e-06, "Duco price XMG": 0.0, "Duino-Coin Server API": "github.com/revoxhere/duino-coin", "Kolka": {"Banned": 1342, "Jailed": 117}, "Last block hash": "8de4bc0b3fa1580ec7f3421feb9644fc8ead02b8", "Last sync": 1679360950.6582904, "Last update": "21/03/2023 01:09:13 (UTC)", "Mined blocks": 373313968802, "Miner distribution": {"All": 29211, "Arduino": 3609, "CPU": 956, "ESP32": 11092, "ESP8266": 11597, "GPU": 0, "Other": 14, "Phone": 37, "RPi": 1628, "Web": 278}, "Net energy usage": "20.07 kW", "Open threads": 25, "Pool hashrate": "2253.6 MH/s", "Registered users": 90548, "Server CPU usage": 42.8, "Server RAM usage": 51.5, "Server version": 3.0, "Top 10 richest miners": ["497867239.77508324 DUCO - coinexchange", "32373058.708276175 DUCO - bscDUCO", "20119946.6942 DUCO - viviana80", "15115364.7271 DUCO - Ochios", "12720440.559071772 DUCO - QQ44142894", "10759939.638689265 DUCO - fiorella71", "8125736.123916335 DUCO - Orion_0x43b", "7476279.731 DUCO - sudoerrno", "6826144.953532124 DUCO - lordachoo", "5856951.025603458 DUCO - msdo1006"], "XXHASH hashrate": "0 H/s"}