{"Active connections": 1266, "All-time mined DUCO": 877235952.3597499, "Current difficulty": 75000, "DUCO-S1 hashrate": "2.313 GH/s", "Duco FluffySwap price": 2.016e-06, "Duco Furim price": 0.0, "Duco Node-S price": 0.0, "Duco PancakeSwap price": 9.73482e-06, "Duco SunSwap price": 9.795e-05, "Duco SushiSwap price": 1.51929e-05, "Duco UbeSwap price": 2.7898752414944825e-05, "Duco price": 9.795e-05, "Duco price BCH": 2.87e-06, "Duco price NANO": 1.03e-06, "Duco price TRX": 1.44e-06, "Duco price XMG": 0.0, "Duino-Coin Server API": "github.com/revoxhere/duino-coin", "Kolka": {"Banned": 5724, "Jailed": 129}, "Last block hash": "8de4bc0b3fa1580ec7f3421feb9644fc8ead02b8", "Last sync": 1687527421.0350106, "Last update": "23/06/2023 13:37:16 (UTC)", "Mined blocks": 418733546964, "Miner distribution": {"All": 22167, "Arduino": 2797, "CPU": 967, "ESP32": 9343, "ESP8266": 7602, "GPU": 0, "Other": 12, "Phone": 11, "RPi": 1263, "Web": 172}, "Net energy usage": "16.53 kW", "Open threads": 23, "Pool hashrate": "2313.481 MH/s", "Registered users": 93876, "Server CPU usage": 52.0, "Server RAM usage": 41.3, "Server version": 3.0, "Top 10 richest miners": ["495743830.67087966 DUCO - coinexchange", "387661830.5105878 DUCO - coinexchange", "49333857.02939265 DUCO - bscDUCO", "20119947.6942 DUCO - viviana80", "15115368.927099999 DUCO - Ochios", "12720440.559071772 DUCO - QQ44142894", "12714248.917033408 DUCO - duinousa", "11408207.365686301 DUCO - bimbasimba94", "11242382.673576886 DUCO - paranoid64", "10978766.04658526 DUCO - Rafa2000"], "XXHASH hashrate": "0 H/s"}