{"Active connections": 874, "All-time mined DUCO": 714445720.9614888, "Current difficulty": 75000, "DUCO-S1 hashrate": "2.1 GH/s", "Duco FluffySwap price": 1.876e-06, "Duco Furim price": 0.0, "Duco Node-S price": 0.0, "Duco PancakeSwap price": 1.71998e-05, "Duco SunSwap price": 2.42e-05, "Duco SushiSwap price": 1.66649e-05, "Duco UbeSwap price": 2.9828006500541712e-05, "Duco price": 2.9828006500541712e-05, "Duco price BCH": 2.68e-06, "Duco price NANO": 1.84e-06, "Duco price TRX": 2.32e-06, "Duco price XMG": 0.0, "Duino-Coin Server API": "github.com/revoxhere/duino-coin", "Kolka": {"Banned": 1346, "Jailed": 123}, "Last block hash": "8de4bc0b3fa1580ec7f3421feb9644fc8ead02b8", "Last sync": 1681434932.441141, "Last update": "14/04/2023 01:15:37 (UTC)", "Mined blocks": 385721503993, "Miner distribution": {"All": 28546, "Arduino": 3369, "CPU": 961, "ESP32": 10963, "ESP8266": 11309, "GPU": 0, "Other": 35, "Phone": 28, "RPi": 1561, "Web": 320}, "Net energy usage": "19.78 kW", "Open threads": 24, "Pool hashrate": "2071.54 MH/s", "Registered users": 91623, "Server CPU usage": 45.5, "Server RAM usage": 54.6, "Server version": 3.0, "Top 10 richest miners": ["495743830.67087966 DUCO - coinexchange", "477865384.5389794 DUCO - coinexchange", "42861775.566 DUCO - bscDUCO", "20119947.6942 DUCO - viviana80", "15115368.927099999 DUCO - Ochios", "12720440.559071772 DUCO - QQ44142894", "10759939.638689265 DUCO - fiorella71", "8125736.123916335 DUCO - Orion_0x43b", "7200131.117279907 DUCO - msdo1006", "6831906.294419504 DUCO - lordachoo"], "XXHASH hashrate": "0 H/s"}