{"Active connections": 1278, "All-time mined DUCO": 191394113.39215735, "Current difficulty": 75000, "DUCO-S1 hashrate": "2.4 GH/s", "Duco FluffySwap price": 4.221e-06, "Duco Furim price": 0.0, "Duco Node-S price": 0.0, "Duco PancakeSwap price": 2.92879e-05, "Duco SunSwap price": 6.504e-05, "Duco SushiSwap price": 8.32413e-06, "Duco UbeSwap price": 2.8687163822298956e-05, "Duco price": 6.504e-05, "Duco price BCH": 6.02e-06, "Duco price NANO": 3.97e-06, "Duco price TRX": 5.38e-06, "Duco price XMG": 0.0, "Duino-Coin Server API": "github.com/revoxhere/duino-coin", "Kolka": {"Banned": 1310, "Jailed": 112}, "Last block hash": "8de4bc0b3fa1580ec7f3421feb9644fc8ead02b8", "Last sync": 1676950467.192182, "Last update": "21/02/2023 03:34:30 (UTC)", "Mined blocks": 358949358925, "Miner distribution": {"All": 30690, "Arduino": 3751, "CPU": 972, "ESP32": 11878, "ESP8266": 12097, "GPU": 0, "Other": 9, "Phone": 44, "RPi": 1582, "Web": 357}, "Net energy usage": "20.76 kW", "Open threads": 26, "Pool hashrate": "2358.15 MH/s", "Registered users": 89227, "Server CPU usage": 44.4, "Server RAM usage": 53.2, "Server version": 3.0, "Top 10 richest miners": ["42487864.794576176 DUCO - bscDUCO", "20119946.6942 DUCO - viviana80", "15115363.695 DUCO - Ochios", "12043702.27 DUCO - infternet", "11692429.559071772 DUCO - QQ44142894", "10759939.638689265 DUCO - fiorella71", "9288637.054911453 DUCO - coinexchange", "8125736.123916335 DUCO - Orion_0x43b", "6820288.5360854855 DUCO - lordachoo", "4486559.067115079 DUCO - msdo1006"], "XXHASH hashrate": "0 H/s"}