{"Duino-Coin Server API": "github.com/revoxhere/duino-coin", "Server version": 2.6, "Active connections": 12115, "Open threads": 21, "Server CPU usage": 74.9, "Server RAM usage": 62.6, "Last update": "17/08/2021 10:10:49 (UTC)", "Net energy usage": "73.74 kW", "Pool hashrate": "5.0476 GH/s", "DUCO-S1 hashrate": "4.9 GH/s", "XXHASH hashrate": "134.5 MH/s", "Duco price": 0.018767, "Duco price XMG": 0.01876683, "Duco price BCH": 0.0017248, "Duco price TRX": 0.00182316, "Duco price XRP": 0.0021175, "Duco price DGB": 0.00208125, "Duco price NANO": 0.00158, "Duco Node-S price": 0.018767, "Duco JustSwap price": 0.00730845, "Duco PancakeSwap price": 0.00420784, "Registered users": 20111, "All-time mined DUCO": 5808948.2172787115, "Current difficulty": 453313, "Mined blocks": 10879541364, "Last block hash": "742fb4c2fc", "Kolka": {"Jailed": 0, "Banned": 417}, "Miner distribution": {"GPU": 8, "CPU": 6166, "RPi": 1290, "ESP32": 2302, "ESP8266": 5422, "Arduino": 1713, "Other": 768}, "Top 10 richest miners": ["551930.4895859279 DUCO - bscDUCO", "169741.7419356001 DUCO - Bacman", "132055.49377963258 DUCO - coinexchange", "120106.99999999886 DUCO - WannaCry", "113132.07675161309 DUCO - amornlit", "101401.17791420905 DUCO - 52Pickup", "86158.58772899676 DUCO - caancom", "52591.96849641315 DUCO - zero0", "50328.99879275615 DUCO - rootbori", "50288.45762651612 DUCO - duinocrfsh"]}