{"Active connections": 935, "All-time mined DUCO": 743431692.1334269, "Current difficulty": 200000, "DUCO-S1 hashrate": "1.985 GH/s", "Duco FluffySwap price": 8.4e-06, "Duco Furim price": 0.0, "Duco Node-S price": 0.0, "Duco PancakeSwap price": 8.57789e-06, "Duco SunSwap price": 0.00013506, "Duco SushiSwap price": 1.2962107682626e-05, "Duco UbeSwap price": 1.1191491992827553e-05, "Duco price": 0.0001857, "Duco price BCH": 0.00013686, "Duco price NANO": 0.0001857, "Duco price TRX": 1.199e-05, "Duco price XMG": 0.0, "Duino-Coin Server API": "github.com/revoxhere/duino-coin", "Kolka": {"Banned": 5970, "Jailed": 183}, "Last block hash": "8de4bc0b3fa1580ec7f3421feb9644fc8ead02b8", "Last sync": 1719130220.1401043, "Last update": "23/06/2024 08:10:20 (UTC)", "Mined blocks": 529683775250, "Miner distribution": {"All": 18608, "Arduino": 2453, "CPU": 1069, "ESP32": 7609, "ESP8266": 6108, "GPU": 0, "Other": 13, "Phone": 5, "RPi": 1176, "Web": 175}, "Net energy usage": "15.5 kW", "Open threads": 27, "Pool hashrate": "1984.781 MH/s", "Registered users": 103341, "Server CPU usage": 57.6, "Server RAM usage": 90.4, "Server version": 4.0, "Top 10 richest miners": ["248835526.01020995 DUCO - coinexchange", "80431448.78550309 DUCO - bscDUCO", "29548802.707830127 DUCO - AlmarRido", "24635208.6964704 DUCO - Flowen1985", "22851221.472 DUCO - bimbasimba94", "20120447.6942 DUCO - viviana80", "14898358.679620469 DUCO - aimbert", "14847133.194062889 DUCO - ctecrypto", "14175209.516400244 DUCO - duinousa", "12721940.59109726 DUCO - QQ44142894"], "XXHASH hashrate": "0 H/s"}