{"Active connections": 1342, "All-time mined DUCO": 1072794541.7648492, "Current difficulty": 75000, "DUCO-S1 hashrate": "2.094 GH/s", "Duco FluffySwap price": 4.13e-06, "Duco Furim price": 0.0, "Duco Node-S price": 0.0, "Duco PancakeSwap price": 1.49863e-05, "Duco SunSwap price": 0.00010301, "Duco SushiSwap price": 1.45174e-05, "Duco UbeSwap price": 2.7898752414944825e-05, "Duco price": 0.00010301, "Duco price BCH": 5.96e-06, "Duco price NANO": 1.08e-06, "Duco price TRX": 1.51e-06, "Duco price XMG": 0.0, "Duino-Coin Server API": "github.com/revoxhere/duino-coin", "Kolka": {"Banned": 5727, "Jailed": 142}, "Last block hash": "8de4bc0b3fa1580ec7f3421feb9644fc8ead02b8", "Last sync": 1688326549.9373274, "Last update": "02/07/2023 19:36:19 (UTC)", "Mined blocks": 422539916745, "Miner distribution": {"All": 21543, "Arduino": 2655, "CPU": 780, "ESP32": 9350, "ESP8266": 7507, "GPU": 0, "Other": 9, "Phone": 15, "RPi": 1227, "Web": 0}, "Net energy usage": "15.05 kW", "Open threads": 23, "Pool hashrate": "2093.8 MH/s", "Registered users": 94192, "Server CPU usage": 49.6, "Server RAM usage": 54.3, "Server version": 3.0, "Top 10 richest miners": ["495743830.67087966 DUCO - coinexchange", "384863761.8484739 DUCO - coinexchange", "49388457.02939265 DUCO - bscDUCO", "24326348.334 DUCO - Flowen1985", "20119947.6942 DUCO - viviana80", "15115368.927099999 DUCO - Ochios", "12720440.559071772 DUCO - QQ44142894", "12715126.206683962 DUCO - duinousa", "11408217.326238636 DUCO - bimbasimba94", "11242886.442071278 DUCO - paranoid64"], "XXHASH hashrate": "0 H/s"}