{"Active connections": 722, "All-time mined DUCO": 742386533.15331, "Current difficulty": 200000, "DUCO-S1 hashrate": "2.552 GH/s", "Duco FluffySwap price": 8.428e-06, "Duco Furim price": 0.0, "Duco Node-S price": 0.0, "Duco PancakeSwap price": 8.57789e-06, "Duco SunSwap price": 9.796e-05, "Duco SushiSwap price": 1.2962107682626e-05, "Duco UbeSwap price": 1.1191491992827553e-05, "Duco price": 0.000258, "Duco price BCH": 0.00016934, "Duco price NANO": 0.000258, "Duco price TRX": 1.204e-05, "Duco price XMG": 3.75e-06, "Duino-Coin Server API": "github.com/revoxhere/duino-coin", "Kolka": {"Banned": 5910, "Jailed": 177}, "Last block hash": "8de4bc0b3fa1580ec7f3421feb9644fc8ead02b8", "Last sync": 1715089197.8879044, "Last update": "07/05/2024 13:39:57 (UTC)", "Mined blocks": 517681341660, "Miner distribution": {"All": 15817, "Arduino": 2270, "CPU": 1044, "ESP32": 5604, "ESP8266": 5176, "GPU": 0, "Other": 23, "Phone": 12, "RPi": 1465, "Web": 223}, "Net energy usage": "14.6 kW", "Open threads": 27, "Pool hashrate": "2551.622 MH/s", "Registered users": 101629, "Server CPU usage": 27.6, "Server RAM usage": 93.3, "Server version": 4.0, "Top 10 richest miners": ["78442380.74889731 DUCO - bscDUCO", "39491496.79265186 DUCO - AlmarRido", "30792510.456 DUCO - Flowen1985", "21307107.257 DUCO - bimbasimba94", "20119947.6942 DUCO - viviana80", "14868531.986240415 DUCO - aimbert", "14842197.117512792 DUCO - ctecrypto", "12720440.585598174 DUCO - QQ44142894", "11314467.408041328 DUCO - duinousa", "10759939.638689265 DUCO - fiorella71"], "XXHASH hashrate": "0 H/s"}