{"Active connections": 963, "All-time mined DUCO": 758274099.0451031, "Current difficulty": 200000, "DUCO-S1 hashrate": "1.813 GH/s", "Duco FluffySwap price": 1.8115999999999997e-05, "Duco Furim price": 0.0, "Duco Node-S price": 0.0, "Duco PancakeSwap price": 1.34905e-05, "Duco SunSwap price": 2.475e-05, "Duco SushiSwap price": 8.331891935491e-06, "Duco UbeSwap price": 1.642e-05, "Duco price": 2.587e-05, "Duco price BCH": 0.0, "Duco price NANO": 0.0, "Duco price TRX": 2.587e-05, "Duco price XMG": 2.427e-05, "Duino-Coin Server API": "github.com/revoxhere/duino-coin", "Kolka": {"Banned": 6014, "Jailed": 190}, "Last block hash": "8de4bc0b3fa1580ec7f3421feb9644fc8ead02b8", "Last sync": 1723305351.7826753, "Last update": "10/08/2024 15:55:51 (UTC)", "Mined blocks": 542321345770, "Miner distribution": {"All": 14554, "Arduino": 1930, "CPU": 878, "ESP32": 4827, "ESP8266": 5694, "GPU": 0, "Other": 8, "Phone": 8, "RPi": 1073, "Web": 136}, "Net energy usage": "12.67 kW", "Open threads": 27, "Pool hashrate": "1812.827 MH/s", "Registered users": 104977, "Server CPU usage": 67.8, "Server RAM usage": 76.9, "Server version": 4.0, "Top 10 richest miners": ["238677673.65579543 DUCO - coinexchange", "81978729.19825932 DUCO - bscDUCO", "30855598.808 DUCO - Flowen1985", "28000980.1298474 DUCO - AlmarRido", "18280977.178 DUCO - bimbasimba94", "16096358.288900001 DUCO - viviana80", "14928190.429341203 DUCO - aimbert", "14847133.194062889 DUCO - ctecrypto", "12721940.59109726 DUCO - QQ44142894", "11342021.226687782 DUCO - duinousa"], "XXHASH hashrate": "0 H/s"}