{"Duino-Coin Server API": "github.com/revoxhere/duino-coin", "Server version": 2.7, "Active connections": 31266, "Open threads": 23, "Server CPU usage": 48.6, "Server RAM usage": 67.6, "Last update": "24/10/2021 12:11:58 (UTC)", "Net energy usage": "36.21 kW", "Pool hashrate": "1333.19 MH/s", "DUCO-S1 hashrate": "1333.2 MH/s", "XXHASH hashrate": "16.3 kH/s", "Duco price": 0.00120169, "Duco price XMG": 0.00036202, "Duco price BCH": 0.0003736, "Duco price RVN": 0.00046898, "Duco price TRX": 0.00035284, "Duco price XRP": 0.00017673, "Duco price DGB": 0.00059223, "Duco price NANO": 0.00058906, "Duco price FJC": 0.0006565, "Duco Node-S price": 5.1e-05, "Duco JustSwap price": 0.00120169, "Duco PancakeSwap price": 0.000891066, "Duco SushiSwap price": 0.000938335, "Registered users": 21532, "All-time mined DUCO": 15765917.389411893, "Current difficulty": 125000, "Mined blocks": 32500994888, "Last block hash": "76332f9651", "Kolka": {"Jailed": 48, "Banned": 1343}, "Miner distribution": {"GPU": 0, "CPU": 3342, "RPi": 1906, "Phone": 282, "Web": 483, "ESP32": 10574, "ESP8266": 11928, "Arduino": 6187, "Other": 135, "All": 34837}, "Top 10 richest miners": ["2943203.9428603784 DUCO - bscDUCO", "586542.3539841222 DUCO - NodeSBroker", "554754.6000902199 DUCO - coinexchange", "521520.1555491204 DUCO - 52Pickup", "400847.53711570945 DUCO - James_themac", "173540.89104597003 DUCO - celoDUCO", "170240.13285850236 DUCO - Bacman", "123387.18511437952 DUCO - amornlit", "121685.90546844892 DUCO - rootbori", "88324.75144523158 DUCO - caancom"]}