{"Active connections": 1010, "All-time mined DUCO": 758292307.8485596, "Current difficulty": 200000, "DUCO-S1 hashrate": "1.829 GH/s", "Duco FluffySwap price": 1.7877999999999997e-05, "Duco Furim price": 0.0, "Duco Node-S price": 0.0, "Duco PancakeSwap price": 1.34905e-05, "Duco SunSwap price": 2.44e-05, "Duco SushiSwap price": 8.331891935491e-06, "Duco UbeSwap price": 1.642e-05, "Duco price": 2.551e-05, "Duco price BCH": 0.0, "Duco price NANO": 0.0, "Duco price TRX": 2.551e-05, "Duco price XMG": 2.62e-06, "Duino-Coin Server API": "github.com/revoxhere/duino-coin", "Kolka": {"Banned": 6014, "Jailed": 190}, "Last block hash": "8de4bc0b3fa1580ec7f3421feb9644fc8ead02b8", "Last sync": 1723557342.321941, "Last update": "13/08/2024 13:55:42 (UTC)", "Mined blocks": 543026231605, "Miner distribution": {"All": 14702, "Arduino": 1860, "CPU": 845, "ESP32": 4861, "ESP8266": 5914, "GPU": 0, "Other": 7, "Phone": 0, "RPi": 1056, "Web": 159}, "Net energy usage": "12.56 kW", "Open threads": 28, "Pool hashrate": "1829.266 MH/s", "Registered users": 105069, "Server CPU usage": 70.9, "Server RAM usage": 86.2, "Server version": 4.0, "Top 10 richest miners": ["238661765.3457555 DUCO - coinexchange", "81979480.19825932 DUCO - bscDUCO", "30855598.808 DUCO - Flowen1985", "28000980.1298474 DUCO - AlmarRido", "18280977.178 DUCO - bimbasimba94", "16096358.288900001 DUCO - viviana80", "14928193.172802944 DUCO - aimbert", "14847133.194062889 DUCO - ctecrypto", "12721940.59109726 DUCO - QQ44142894", "11342182.575860117 DUCO - duinousa"], "XXHASH hashrate": "0 H/s"}