{"Active connections": 631, "All-time mined DUCO": 34788841.95199272, "Current difficulty": 1000000, "DUCO-S1 hashrate": "433.1 GH/s", "Duco JustSwap price": 0.00022636, "Duco Node-S price": 0, "Duco PancakeSwap price": 9.41186e-05, "Duco SushiSwap price": 0.000209454, "Duco price": 0.00106483, "Duco price BCH": 2.86e-06, "Duco price NANO": 1.185e-05, "Duco price TRX": 8.184e-05, "Duco price XMG": 0.00105998, "Duino-Coin Server API": "github.com/revoxhere/duino-coin", "Kolka": {"Banned": 787, "Jailed": 27}, "Last block hash": "2eb3f8271c", "Last sync": 1644365016.3418617, "Last update": "09/02/2022 00:03:36 (UTC)", "Mined blocks": 105438498898, "Miner distribution": {"All": 28458, "Arduino": 5040, "CPU": 4396, "ESP32": 7011, "ESP8266": 8518, "GPU": 1, "Other": 23, "Phone": 93, "RPi": 2708, "Web": 668}, "Net energy usage": "41.03 kW", "Open threads": 21, "Pool hashrate": "433091.94 MH/s", "Registered users": 55426, "Server CPU usage": 25.7, "Server RAM usage": 30.9, "Server version": 2.7, "Top 10 richest miners": ["13180759.741769461 DUCO - bscDUCO", "9990030.905018125 DUCO - miningvir", "1474504.3408699138 DUCO - coinexchange", "1428030.3814666213 DUCO - bimbasimba94", "573162.1506750567 DUCO - James_themac", "356199.8636235537 DUCO - NodeSBroker", "223001.93880451488 DUCO - maticDUCO", "190624.067104081 DUCO - celoDUCO", "170241.299416613 DUCO - Bacman", "140000.53910563188 DUCO - haxorcitoz"], "XXHASH hashrate": "0 H/s"}