{"Duino-Coin Server API": "github.com/revoxhere/duino-coin", "Server version": 2.7, "Active connections": 6536, "Open threads": 23, "Server CPU usage": 44.6, "Server RAM usage": 65.6, "Last update": "22/10/2021 04:31:32 (UTC)", "Net energy usage": "39.46 kW", "Pool hashrate": "1375.09 MH/s", "DUCO-S1 hashrate": "1375.1 MH/s", "XXHASH hashrate": "0 H/s", "Duco price": 0.00140913, "Duco price XMG": 0.00037979, "Duco price BCH": 0.00051185, "Duco price RVN": 0.00057094, "Duco price TRX": 0.00051506, "Duco price XRP": 0.0002121, "Duco price DGB": 0.00070142, "Duco price NANO": 0.00070442, "Duco price FJC": 0.000707, "Duco Node-S price": 5.4e-05, "Duco JustSwap price": 0.00140913, "Duco PancakeSwap price": 0.0011967, "Duco SushiSwap price": 0.000863903, "Registered users": 21221, "All-time mined DUCO": 15444466.952247912, "Current difficulty": 125000, "Mined blocks": 31398190587, "Last block hash": "972c8b2f2d", "Kolka": {"Jailed": 48, "Banned": 1342}, "Miner distribution": {"GPU": 0, "CPU": 3763, "RPi": 2036, "Phone": 218, "Web": 536, "ESP32": 10917, "ESP8266": 12490, "Arduino": 5873, "Other": 196, "All": 36029}, "Top 10 richest miners": ["2901439.1441724277 DUCO - bscDUCO", "586542.3539601222 DUCO - NodeSBroker", "521520.1555491204 DUCO - 52Pickup", "492915.8600902203 DUCO - coinexchange", "400760.6681034315 DUCO - James_themac", "171612.89104597003 DUCO - celoDUCO", "170240.13285850236 DUCO - Bacman", "123387.18511437952 DUCO - amornlit", "121685.90546844892 DUCO - rootbori", "88208.36921898981 DUCO - caancom"]}