{"Duino-Coin Server API": "github.com/revoxhere/duino-coin", "Server version": 2.6, "Active connections": 12074, "Open threads": 21, "Server CPU usage": 75.0, "Server RAM usage": 60.3, "Last update": "17/08/2021 08:38:19 (UTC)", "Net energy usage": "26.36 kW", "Pool hashrate": "2.1927 GH/s", "DUCO-S1 hashrate": "2.2 GH/s", "XXHASH hashrate": "3.9 MH/s", "Duco price": 0.018767, "Duco price XMG": 0.01876683, "Duco price BCH": 0.00170498, "Duco price TRX": 0.0018031, "Duco price XRP": 0.0021, "Duco price DGB": 0.00204063, "Duco price NANO": 0.0015525, "Duco Node-S price": 0.018767, "Duco JustSwap price": 0.00722804, "Duco PancakeSwap price": 0.00420784, "Registered users": 20096, "All-time mined DUCO": 5806221.786593653, "Current difficulty": 453010, "Mined blocks": 10872273694, "Last block hash": "8b27d7092a", "Kolka": {"Jailed": 0, "Banned": 417}, "Miner distribution": {"GPU": 5, "CPU": 1934, "RPi": 603, "ESP32": 2090, "ESP8266": 3041, "Arduino": 1247, "Other": 141}, "Top 10 richest miners": ["551927.4895859279 DUCO - bscDUCO", "169741.7419356001 DUCO - Bacman", "132056.74377963258 DUCO - coinexchange", "120106.99999999886 DUCO - WannaCry", "113120.54767548022 DUCO - amornlit", "101401.17791420905 DUCO - 52Pickup", "86158.58772899676 DUCO - caancom", "52584.42196482648 DUCO - zero0", "50328.99879275615 DUCO - rootbori", "50288.45762651612 DUCO - duinocrfsh"]}