{"Active connections": 1499, "All-time mined DUCO": 50949482.5393063, "Current difficulty": 1000000, "DUCO-S1 hashrate": "4.1 GH/s", "Duco Furim price": 0.0, "Duco Node-S price": 0.0, "Duco PancakeSwap price": 0.000106, "Duco SunSwap price": 0.000141, "Duco SushiSwap price": 2.2e-05, "Duco UbeSwap price": 0.000107, "Duco price": 0.000144, "Duco price BCH": 9e-06, "Duco price NANO": 4.4e-05, "Duco price TRX": 1.6e-05, "Duco price XMG": 6.3e-05, "Duino-Coin Server API": "github.com/revoxhere/duino-coin", "Kolka": {"Banned": 752, "Jailed": 48}, "Last block hash": "2eb3f8271cd947cdd6469be145558a7bcb72e0d9", "Last sync": 1651315645.28732, "Last update": "30/04/2022 10:47:29 (UTC)", "Mined blocks": 166927772044, "Miner distribution": {"All": 40013, "Arduino": 6009, "CPU": 3323, "ESP32": 12901, "ESP8266": 15205, "GPU": 0, "Other": 82, "Phone": 175, "RPi": 1954, "Web": 364}, "Net energy usage": "38.56 kW", "Open threads": 21, "Pool hashrate": "4079.89 MH/s", "Registered users": 71737, "Server CPU usage": 32.6, "Server RAM usage": 52.6, "Server version": 3.0, "Top 10 richest miners": ["23831077.391258266 DUCO - bscDUCO", "6349650.305377089 DUCO - Ochios", "3151801.0605938905 DUCO - QQ44142894", "2700446.077054436 DUCO - varanese67", "2667087.302030467 DUCO - coinexchange", "2210288.9385462017 DUCO - vyrdudji", "1301834.7593884645 DUCO - maticDUCO", "1209839.3105654893 DUCO - James_themac", "1206904.1866281237 DUCO - ivanrpz", "957772.7136442438 DUCO - econnaty"], "XXHASH hashrate": "0 H/s"}