{"Active connections": 1140, "All-time mined DUCO": 178002114.01716915, "Current difficulty": 75000, "DUCO-S1 hashrate": "2.6 GH/s", "Duco FluffySwap price": 1.4266e-05, "Duco Furim price": 0.0, "Duco Node-S price": 0.0, "Duco PancakeSwap price": 5.15569e-05, "Duco SunSwap price": 4.96e-05, "Duco SushiSwap price": 3.54609e-06, "Duco UbeSwap price": 2.8177359360084267e-05, "Duco price": 5.15569e-05, "Duco price BCH": 2.038e-05, "Duco price NANO": 1.321e-05, "Duco price TRX": 2.71e-05, "Duco price XMG": 0.0, "Duino-Coin Server API": "github.com/revoxhere/duino-coin", "Kolka": {"Banned": 1214, "Jailed": 93}, "Last block hash": "8de4bc0b3fa1580ec7f3421feb9644fc8ead02b8", "Last sync": 1671848177.3641102, "Last update": "24/12/2022 02:16:20 (UTC)", "Mined blocks": 326942594146, "Miner distribution": {"All": 34393, "Arduino": 3904, "CPU": 1341, "ESP32": 13109, "ESP8266": 13964, "GPU": 0, "Other": 17, "Phone": 27, "RPi": 1636, "Web": 395}, "Net energy usage": "24.65 kW", "Open threads": 25, "Pool hashrate": "2579.77 MH/s", "Registered users": 85828, "Server CPU usage": 40.6, "Server RAM usage": 60.1, "Server version": 3.0, "Top 10 richest miners": ["39089108.73070239 DUCO - bscDUCO", "20119945.00125 DUCO - viviana80", "14965357.425395073 DUCO - Ochios", "13674752.17856738 DUCO - ctecrypto", "11692429.559071772 DUCO - QQ44142894", "10759939.638689265 DUCO - fiorella71", "8125736.123916335 DUCO - Orion_0x43b", "6806627.448681771 DUCO - lordachoo", "4267666.823 DUCO - Demoel", "3897617.2068999996 DUCO - AlmarRido"], "XXHASH hashrate": "0 H/s"}