{"Duino-Coin Server API": "github.com/revoxhere/duino-coin", "Server version": 2.6, "Active connections": 12399, "Open threads": 32, "Server CPU usage": 75.0, "Server RAM usage": 64.3, "Last update": "17/08/2021 10:28:48 (UTC)", "Net energy usage": "54.61 kW", "Pool hashrate": "8.4905 GH/s", "DUCO-S1 hashrate": "8.3 GH/s", "XXHASH hashrate": "142.2 MH/s", "Duco price": 0.01876683, "Duco price XMG": 0.01876683, "Duco price BCH": 0.00172125, "Duco price TRX": 0.0018203, "Duco price XRP": 0.0021175, "Duco price DGB": 0.00207138, "Duco price NANO": 0.0015775, "Duco Node-S price": 0.003, "Duco JustSwap price": 0.00729699, "Duco PancakeSwap price": 0.00420784, "Registered users": 20112, "All-time mined DUCO": 5809591.082825661, "Current difficulty": 453377, "Mined blocks": 10881104322, "Last block hash": "66fb4e183e", "Kolka": {"Jailed": 0, "Banned": 417}, "Miner distribution": {"GPU": 8, "CPU": 4264, "RPi": 696, "ESP32": 2401, "ESP8266": 5645, "Arduino": 527, "Other": 803}, "Top 10 richest miners": ["551930.4895859279 DUCO - bscDUCO", "169741.7419356001 DUCO - Bacman", "132354.35377963257 DUCO - coinexchange", "120106.99999999886 DUCO - WannaCry", "113134.164321305 DUCO - amornlit", "101401.17791420905 DUCO - 52Pickup", "86158.58772899676 DUCO - caancom", "52593.44651988994 DUCO - zero0", "50328.99879275615 DUCO - rootbori", "50288.45762651612 DUCO - duinocrfsh"]}