{"Active connections": 1086, "All-time mined DUCO": 19741229.13829517, "Current difficulty": 75000, "DUCO-S1 hashrate": "1177.9 MH/s", "Duco JustSwap price": 8.68e-05, "Duco Node-S price": 2.1e-05, "Duco PancakeSwap price": 0.000594663, "Duco SushiSwap price": 0.000356015, "Duco price": 0.000594663, "Duco price BCH": 3.374e-05, "Duco price DGB": 0.0, "Duco price NANO": 1.436e-05, "Duco price RVN": 0.0, "Duco price TRX": 7.828e-05, "Duco price XMG": 0.00025832, "Duco price XRP": 0.0, "Duino-Coin Server API": "github.com/revoxhere/duino-coin", "Kolka": {"Banned": 729, "Jailed": 24}, "Last block hash": "2eb3f8271c", "Last sync": 1640668312.0597973, "Last update": "28/12/2021 05:11:52 (UTC)", "Mined blocks": 71758425689, "Miner distribution": {"All": 27956, "Arduino": 6699, "CPU": 3373, "ESP32": 7262, "ESP8266": 7458, "GPU": 0, "Other": 13, "Phone": 267, "RPi": 1915, "Web": 969}, "Net energy usage": "33.44 kW", "Open threads": 21, "Pool hashrate": "1177.95 MH/s", "Registered users": 32488, "Server CPU usage": 56.1, "Server RAM usage": 46.9, "Server version": 2.7, "Top 10 richest miners": ["4918019.028698741 DUCO - bscDUCO", "530737.5372981913 DUCO - NodeSBroker", "497904.201771618 DUCO - coinexchange", "397162.15067505674 DUCO - James_themac", "302284.54824937676 DUCO - bloomindark", "300520.321607231 DUCO - 52Pickup", "300024.3236245991 DUCO - bimbasimba94", "252669.67557359015 DUCO - miningvir", "207342.99044323756 DUCO - maticDUCO", "190582.057104081 DUCO - celoDUCO"], "XXHASH hashrate": "0 H/s"}