{"Active connections": 640, "All-time mined DUCO": 19315787.5466879, "Current difficulty": 125000, "DUCO-S1 hashrate": "1297.6 MH/s", "Duco JustSwap price": 0.00111849, "Duco Node-S price": 5.1e-05, "Duco PancakeSwap price": 0.000594663, "Duco SushiSwap price": 0.000356015, "Duco price": 0.00111924, "Duco price BCH": 0.00028237, "Duco price DGB": 0.0, "Duco price NANO": 4.94e-05, "Duco price RVN": 0.0, "Duco price TRX": 0.00033415, "Duco price XMG": 0.00096395, "Duco price XRP": 0.0, "Duino-Coin Server API": "github.com/revoxhere/duino-coin", "Kolka": {"Banned": 704, "Jailed": 24}, "Last block hash": "2eb3f8271c", "Last update": "27/11/2021 17:43:07 (UTC)", "Mined blocks": 49150118717, "Miner distribution": {"All": 36271, "Arduino": 6368, "CPU": 3722, "ESP32": 10345, "ESP8266": 12422, "GPU": 0, "Other": 37, "Phone": 558, "RPi": 2132, "Web": 687}, "Net energy usage": "39.44 kW", "Open threads": 24, "Pool hashrate": "1297.62 MH/s", "Registered users": 26528, "Server CPU usage": 46.2, "Server RAM usage": 43.8, "Server version": 2.7, "Top 10 richest miners": ["3827227.31113533 DUCO - bscDUCO", "1339142.5181483298 DUCO - coinexchange", "591828.674936279 DUCO - NodeSBroker", "351150.32673709 DUCO - James_themac", "300520.321607231 DUCO - 52Pickup", "188488.057104081 DUCO - celoDUCO", "170241.298916613 DUCO - Bacman", "146184.79129489898 DUCO - maticDUCO", "119999.999999999 DUCO - rootbori", "113387.35117249 DUCO - amornlit"], "XXHASH hashrate": "0 H/s"}