{"Active connections": 1024, "All-time mined DUCO": 736270904.9451563, "Current difficulty": 200000, "DUCO-S1 hashrate": "1.98 GH/s", "Duco FluffySwap price": 8.05e-06, "Duco Furim price": 0.0, "Duco Node-S price": 0.0, "Duco PancakeSwap price": 8.57789e-06, "Duco SunSwap price": 9.361e-05, "Duco SushiSwap price": 1.2962107682626e-05, "Duco UbeSwap price": 1.1191491992827553e-05, "Duco price": 0.00017458, "Duco price BCH": 0.00013434, "Duco price NANO": 0.00017458, "Duco price TRX": 1.151e-05, "Duco price XMG": 3.867e-05, "Duino-Coin Server API": "github.com/revoxhere/duino-coin", "Kolka": {"Banned": 5968, "Jailed": 183}, "Last block hash": "8de4bc0b3fa1580ec7f3421feb9644fc8ead02b8", "Last sync": 1718726102.6891403, "Last update": "18/06/2024 15:55:02 (UTC)", "Mined blocks": 528426422679, "Miner distribution": {"All": 18370, "Arduino": 2422, "CPU": 960, "ESP32": 7560, "ESP8266": 5982, "GPU": 0, "Other": 11, "Phone": 10, "RPi": 1239, "Web": 186}, "Net energy usage": "14.86 kW", "Open threads": 27, "Pool hashrate": "1980.267 MH/s", "Registered users": 103166, "Server CPU usage": 59.6, "Server RAM usage": 90.9, "Server version": 4.0, "Top 10 richest miners": ["249919766.96484 DUCO - coinexchange", "80429680.78550309 DUCO - bscDUCO", "29547802.707830127 DUCO - AlmarRido", "24635208.6964704 DUCO - Flowen1985", "20120447.6942 DUCO - viviana80", "18547185.805999998 DUCO - bimbasimba94", "14898330.075413143 DUCO - aimbert", "14846800.535034783 DUCO - ctecrypto", "14173428.508071227 DUCO - duinousa", "12721940.59109726 DUCO - QQ44142894"], "XXHASH hashrate": "0 H/s"}