{"Active connections": 1855, "All-time mined DUCO": 52002759.08180031, "Current difficulty": 1000000, "DUCO-S1 hashrate": "4.2 GH/s", "Duco Furim price": 0.0, "Duco Node-S price": 0.0, "Duco PancakeSwap price": 8.4e-05, "Duco SunSwap price": 0.000514, "Duco SushiSwap price": 2.4e-05, "Duco UbeSwap price": 0.000304, "Duco price": 0.000773, "Duco price BCH": 9e-06, "Duco price NANO": 5.2e-05, "Duco price TRX": 1.6e-05, "Duco price XMG": 6.4e-05, "Duino-Coin Server API": "github.com/revoxhere/duino-coin", "Kolka": {"Banned": 745, "Jailed": 47}, "Last block hash": "2eb3f8271cd947cdd6469be145558a7bcb72e0d9", "Last sync": 1650961615.9504488, "Last update": "26/04/2022 08:26:57 (UTC)", "Mined blocks": 163744002068, "Miner distribution": {"All": 40527, "Arduino": 6359, "CPU": 3537, "ESP32": 12762, "ESP8266": 15233, "GPU": 0, "Other": 93, "Phone": 154, "RPi": 1995, "Web": 394}, "Net energy usage": "40.02 kW", "Open threads": 21, "Pool hashrate": "4170.29 MH/s", "Registered users": 71310, "Server CPU usage": 36.0, "Server RAM usage": 54.6, "Server version": 3.0, "Top 10 richest miners": ["22801262.103153344 DUCO - bscDUCO", "6349650.305377089 DUCO - Ochios", "3980708.4120304678 DUCO - coinexchange", "3000203.0097926487 DUCO - varanese67", "2751693.403101747 DUCO - QQ44142894", "2210290.409037197 DUCO - vyrdudji", "1242036.392057218 DUCO - maticDUCO", "1213338.0993474396 DUCO - ivanrpz", "1209839.3043566686 DUCO - James_themac", "957617.2575010532 DUCO - econnaty"], "XXHASH hashrate": "0 H/s"}