{"Active connections": 1573, "All-time mined DUCO": 738686923.897513, "Current difficulty": 75000, "DUCO-S1 hashrate": "2.173 GH/s", "Duco FluffySwap price": 2.737e-06, "Duco Furim price": 0.0, "Duco Node-S price": 0.0, "Duco PancakeSwap price": 7.49996e-06, "Duco SunSwap price": 0.00014478, "Duco SushiSwap price": 1.07436e-05, "Duco UbeSwap price": 2.745467541750601e-05, "Duco price": 0.00014478, "Duco price BCH": 3.92e-06, "Duco price NANO": 1.73e-06, "Duco price TRX": 2.7e-06, "Duco price XMG": 0.0, "Duino-Coin Server API": "github.com/revoxhere/duino-coin", "Kolka": {"Banned": 1357, "Jailed": 121}, "Last block hash": "8de4bc0b3fa1580ec7f3421feb9644fc8ead02b8", "Last sync": 1683831087.5238042, "Last update": "11/05/2023 18:51:30 (UTC)", "Mined blocks": 399896018620, "Miner distribution": {"All": 24522, "Arduino": 2929, "CPU": 938, "ESP32": 10792, "ESP8266": 8102, "GPU": 0, "Other": 5, "Phone": 8, "RPi": 1513, "Web": 235}, "Net energy usage": "17.7 kW", "Open threads": 24, "Pool hashrate": "2173.047 MH/s", "Registered users": 92617, "Server CPU usage": 65.8, "Server RAM usage": 48.0, "Server version": 3.0, "Top 10 richest miners": ["495743830.67087966 DUCO - coinexchange", "435509995.1923243 DUCO - coinexchange", "54859385.49839266 DUCO - bscDUCO", "20119947.6942 DUCO - viviana80", "15115368.927099999 DUCO - Ochios", "14307210.461 DUCO - ctecrypto", "12720440.559071772 DUCO - QQ44142894", "10759939.638689265 DUCO - fiorella71", "8655810.586 DUCO - Graubaki", "8125736.123916335 DUCO - Orion_0x43b"], "XXHASH hashrate": "0 H/s"}