{"Active connections": 923, "All-time mined DUCO": 84976868.3528584, "Current difficulty": 1000000, "DUCO-S1 hashrate": "3.0 GH/s", "Duco Furim price": 0.0, "Duco Node-S price": 0.0, "Duco PancakeSwap price": 7.1e-05, "Duco SunSwap price": 4.5e-05, "Duco SushiSwap price": 1.8e-05, "Duco UbeSwap price": 3.5e-05, "Duco price": 8.7e-05, "Duco price BCH": 1.9e-05, "Duco price NANO": 1.6e-05, "Duco price TRX": 1.4e-05, "Duco price XMG": 8.7e-05, "Duino-Coin Server API": "github.com/revoxhere/duino-coin", "Kolka": {"Banned": 927, "Jailed": 64}, "Last block hash": "2eb3f8271cd947cdd6469be145558a7bcb72e0d9", "Last sync": 1658006070.7469108, "Last update": "16/07/2022 21:14:32 (UTC)", "Mined blocks": 224420574346, "Miner distribution": {"All": 35326, "Arduino": 4463, "CPU": 2193, "ESP32": 12037, "ESP8266": 14846, "GPU": 0, "Other": 67, "Phone": 53, "RPi": 1406, "Web": 261}, "Net energy usage": "29.57 kW", "Open threads": 22, "Pool hashrate": "2972.12 MH/s", "Registered users": 74417, "Server CPU usage": 37.3, "Server RAM usage": 51.1, "Server version": 3.0, "Top 10 richest miners": ["49084285.4773967 DUCO - coinexchange", "37087619.622689165 DUCO - bscDUCO", "16868017.42740215 DUCO - Ochios", "7753926.804920859 DUCO - ctecrypto", "6974991.289071771 DUCO - QQ44142894", "3883534.5371776973 DUCO - renderman", "2368507.0 DUCO - Brunomoyses23", "2210288.9385462017 DUCO - vyrdudji", "2070152.565 DUCO - CryptSino_Exchange", "1419614.5421398599 DUCO - maticDUCO"], "XXHASH hashrate": "0 H/s"}