{"Active connections": 1045, "All-time mined DUCO": 759166847.9930762, "Current difficulty": 200000, "DUCO-S1 hashrate": "1.798 GH/s", "Duco FluffySwap price": 1.8781e-05, "Duco Furim price": 0.0, "Duco Node-S price": 0.0, "Duco PancakeSwap price": 1.31425e-05, "Duco SunSwap price": 2.568e-05, "Duco SushiSwap price": 8.987494203495e-06, "Duco UbeSwap price": 1.568e-05, "Duco price": 3.591e-05, "Duco price BCH": 0.0, "Duco price NANO": 0.0, "Duco price TRX": 2.684e-05, "Duco price XMG": 3.591e-05, "Duino-Coin Server API": "github.com/revoxhere/duino-coin", "Kolka": {"Banned": 6018, "Jailed": 189}, "Last block hash": "8de4bc0b3fa1580ec7f3421feb9644fc8ead02b8", "Last sync": 1723993880.651047, "Last update": "18/08/2024 15:11:20 (UTC)", "Mined blocks": 544207362839, "Miner distribution": {"All": 14663, "Arduino": 1872, "CPU": 713, "ESP32": 4837, "ESP8266": 5981, "GPU": 0, "Other": 7, "Phone": 8, "RPi": 1115, "Web": 130}, "Net energy usage": "11.84 kW", "Open threads": 29, "Pool hashrate": "1797.668 MH/s", "Registered users": 105217, "Server CPU usage": 72.3, "Server RAM usage": 87.5, "Server version": 4.0, "Top 10 richest miners": ["237465852.56008548 DUCO - coinexchange", "83493898.19825932 DUCO - bscDUCO", "30855598.808 DUCO - Flowen1985", "28000980.1298474 DUCO - AlmarRido", "18280977.178 DUCO - bimbasimba94", "16096358.288900001 DUCO - viviana80", "14928199.155445725 DUCO - aimbert", "14847133.194062889 DUCO - ctecrypto", "12721940.665481606 DUCO - QQ44142894", "11342372.624737132 DUCO - duinousa"], "XXHASH hashrate": "0 H/s"}