{"Active connections": 13244, "All-time mined DUCO": 18271889.07632124, "Current difficulty": 125000, "DUCO-S1 hashrate": "1179.8 MH/s", "Duco JustSwap price": 0.00039729, "Duco Node-S price": 0.00013, "Duco PancakeSwap price": 0.000656946, "Duco SushiSwap price": 0.000469464, "Duco price": 0.00081815, "Duco price BCH": 0.00027967, "Duco price DGB": 0.0, "Duco price NANO": 0.00018935, "Duco price RVN": 0.0, "Duco price TRX": 0.00035397, "Duco price XMG": 0.00079694, "Duco price XRP": 0.0, "Duino-Coin Server API": "github.com/revoxhere/duino-coin", "Kolka": {"Banned": 685, "Jailed": 24}, "Last block hash": "2eb3f8271c", "Last update": "19/11/2021 01:51:01 (UTC)", "Mined blocks": 44226286644, "Miner distribution": {"All": 33482, "Arduino": 5866, "CPU": 3222, "ESP32": 10058, "ESP8266": 12053, "GPU": 0, "Other": 39, "Phone": 349, "RPi": 1895, "Web": 0}, "Net energy usage": "34.76 kW", "Open threads": 24, "Pool hashrate": "1179.83 MH/s", "Registered users": 24891, "Server CPU usage": 40.9, "Server RAM usage": 43.0, "Server version": 2.7, "Top 10 richest miners": ["3370669.637995882 DUCO - bscDUCO", "1290225.9620902191 DUCO - coinexchange", "591776.703081775 DUCO - NodeSBroker", "351150.1606789791 DUCO - James_themac", "300520.1555491204 DUCO - 52Pickup", "240212.04987169153 DUCO - bimbasimba94", "188487.89104597003 DUCO - celoDUCO", "170241.13285850236 DUCO - Bacman", "127755.21076340375 DUCO - maticDUCO", "123387.18511437952 DUCO - amornlit"], "XXHASH hashrate": "0 H/s"}