{"Duino-Coin Server API": "github.com/revoxhere/duino-coin", "Server version": 2.6, "Active connections": 8743, "Open threads": 27, "Server CPU usage": 66.8, "Server RAM usage": 49.9, "Last update": "16/08/2021 16:51:41 (UTC)", "Net energy usage": "31.7 kW", "Pool hashrate": "588.8573 MH/s", "DUCO-S1 hashrate": "568.2 MH/s", "XXHASH hashrate": "20.6 MH/s", "Duco price": 0.018767, "Duco price XMG": 0.01876683, "Duco price BCH": 0.0017196, "Duco price TRX": 0.00184594, "Duco price XRP": 0.0021525, "Duco price DGB": 0.00211728, "Duco Node-S price": 0.018767, "Duco JustSwap price": 0.00739977, "Duco PancakeSwap price": 0.00420784, "Registered users": 20003, "All-time mined DUCO": 5728285.619638562, "Current difficulty": 449926, "Mined blocks": 10798260340, "Last block hash": "8e9cfc8c1f", "Kolka": {"Jailed": 0, "Banned": 417}, "Miner distribution": {"GPU": 0, "CPU": 2667, "RPi": 746, "ESP32": 1617, "ESP8266": 2376, "Arduino": 1012, "Other": 76}, "Top 10 richest miners": ["546130.419585928 DUCO - bscDUCO", "169738.28114064544 DUCO - Bacman", "113110.4763648595 DUCO - amornlit", "110093.71377963256 DUCO - coinexchange", "100106.99999999886 DUCO - WannaCry", "100101.13453716449 DUCO - 52Pickup", "86152.81435513613 DUCO - caancom", "50328.93139333234 DUCO - rootbori", "50288.45762651612 DUCO - duinocrfsh", "47119.90790638301 DUCO - chipsa"]}