{"Active connections": 1229, "All-time mined DUCO": 235266641.5149452, "Current difficulty": 75000, "DUCO-S1 hashrate": "2.2 GH/s", "Duco FluffySwap price": 3.766e-06, "Duco Furim price": 0.0, "Duco Node-S price": 0.0, "Duco PancakeSwap price": 2.86131e-05, "Duco SunSwap price": 6.416e-05, "Duco SushiSwap price": 6.72233e-06, "Duco UbeSwap price": 2.8687163822298956e-05, "Duco price": 6.416e-05, "Duco price BCH": 5.38e-06, "Duco price NANO": 3.66e-06, "Duco price TRX": 5.31e-06, "Duco price XMG": 0.0, "Duino-Coin Server API": "github.com/revoxhere/duino-coin", "Kolka": {"Banned": 1297, "Jailed": 101}, "Last block hash": "8de4bc0b3fa1580ec7f3421feb9644fc8ead02b8", "Last sync": 1676512329.9325063, "Last update": "16/02/2023 01:52:12 (UTC)", "Mined blocks": 356236388031, "Miner distribution": {"All": 29892, "Arduino": 3329, "CPU": 943, "ESP32": 11884, "ESP8266": 11763, "GPU": 0, "Other": 9, "Phone": 19, "RPi": 1595, "Web": 350}, "Net energy usage": "20.34 kW", "Open threads": 26, "Pool hashrate": "2189.18 MH/s", "Registered users": 88935, "Server CPU usage": 46.2, "Server RAM usage": 63.7, "Server version": 3.0, "Top 10 richest miners": ["43908735.867 DUCO - AlmarRido", "41486967.794576176 DUCO - bscDUCO", "20119946.6942 DUCO - viviana80", "15115363.695 DUCO - Ochios", "13726057.191486456 DUCO - coinexchange", "11692429.559071772 DUCO - QQ44142894", "11575849.27 DUCO - infternet", "10759939.638689265 DUCO - fiorella71", "8125736.123916335 DUCO - Orion_0x43b", "6819172.343133596 DUCO - lordachoo"], "XXHASH hashrate": "0 H/s"}