{"Active connections": 8558, "All-time mined DUCO": 17308038.944927897, "Current difficulty": 125000, "DUCO-S1 hashrate": "1246.0 MH/s", "Duco JustSwap price": 0.00093068, "Duco Node-S price": 5.1e-05, "Duco PancakeSwap price": 0.000656946, "Duco SushiSwap price": 0.000469464, "Duco price": 0.004545, "Duco price BCH": 0.00032095, "Duco price DGB": 0.0, "Duco price NANO": 0.0044175, "Duco price RVN": 0.0, "Duco price TRX": 0.00116336, "Duco price XMG": 0.00168272, "Duco price XRP": 0.0, "Duino-Coin Server API": "github.com/revoxhere/duino-coin", "Kolka": {"Banned": 680, "Jailed": 24}, "Last block hash": "65b3f612d0", "Last update": "10/11/2021 00:47:42 (UTC)", "Mined blocks": 40116167040, "Miner distribution": {"All": 35769, "Arduino": 6164, "CPU": 3205, "ESP32": 10866, "ESP8266": 12577, "GPU": 0, "Other": 21, "Phone": 289, "RPi": 2025, "Web": 622}, "Net energy usage": "36.14 kW", "Open threads": 24, "Pool hashrate": "1245.97 MH/s", "Registered users": 23227, "Server CPU usage": 42.6, "Server RAM usage": 38.8, "Server version": 2.7, "Top 10 richest miners": ["3332466.804393871 DUCO - bscDUCO", "1016014.6500902195 DUCO - coinexchange", "587441.6081317749 DUCO - NodeSBroker", "522520.1555491204 DUCO - 52Pickup", "401103.9805983986 DUCO - James_themac", "188487.89104597003 DUCO - celoDUCO", "170241.13285850236 DUCO - Bacman", "123387.18511437952 DUCO - amornlit", "119999.99999999892 DUCO - rootbori", "116055.19777253376 DUCO - maticDUCO"], "XXHASH hashrate": "0 H/s"}