{"Active connections": 999, "All-time mined DUCO": 19675023.650987666, "Current difficulty": 75000, "DUCO-S1 hashrate": "1512.5 MH/s", "Duco JustSwap price": 9.061e-05, "Duco Node-S price": 5.7e-05, "Duco PancakeSwap price": 0.000594663, "Duco SushiSwap price": 0.000356015, "Duco price": 0.000594663, "Duco price BCH": 3.394e-05, "Duco price DGB": 0.0, "Duco price NANO": 1.451e-05, "Duco price RVN": 0.0, "Duco price TRX": 8.171e-05, "Duco price XMG": 0.00026698, "Duco price XRP": 0.0, "Duino-Coin Server API": "github.com/revoxhere/duino-coin", "Kolka": {"Banned": 725, "Jailed": 24}, "Last block hash": "2eb3f8271c", "Last update": "27/12/2021 00:04:19 (UTC)", "Mined blocks": 70791279767, "Miner distribution": {"All": 30722, "Arduino": 7226, "CPU": 4471, "ESP32": 6989, "ESP8266": 7988, "GPU": 0, "Other": 78, "Phone": 274, "RPi": 2792, "Web": 904}, "Net energy usage": "42.04 kW", "Open threads": 21, "Pool hashrate": "1512.49 MH/s", "Registered users": 32102, "Server CPU usage": 54.2, "Server RAM usage": 46.1, "Server version": 2.7, "Top 10 richest miners": ["4812435.35469874 DUCO - bscDUCO", "530637.5372981913 DUCO - NodeSBroker", "490266.491771618 DUCO - coinexchange", "397162.15067505674 DUCO - James_themac", "301889.1633038584 DUCO - bloomindark", "300520.321607231 DUCO - 52Pickup", "300011.21808537754 DUCO - bimbasimba94", "252293.04148783523 DUCO - miningvir", "205893.99044323756 DUCO - maticDUCO", "190582.057104081 DUCO - celoDUCO"], "XXHASH hashrate": "0 H/s"}