{"Active connections": 1064, "All-time mined DUCO": 19208455.77573216, "Current difficulty": 75000, "DUCO-S1 hashrate": "1950.5 MH/s", "Duco JustSwap price": 8.54e-05, "Duco Node-S price": 2.1e-05, "Duco PancakeSwap price": 0.000471918, "Duco SushiSwap price": 0.000116574, "Duco price": 0.000471918, "Duco price BCH": 2.175e-05, "Duco price NANO": 1.432e-05, "Duco price TRX": 7.701e-05, "Duco price XMG": 0.00032764, "Duino-Coin Server API": "github.com/revoxhere/duino-coin", "Kolka": {"Banned": 771, "Jailed": 24}, "Last block hash": "2eb3f8271c", "Last sync": 1641312727.1766286, "Last update": "04/01/2022 16:12:07 (UTC)", "Mined blocks": 77269064133, "Miner distribution": {"All": 34015, "Arduino": 6988, "CPU": 5545, "ESP32": 7395, "ESP8266": 9067, "GPU": 0, "Other": 34, "Phone": 396, "RPi": 2532, "Web": 2058}, "Net energy usage": "50.13 kW", "Open threads": 21, "Pool hashrate": "1950.46 MH/s", "Registered users": 37208, "Server CPU usage": 65.3, "Server RAM usage": 44.9, "Server version": 2.7, "Top 10 richest miners": ["6027634.352131509 DUCO - bscDUCO", "530806.5372981913 DUCO - NodeSBroker", "397162.15067505674 DUCO - James_themac", "305901.83550259995 DUCO - bimbasimba94", "300520.321607231 DUCO - 52Pickup", "205225.64124778754 DUCO - maticDUCO", "190582.057104081 DUCO - celoDUCO", "170241.298916613 DUCO - Bacman", "120000.999999999 DUCO - rootbori", "101526.7604468778 DUCO - haxorcitoz"], "XXHASH hashrate": "0 H/s"}