{"Active connections": 2200, "All-time mined DUCO": 19346841.644226324, "Current difficulty": 75000, "DUCO-S1 hashrate": "2408.1 MH/s", "Duco JustSwap price": 0.00011996, "Duco Node-S price": 2.1e-05, "Duco PancakeSwap price": 0.000257917, "Duco SushiSwap price": 0.000665206, "Duco price": 0.000665206, "Duco price BCH": 2.119e-05, "Duco price NANO": 1.17e-05, "Duco price TRX": 8.401e-05, "Duco price XMG": 0.00042774, "Duino-Coin Server API": "github.com/revoxhere/duino-coin", "Kolka": {"Banned": 772, "Jailed": 25}, "Last block hash": "2eb3f8271c", "Last sync": 1642137646.9385154, "Last update": "14/01/2022 05:20:46 (UTC)", "Mined blocks": 84149301347, "Miner distribution": {"All": 36885, "Arduino": 6780, "CPU": 6590, "ESP32": 6282, "ESP8266": 10531, "GPU": 0, "Other": 51, "Phone": 689, "RPi": 3047, "Web": 2915}, "Net energy usage": "58.74 kW", "Open threads": 21, "Pool hashrate": "2408.08 MH/s", "Registered users": 44734, "Server CPU usage": 46.7, "Server RAM usage": 50.6, "Server version": 2.7, "Top 10 richest miners": ["6575335.771145538 DUCO - bscDUCO", "532455.820632083 DUCO - NodeSBroker", "397162.15067505674 DUCO - James_themac", "305963.7483563005 DUCO - bimbasimba94", "203878.0330053212 DUCO - maticDUCO", "190582.057104081 DUCO - celoDUCO", "170241.298916613 DUCO - Bacman", "120000.999999999 DUCO - rootbori", "101716.17220858112 DUCO - haxorcitoz", "92983.45012467373 DUCO - caancom"], "XXHASH hashrate": "0 H/s"}