{"Active connections": 1093, "All-time mined DUCO": 739209940.540467, "Current difficulty": 200000, "DUCO-S1 hashrate": "2.386 GH/s", "Duco FluffySwap price": 0.0, "Duco Furim price": 0.0, "Duco Node-S price": 0.0, "Duco PancakeSwap price": 8.57789e-06, "Duco SunSwap price": 9.317e-05, "Duco SushiSwap price": 1.2962107682626e-05, "Duco UbeSwap price": 1.1191491992827553e-05, "Duco price": 0.000258, "Duco price BCH": 0.0001671, "Duco price NANO": 0.000258, "Duco price TRX": 1.146e-05, "Duco price XMG": 0.0, "Duino-Coin Server API": "github.com/revoxhere/duino-coin", "Kolka": {"Banned": 5949, "Jailed": 182}, "Last block hash": "8de4bc0b3fa1580ec7f3421feb9644fc8ead02b8", "Last sync": 1717546246.7864864, "Last update": "05/06/2024 00:10:46 (UTC)", "Mined blocks": 524820563154, "Miner distribution": {"All": 17905, "Arduino": 2349, "CPU": 959, "ESP32": 7299, "ESP8266": 5960, "GPU": 0, "Other": 10, "Phone": 12, "RPi": 1170, "Web": 146}, "Net energy usage": "14.56 kW", "Open threads": 27, "Pool hashrate": "2386.308 MH/s", "Registered users": 102654, "Server CPU usage": 99.9, "Server RAM usage": 90.8, "Server version": 4.0, "Top 10 richest miners": ["79143909.78550309 DUCO - bscDUCO", "30792510.456 DUCO - Flowen1985", "30547485.689035717 DUCO - AlmarRido", "20119947.6942 DUCO - viviana80", "18545685.805999998 DUCO - bimbasimba94", "14898327.508602925 DUCO - aimbert", "14844243.460762912 DUCO - ctecrypto", "12720440.585598174 DUCO - QQ44142894", "11315812.948637735 DUCO - duinousa", "11015478.642 DUCO - Rafa2000"], "XXHASH hashrate": "0 H/s"}