{"Active connections": 1344, "All-time mined DUCO": 84231765.25173606, "Current difficulty": 1000000, "DUCO-S1 hashrate": "3.7 GH/s", "Duco Furim price": 0.0, "Duco Node-S price": 0.0, "Duco PancakeSwap price": 2.7e-05, "Duco SunSwap price": 6e-05, "Duco SushiSwap price": 3.3e-05, "Duco UbeSwap price": 2.9e-05, "Duco price": 8.7e-05, "Duco price BCH": 3e-06, "Duco price NANO": 1.5e-05, "Duco price TRX": 1e-05, "Duco price XMG": 8.7e-05, "Duino-Coin Server API": "github.com/revoxhere/duino-coin", "Kolka": {"Banned": 854, "Jailed": 48}, "Last block hash": "2eb3f8271cd947cdd6469be145558a7bcb72e0d9", "Last sync": 1654203525.322134, "Last update": "02/06/2022 20:58:47 (UTC)", "Mined blocks": 192578883541, "Miner distribution": {"All": 40171, "Arduino": 5456, "CPU": 3087, "ESP32": 13412, "ESP8266": 16007, "GPU": 0, "Other": 70, "Phone": 79, "RPi": 1633, "Web": 427}, "Net energy usage": "37.06 kW", "Open threads": 21, "Pool hashrate": "3694.79 MH/s", "Registered users": 75946, "Server CPU usage": 41.7, "Server RAM usage": 52.6, "Server version": 3.0, "Top 10 richest miners": ["29605954.594722692 DUCO - bscDUCO", "17779500.0 DUCO - Ochios", "6974991.289071771 DUCO - QQ44142894", "5909236.483396724 DUCO - coinexchange", "4412818.460820614 DUCO - ctecrypto", "4007890.162049321 DUCO - Demoel", "3660031.672139856 DUCO - maticDUCO", "2210288.9385462017 DUCO - vyrdudji", "2145583.939989997 DUCO - jules_pilot", "2091979.3138396414 DUCO - CryptSino_Exchange"], "XXHASH hashrate": "0 H/s"}