{"Duino-Coin Server API": "github.com/revoxhere/duino-coin", "Server version": 2.6, "Active connections": 9029, "Open threads": 23, "Server CPU usage": 59.4, "Server RAM usage": 53.4, "Last update": "16/08/2021 21:43:58 (UTC)", "Net energy usage": "7.88 kW", "Pool hashrate": "160.0538 MH/s", "DUCO-S1 hashrate": "159.9 MH/s", "XXHASH hashrate": "177.0 kH/s", "Duco price": 0.018767, "Duco price XMG": 0.01876683, "Duco price BCH": 0.0017026, "Duco price TRX": 0.00181108, "Duco price XRP": 0.0020825, "Duco price DGB": 0.00205515, "Duco Node-S price": 0.018767, "Duco JustSwap price": 0.00726003, "Duco PancakeSwap price": 0.00420784, "Registered users": 20032, "All-time mined DUCO": 5782206.92529068, "Current difficulty": 450961, "Mined blocks": 10823049654, "Last block hash": "afcbe4ea39", "Kolka": {"Jailed": 0, "Banned": 417}, "Miner distribution": {"GPU": 0, "CPU": 241, "RPi": 109, "ESP32": 1769, "ESP8266": 2846, "Arduino": 496, "Other": 51}, "Top 10 richest miners": ["548339.569585928 DUCO - bscDUCO", "169740.96534306876 DUCO - Bacman", "122814.10377963255 DUCO - coinexchange", "120106.99999999886 DUCO - WannaCry", "113113.94238891464 DUCO - amornlit", "100101.13453716449 DUCO - 52Pickup", "86158.28913756851 DUCO - caancom", "52500.21777849294 DUCO - zero0", "50328.93139333234 DUCO - rootbori", "50288.45762651612 DUCO - duinocrfsh"]}