{"Active connections": 1719, "All-time mined DUCO": 18523271.039981283, "Current difficulty": 125000, "DUCO-S1 hashrate": "1248.3 MH/s", "Duco JustSwap price": 0.0003413, "Duco Node-S price": 5.1e-05, "Duco PancakeSwap price": 0.000656946, "Duco SushiSwap price": 0.000469464, "Duco price": 0.00105098, "Duco price BCH": 0.00029326, "Duco price DGB": 0.0, "Duco price NANO": 0.0001953, "Duco price RVN": 0.0, "Duco price TRX": 0.00037045, "Duco price XMG": 0.00063087, "Duco price XRP": 0.0, "Duino-Coin Server API": "github.com/revoxhere/duino-coin", "Kolka": {"Banned": 695, "Jailed": 24}, "Last block hash": "2eb3f8271c", "Last update": "21/11/2021 00:00:13 (UTC)", "Mined blocks": 45295320974, "Miner distribution": {"All": 35227, "Arduino": 6058, "CPU": 3436, "ESP32": 10798, "ESP8266": 12147, "GPU": 0, "Other": 33, "Phone": 294, "RPi": 2021, "Web": 440}, "Net energy usage": "37.13 kW", "Open threads": 24, "Pool hashrate": "1248.25 MH/s", "Registered users": 25265, "Server CPU usage": 44.6, "Server RAM usage": 45.8, "Server version": 2.7, "Top 10 richest miners": ["3415027.417895882 DUCO - bscDUCO", "1276824.2120902191 DUCO - coinexchange", "591776.703081775 DUCO - NodeSBroker", "351150.1606789791 DUCO - James_themac", "300520.1555491204 DUCO - 52Pickup", "240235.74485616433 DUCO - bimbasimba94", "188487.89104597003 DUCO - celoDUCO", "170241.13285850236 DUCO - Bacman", "130607.27959028867 DUCO - maticDUCO", "123387.18511437952 DUCO - amornlit"], "XXHASH hashrate": "0 H/s"}