{"Active connections": 1198, "All-time mined DUCO": 236285614.97733477, "Current difficulty": 75000, "DUCO-S1 hashrate": "2.4 GH/s", "Duco FluffySwap price": 3.6119999999999995e-06, "Duco Furim price": 0.0, "Duco Node-S price": 0.0, "Duco PancakeSwap price": 3.17471e-05, "Duco SunSwap price": 5.907e-05, "Duco SushiSwap price": 6.48802e-06, "Duco UbeSwap price": 2.8567641015443758e-05, "Duco price": 5.907e-05, "Duco price BCH": 5.18e-06, "Duco price NANO": 3.44e-06, "Duco price TRX": 4.89e-06, "Duco price XMG": 0.0, "Duino-Coin Server API": "github.com/revoxhere/duino-coin", "Kolka": {"Banned": 1277, "Jailed": 100}, "Last block hash": "8de4bc0b3fa1580ec7f3421feb9644fc8ead02b8", "Last sync": 1675926247.374816, "Last update": "09/02/2023 07:04:12 (UTC)", "Mined blocks": 352648163453, "Miner distribution": {"All": 30961, "Arduino": 3756, "CPU": 1271, "ESP32": 12057, "ESP8266": 11875, "GPU": 0, "Other": 12, "Phone": 32, "RPi": 1596, "Web": 362}, "Net energy usage": "22.62 kW", "Open threads": 24, "Pool hashrate": "2375.47 MH/s", "Registered users": 88517, "Server CPU usage": 45.4, "Server RAM usage": 56.9, "Server version": 3.0, "Top 10 richest miners": ["49807513.302386284 DUCO - AlmarRido", "41539890.35752013 DUCO - bscDUCO", "20119946.6942 DUCO - viviana80", "16126318.702667484 DUCO - coinexchange", "15115363.695 DUCO - Ochios", "11692429.559071772 DUCO - QQ44142894", "10981053.27 DUCO - infternet", "10759939.638689265 DUCO - fiorella71", "8125736.123916335 DUCO - Orion_0x43b", "6817594.779213621 DUCO - lordachoo"], "XXHASH hashrate": "0 H/s"}