{"Active connections": 758, "All-time mined DUCO": 194804263.0724422, "Current difficulty": 75000, "DUCO-S1 hashrate": "2.2 GH/s", "Duco FluffySwap price": 3.689e-06, "Duco Furim price": 0.0, "Duco Node-S price": 0.0, "Duco PancakeSwap price": 2.40111e-05, "Duco SunSwap price": 6.33e-05, "Duco SushiSwap price": 8.26598e-06, "Duco UbeSwap price": 2.8687163822298956e-05, "Duco price": 6.33e-05, "Duco price BCH": 5.28e-06, "Duco price NANO": 3.6e-06, "Duco price TRX": 5.24e-06, "Duco price XMG": 0.0, "Duino-Coin Server API": "github.com/revoxhere/duino-coin", "Kolka": {"Banned": 1329, "Jailed": 114}, "Last block hash": "8de4bc0b3fa1580ec7f3421feb9644fc8ead02b8", "Last sync": 1677798189.8287663, "Last update": "02/03/2023 23:03:14 (UTC)", "Mined blocks": 364098259123, "Miner distribution": {"All": 29668, "Arduino": 3738, "CPU": 859, "ESP32": 11327, "ESP8266": 11910, "GPU": 0, "Other": 6, "Phone": 13, "RPi": 1540, "Web": 275}, "Net energy usage": "19.58 kW", "Open threads": 24, "Pool hashrate": "2201.62 MH/s", "Registered users": 89721, "Server CPU usage": 44.7, "Server RAM usage": 31.2, "Server version": 3.0, "Top 10 richest miners": ["506790134.26172054 DUCO - coinexchange", "41885570.794576176 DUCO - bscDUCO", "20119946.6942 DUCO - viviana80", "15115364.7271 DUCO - Ochios", "12283086.27 DUCO - infternet", "11692429.559071772 DUCO - QQ44142894", "10759939.638689265 DUCO - fiorella71", "8125736.123916335 DUCO - Orion_0x43b", "6822414.502694512 DUCO - lordachoo", "5390317.239189138 DUCO - msdo1006"], "XXHASH hashrate": "0 H/s"}