{"Duino-Coin Server API": "github.com/revoxhere/duino-coin", "Server version": 2.7, "Active connections": 6726, "Open threads": 24, "Server CPU usage": 69.1, "Server RAM usage": 29.4, "Last update": "06/09/2021 08:06:22 (UTC)", "Net energy usage": "54.58 kW", "Pool hashrate": "1130.2178 MH/s", "DUCO-S1 hashrate": "1103.2 MH/s", "XXHASH hashrate": "27.0 MH/s", "Duco price": 0.0077571, "Duco price XMG": 0.00155148, "Duco price BCH": 0.00143906, "Duco price RVN": 7.567e-05, "Duco price TRX": 0.00141314, "Duco price XRP": 0.00231, "Duco price DGB": 0.00126088, "Duco price NANO": 0.001332, "Duco price FJC": 0.0077571, "Duco Node-S price": 0.002149, "Duco JustSwap price": 0.00365588, "Duco PancakeSwap price": 0.00194971, "Registered users": 16672, "All-time mined DUCO": 8376454.315336506, "Current difficulty": 594468, "Mined blocks": 14267268249, "Last block hash": "730b6127b9", "Kolka": {"Jailed": 21, "Banned": 595}, "Miner distribution": {"GPU": 0, "CPU": 3595, "RPi": 1728, "Phone": 0, "Web": 1147, "ESP32": 5698, "ESP8266": 7540, "Arduino": 1942, "Other": 203}, "Top 10 richest miners": ["1791244.6980510252 DUCO - bscDUCO", "425733.33976936305 DUCO - coinexchange", "240000.1555491204 DUCO - 52Pickup", "182819.58639046128 DUCO - WannaCry", "169937.594875061 DUCO - Bacman", "119853.06109348279 DUCO - rootbori", "113387.18511437952 DUCO - amornlit", "86288.34926472024 DUCO - caancom", "51163.48342147676 DUCO - ducodoly", "50288.45762651612 DUCO - duinocrfsh"]}