{"Duino-Coin Server API": "github.com/revoxhere/duino-coin", "Server version": 2.7, "Active connections": 7239, "Open threads": 24, "Server CPU usage": 66.8, "Server RAM usage": 39.4, "Last update": "11/09/2021 18:42:29 (UTC)", "Net energy usage": "44.09 kW", "Pool hashrate": "846.0882 MH/s", "DUCO-S1 hashrate": "833.9 MH/s", "XXHASH hashrate": "12.2 MH/s", "Duco price": 0.00461009, "Duco price XMG": 0.00137058, "Duco price BCH": 0.00064336, "Duco price RVN": 0.00084675, "Duco price TRX": 0.00095346, "Duco price XRP": 0.0008175, "Duco price DGB": 0.00083113, "Duco price NANO": 0.0008062, "Duco price FJC": 0.00081844, "Duco Node-S price": 0.002076, "Duco JustSwap price": 0.00461009, "Duco PancakeSwap price": 0.0014763, "Registered users": 17226, "All-time mined DUCO": 9018560.2698783, "Current difficulty": 653763, "Mined blocks": 15690411350, "Last block hash": "730b6127b9", "Kolka": {"Jailed": 21, "Banned": 607}, "Miner distribution": {"GPU": 0, "CPU": 2802, "RPi": 1599, "Phone": 0, "Web": 1140, "ESP32": 4219, "ESP8266": 6148, "Arduino": 2937, "Other": 0}, "Top 10 richest miners": ["1803336.3120036249 DUCO - bscDUCO", "524729.35939 DUCO - coinexchange", "520520.1555491204 DUCO - 52Pickup", "169937.594875061 DUCO - Bacman", "119937.53509070358 DUCO - rootbori", "113387.18511437952 DUCO - amornlit", "86336.14417804408 DUCO - caancom", "53725.50306919871 DUCO - giveaways", "51543.79710294898 DUCO - ducodoly", "50288.45762651612 DUCO - duinocrfsh"]}