{"Active connections": 713, "All-time mined DUCO": 193943399.47471192, "Current difficulty": 75000, "DUCO-S1 hashrate": "2.4 GH/s", "Duco FluffySwap price": 3.724e-06, "Duco Furim price": 0.0, "Duco Node-S price": 0.0, "Duco PancakeSwap price": 2.19458e-05, "Duco SunSwap price": 6.318e-05, "Duco SushiSwap price": 8.77009e-06, "Duco UbeSwap price": 2.8687163822298956e-05, "Duco price": 6.318e-05, "Duco price BCH": 5.32e-06, "Duco price NANO": 3.59e-06, "Duco price TRX": 5.23e-06, "Duco price XMG": 0.0, "Duino-Coin Server API": "github.com/revoxhere/duino-coin", "Kolka": {"Banned": 1328, "Jailed": 114}, "Last block hash": "8de4bc0b3fa1580ec7f3421feb9644fc8ead02b8", "Last sync": 1677736698.0588324, "Last update": "02/03/2023 05:58:21 (UTC)", "Mined blocks": 363728222726, "Miner distribution": {"All": 29841, "Arduino": 3731, "CPU": 900, "ESP32": 11423, "ESP8266": 11863, "GPU": 0, "Other": 6, "Phone": 26, "RPi": 1576, "Web": 316}, "Net energy usage": "19.95 kW", "Open threads": 24, "Pool hashrate": "2375.76 MH/s", "Registered users": 89689, "Server CPU usage": 43.9, "Server RAM usage": 31.4, "Server version": 3.0, "Top 10 richest miners": ["508085669.42624557 DUCO - coinexchange", "41885570.794576176 DUCO - bscDUCO", "20119946.6942 DUCO - viviana80", "15115363.695 DUCO - Ochios", "12283086.27 DUCO - infternet", "11692429.559071772 DUCO - QQ44142894", "10759939.638689265 DUCO - fiorella71", "8125736.123916335 DUCO - Orion_0x43b", "6822235.280381618 DUCO - lordachoo", "5145271.109670414 DUCO - msdo1006"], "XXHASH hashrate": "0 H/s"}