{"Active connections": 805, "All-time mined DUCO": 159442301.87945044, "Current difficulty": 75000, "DUCO-S1 hashrate": "3.0 GH/s", "Duco FluffySwap price": 0.0, "Duco Furim price": 0.0, "Duco Node-S price": 0.0, "Duco PancakeSwap price": 5.48628e-05, "Duco SunSwap price": 4.589e-05, "Duco SushiSwap price": 6.07346e-05, "Duco UbeSwap price": 2.9153541987802427e-05, "Duco price": 6.07346e-05, "Duco price BCH": 1.545e-05, "Duco price NANO": 5.69e-06, "Duco price TRX": 4.96e-06, "Duco price XMG": 0.0, "Duino-Coin Server API": "github.com/revoxhere/duino-coin", "Kolka": {"Banned": 1154, "Jailed": 88}, "Last block hash": "8de4bc0b3fa1580ec7f3421feb9644fc8ead02b8", "Last sync": 1668998314.5307248, "Last update": "21/11/2022 02:38:39 (UTC)", "Mined blocks": 306783099383, "Miner distribution": {"All": 38895, "Arduino": 4554, "CPU": 1719, "ESP32": 13945, "ESP8266": 16543, "GPU": 0, "Other": 20, "Phone": 51, "RPi": 1682, "Web": 381}, "Net energy usage": "28.84 kW", "Open threads": 24, "Pool hashrate": "3048.56 MH/s", "Registered users": 83954, "Server CPU usage": 48.7, "Server RAM usage": 37.5, "Server version": 3.0, "Top 10 richest miners": ["38495483.43978844 DUCO - bscDUCO", "24145074.22012165 DUCO - coinexchange", "20119945.00125 DUCO - viviana80", "14965329.420931771 DUCO - Ochios", "13470229.207843 DUCO - ctecrypto", "11692429.559071772 DUCO - QQ44142894", "10759939.638689265 DUCO - fiorella71", "6700182.59698459 DUCO - lordachoo", "2567742.791300181 DUCO - RNGesus", "2368507.0 DUCO - Brunomoyses23"], "XXHASH hashrate": "0 H/s"}