{"Active connections": 1468, "All-time mined DUCO": 114869116.54958951, "Current difficulty": 75000, "DUCO-S1 hashrate": "3.2 GH/s", "Duco FluffySwap price": 2.1e-05, "Duco Furim price": 0.0, "Duco Node-S price": 0.0, "Duco PancakeSwap price": 3.7e-05, "Duco SunSwap price": 0.000131, "Duco SushiSwap price": 1.5e-05, "Duco UbeSwap price": 2.9e-05, "Duco price": 0.000131, "Duco price BCH": 3e-05, "Duco price NANO": 1.2e-05, "Duco price TRX": 1.5e-05, "Duco price XMG": 0.000109, "Duino-Coin Server API": "github.com/revoxhere/duino-coin", "Kolka": {"Banned": 1655, "Jailed": 84}, "Last block hash": "2eb3f8271cd947cdd6469be145558a7bcb72e0d9", "Last sync": 1663916993.7286022, "Last update": "23/09/2022 07:09:55 (UTC)", "Mined blocks": 266344948749, "Miner distribution": {"All": 38468, "Arduino": 4514, "CPU": 2018, "ESP32": 13801, "ESP8266": 16339, "GPU": 0, "Other": 15, "Phone": 28, "RPi": 1227, "Web": 526}, "Net energy usage": "29.89 kW", "Open threads": 22, "Pool hashrate": "3151.11 MH/s", "Registered users": 79426, "Server CPU usage": 53.2, "Server RAM usage": 61.4, "Server version": 3.0, "Top 10 richest miners": ["39721397.437422335 DUCO - bscDUCO", "15965309.807 DUCO - Ochios", "12860594.710321927 DUCO - ctecrypto", "6974991.289071771 DUCO - QQ44142894", "6695959.933 DUCO - varanese67", "6074168.949 DUCO - AlmarRido", "5913997.657686182 DUCO - coinexchange", "4783759.419 DUCO - RNGesus", "2574349.5607901653 DUCO - ThePurpleMadMan", "2368507.0 DUCO - Brunomoyses23"], "XXHASH hashrate": "0 H/s"}