{"Active connections": 892, "All-time mined DUCO": 739829750.8913224, "Current difficulty": 200000, "DUCO-S1 hashrate": "2.255 GH/s", "Duco FluffySwap price": 8.169e-06, "Duco Furim price": 0.0, "Duco Node-S price": 0.0, "Duco PancakeSwap price": 8.57789e-06, "Duco SunSwap price": 9.492e-05, "Duco SushiSwap price": 1.2962107682626e-05, "Duco UbeSwap price": 1.1191491992827553e-05, "Duco price": 0.0002134, "Duco price BCH": 0.00015788, "Duco price NANO": 0.0002134, "Duco price TRX": 1.167e-05, "Duco price XMG": 4.07e-05, "Duino-Coin Server API": "github.com/revoxhere/duino-coin", "Kolka": {"Banned": 5967, "Jailed": 182}, "Last block hash": "8de4bc0b3fa1580ec7f3421feb9644fc8ead02b8", "Last sync": 1718285910.741688, "Last update": "13/06/2024 13:38:30 (UTC)", "Mined blocks": 527096084403, "Miner distribution": {"All": 17849, "Arduino": 2444, "CPU": 937, "ESP32": 7211, "ESP8266": 5810, "GPU": 0, "Other": 14, "Phone": 12, "RPi": 1257, "Web": 164}, "Net energy usage": "14.5 kW", "Open threads": 27, "Pool hashrate": "2255.102 MH/s", "Registered users": 102999, "Server CPU usage": 52.0, "Server RAM usage": 89.4, "Server version": 4.0, "Top 10 richest miners": ["250268845.03717 DUCO - coinexchange", "79430419.78550309 DUCO - bscDUCO", "30794010.456 DUCO - Flowen1985", "29547732.707830127 DUCO - AlmarRido", "20120447.6942 DUCO - viviana80", "18547185.805999998 DUCO - bimbasimba94", "14898329.947883533 DUCO - aimbert", "14846284.674758004 DUCO - ctecrypto", "12721940.59109726 DUCO - QQ44142894", "11316265.965765284 DUCO - duinousa"], "XXHASH hashrate": "0 H/s"}