{"Active connections": 359, "All-time mined DUCO": 780209052.4698689, "Current difficulty": 200000, "DUCO-S1 hashrate": "1.992 GH/s", "Duco FluffySwap price": 2.0923e-05, "Duco Furim price": 0.0, "Duco Node-S price": 0.0, "Duco PancakeSwap price": 1.31425e-05, "Duco SunSwap price": 2.861e-05, "Duco SushiSwap price": 8.987494203495e-06, "Duco UbeSwap price": 1.568e-05, "Duco price": 3.349e-05, "Duco price BCH": 0.0, "Duco price NANO": 0.0, "Duco price TRX": 2.991e-05, "Duco price XMG": 3.349e-05, "Duino-Coin Server API": "github.com/revoxhere/duino-coin", "Kolka": {"Banned": 6029, "Jailed": 191}, "Last block hash": "8de4bc0b3fa1580ec7f3421feb9644fc8ead02b8", "Last sync": 1725616078.2885444, "Last update": "06/09/2024 09:47:58 (UTC)", "Mined blocks": 548613215160, "Miner distribution": {"All": 14605, "Arduino": 1914, "CPU": 846, "ESP32": 4763, "ESP8266": 5850, "GPU": 0, "Other": 9, "Phone": 1, "RPi": 1053, "Web": 169}, "Net energy usage": "12.51 kW", "Open threads": 29, "Pool hashrate": "1992.02 MH/s", "Registered users": 105762, "Server CPU usage": 55.9, "Server RAM usage": 65.9, "Server version": 4.0, "Top 10 richest miners": ["235424982.42922315 DUCO - coinexchange", "85495877.52646369 DUCO - bscDUCO", "35576240.569 DUCO - AlmarRido", "30855598.808 DUCO - Flowen1985", "20160690.628000002 DUCO - viviana80", "18317539.132 DUCO - bimbasimba94", "14928731.503739104 DUCO - aimbert", "14847133.194062889 DUCO - ctecrypto", "14206584.38332809 DUCO - duinousa", "12721943.39257476 DUCO - QQ44142894"], "XXHASH hashrate": "0 H/s"}