{"Active connections": 2643, "All-time mined DUCO": 19198403.08841435, "Current difficulty": 75000, "DUCO-S1 hashrate": "1806.3 MH/s", "Duco JustSwap price": 8.623e-05, "Duco Node-S price": 2.1e-05, "Duco PancakeSwap price": 0.000471918, "Duco SushiSwap price": 0.000116574, "Duco price": 0.000471918, "Duco price BCH": 2.177e-05, "Duco price NANO": 1.451e-05, "Duco price TRX": 7.776e-05, "Duco price XMG": 0.00032869, "Duino-Coin Server API": "github.com/revoxhere/duino-coin", "Kolka": {"Banned": 767, "Jailed": 24}, "Last block hash": "2eb3f8271c", "Last sync": 1641294634.2217453, "Last update": "04/01/2022 11:10:34 (UTC)", "Mined blocks": 77116006223, "Miner distribution": {"All": 33537, "Arduino": 6911, "CPU": 5067, "ESP32": 7828, "ESP8266": 8973, "GPU": 0, "Other": 42, "Phone": 268, "RPi": 2423, "Web": 2025}, "Net energy usage": "47.0 kW", "Open threads": 21, "Pool hashrate": "1806.32 MH/s", "Registered users": 36991, "Server CPU usage": 69.3, "Server RAM usage": 36.0, "Server version": 2.7, "Top 10 richest miners": ["6026936.728818329 DUCO - bscDUCO", "530806.5372981913 DUCO - NodeSBroker", "397162.15067505674 DUCO - James_themac", "305900.42732539587 DUCO - bimbasimba94", "300520.321607231 DUCO - 52Pickup", "204875.64124778754 DUCO - maticDUCO", "190582.057104081 DUCO - celoDUCO", "170241.298916613 DUCO - Bacman", "120000.999999999 DUCO - rootbori", "101520.84260336218 DUCO - haxorcitoz"], "XXHASH hashrate": "0 H/s"}