{"Active connections": 1367, "All-time mined DUCO": 85427362.2429375, "Current difficulty": 75000, "DUCO-S1 hashrate": "3.0 GH/s", "Duco Furim price": 0.0, "Duco Node-S price": 0.0, "Duco PancakeSwap price": 3.4e-05, "Duco SunSwap price": 0.000159, "Duco SushiSwap price": 2.8e-05, "Duco UbeSwap price": 2.9e-05, "Duco price": 0.000594, "Duco price BCH": 3.9e-05, "Duco price NANO": 2.7e-05, "Duco price TRX": 2.8e-05, "Duco price XMG": 0.000592, "Duino-Coin Server API": "github.com/revoxhere/duino-coin", "Kolka": {"Banned": 998, "Jailed": 80}, "Last block hash": "2eb3f8271cd947cdd6469be145558a7bcb72e0d9", "Last sync": 1662386254.6950054, "Last update": "05/09/2022 13:57:38 (UTC)", "Mined blocks": 254433610366, "Miner distribution": {"All": 38547, "Arduino": 4686, "CPU": 2353, "ESP32": 14008, "ESP8266": 15858, "GPU": 0, "Other": 25, "Phone": 31, "RPi": 1192, "Web": 394}, "Net energy usage": "31.66 kW", "Open threads": 22, "Pool hashrate": "3033.49 MH/s", "Registered users": 77862, "Server CPU usage": 39.6, "Server RAM usage": 57.7, "Server version": 3.0, "Top 10 richest miners": ["39881546.258514926 DUCO - bscDUCO", "26150678.79198972 DUCO - coinexchange", "15964250.693 DUCO - Ochios", "6974991.289071771 DUCO - QQ44142894", "4020933.271148575 DUCO - Demoel", "2443171.4332388886 DUCO - ctecrypto", "2368507.0 DUCO - Brunomoyses23", "2210288.919161586 DUCO - vyrdudji", "2057459.0469071479 DUCO - renderman", "1546404.0314821827 DUCO - maticDUCO"], "XXHASH hashrate": "0 H/s"}