{"Active connections": 872, "All-time mined DUCO": 738750139.6159217, "Current difficulty": 200000, "DUCO-S1 hashrate": "2.261 GH/s", "Duco FluffySwap price": 8.778e-06, "Duco Furim price": 0.0, "Duco Node-S price": 0.0, "Duco PancakeSwap price": 8.57789e-06, "Duco SunSwap price": 0.000102, "Duco SushiSwap price": 1.2962107682626e-05, "Duco UbeSwap price": 1.1191491992827553e-05, "Duco price": 0.000234, "Duco price BCH": 0.00015602, "Duco price NANO": 0.000234, "Duco price TRX": 1.254e-05, "Duco price XMG": 0.0, "Duino-Coin Server API": "github.com/revoxhere/duino-coin", "Kolka": {"Banned": 5922, "Jailed": 181}, "Last block hash": "8de4bc0b3fa1580ec7f3421feb9644fc8ead02b8", "Last sync": 1715875695.3173862, "Last update": "16/05/2024 16:08:15 (UTC)", "Mined blocks": 519830586002, "Miner distribution": {"All": 17556, "Arduino": 2135, "CPU": 980, "ESP32": 7003, "ESP8266": 5911, "GPU": 0, "Other": 16, "Phone": 16, "RPi": 1297, "Web": 198}, "Net energy usage": "14.78 kW", "Open threads": 27, "Pool hashrate": "2261.382 MH/s", "Registered users": 101958, "Server CPU usage": 32.6, "Server RAM usage": 93.4, "Server version": 4.0, "Top 10 richest miners": ["78745233.74889731 DUCO - bscDUCO", "39493232.42763998 DUCO - AlmarRido", "30792510.456 DUCO - Flowen1985", "20119947.6942 DUCO - viviana80", "17045685.805999998 DUCO - bimbasimba94", "14868542.505438497 DUCO - aimbert", "14842821.409840077 DUCO - ctecrypto", "12720440.585598174 DUCO - QQ44142894", "11314806.606995644 DUCO - duinousa", "10759939.638689265 DUCO - fiorella71"], "XXHASH hashrate": "0 H/s"}