{"Active connections": 933, "All-time mined DUCO": 19850886.237499706, "Current difficulty": 75000, "DUCO-S1 hashrate": "1430.2 MH/s", "Duco JustSwap price": 8.252e-05, "Duco Node-S price": 2.1e-05, "Duco PancakeSwap price": 0.000471918, "Duco SushiSwap price": 0.000116574, "Duco price": 0.000471918, "Duco price BCH": 3.174e-05, "Duco price NANO": 1.294e-05, "Duco price TRX": 7.441e-05, "Duco price XMG": 0.00024219, "Duino-Coin Server API": "github.com/revoxhere/duino-coin", "Kolka": {"Banned": 747, "Jailed": 24}, "Last block hash": "2eb3f8271c", "Last sync": 1640982805.7187603, "Last update": "31/12/2021 20:33:25 (UTC)", "Mined blocks": 74547576763, "Miner distribution": {"All": 29992, "Arduino": 6384, "CPU": 3880, "ESP32": 7613, "ESP8266": 8332, "GPU": 0, "Other": 33, "Phone": 474, "RPi": 1786, "Web": 1490}, "Net energy usage": "37.47 kW", "Open threads": 21, "Pool hashrate": "1430.24 MH/s", "Registered users": 34305, "Server CPU usage": 54.8, "Server RAM usage": 46.4, "Server version": 2.7, "Top 10 richest miners": ["5202259.606471763 DUCO - bscDUCO", "530779.5372981913 DUCO - NodeSBroker", "397162.15067505674 DUCO - James_themac", "305868.1357052972 DUCO - bimbasimba94", "300520.321607231 DUCO - 52Pickup", "299588.48736464686 DUCO - bloomindark", "273351.65320800483 DUCO - miningvir", "265294.92441132886 DUCO - coinexchange", "210992.63708422758 DUCO - maticDUCO", "190582.057104081 DUCO - celoDUCO"], "XXHASH hashrate": "0 H/s"}