{"Active connections": 731, "All-time mined DUCO": 742365707.4572685, "Current difficulty": 200000, "DUCO-S1 hashrate": "2.219 GH/s", "Duco FluffySwap price": 8.407e-06, "Duco Furim price": 0.0, "Duco Node-S price": 0.0, "Duco PancakeSwap price": 8.57789e-06, "Duco SunSwap price": 9.757e-05, "Duco SushiSwap price": 1.2962107682626e-05, "Duco UbeSwap price": 1.1191491992827553e-05, "Duco price": 0.000258, "Duco price BCH": 0.00016732, "Duco price NANO": 0.000258, "Duco price TRX": 1.2e-05, "Duco price XMG": 3.75e-06, "Duino-Coin Server API": "github.com/revoxhere/duino-coin", "Kolka": {"Banned": 5910, "Jailed": 177}, "Last block hash": "8de4bc0b3fa1580ec7f3421feb9644fc8ead02b8", "Last sync": 1715074774.7759006, "Last update": "07/05/2024 09:39:34 (UTC)", "Mined blocks": 517646759001, "Miner distribution": {"All": 13934, "Arduino": 2034, "CPU": 877, "ESP32": 4888, "ESP8266": 4598, "GPU": 0, "Other": 21, "Phone": 9, "RPi": 1292, "Web": 215}, "Net energy usage": "12.62 kW", "Open threads": 28, "Pool hashrate": "2219.39 MH/s", "Registered users": 101621, "Server CPU usage": 27.0, "Server RAM usage": 93.5, "Server version": 4.0, "Top 10 richest miners": ["78442380.74889731 DUCO - bscDUCO", "39491496.79265186 DUCO - AlmarRido", "30792510.456 DUCO - Flowen1985", "21307107.257 DUCO - bimbasimba94", "20119947.6942 DUCO - viviana80", "14868531.923964864 DUCO - aimbert", "14842182.737942727 DUCO - ctecrypto", "12720440.559071772 DUCO - QQ44142894", "11314461.685564341 DUCO - duinousa", "10759939.638689265 DUCO - fiorella71"], "XXHASH hashrate": "0 H/s"}