{"Duino-Coin Server API": "github.com/revoxhere/duino-coin", "Server version": 2.6, "Active connections": 8592, "Open threads": 23, "Server CPU usage": 67.0, "Server RAM usage": 62.7, "Last update": "15/08/2021 02:36:38 (UTC)", "Net energy usage": "90.3 kW", "Pool hashrate": "1.9267 GH/s", "DUCO-S1 hashrate": "1.9 GH/s", "XXHASH hashrate": "47.6 MH/s", "Duco price": 0.019778, "Duco price XMG": 0.01966032, "Duco price BCH": 0.00177095, "Duco price TRX": 0.00188302, "Duco price XRP": 0.002345, "Duco price DGB": 0.00189434, "Duco Node-S price": 0.019778, "Duco JustSwap price": 0.0058206, "Duco PancakeSwap price": 0.00507655, "Registered users": 19760, "All-time mined DUCO": 5506592.575701474, "Current difficulty": 436570, "Mined blocks": 10477777034, "Last block hash": "bdd4931d50", "Kolka": {"Jailed": 0, "Banned": 417}, "Miner distribution": {"GPU": 0, "CPU": 6809, "RPi": 1893, "ESP32": 8123, "ESP8266": 10245, "Arduino": 6054, "Other": 293}, "Top 10 richest miners": ["453919.63792461774 DUCO - bscDUCO", "169645.4545809246 DUCO - Bacman", "113050.28115798773 DUCO - amornlit", "100047.03628279315 DUCO - 52Pickup", "99999.99999999886 DUCO - WannaCry", "86108.96897066847 DUCO - caancom", "71957.01377963257 DUCO - coinexchange", "50288.45762651612 DUCO - duinocrfsh", "50259.877695299896 DUCO - rootbori", "47119.90790638301 DUCO - chipsa"]}