{"Active connections": 486, "All-time mined DUCO": 780300429.8200221, "Current difficulty": 200000, "DUCO-S1 hashrate": "1.865 GH/s", "Duco FluffySwap price": 2.0951e-05, "Duco Furim price": 0.0, "Duco Node-S price": 0.0, "Duco PancakeSwap price": 1.31425e-05, "Duco SunSwap price": 2.86e-05, "Duco SushiSwap price": 8.987494203495e-06, "Duco UbeSwap price": 1.568e-05, "Duco price": 3.261e-05, "Duco price BCH": 0.0, "Duco price NANO": 0.0, "Duco price TRX": 2.99e-05, "Duco price XMG": 3.261e-05, "Duino-Coin Server API": "github.com/revoxhere/duino-coin", "Kolka": {"Banned": 6029, "Jailed": 191}, "Last block hash": "8de4bc0b3fa1580ec7f3421feb9644fc8ead02b8", "Last sync": 1725695493.6601796, "Last update": "07/09/2024 07:51:33 (UTC)", "Mined blocks": 548834083671, "Miner distribution": {"All": 14870, "Arduino": 1950, "CPU": 778, "ESP32": 5005, "ESP8266": 5882, "GPU": 0, "Other": 10, "Phone": 36, "RPi": 1056, "Web": 153}, "Net energy usage": "12.21 kW", "Open threads": 27, "Pool hashrate": "1864.847 MH/s", "Registered users": 105787, "Server CPU usage": 67.4, "Server RAM usage": 61.5, "Server version": 4.0, "Top 10 richest miners": ["235435480.80484316 DUCO - coinexchange", "85495878.52646369 DUCO - bscDUCO", "35576240.569 DUCO - AlmarRido", "30855598.808 DUCO - Flowen1985", "20160690.628000002 DUCO - viviana80", "18317539.132 DUCO - bimbasimba94", "14928734.284597997 DUCO - aimbert", "14847133.194062889 DUCO - ctecrypto", "14206611.650547197 DUCO - duinousa", "12721943.39257476 DUCO - QQ44142894"], "XXHASH hashrate": "0 H/s"}