{"Active connections": 1325, "All-time mined DUCO": 75374847.32755902, "Current difficulty": 1000000, "DUCO-S1 hashrate": "3.8 GH/s", "Duco Furim price": 0.0, "Duco Node-S price": 0.0, "Duco PancakeSwap price": 4.2e-05, "Duco SunSwap price": 5.8e-05, "Duco SushiSwap price": 4.9e-05, "Duco UbeSwap price": 4.2e-05, "Duco price": 0.000192, "Duco price BCH": 6e-06, "Duco price NANO": 2.8e-05, "Duco price TRX": 2e-05, "Duco price XMG": 0.000189, "Duino-Coin Server API": "github.com/revoxhere/duino-coin", "Kolka": {"Banned": 840, "Jailed": 47}, "Last block hash": "2eb3f8271cd947cdd6469be145558a7bcb72e0d9", "Last sync": 1653458517.0128481, "Last update": "25/05/2022 06:01:58 (UTC)", "Mined blocks": 186033925423, "Miner distribution": {"All": 40365, "Arduino": 5607, "CPU": 3000, "ESP32": 13435, "ESP8266": 15987, "GPU": 0, "Other": 72, "Phone": 105, "RPi": 1804, "Web": 355}, "Net energy usage": "36.78 kW", "Open threads": 21, "Pool hashrate": "3797.77 MH/s", "Registered users": 75298, "Server CPU usage": 33.8, "Server RAM usage": 50.9, "Server version": 3.0, "Top 10 richest miners": ["28160426.18543735 DUCO - bscDUCO", "17779500.0 DUCO - Ochios", "6490989.502176477 DUCO - QQ44142894", "4007671.9893535255 DUCO - Demoel", "3028377.001278142 DUCO - jules_pilot", "2709950.9019593084 DUCO - ctecrypto", "2210288.9385462017 DUCO - vyrdudji", "2178103.2273045857 DUCO - maticDUCO", "1556377.7400304668 DUCO - coinexchange", "1415001.401 DUCO - amornlit"], "XXHASH hashrate": "0 H/s"}