{"Active connections": 658, "All-time mined DUCO": 722256174.5173253, "Current difficulty": 75000, "DUCO-S1 hashrate": "2.023 GH/s", "Duco FluffySwap price": 1.638e-06, "Duco Furim price": 0.0, "Duco Node-S price": 0.0, "Duco PancakeSwap price": 1.85801e-05, "Duco SunSwap price": 2.316e-05, "Duco SushiSwap price": 1.51177e-05, "Duco UbeSwap price": 2.9828006500541712e-05, "Duco price": 2.9828006500541712e-05, "Duco price BCH": 2.34e-06, "Duco price NANO": 1.59e-06, "Duco price TRX": 2.37e-06, "Duco price XMG": 0.0, "Duino-Coin Server API": "github.com/revoxhere/duino-coin", "Kolka": {"Banned": 1356, "Jailed": 122}, "Last block hash": "8de4bc0b3fa1580ec7f3421feb9644fc8ead02b8", "Last sync": 1682906451.449294, "Last update": "01/05/2023 02:00:55 (UTC)", "Mined blocks": 394601337759, "Miner distribution": {"All": 27458, "Arduino": 3393, "CPU": 1010, "ESP32": 10521, "ESP8266": 10739, "GPU": 0, "Other": 26, "Phone": 12, "RPi": 1565, "Web": 192}, "Net energy usage": "19.5 kW", "Open threads": 24, "Pool hashrate": "2023.375 MH/s", "Registered users": 92259, "Server CPU usage": 47.7, "Server RAM usage": 34.8, "Server version": 3.0, "Top 10 richest miners": ["495743830.67087966 DUCO - coinexchange", "450707971.58958775 DUCO - coinexchange", "49429976.49839266 DUCO - bscDUCO", "20119947.6942 DUCO - viviana80", "15115368.927099999 DUCO - Ochios", "12720440.559071772 DUCO - QQ44142894", "10759939.638689265 DUCO - fiorella71", "8125736.123916335 DUCO - Orion_0x43b", "7871982.841046517 DUCO - revox", "7871982.841046517 DUCO - revox"], "XXHASH hashrate": "0 H/s"}