{"Active connections": 660, "All-time mined DUCO": 739911558.766885, "Current difficulty": 200000, "DUCO-S1 hashrate": "2.516 GH/s", "Duco FluffySwap price": 0.0, "Duco Furim price": 0.0, "Duco Node-S price": 0.0, "Duco PancakeSwap price": 8.57789e-06, "Duco SunSwap price": 4.55e-05, "Duco SushiSwap price": 1.2962107682626e-05, "Duco UbeSwap price": 1.1191491992827553e-05, "Duco price": 0.000236, "Duco price BCH": 0.0001673, "Duco price NANO": 0.000236, "Duco price TRX": 1.2e-05, "Duco price XMG": 0.0, "Duino-Coin Server API": "github.com/revoxhere/duino-coin", "Kolka": {"Banned": 5900, "Jailed": 177}, "Last block hash": "8de4bc0b3fa1580ec7f3421feb9644fc8ead02b8", "Last sync": 1714270273.474053, "Last update": "28/04/2024 02:11:13 (UTC)", "Mined blocks": 515601614794, "Miner distribution": {"All": 16669, "Arduino": 2510, "CPU": 1016, "ESP32": 6000, "ESP8266": 5745, "GPU": 0, "Other": 38, "Phone": 26, "RPi": 1334, "Web": 0}, "Net energy usage": "14.47 kW", "Open threads": 26, "Pool hashrate": "2516.435 MH/s", "Registered users": 101205, "Server CPU usage": 22.2, "Server RAM usage": 93.8, "Server version": 4.0, "Top 10 richest miners": ["78441788.74889731 DUCO - bscDUCO", "39491496.79265186 DUCO - AlmarRido", "30792510.456 DUCO - Flowen1985", "20119947.6942 DUCO - viviana80", "17011708.804704107 DUCO - bimbasimba94", "14868531.194595315 DUCO - aimbert", "14841874.440919967 DUCO - ctecrypto", "14142742.885173159 DUCO - duinousa", "12720440.559071772 DUCO - QQ44142894", "10759939.638689265 DUCO - fiorella71"], "XXHASH hashrate": "0 H/s"}