{"Active connections": 1538, "All-time mined DUCO": 101574259.92548802, "Current difficulty": 75000, "DUCO-S1 hashrate": "3.0 GH/s", "Duco FluffySwap price": 2.0937e-05, "Duco Furim price": 0.0, "Duco Node-S price": 0.0, "Duco PancakeSwap price": 3.58391e-05, "Duco SunSwap price": 8.818e-05, "Duco SushiSwap price": 1.51461e-05, "Duco UbeSwap price": 2.9033013345820652e-05, "Duco price": 0.00011589, "Duco price BCH": 2.991e-05, "Duco price NANO": 1.224e-05, "Duco price TRX": 1.586e-05, "Duco price XMG": 0.00011589, "Duino-Coin Server API": "github.com/revoxhere/duino-coin", "Kolka": {"Banned": 1084, "Jailed": 86}, "Last block hash": "8de4bc0b3fa1580ec7f3421feb9644fc8ead02b8", "Last sync": 1665286414.2918577, "Last update": "09/10/2022 03:33:38 (UTC)", "Mined blocks": 277138689635, "Miner distribution": {"All": 37854, "Arduino": 4513, "CPU": 2037, "ESP32": 13334, "ESP8266": 16382, "GPU": 0, "Other": 19, "Phone": 51, "RPi": 1227, "Web": 291}, "Net energy usage": "29.61 kW", "Open threads": 23, "Pool hashrate": "2970.53 MH/s", "Registered users": 80657, "Server CPU usage": 40.6, "Server RAM usage": 65.8, "Server version": 3.0, "Top 10 richest miners": ["46614076.739715464 DUCO - coinexchange", "39546079.437422335 DUCO - bscDUCO", "15965314.016999999 DUCO - Ochios", "6974991.289071771 DUCO - QQ44142894", "4075220.2860000003 DUCO - AlmarRido", "2368507.0 DUCO - Brunomoyses23", "2210288.919161586 DUCO - vyrdudji", "1820078.1134660952 DUCO - giveaways", "1634175.8630387518 DUCO - maticDUCO", "1457898.898 DUCO - amornlit"], "XXHASH hashrate": "0 H/s"}