{"Active connections": 2895, "All-time mined DUCO": 19411289.24703807, "Current difficulty": 75000, "DUCO-S1 hashrate": "2194.9 MH/s", "Duco JustSwap price": 0.00012123, "Duco Node-S price": 2.1e-05, "Duco PancakeSwap price": 0.000257917, "Duco SushiSwap price": 0.000665206, "Duco price": 0.000665206, "Duco price BCH": 2.1e-05, "Duco price NANO": 1.212e-05, "Duco price TRX": 8.49e-05, "Duco price XMG": 0.00034918, "Duino-Coin Server API": "github.com/revoxhere/duino-coin", "Kolka": {"Banned": 772, "Jailed": 24}, "Last block hash": "2eb3f8271c", "Last sync": 1642014878.79811, "Last update": "12/01/2022 19:14:38 (UTC)", "Mined blocks": 83200291491, "Miner distribution": {"All": 33568, "Arduino": 6630, "CPU": 6370, "ESP32": 3174, "ESP8266": 10536, "GPU": 0, "Other": 46, "Phone": 645, "RPi": 2887, "Web": 3280}, "Net energy usage": "56.17 kW", "Open threads": 21, "Pool hashrate": "2194.91 MH/s", "Registered users": 43883, "Server CPU usage": 44.4, "Server RAM usage": 46.5, "Server version": 2.7, "Top 10 richest miners": ["6396672.803814735 DUCO - bscDUCO", "532455.820632083 DUCO - NodeSBroker", "397162.15067505674 DUCO - James_themac", "305958.5525413287 DUCO - bimbasimba94", "202869.98531273764 DUCO - maticDUCO", "190582.057104081 DUCO - celoDUCO", "170241.298916613 DUCO - Bacman", "120000.999999999 DUCO - rootbori", "109226.90933510436 DUCO - miningvir", "101699.51987956966 DUCO - haxorcitoz"], "XXHASH hashrate": "0 H/s"}