{"Active connections": 1652, "All-time mined DUCO": 1070434284.0641819, "Current difficulty": 75000, "DUCO-S1 hashrate": "1.599 GH/s", "Duco FluffySwap price": 3.815e-06, "Duco Furim price": 0.0, "Duco Node-S price": 0.0, "Duco PancakeSwap price": 1.07698e-05, "Duco SunSwap price": 0.00010537, "Duco SushiSwap price": 1.46415e-05, "Duco UbeSwap price": 2.7898752414944825e-05, "Duco price": 0.00010537, "Duco price BCH": 5.45e-06, "Duco price NANO": 1.09e-06, "Duco price TRX": 1.55e-06, "Duco price XMG": 0.0, "Duino-Coin Server API": "github.com/revoxhere/duino-coin", "Kolka": {"Banned": 5730, "Jailed": 144}, "Last block hash": "8de4bc0b3fa1580ec7f3421feb9644fc8ead02b8", "Last sync": 1689050302.7384956, "Last update": "11/07/2023 04:38:40 (UTC)", "Mined blocks": 425799776924, "Miner distribution": {"All": 20232, "Arduino": 2204, "CPU": 653, "ESP32": 9008, "ESP8266": 7310, "GPU": 0, "Other": 11, "Phone": 16, "RPi": 1030, "Web": 0}, "Net energy usage": "13.59 kW", "Open threads": 23, "Pool hashrate": "1599.149 MH/s", "Registered users": 94324, "Server CPU usage": 53.6, "Server RAM usage": 57.4, "Server version": 3.0, "Top 10 richest miners": ["495743830.67087966 DUCO - coinexchange", "385370868.3625502 DUCO - coinexchange", "50363867.80947695 DUCO - bscDUCO", "36165869.187 DUCO - AlmarRido", "24326348.334 DUCO - Flowen1985", "20119947.6942 DUCO - viviana80", "15115368.927099999 DUCO - Ochios", "12720440.559071772 DUCO - QQ44142894", "12715782.847703082 DUCO - duinousa", "11660438.127871724 DUCO - ctecrypto"], "XXHASH hashrate": "0 H/s"}