{"Active connections": 714, "All-time mined DUCO": 1128286274.9645338, "Current difficulty": 75000, "DUCO-S1 hashrate": "2.09 GH/s", "Duco FluffySwap price": 3.521e-06, "Duco Furim price": 0.0, "Duco Node-S price": 0.0, "Duco PancakeSwap price": 7.2694e-06, "Duco SunSwap price": 8.142e-05, "Duco SushiSwap price": 1.01312e-05, "Duco UbeSwap price": 2.9093097913322633e-05, "Duco price": 8.142e-05, "Duco price BCH": 5.04e-06, "Duco price NANO": 1.06e-06, "Duco price TRX": 2.03e-06, "Duco price XMG": 1.313e-05, "Duino-Coin Server API": "github.com/revoxhere/duino-coin", "Kolka": {"Banned": 5673, "Jailed": 164}, "Last block hash": "8de4bc0b3fa1580ec7f3421feb9644fc8ead02b8", "Last sync": 1694663843.6738758, "Last update": "14/09/2023 03:57:28 (UTC)", "Mined blocks": 448572386972, "Miner distribution": {"All": 19944, "Arduino": 2075, "CPU": 764, "ESP32": 8410, "ESP8266": 7469, "GPU": 0, "Other": 17, "Phone": 3, "RPi": 1206, "Web": 0}, "Net energy usage": "14.4 kW", "Open threads": 23, "Pool hashrate": "2089.9 MH/s", "Registered users": 95708, "Server CPU usage": 42.0, "Server RAM usage": 47.7, "Server version": 3.0, "Top 10 richest miners": ["495743830.67087966 DUCO - coinexchange", "355992226.32881033 DUCO - coinexchange", "70876831.64457695 DUCO - bscDUCO", "39628683.974 DUCO - AlmarRido", "26713758.331047334 DUCO - giveaways", "24485940.745 DUCO - Flowen1985", "20119947.6942 DUCO - viviana80", "14728371.197615646 DUCO - ctecrypto", "12720440.559071772 DUCO - QQ44142894", "11425090.305 DUCO - bimbasimba94"], "XXHASH hashrate": "0 H/s"}