{"Active connections": 1678, "All-time mined DUCO": 18007585.01337024, "Current difficulty": 75000, "DUCO-S1 hashrate": "1355.0 MH/s", "Duco JustSwap price": 0.00012963, "Duco Node-S price": 7.5e-05, "Duco PancakeSwap price": 0.000594663, "Duco SushiSwap price": 0.000356015, "Duco price": 0.000594663, "Duco price BCH": 4.737e-05, "Duco price DGB": 0.0, "Duco price NANO": 1.571e-05, "Duco price RVN": 0.0, "Duco price TRX": 0.00012947, "Duco price XMG": 0.0003483, "Duco price XRP": 0.0, "Duino-Coin Server API": "github.com/revoxhere/duino-coin", "Kolka": {"Banned": 712, "Jailed": 24}, "Last block hash": "2eb3f8271c", "Last update": "14/12/2021 17:30:10 (UTC)", "Mined blocks": 62091917025, "Miner distribution": {"All": 37404, "Arduino": 7179, "CPU": 3789, "ESP32": 11002, "ESP8266": 11913, "GPU": 0, "Other": 16, "Phone": 531, "RPi": 2212, "Web": 762}, "Net energy usage": "40.24 kW", "Open threads": 21, "Pool hashrate": "1355.0 MH/s", "Registered users": 30221, "Server CPU usage": 63.0, "Server RAM usage": 56.2, "Server version": 2.7, "Top 10 richest miners": ["4710346.884499606 DUCO - bscDUCO", "945749.8762999708 DUCO - coinexchange", "530812.5806861913 DUCO - NodeSBroker", "397162.15067505674 DUCO - James_themac", "300520.321607231 DUCO - 52Pickup", "247564.40823570007 DUCO - miningvir", "189250.7925893788 DUCO - maticDUCO", "188782.057104081 DUCO - celoDUCO", "170241.298916613 DUCO - Bacman", "119999.999999999 DUCO - rootbori"], "XXHASH hashrate": "0 H/s"}