{"Active connections": 1148, "All-time mined DUCO": 184373011.84252822, "Current difficulty": 75000, "DUCO-S1 hashrate": "2.5 GH/s", "Duco FluffySwap price": 3.7379999999999996e-06, "Duco Furim price": 0.0, "Duco Node-S price": 0.0, "Duco PancakeSwap price": 2.79369e-05, "Duco SunSwap price": 5.639e-05, "Duco SushiSwap price": 6.23366e-06, "Duco UbeSwap price": 2.891638595203949e-05, "Duco price": 5.639e-05, "Duco price BCH": 5.34e-06, "Duco price NANO": 3.54e-06, "Duco price TRX": 4.67e-06, "Duco price XMG": 0.0, "Duino-Coin Server API": "github.com/revoxhere/duino-coin", "Kolka": {"Banned": 1268, "Jailed": 98}, "Last block hash": "8de4bc0b3fa1580ec7f3421feb9644fc8ead02b8", "Last sync": 1675231763.9266095, "Last update": "01/02/2023 06:09:30 (UTC)", "Mined blocks": 348248643929, "Miner distribution": {"All": 31679, "Arduino": 3827, "CPU": 1336, "ESP32": 11878, "ESP8266": 12609, "GPU": 0, "Other": 7, "Phone": 12, "RPi": 1654, "Web": 356}, "Net energy usage": "23.42 kW", "Open threads": 24, "Pool hashrate": "2464.58 MH/s", "Registered users": 87903, "Server CPU usage": 42.8, "Server RAM usage": 60.0, "Server version": 3.0, "Top 10 richest miners": ["82207037.29311627 DUCO - coinexchange", "41220007.34345014 DUCO - bscDUCO", "20119946.6942 DUCO - viviana80", "15115363.695 DUCO - Ochios", "11692429.559071772 DUCO - QQ44142894", "10759939.638689265 DUCO - fiorella71", "8125736.123916335 DUCO - Orion_0x43b", "6815519.013146193 DUCO - lordachoo", "5637139.684 DUCO - sudoerrno", "4001341.444317891 DUCO - CryptoCampbell"], "XXHASH hashrate": "0 H/s"}