{"Active connections": 1574, "All-time mined DUCO": 110020427.43579498, "Current difficulty": 75000, "DUCO-S1 hashrate": "3.4 GH/s", "Duco FluffySwap price": 0.0, "Duco Furim price": 0.0, "Duco Node-S price": 0.0, "Duco PancakeSwap price": 0.0, "Duco SunSwap price": 0.0, "Duco SushiSwap price": 0.0, "Duco UbeSwap price": 0.0, "Duco price": 0.000155, "Duco price BCH": 2.9e-05, "Duco price NANO": 1.2e-05, "Duco price TRX": 1.5e-05, "Duco price XMG": 0.000155, "Duino-Coin Server API": "github.com/revoxhere/duino-coin", "Kolka": {"Banned": 1657, "Jailed": 84}, "Last block hash": "2eb3f8271cd947cdd6469be145558a7bcb72e0d9", "Last sync": 1663962736.3499565, "Last update": "23/09/2022 19:52:19 (UTC)", "Mined blocks": 266514332134, "Miner distribution": {"All": 38376, "Arduino": 4380, "CPU": 2040, "ESP32": 13811, "ESP8266": 16418, "GPU": 0, "Other": 18, "Phone": 43, "RPi": 1204, "Web": 462}, "Net energy usage": "29.94 kW", "Open threads": 22, "Pool hashrate": "3409.61 MH/s", "Registered users": 79489, "Server CPU usage": 48.9, "Server RAM usage": 56.2, "Server version": 3.0, "Top 10 richest miners": ["39771897.437422335 DUCO - bscDUCO", "15965309.807 DUCO - Ochios", "13071628.710103758 DUCO - ctecrypto", "6974991.289071771 DUCO - QQ44142894", "6074168.949 DUCO - AlmarRido", "5241471.904123682 DUCO - coinexchange", "2574468.4849900003 DUCO - ThePurpleMadMan", "2368507.0 DUCO - Brunomoyses23", "2236044.701462984 DUCO - Alessandro_Duino", "2210288.919161586 DUCO - vyrdudji"], "XXHASH hashrate": "0 H/s"}