{"Active connections": 1114, "All-time mined DUCO": 75830984.5919942, "Current difficulty": 75000, "DUCO-S1 hashrate": "2.8 GH/s", "Duco Furim price": 0.0, "Duco Node-S price": 0.0, "Duco PancakeSwap price": 4.4e-05, "Duco SunSwap price": 0.000318, "Duco SushiSwap price": 3.8e-05, "Duco UbeSwap price": 2.8e-05, "Duco price": 0.00032, "Duco price BCH": 2.3e-05, "Duco price NANO": 1.8e-05, "Duco price TRX": 2e-05, "Duco price XMG": 1.5e-05, "Duino-Coin Server API": "github.com/revoxhere/duino-coin", "Kolka": {"Banned": 973, "Jailed": 80}, "Last block hash": "2eb3f8271cd947cdd6469be145558a7bcb72e0d9", "Last sync": 1661051023.2214687, "Last update": "21/08/2022 03:03:45 (UTC)", "Mined blocks": 245388919955, "Miner distribution": {"All": 36026, "Arduino": 4480, "CPU": 1787, "ESP32": 13194, "ESP8266": 14973, "GPU": 0, "Other": 25, "Phone": 53, "RPi": 1129, "Web": 385}, "Net energy usage": "27.2 kW", "Open threads": 22, "Pool hashrate": "2778.75 MH/s", "Registered users": 76757, "Server CPU usage": 59.5, "Server RAM usage": 54.5, "Server version": 3.0, "Top 10 richest miners": ["42014381.686995566 DUCO - bscDUCO", "31771623.10241963 DUCO - coinexchange", "6974991.289071771 DUCO - QQ44142894", "4020874.7965073707 DUCO - Demoel", "3250441.256569821 DUCO - renderman", "2368507.0 DUCO - Brunomoyses23", "2210288.919161586 DUCO - vyrdudji", "1731813.628415313 DUCO - Sreeramzeno", "1499785.3077428665 DUCO - giveaways", "1487760.0084821829 DUCO - maticDUCO"], "XXHASH hashrate": "0 H/s"}