{"Active connections": 789, "All-time mined DUCO": 1054212871.1055547, "Current difficulty": 75000, "DUCO-S1 hashrate": "1.993 GH/s", "Duco FluffySwap price": 3.192e-06, "Duco Furim price": 0.0, "Duco Node-S price": 0.0, "Duco PancakeSwap price": 7.2694e-06, "Duco SunSwap price": 0.00010362, "Duco SushiSwap price": 1.01312e-05, "Duco UbeSwap price": 2.9093097913322633e-05, "Duco price": 0.00011684, "Duco price BCH": 4.55e-06, "Duco price NANO": 1.01e-06, "Duco price TRX": 1.55e-06, "Duco price XMG": 0.00011684, "Duino-Coin Server API": "github.com/revoxhere/duino-coin", "Kolka": {"Banned": 5532, "Jailed": 148}, "Last block hash": "8de4bc0b3fa1580ec7f3421feb9644fc8ead02b8", "Last sync": 1691156183.7670004, "Last update": "04/08/2023 13:36:29 (UTC)", "Mined blocks": 434238744571, "Miner distribution": {"All": 19944, "Arduino": 2332, "CPU": 723, "ESP32": 8360, "ESP8266": 7514, "GPU": 0, "Other": 12, "Phone": 17, "RPi": 986, "Web": 0}, "Net energy usage": "13.82 kW", "Open threads": 24, "Pool hashrate": "1992.582 MH/s", "Registered users": 94638, "Server CPU usage": 44.0, "Server RAM usage": 38.4, "Server version": 3.0, "Top 10 richest miners": ["495743830.67087966 DUCO - coinexchange", "384127703.88517034 DUCO - coinexchange", "69768369.64457695 DUCO - bscDUCO", "35299615.85615001 DUCO - AlmarRido", "24375487.137 DUCO - Flowen1985", "20119947.6942 DUCO - viviana80", "12720440.559071772 DUCO - QQ44142894", "11701088.184117433 DUCO - ctecrypto", "11436497.326 DUCO - bimbasimba94", "10759939.638689265 DUCO - fiorella71"], "XXHASH hashrate": "0 H/s"}