{"Active connections": 894, "All-time mined DUCO": 17829101.937826917, "Current difficulty": 75000, "DUCO-S1 hashrate": "1537.2 MH/s", "Duco JustSwap price": 0.00013567, "Duco Node-S price": 7.5e-05, "Duco PancakeSwap price": 0.000594663, "Duco SushiSwap price": 0.000356015, "Duco price": 0.0011, "Duco price BCH": 8.135e-05, "Duco price DGB": 0.0, "Duco price NANO": 1.728e-05, "Duco price RVN": 0.0, "Duco price TRX": 0.00018001, "Duco price XMG": 0.00044976, "Duco price XRP": 0.0, "Duino-Coin Server API": "github.com/revoxhere/duino-coin", "Kolka": {"Banned": 711, "Jailed": 24}, "Last block hash": "2eb3f8271c", "Last update": "11/12/2021 05:07:56 (UTC)", "Mined blocks": 59244445693, "Miner distribution": {"All": 36998, "Arduino": 6743, "CPU": 4460, "ESP32": 10405, "ESP8266": 11354, "GPU": 0, "Other": 10, "Phone": 496, "RPi": 2620, "Web": 910}, "Net energy usage": "44.68 kW", "Open threads": 21, "Pool hashrate": "1537.16 MH/s", "Registered users": 29553, "Server CPU usage": 55.5, "Server RAM usage": 48.8, "Server version": 2.7, "Top 10 richest miners": ["4433724.910296655 DUCO - bscDUCO", "1155954.8681484298 DUCO - coinexchange", "530162.5806861913 DUCO - NodeSBroker", "397162.15067505674 DUCO - James_themac", "300520.321607231 DUCO - 52Pickup", "203564.57010807516 DUCO - miningvir", "188782.057104081 DUCO - celoDUCO", "181063.08691112456 DUCO - maticDUCO", "170241.298916613 DUCO - Bacman", "166764.42242972658 DUCO - bloomindark"], "XXHASH hashrate": "0 H/s"}