{"Active connections": 1326, "All-time mined DUCO": 96288124.40340991, "Current difficulty": 1000000, "DUCO-S1 hashrate": "3.7 GH/s", "Duco Furim price": 0.0, "Duco Node-S price": 0.0, "Duco PancakeSwap price": 2e-05, "Duco SunSwap price": 6.1e-05, "Duco SushiSwap price": 1.8e-05, "Duco UbeSwap price": 2.9e-05, "Duco price": 6.2e-05, "Duco price BCH": 4e-06, "Duco price NANO": 1.8e-05, "Duco price TRX": 1.2e-05, "Duco price XMG": 1e-06, "Duino-Coin Server API": "github.com/revoxhere/duino-coin", "Kolka": {"Banned": 864, "Jailed": 47}, "Last block hash": "2eb3f8271cd947cdd6469be145558a7bcb72e0d9", "Last sync": 1654648265.5091617, "Last update": "08/06/2022 00:31:07 (UTC)", "Mined blocks": 196558882355, "Miner distribution": {"All": 40454, "Arduino": 5518, "CPU": 3016, "ESP32": 13569, "ESP8266": 16283, "GPU": 0, "Other": 65, "Phone": 88, "RPi": 1607, "Web": 308}, "Net energy usage": "36.66 kW", "Open threads": 21, "Pool hashrate": "3666.62 MH/s", "Registered users": 76308, "Server CPU usage": 40.8, "Server RAM usage": 61.3, "Server version": 3.0, "Top 10 richest miners": ["39551324.97661735 DUCO - bscDUCO", "16779504.2 DUCO - Ochios", "13398571.663396722 DUCO - coinexchange", "7064711.834341279 DUCO - ctecrypto", "6974991.289071771 DUCO - QQ44142894", "4006475.365285235 DUCO - Demoel", "2946213.6075572013 DUCO - renderman", "2210288.9385462017 DUCO - vyrdudji", "2145849.6292725704 DUCO - jules_pilot", "2081979.3138396414 DUCO - CryptSino_Exchange"], "XXHASH hashrate": "0 H/s"}