{"Active connections": 869, "All-time mined DUCO": 85129626.84395465, "Current difficulty": 1000000, "DUCO-S1 hashrate": "3.1 GH/s", "Duco Furim price": 0.0, "Duco Node-S price": 0.0, "Duco PancakeSwap price": 4e-05, "Duco SunSwap price": 4.5e-05, "Duco SushiSwap price": 1.2e-05, "Duco UbeSwap price": 2.8e-05, "Duco price": 8.7e-05, "Duco price BCH": 1.4e-05, "Duco price NANO": 1.4e-05, "Duco price TRX": 1.7e-05, "Duco price XMG": 8.7e-05, "Duino-Coin Server API": "github.com/revoxhere/duino-coin", "Kolka": {"Banned": 924, "Jailed": 58}, "Last block hash": "2eb3f8271cd947cdd6469be145558a7bcb72e0d9", "Last sync": 1657305025.587596, "Last update": "08/07/2022 18:30:27 (UTC)", "Mined blocks": 218766597427, "Miner distribution": {"All": 37152, "Arduino": 4899, "CPU": 2264, "ESP32": 12711, "ESP8266": 15444, "GPU": 0, "Other": 96, "Phone": 66, "RPi": 1427, "Web": 245}, "Net energy usage": "30.69 kW", "Open threads": 22, "Pool hashrate": "3056.34 MH/s", "Registered users": 73886, "Server CPU usage": 48.9, "Server RAM usage": 33.1, "Server version": 3.0, "Top 10 richest miners": ["34152710.622689165 DUCO - bscDUCO", "16868017.35010215 DUCO - Ochios", "7753573.920859614 DUCO - ctecrypto", "6974991.289071771 DUCO - QQ44142894", "5819512.765957675 DUCO - renderman", "2368507.0 DUCO - Brunomoyses23", "2210288.9385462017 DUCO - vyrdudji", "2206977.4173966968 DUCO - coinexchange", "2070152.565 DUCO - CryptSino_Exchange", "1429416.5421398599 DUCO - maticDUCO"], "XXHASH hashrate": "0 H/s"}