{"Active connections": 1440, "All-time mined DUCO": 59997594.654090405, "Current difficulty": 1000000, "DUCO-S1 hashrate": "4.0 GH/s", "Duco Furim price": 0.0, "Duco Node-S price": 0.0, "Duco PancakeSwap price": 4.9e-05, "Duco SunSwap price": 5e-05, "Duco SushiSwap price": 1.1e-05, "Duco UbeSwap price": 2e-05, "Duco price": 5.1e-05, "Duco price BCH": 6e-06, "Duco price NANO": 2.9e-05, "Duco price TRX": 1.8e-05, "Duco price XMG": 4.9e-05, "Duino-Coin Server API": "github.com/revoxhere/duino-coin", "Kolka": {"Banned": 807, "Jailed": 47}, "Last block hash": "2eb3f8271cd947cdd6469be145558a7bcb72e0d9", "Last sync": 1652779103.1538224, "Last update": "17/05/2022 09:18:24 (UTC)", "Mined blocks": 180011061343, "Miner distribution": {"All": 40160, "Arduino": 5701, "CPU": 3239, "ESP32": 13091, "ESP8266": 15614, "GPU": 0, "Other": 62, "Phone": 160, "RPi": 1889, "Web": 404}, "Net energy usage": "38.18 kW", "Open threads": 21, "Pool hashrate": "3982.72 MH/s", "Registered users": 74524, "Server CPU usage": 39.9, "Server RAM usage": 52.8, "Server version": 3.0, "Top 10 richest miners": ["26642061.33443735 DUCO - bscDUCO", "11803505.085032174 DUCO - Ochios", "4919754.416515254 DUCO - QQ44142894", "4007495.7029078435 DUCO - Demoel", "2283243.1571445116 DUCO - ctecrypto", "2210288.9385462017 DUCO - vyrdudji", "1470916.3482914057 DUCO - maticDUCO", "1415001.401 DUCO - amornlit", "1303834.880030466 DUCO - coinexchange", "1209839.3105654893 DUCO - James_themac"], "XXHASH hashrate": "0 H/s"}