{"Duino-Coin Server API": "github.com/revoxhere/duino-coin", "Server version": 2.7, "Active connections": 10770, "Open threads": 24, "Server CPU usage": 48.7, "Server RAM usage": 33.6, "Last update": "20/09/2021 10:05:35 (UTC)", "Net energy usage": "62.05 kW", "Pool hashrate": "1249.7908 MH/s", "DUCO-S1 hashrate": "1214.3 MH/s", "XXHASH hashrate": "35.5 MH/s", "Duco price": 0.00176586, "Duco price XMG": 0.00089782, "Duco price BCH": 0.00056844, "Duco price RVN": 0.00070571, "Duco price TRX": 0.00071283, "Duco price XRP": 0.00033706, "Duco price DGB": 0.00068249, "Duco price NANO": 0.00071775, "Duco price FJC": 0.00087185, "Duco Node-S price": 7.9e-05, "Duco JustSwap price": 0.00075207, "Duco PancakeSwap price": 0.00176586, "Registered users": 18057, "All-time mined DUCO": 10235108.64730268, "Current difficulty": 801144, "Mined blocks": 19227738518, "Last block hash": "730b6127b9", "Kolka": {"Jailed": 23, "Banned": 642}, "Miner distribution": {"GPU": 1, "CPU": 3575, "RPi": 2087, "Phone": 199, "Web": 1403, "ESP32": 8701, "ESP8266": 9999, "Arduino": 4790, "Other": 92}, "Top 10 richest miners": ["2146759.326103545 DUCO - bscDUCO", "521500.1558491204 DUCO - 52Pickup", "307138.2893900001 DUCO - coinexchange", "170042.36464343796 DUCO - Bacman", "120975.53672242098 DUCO - rootbori", "113387.18511437952 DUCO - amornlit", "86513.57187078946 DUCO - caancom", "70427.82144867386 DUCO - WannaCry", "59117.12753905999 DUCO - maticDUCO", "57735.299753185565 DUCO - giveaways"]}