{"Active connections": 775, "All-time mined DUCO": 742890981.0369134, "Current difficulty": 75000, "DUCO-S1 hashrate": "2.411 GH/s", "Duco FluffySwap price": 2.66e-06, "Duco Furim price": 0.0, "Duco Node-S price": 0.0, "Duco PancakeSwap price": 1.15039e-05, "Duco SunSwap price": 0.00010666, "Duco SushiSwap price": 2.01831e-05, "Duco UbeSwap price": 2.8285092635326694e-05, "Duco price": 0.00010666, "Duco price BCH": 3.79e-06, "Duco price NANO": 1.74e-06, "Duco price TRX": 3.13e-06, "Duco price XMG": 0.0, "Duino-Coin Server API": "github.com/revoxhere/duino-coin", "Kolka": {"Banned": 1401, "Jailed": 126}, "Last block hash": "8de4bc0b3fa1580ec7f3421feb9644fc8ead02b8", "Last sync": 1685983539.2329435, "Last update": "05/06/2023 16:45:42 (UTC)", "Mined blocks": 411186368686, "Miner distribution": {"All": 23721, "Arduino": 2938, "CPU": 1019, "ESP32": 9651, "ESP8266": 8382, "GPU": 0, "Other": 14, "Phone": 38, "RPi": 1379, "Web": 300}, "Net energy usage": "17.73 kW", "Open threads": 23, "Pool hashrate": "2410.88 MH/s", "Registered users": 93396, "Server CPU usage": 42.9, "Server RAM usage": 33.1, "Server version": 3.0, "Top 10 richest miners": ["495743830.67087966 DUCO - coinexchange", "404537119.0739506 DUCO - coinexchange", "52592099.04439265 DUCO - bscDUCO", "20119947.6942 DUCO - viviana80", "15115368.927099999 DUCO - Ochios", "12720440.559071772 DUCO - QQ44142894", "12318487.836781636 DUCO - Flowen1985", "10978718.142896354 DUCO - Rafa2000", "10759939.638689265 DUCO - fiorella71", "8125736.123916335 DUCO - Orion_0x43b"], "XXHASH hashrate": "0 H/s"}