{"Duino-Coin Server API": "github.com/revoxhere/duino-coin", "Server version": 2.7, "Active connections": 40791, "Open threads": 24, "Server CPU usage": 70.0, "Server RAM usage": 89.3, "Last update": "11/10/2021 06:22:13 (UTC)", "Net energy usage": "63.01 kW", "Pool hashrate": "1258.97 MH/s", "DUCO-S1 hashrate": "1259.0 MH/s", "XXHASH hashrate": "0 H/s", "Duco price": 0.00249623, "Duco price XMG": 0.0022718, "Duco price BCH": 0.00054374, "Duco price RVN": 0.00067041, "Duco price TRX": 0.0006726, "Duco price XRP": 0.000225, "Duco price DGB": 0.00074762, "Duco price NANO": 0.00074861, "Duco price FJC": 0.00075, "Duco Node-S price": 0.00051, "Duco JustSwap price": 0.00249623, "Duco PancakeSwap price": 0.000962842, "Duco SushiSwap price": 0.00124512, "Registered users": 20124, "All-time mined DUCO": 13730432.004316714, "Current difficulty": 1084217, "Mined blocks": 26021314917, "Last block hash": "730b6127b9", "Kolka": {"Jailed": 48, "Banned": 1330}, "Miner distribution": {"GPU": 0, "CPU": 3318, "RPi": 1966, "Phone": 236, "Web": 883, "ESP32": 11210, "ESP8266": 11980, "Arduino": 5416, "Other": 87, "All": 35096}, "Top 10 richest miners": ["2538780.999637488 DUCO - bscDUCO", "912196.9277059908 DUCO - James_themac", "521520.1555491204 DUCO - 52Pickup", "284615.2259145401 DUCO - coinexchange", "170240.13285850236 DUCO - Bacman", "170226.10104597002 DUCO - celoDUCO", "123768.47205210854 DUCO - bimbasimba94", "123387.18511437952 DUCO - amornlit", "121685.90546844892 DUCO - rootbori", "87295.23815677354 DUCO - caancom"]}