{"Active connections": 619, "All-time mined DUCO": 1117577026.1335454, "Current difficulty": 75000, "DUCO-S1 hashrate": "2.174 GH/s", "Duco FluffySwap price": 3.409e-06, "Duco Furim price": 0.0, "Duco Node-S price": 0.0, "Duco PancakeSwap price": 7.2694e-06, "Duco SunSwap price": 0.00010306, "Duco SushiSwap price": 1.01312e-05, "Duco UbeSwap price": 2.9093097913322633e-05, "Duco price": 0.00010306, "Duco price BCH": 4.87e-06, "Duco price NANO": 1.16e-06, "Duco price TRX": 1.93e-06, "Duco price XMG": 1.563e-05, "Duino-Coin Server API": "github.com/revoxhere/duino-coin", "Kolka": {"Banned": 5663, "Jailed": 161}, "Last block hash": "8de4bc0b3fa1580ec7f3421feb9644fc8ead02b8", "Last sync": 1693793193.7765386, "Last update": "04/09/2023 02:06:37 (UTC)", "Mined blocks": 444810514819, "Miner distribution": {"All": 19582, "Arduino": 2277, "CPU": 741, "ESP32": 8183, "ESP8266": 7157, "GPU": 0, "Other": 7, "Phone": 18, "RPi": 1184, "Web": 15}, "Net energy usage": "14.03 kW", "Open threads": 24, "Pool hashrate": "2173.973 MH/s", "Registered users": 95414, "Server CPU usage": 35.2, "Server RAM usage": 37.8, "Server version": 3.0, "Top 10 richest miners": ["495743830.67087966 DUCO - coinexchange", "365942215.15266997 DUCO - coinexchange", "70383919.64457695 DUCO - bscDUCO", "35298317.008099996 DUCO - AlmarRido", "26698742.939427346 DUCO - giveaways", "24485940.745 DUCO - Flowen1985", "20119947.6942 DUCO - viviana80", "12720440.559071772 DUCO - QQ44142894", "11757537.21285198 DUCO - ctecrypto", "11394221.861 DUCO - bimbasimba94"], "XXHASH hashrate": "0 H/s"}