{"Active connections": 655, "All-time mined DUCO": 1114116320.304073, "Current difficulty": 75000, "DUCO-S1 hashrate": "2.065 GH/s", "Duco FluffySwap price": 0.0, "Duco Furim price": 0.0, "Duco Node-S price": 0.0, "Duco PancakeSwap price": 0.0, "Duco SunSwap price": 0.0, "Duco SushiSwap price": 0.0, "Duco UbeSwap price": 0.0, "Duco price": 4.65e-06, "Duco price BCH": 4.65e-06, "Duco price NANO": 1.01e-06, "Duco price TRX": 1.83e-06, "Duco price XMG": 0.0, "Duino-Coin Server API": "github.com/revoxhere/duino-coin", "Kolka": {"Banned": 5618, "Jailed": 153}, "Last block hash": "8de4bc0b3fa1580ec7f3421feb9644fc8ead02b8", "Last sync": 1692431303.2534933, "Last update": "19/08/2023 07:48:26 (UTC)", "Mined blocks": 439602226073, "Miner distribution": {"All": 19799, "Arduino": 2317, "CPU": 689, "ESP32": 8286, "ESP8266": 7361, "GPU": 0, "Other": 10, "Phone": 10, "RPi": 1126, "Web": 0}, "Net energy usage": "13.74 kW", "Open threads": 28, "Pool hashrate": "2064.864 MH/s", "Registered users": 94991, "Server CPU usage": 56.0, "Server RAM usage": 34.5, "Server version": 3.0, "Top 10 richest miners": ["495743830.67087966 DUCO - coinexchange", "369595323.0750701 DUCO - coinexchange", "70329919.64457695 DUCO - bscDUCO", "35303177.008099996 DUCO - AlmarRido", "26595180.933020722 DUCO - giveaways", "24375488.137 DUCO - Flowen1985", "20119947.6942 DUCO - viviana80", "12720440.559071772 DUCO - QQ44142894", "11755265.096488306 DUCO - ctecrypto", "11394221.861 DUCO - bimbasimba94"], "XXHASH hashrate": "0 H/s"}