{"Active connections": 666, "All-time mined DUCO": 17799581.876010284, "Current difficulty": 75000, "DUCO-S1 hashrate": "1552.0 MH/s", "Duco JustSwap price": 0.00013572, "Duco Node-S price": 5.7e-05, "Duco PancakeSwap price": 0.000594663, "Duco SushiSwap price": 0.000356015, "Duco price": 0.0011, "Duco price BCH": 8.089e-05, "Duco price DGB": 0.0, "Duco price NANO": 1.706e-05, "Duco price RVN": 0.0, "Duco price TRX": 0.00018008, "Duco price XMG": 0.00044443, "Duco price XRP": 0.0, "Duino-Coin Server API": "github.com/revoxhere/duino-coin", "Kolka": {"Banned": 711, "Jailed": 24}, "Last block hash": "2eb3f8271c", "Last update": "10/12/2021 22:06:14 (UTC)", "Mined blocks": 58994403653, "Miner distribution": {"All": 37685, "Arduino": 6945, "CPU": 4555, "ESP32": 10592, "ESP8266": 11545, "GPU": 0, "Other": 5, "Phone": 456, "RPi": 2663, "Web": 924}, "Net energy usage": "45.57 kW", "Open threads": 21, "Pool hashrate": "1552.01 MH/s", "Registered users": 29509, "Server CPU usage": 52.3, "Server RAM usage": 46.8, "Server version": 2.7, "Top 10 richest miners": ["4423316.321937466 DUCO - bscDUCO", "1153254.8681484298 DUCO - coinexchange", "530162.5806861913 DUCO - NodeSBroker", "397162.15067505674 DUCO - James_themac", "300520.321607231 DUCO - 52Pickup", "203230.2438458833 DUCO - miningvir", "188782.057104081 DUCO - celoDUCO", "180423.08691112456 DUCO - maticDUCO", "170241.298916613 DUCO - Bacman", "166751.36816501172 DUCO - bloomindark"], "XXHASH hashrate": "0 H/s"}