{"Duino-Coin Server API": "github.com/revoxhere/duino-coin", "Server version": 2.6, "Active connections": 2978, "Open threads": 21, "Server CPU usage": 39.1, "Server RAM usage": 25.9, "Last update": "25/08/2021 11:03:17 (UTC)", "Net energy usage": "0 W", "Pool hashrate": "0 H/s", "DUCO-S1 hashrate": "0 H/s", "XXHASH hashrate": "0 H/s", "Duco price": 0.00299443, "Duco price XMG": 0.0023782, "Duco price BCH": 0.00126312, "Duco price TRX": 0.00042027, "Duco price XRP": 0.00114, "Duco price DGB": 0.00068323, "Duco price NANO": 0.000623, "Duco price FJC": 0.00048056, "Duco Node-S price": 0, "Duco JustSwap price": 0.00299443, "Duco PancakeSwap price": 0.00251652, "Registered users": 15044, "All-time mined DUCO": 7061948.032706366, "Current difficulty": 505696, "Mined blocks": 12136701066, "Last block hash": "dec8f4a0c2", "Kolka": {"Jailed": 0, "Banned": 440}, "Miner distribution": {"GPU": 0, "CPU": 0, "RPi": 0, "ESP32": 0, "ESP8266": 0, "Arduino": 0, "Other": 0}, "Top 10 richest miners": ["1230159.4063954253 DUCO - bscDUCO", "276168.1555491204 DUCO - 52Pickup", "208936.5547796326 DUCO - coinexchange", "169937.594875061 DUCO - Bacman", "113387.18511437952 DUCO - amornlit", "86278.56927084453 DUCO - caancom", "80882.76488499498 DUCO - WannaCry", "51008.884151237646 DUCO - ducodoly", "50288.45762651612 DUCO - duinocrfsh", "47119.90790638301 DUCO - chipsa"], "Active workers": {}}