{"Active connections": 1327, "All-time mined DUCO": 737676211.2470673, "Current difficulty": 200000, "DUCO-S1 hashrate": "2.48 GH/s", "Duco FluffySwap price": 7.819e-06, "Duco Furim price": 0.0, "Duco Node-S price": 0.0, "Duco PancakeSwap price": 8.57789e-06, "Duco SunSwap price": 9.086e-05, "Duco SushiSwap price": 1.2962107682626e-05, "Duco UbeSwap price": 1.1191491992827553e-05, "Duco price": 0.000254, "Duco price BCH": 0.0001657, "Duco price NANO": 0.000254, "Duco price TRX": 1.117e-05, "Duco price XMG": 4.126e-05, "Duino-Coin Server API": "github.com/revoxhere/duino-coin", "Kolka": {"Banned": 5949, "Jailed": 182}, "Last block hash": "8de4bc0b3fa1580ec7f3421feb9644fc8ead02b8", "Last sync": 1716958086.9056022, "Last update": "29/05/2024 04:48:06 (UTC)", "Mined blocks": 523036488745, "Miner distribution": {"All": 18307, "Arduino": 2324, "CPU": 970, "ESP32": 7491, "ESP8266": 6138, "GPU": 0, "Other": 17, "Phone": 13, "RPi": 1198, "Web": 156}, "Net energy usage": "14.85 kW", "Open threads": 28, "Pool hashrate": "2479.547 MH/s", "Registered users": 102413, "Server CPU usage": 56.9, "Server RAM usage": 91.4, "Server version": 4.0, "Top 10 richest miners": ["79233663.74889731 DUCO - bscDUCO", "30792510.456 DUCO - Flowen1985", "30547606.40829605 DUCO - AlmarRido", "20119947.6942 DUCO - viviana80", "18545685.805999998 DUCO - bimbasimba94", "14898322.91308871 DUCO - aimbert", "14843731.162954926 DUCO - ctecrypto", "12720440.585598174 DUCO - QQ44142894", "11315447.423450653 DUCO - duinousa", "10759939.638689265 DUCO - fiorella71"], "XXHASH hashrate": "0 H/s"}