{"Active connections": 963, "All-time mined DUCO": 770171843.5323533, "Current difficulty": 200000, "DUCO-S1 hashrate": "1.992 GH/s", "Duco FluffySwap price": 1.9914999999999998e-05, "Duco Furim price": 0.0, "Duco Node-S price": 0.0, "Duco PancakeSwap price": 1.31425e-05, "Duco SunSwap price": 2.721e-05, "Duco SushiSwap price": 8.987494203495e-06, "Duco UbeSwap price": 1.568e-05, "Duco price": 3.541e-05, "Duco price BCH": 0.0, "Duco price NANO": 0.0, "Duco price TRX": 2.844e-05, "Duco price XMG": 3.541e-05, "Duino-Coin Server API": "github.com/revoxhere/duino-coin", "Kolka": {"Banned": 6018, "Jailed": 189}, "Last block hash": "8de4bc0b3fa1580ec7f3421feb9644fc8ead02b8", "Last sync": 1724098515.2551084, "Last update": "19/08/2024 20:15:15 (UTC)", "Mined blocks": 544487363191, "Miner distribution": {"All": 14839, "Arduino": 1898, "CPU": 759, "ESP32": 4919, "ESP8266": 5972, "GPU": 0, "Other": 8, "Phone": 6, "RPi": 1109, "Web": 168}, "Net energy usage": "12.19 kW", "Open threads": 28, "Pool hashrate": "1991.721 MH/s", "Registered users": 105247, "Server CPU usage": 69.2, "Server RAM usage": 88.4, "Server version": 4.0, "Top 10 richest miners": ["236402105.9673155 DUCO - coinexchange", "82974997.70122527 DUCO - bscDUCO", "35576240.569 DUCO - AlmarRido", "30855598.808 DUCO - Flowen1985", "18280977.178 DUCO - bimbasimba94", "16096358.288900001 DUCO - viviana80", "14928201.08589683 DUCO - aimbert", "14847133.194062889 DUCO - ctecrypto", "12721940.665481606 DUCO - QQ44142894", "11342413.111589042 DUCO - duinousa"], "XXHASH hashrate": "0 H/s"}