{"Active connections": 1703, "All-time mined DUCO": 51878891.80330378, "Current difficulty": 1000000, "DUCO-S1 hashrate": "4.5 GH/s", "Duco Furim price": 0.0, "Duco Node-S price": 0.0, "Duco PancakeSwap price": 6.4e-05, "Duco SunSwap price": 6.6e-05, "Duco SushiSwap price": 2.5e-05, "Duco UbeSwap price": 0.0, "Duco price": 0.001, "Duco price BCH": 9e-06, "Duco price NANO": 5.1e-05, "Duco price TRX": 1.7e-05, "Duco price XMG": 6.4e-05, "Duino-Coin Server API": "github.com/revoxhere/duino-coin", "Kolka": {"Banned": 738, "Jailed": 47}, "Last block hash": "2eb3f8271cd947cdd6469be145558a7bcb72e0d9", "Last sync": 1650827992.0667193, "Last update": "24/04/2022 19:19:56 (UTC)", "Mined blocks": 162565458145, "Miner distribution": {"All": 40380, "Arduino": 6008, "CPU": 3588, "ESP32": 12708, "ESP8266": 15316, "GPU": 0, "Other": 93, "Phone": 178, "RPi": 2054, "Web": 435}, "Net energy usage": "40.44 kW", "Open threads": 21, "Pool hashrate": "4466.04 MH/s", "Registered users": 71111, "Server CPU usage": 41.3, "Server RAM usage": 55.8, "Server version": 3.0, "Top 10 richest miners": ["22801062.103153344 DUCO - bscDUCO", "7309549.914401649 DUCO - Ochios", "3978467.3220304674 DUCO - coinexchange", "3000141.959876293 DUCO - varanese67", "2751656.5995303383 DUCO - QQ44142894", "2210290.556490195 DUCO - vyrdudji", "1241809.392057218 DUCO - maticDUCO", "1218282.0196673388 DUCO - ivanrpz", "1209839.3043566686 DUCO - James_themac", "830257.4757288157 DUCO - xxl"], "XXHASH hashrate": "0 H/s"}