{"Active connections": 575, "All-time mined DUCO": 744514503.4180815, "Current difficulty": 75000, "DUCO-S1 hashrate": "2.403 GH/s", "Duco FluffySwap price": 2.779e-06, "Duco Furim price": 0.0, "Duco Node-S price": 0.0, "Duco PancakeSwap price": 5.86642e-06, "Duco SunSwap price": 0.00010207, "Duco SushiSwap price": 1.30752e-05, "Duco UbeSwap price": 2.8285092635326694e-05, "Duco price": 0.00010207, "Duco price BCH": 3.97e-06, "Duco price NANO": 1.9e-06, "Duco price TRX": 3e-06, "Duco price XMG": 0.0, "Duino-Coin Server API": "github.com/revoxhere/duino-coin", "Kolka": {"Banned": 1398, "Jailed": 128}, "Last block hash": "8de4bc0b3fa1580ec7f3421feb9644fc8ead02b8", "Last sync": 1685665555.1265244, "Last update": "02/06/2023 00:25:56 (UTC)", "Mined blocks": 409534835945, "Miner distribution": {"All": 23869, "Arduino": 3001, "CPU": 973, "ESP32": 9877, "ESP8266": 8356, "GPU": 0, "Other": 9, "Phone": 12, "RPi": 1420, "Web": 221}, "Net energy usage": "17.52 kW", "Open threads": 23, "Pool hashrate": "2402.616 MH/s", "Registered users": 93294, "Server CPU usage": 33.5, "Server RAM usage": 33.0, "Server version": 3.0, "Top 10 richest miners": ["495743830.67087966 DUCO - coinexchange", "407874379.60374147 DUCO - coinexchange", "52378437.04439265 DUCO - bscDUCO", "20119947.6942 DUCO - viviana80", "15115368.927099999 DUCO - Ochios", "12720440.559071772 DUCO - QQ44142894", "12318205.801820239 DUCO - Flowen1985", "10759939.638689265 DUCO - fiorella71", "8125736.123916335 DUCO - Orion_0x43b", "7301324.777033954 DUCO - revox"], "XXHASH hashrate": "0 H/s"}