{"Active connections": 386, "All-time mined DUCO": 770385699.3383043, "Current difficulty": 200000, "DUCO-S1 hashrate": "1.824 GH/s", "Duco FluffySwap price": 2.1153999999999998e-05, "Duco Furim price": 0.0, "Duco Node-S price": 0.0, "Duco PancakeSwap price": 1.31425e-05, "Duco SunSwap price": 2.891e-05, "Duco SushiSwap price": 8.987494203495e-06, "Duco UbeSwap price": 1.568e-05, "Duco price": 3.854e-05, "Duco price BCH": 0.0, "Duco price NANO": 0.0, "Duco price TRX": 3.022e-05, "Duco price XMG": 3.854e-05, "Duino-Coin Server API": "github.com/revoxhere/duino-coin", "Kolka": {"Banned": 6040, "Jailed": 191}, "Last block hash": "8de4bc0b3fa1580ec7f3421feb9644fc8ead02b8", "Last sync": 1727212320.3510194, "Last update": "24/09/2024 21:12:00 (UTC)", "Mined blocks": 553091537764, "Miner distribution": {"All": 14758, "Arduino": 2009, "CPU": 737, "ESP32": 4811, "ESP8266": 5907, "GPU": 0, "Other": 9, "Phone": 9, "RPi": 1112, "Web": 164}, "Net energy usage": "12.0 kW", "Open threads": 27, "Pool hashrate": "1824.193 MH/s", "Registered users": 106307, "Server CPU usage": 31.1, "Server RAM usage": 67.7, "Server version": 4.0, "Top 10 richest miners": ["237102620.96089274 DUCO - coinexchange", "85498980.52646369 DUCO - bscDUCO", "35576240.569 DUCO - AlmarRido", "30855598.808 DUCO - Flowen1985", "18317539.132 DUCO - bimbasimba94", "16128552.502000002 DUCO - viviana80", "14958514.261856776 DUCO - aimbert", "14847133.194062889 DUCO - ctecrypto", "12721943.39257476 DUCO - QQ44142894", "11365384.179663561 DUCO - duinousa"], "XXHASH hashrate": "0 H/s"}