{"Active connections": 1035, "All-time mined DUCO": 99619065.5251559, "Current difficulty": 75000, "DUCO-S1 hashrate": "3.1 GH/s", "Duco FluffySwap price": 1.2165999999999998e-05, "Duco Furim price": 0.0, "Duco Node-S price": 0.0, "Duco PancakeSwap price": 3.73398e-05, "Duco SunSwap price": 5.045e-05, "Duco SushiSwap price": 4.69978e-05, "Duco UbeSwap price": 2.929910624286002e-05, "Duco price": 6.43e-05, "Duco price BCH": 1.743e-05, "Duco price NANO": 7.41e-06, "Duco price TRX": 6.28e-06, "Duco price XMG": 6.43e-05, "Duino-Coin Server API": "github.com/revoxhere/duino-coin", "Kolka": {"Banned": 1124, "Jailed": 88}, "Last block hash": "8de4bc0b3fa1580ec7f3421feb9644fc8ead02b8", "Last sync": 1667189298.3447344, "Last update": "31/10/2022 04:08:20 (UTC)", "Mined blocks": 291874355046, "Miner distribution": {"All": 38136, "Arduino": 4559, "CPU": 2304, "ESP32": 13151, "ESP8266": 16219, "GPU": 0, "Other": 42, "Phone": 94, "RPi": 1293, "Web": 474}, "Net energy usage": "31.44 kW", "Open threads": 25, "Pool hashrate": "3067.13 MH/s", "Registered users": 82352, "Server CPU usage": 41.6, "Server RAM usage": 48.1, "Server version": 3.0, "Top 10 richest miners": ["38407038.025158234 DUCO - bscDUCO", "25247887.764609914 DUCO - coinexchange", "15965319.80435637 DUCO - Ochios", "11692429.559071772 DUCO - QQ44142894", "2415446.5600482784 DUCO - lordachoo", "2368507.0 DUCO - Brunomoyses23", "2210288.919161586 DUCO - vyrdudji", "1719789.1563064212 DUCO - Orion_0x43b", "1638719.6808087118 DUCO - maticDUCO", "1457898.898 DUCO - amornlit"], "XXHASH hashrate": "0 H/s"}