{"Active connections": 7212, "All-time mined DUCO": 17281730.92895518, "Current difficulty": 125000, "DUCO-S1 hashrate": "1271.7 MH/s", "Duco JustSwap price": 0.0009214, "Duco Node-S price": 5.1e-05, "Duco PancakeSwap price": 0.000656946, "Duco SushiSwap price": 0.000469464, "Duco price": 0.004545, "Duco price BCH": 0.00031602, "Duco price DGB": 0.0, "Duco price NANO": 0.0044025, "Duco price RVN": 0.0, "Duco price TRX": 0.00115176, "Duco price XMG": 0.00167542, "Duco price XRP": 0.0, "Duino-Coin Server API": "github.com/revoxhere/duino-coin", "Kolka": {"Banned": 680, "Jailed": 24}, "Last block hash": "65b3f612d0", "Last update": "09/11/2021 18:46:30 (UTC)", "Mined blocks": 39976044055, "Miner distribution": {"All": 36271, "Arduino": 6165, "CPU": 3269, "ESP32": 11140, "ESP8266": 12698, "GPU": 0, "Other": 45, "Phone": 327, "RPi": 2046, "Web": 581}, "Net energy usage": "36.71 kW", "Open threads": 24, "Pool hashrate": "1271.69 MH/s", "Registered users": 23202, "Server CPU usage": 41.2, "Server RAM usage": 37.6, "Server version": 2.7, "Top 10 richest miners": ["3331503.8949265815 DUCO - bscDUCO", "981561.3300902195 DUCO - coinexchange", "587441.6081317749 DUCO - NodeSBroker", "522520.1555491204 DUCO - 52Pickup", "401103.3750779485 DUCO - James_themac", "195997.89104597003 DUCO - celoDUCO", "170241.13285850236 DUCO - Bacman", "123387.18511437952 DUCO - amornlit", "119999.99999999892 DUCO - rootbori", "118155.19777253376 DUCO - maticDUCO"], "XXHASH hashrate": "0 H/s"}