{"Duino-Coin Server API": "github.com/revoxhere/duino-coin", "Server version": 2.6, "Active connections": 6296, "Open threads": 24, "Server CPU usage": 73.2, "Server RAM usage": 57.0, "Last update": "13/08/2021 22:37:56 (UTC)", "Net energy usage": "67.45 kW", "Pool hashrate": "2.4041 GH/s", "DUCO-S1 hashrate": "2.4 GH/s", "XXHASH hashrate": "22.8 MH/s", "Duco price": 0.015304, "Duco price XMG": 0.01530362, "Duco price BCH": 0.00160393, "Duco price TRX": 0.00176642, "Duco price XRP": 0.0018375, "Duco price DGB": 0.00191796, "Duco Node-S price": 0.015304, "Duco JustSwap price": 0.00622179, "Duco PancakeSwap price": 0.00420784, "Registered users": 19524, "All-time mined DUCO": 5252868.745843518, "Current difficulty": 416537, "Mined blocks": 9996949936, "Last block hash": "5c23a1c316", "Kolka": {"Jailed": 0, "Banned": 417}, "Miner distribution": {"GPU": 0, "CPU": 4666, "RPi": 1771, "ESP32": 7512, "ESP8266": 8704, "Arduino": 5251, "Other": 194}, "Top 10 richest miners": ["469730.57056875795 DUCO - bscDUCO", "169501.53485421502 DUCO - Bacman", "113016.06962313972 DUCO - amornlit", "110456.59133599073 DUCO - 52Pickup", "86028.89443051915 DUCO - caancom", "79727.90636678287 DUCO - noixauvk", "61876.45377963257 DUCO - coinexchange", "50288.45762651612 DUCO - duinocrfsh", "50112.90405799439 DUCO - rootbori", "47119.90790638301 DUCO - chipsa"]}