{"Duino-Coin Server API": "github.com/revoxhere/duino-coin", "Server version": 2.6, "Active connections": 8160, "Open threads": 21, "Server CPU usage": 38.4, "Server RAM usage": 29.2, "Last update": "24/08/2021 03:36:06 (UTC)", "Net energy usage": "0 W", "Pool hashrate": "0 H/s", "DUCO-S1 hashrate": "0 H/s", "XXHASH hashrate": "0 H/s", "Duco price": 0.00317769, "Duco price XMG": 0.00197204, "Duco price BCH": 0.00134558, "Duco price TRX": 0.00044599, "Duco price XRP": 0.00124, "Duco price DGB": 0.00074063, "Duco price NANO": 0.000699, "Duco price FJC": 0.00049629, "Duco Node-S price": 0, "Duco JustSwap price": 0.00317769, "Duco PancakeSwap price": 0.00251652, "Registered users": 15046, "All-time mined DUCO": 7061979.085004361, "Current difficulty": 505317, "Mined blocks": 12127604574, "Last block hash": "dec8f4a0c2", "Kolka": {"Jailed": 0, "Banned": 440}, "Miner distribution": {"GPU": 0, "CPU": 0, "RPi": 0, "ESP32": 0, "ESP8266": 0, "Arduino": 0, "Other": 0}, "Top 10 richest miners": ["1169602.8811403152 DUCO - bscDUCO", "283068.1555491204 DUCO - 52Pickup", "276055.4047796325 DUCO - coinexchange", "169936.554875061 DUCO - Bacman", "113387.18511437952 DUCO - amornlit", "100883.76488499498 DUCO - WannaCry", "86278.56927084453 DUCO - caancom", "50288.45762651612 DUCO - duinocrfsh", "48833.124475414 DUCO - NodeSBroker", "47119.90790638301 DUCO - chipsa"], "Active workers": {}}