{"Active connections": 1009, "All-time mined DUCO": 751128952.5793394, "Current difficulty": 200000, "DUCO-S1 hashrate": "1.444 GH/s", "Duco FluffySwap price": 8.897e-06, "Duco Furim price": 0.0, "Duco Node-S price": 0.0, "Duco PancakeSwap price": 0.0, "Duco SunSwap price": 2.431e-05, "Duco SushiSwap price": 0.0, "Duco UbeSwap price": 0.0, "Duco price": 2.431e-05, "Duco price BCH": 0.0, "Duco price NANO": 0.0, "Duco price TRX": 1.271e-05, "Duco price XMG": 1.31e-06, "Duino-Coin Server API": "github.com/revoxhere/duino-coin", "Kolka": {"Banned": 5991, "Jailed": 191}, "Last block hash": "8de4bc0b3fa1580ec7f3421feb9644fc8ead02b8", "Last sync": 1722533084.3112328, "Last update": "01/08/2024 17:24:44 (UTC)", "Mined blocks": 540121835749, "Miner distribution": {"All": 16374, "Arduino": 2031, "CPU": 821, "ESP32": 6159, "ESP8266": 6027, "GPU": 0, "Other": 10, "Phone": 2, "RPi": 1123, "Web": 201}, "Net energy usage": "13.18 kW", "Open threads": 27, "Pool hashrate": "1444.259 MH/s", "Registered users": 104703, "Server CPU usage": 66.8, "Server RAM usage": 90.8, "Server version": 4.0, "Top 10 richest miners": ["244071290.12555546 DUCO - coinexchange", "81976627.19825932 DUCO - bscDUCO", "30855598.808 DUCO - Flowen1985", "30000980.1298474 DUCO - AlmarRido", "18280977.178 DUCO - bimbasimba94", "16096358.288900001 DUCO - viviana80", "14928185.843993042 DUCO - aimbert", "14847133.194062889 DUCO - ctecrypto", "12721940.59109726 DUCO - QQ44142894", "11341664.396323226 DUCO - duinousa"], "XXHASH hashrate": "0 H/s"}