{"Active connections": 946, "All-time mined DUCO": 743509584.4386861, "Current difficulty": 200000, "DUCO-S1 hashrate": "1.917 GH/s", "Duco FluffySwap price": 8.365e-06, "Duco Furim price": 0.0, "Duco Node-S price": 0.0, "Duco PancakeSwap price": 8.57789e-06, "Duco SunSwap price": 0.00013463, "Duco SushiSwap price": 1.2962107682626e-05, "Duco UbeSwap price": 1.1191491992827553e-05, "Duco price": 0.00017435, "Duco price BCH": 0.00013489, "Duco price NANO": 0.00017435, "Duco price TRX": 1.196e-05, "Duco price XMG": 0.0, "Duino-Coin Server API": "github.com/revoxhere/duino-coin", "Kolka": {"Banned": 5970, "Jailed": 183}, "Last block hash": "8de4bc0b3fa1580ec7f3421feb9644fc8ead02b8", "Last sync": 1719169900.5523002, "Last update": "23/06/2024 19:11:40 (UTC)", "Mined blocks": 529810951159, "Miner distribution": {"All": 18509, "Arduino": 2469, "CPU": 1014, "ESP32": 7540, "ESP8266": 6160, "GPU": 0, "Other": 14, "Phone": 4, "RPi": 1166, "Web": 142}, "Net energy usage": "15.11 kW", "Open threads": 27, "Pool hashrate": "1917.365 MH/s", "Registered users": 103358, "Server CPU usage": 58.0, "Server RAM usage": 90.8, "Server version": 4.0, "Top 10 richest miners": ["248831134.51882994 DUCO - coinexchange", "80431448.78550309 DUCO - bscDUCO", "29548821.707830127 DUCO - AlmarRido", "24635208.6964704 DUCO - Flowen1985", "22851221.472 DUCO - bimbasimba94", "20120447.6942 DUCO - viviana80", "14898362.726649577 DUCO - aimbert", "14847133.194062889 DUCO - ctecrypto", "14175242.078598833 DUCO - duinousa", "12721940.59109726 DUCO - QQ44142894"], "XXHASH hashrate": "0 H/s"}