{"Active connections": 396, "All-time mined DUCO": 770620209.6917975, "Current difficulty": 200000, "DUCO-S1 hashrate": "1.749 GH/s", "Duco FluffySwap price": 2.1329e-05, "Duco Furim price": 0.0, "Duco Node-S price": 0.0, "Duco PancakeSwap price": 1.31425e-05, "Duco SunSwap price": 2.917e-05, "Duco SushiSwap price": 8.987494203495e-06, "Duco UbeSwap price": 1.568e-05, "Duco price": 3.805e-05, "Duco price BCH": 0.0, "Duco price NANO": 0.0, "Duco price TRX": 3.049e-05, "Duco price XMG": 3.805e-05, "Duino-Coin Server API": "github.com/revoxhere/duino-coin", "Kolka": {"Banned": 6040, "Jailed": 191}, "Last block hash": "8de4bc0b3fa1580ec7f3421feb9644fc8ead02b8", "Last sync": 1727125747.4179342, "Last update": "23/09/2024 21:09:07 (UTC)", "Mined blocks": 552842190804, "Miner distribution": {"All": 14726, "Arduino": 1992, "CPU": 674, "ESP32": 5012, "ESP8266": 5802, "GPU": 0, "Other": 11, "Phone": 27, "RPi": 1055, "Web": 153}, "Net energy usage": "11.52 kW", "Open threads": 28, "Pool hashrate": "1748.945 MH/s", "Registered users": 106289, "Server CPU usage": 56.8, "Server RAM usage": 67.4, "Server version": 4.0, "Top 10 richest miners": ["237111786.65089273 DUCO - coinexchange", "85498979.52646369 DUCO - bscDUCO", "35576240.569 DUCO - AlmarRido", "30855598.808 DUCO - Flowen1985", "18317539.132 DUCO - bimbasimba94", "16128552.502000002 DUCO - viviana80", "14958513.119885605 DUCO - aimbert", "14847133.194062889 DUCO - ctecrypto", "12721943.39257476 DUCO - QQ44142894", "11365384.179663561 DUCO - duinousa"], "XXHASH hashrate": "0 H/s"}