{"Duino-Coin Server API": "github.com/revoxhere/duino-coin", "Server version": 2.7, "Active connections": 81984, "Open threads": 24, "Server CPU usage": 69.3, "Server RAM usage": 46.6, "Last update": "29/10/2021 11:05:47 (UTC)", "Net energy usage": "34.93 kW", "Pool hashrate": "1214.8 MH/s", "DUCO-S1 hashrate": "1214.8 MH/s", "XXHASH hashrate": "0 H/s", "Duco price": 0.000655069, "Duco price XMG": 0.00048941, "Duco price BCH": 0.0001217, "Duco price RVN": 0.0, "Duco price TRX": 0.00030124, "Duco price XRP": 0.0, "Duco price DGB": 0.0, "Duco price NANO": 0.00030172, "Duco Node-S price": 0.000139, "Duco JustSwap price": 0.00051401, "Duco PancakeSwap price": 0.000655069, "Duco SushiSwap price": 9.95036e-05, "Registered users": 22112, "All-time mined DUCO": 16469657.804546444, "Current difficulty": 125000, "Mined blocks": 34484526270, "Last block hash": "4c06c94c4d", "Kolka": {"Jailed": 24, "Banned": 672}, "Miner distribution": {"GPU": 0, "CPU": 3081, "RPi": 1929, "Phone": 194, "Web": 586, "ESP32": 10537, "ESP8266": 12406, "Arduino": 6236, "Other": 119, "All": 35088}, "Top 10 richest miners": ["3081771.256389671 DUCO - bscDUCO", "719508.0100902201 DUCO - coinexchange", "586781.6039841222 DUCO - NodeSBroker", "522520.1555491204 DUCO - 52Pickup", "401016.7308568154 DUCO - James_themac", "172627.89104597003 DUCO - celoDUCO", "170240.13285850236 DUCO - Bacman", "123387.18511437952 DUCO - amornlit", "119999.99999999892 DUCO - rootbori", "88537.87351239695 DUCO - caancom"]}