{"Active connections": 880, "All-time mined DUCO": 723440236.7324488, "Current difficulty": 75000, "DUCO-S1 hashrate": "1.973 GH/s", "Duco FluffySwap price": 1.6799999999999998e-06, "Duco Furim price": 0.0, "Duco Node-S price": 0.0, "Duco PancakeSwap price": 1.92179e-05, "Duco SunSwap price": 2.259e-05, "Duco SushiSwap price": 1.49415e-05, "Duco UbeSwap price": 2.9828006500541712e-05, "Duco price": 2.9828006500541712e-05, "Duco price BCH": 2.4e-06, "Duco price NANO": 1.66e-06, "Duco price TRX": 2.32e-06, "Duco price XMG": 0.0, "Duino-Coin Server API": "github.com/revoxhere/duino-coin", "Kolka": {"Banned": 1356, "Jailed": 122}, "Last block hash": "8de4bc0b3fa1580ec7f3421feb9644fc8ead02b8", "Last sync": 1682493398.748434, "Last update": "26/04/2023 07:16:41 (UTC)", "Mined blocks": 392034510052, "Miner distribution": {"All": 27971, "Arduino": 3409, "CPU": 978, "ESP32": 10868, "ESP8266": 10884, "GPU": 0, "Other": 39, "Phone": 28, "RPi": 1504, "Web": 261}, "Net energy usage": "19.48 kW", "Open threads": 24, "Pool hashrate": "1972.653 MH/s", "Registered users": 92065, "Server CPU usage": 54.8, "Server RAM usage": 39.7, "Server version": 3.0, "Top 10 richest miners": ["495743830.67087966 DUCO - coinexchange", "456791444.3195878 DUCO - coinexchange", "47260044.49839266 DUCO - bscDUCO", "20119947.6942 DUCO - viviana80", "15115368.927099999 DUCO - Ochios", "12720440.559071772 DUCO - QQ44142894", "10759939.638689265 DUCO - fiorella71", "8125736.123916335 DUCO - Orion_0x43b", "7871982.840968047 DUCO - revox", "7871982.840968047 DUCO - revox"], "XXHASH hashrate": "0 H/s"}