{"Active connections": 1336, "All-time mined DUCO": 74116137.92981991, "Current difficulty": 1000000, "DUCO-S1 hashrate": "3.8 GH/s", "Duco Furim price": 0.0, "Duco Node-S price": 0.0, "Duco PancakeSwap price": 4.2e-05, "Duco SunSwap price": 6.1e-05, "Duco SushiSwap price": 4.9e-05, "Duco UbeSwap price": 4.2e-05, "Duco price": 0.000189, "Duco price BCH": 6e-06, "Duco price NANO": 2.8e-05, "Duco price TRX": 2.1e-05, "Duco price XMG": 0.000189, "Duino-Coin Server API": "github.com/revoxhere/duino-coin", "Kolka": {"Banned": 840, "Jailed": 47}, "Last block hash": "2eb3f8271cd947cdd6469be145558a7bcb72e0d9", "Last sync": 1653519979.8007832, "Last update": "25/05/2022 23:06:23 (UTC)", "Mined blocks": 186562185525, "Miner distribution": {"All": 40451, "Arduino": 5547, "CPU": 3011, "ESP32": 13471, "ESP8266": 16027, "GPU": 0, "Other": 74, "Phone": 150, "RPi": 1804, "Web": 367}, "Net energy usage": "36.89 kW", "Open threads": 21, "Pool hashrate": "3792.56 MH/s", "Registered users": 75362, "Server CPU usage": 39.6, "Server RAM usage": 51.3, "Server version": 3.0, "Top 10 richest miners": ["28010399.18543735 DUCO - bscDUCO", "17779500.0 DUCO - Ochios", "6490991.289071771 DUCO - QQ44142894", "4270473.878585478 DUCO - bimbasimba94", "4007682.2870748066 DUCO - Demoel", "2727781.4250073293 DUCO - ctecrypto", "2210288.9385462017 DUCO - vyrdudji", "2145169.467415815 DUCO - jules_pilot", "2063423.2273045857 DUCO - maticDUCO", "1637272.2600304668 DUCO - coinexchange"], "XXHASH hashrate": "0 H/s"}