{"Active connections": 953, "All-time mined DUCO": 746932284.9547544, "Current difficulty": 200000, "DUCO-S1 hashrate": "3.892 GH/s", "Duco FluffySwap price": 8.736e-06, "Duco Furim price": 0.0, "Duco Node-S price": 0.0, "Duco PancakeSwap price": 8.57789e-06, "Duco SunSwap price": 0.00014052, "Duco SushiSwap price": 1.2962107682626e-05, "Duco UbeSwap price": 1.1191491992827553e-05, "Duco price": 0.00018241, "Duco price BCH": 0.00013433, "Duco price NANO": 0.00018241, "Duco price TRX": 1.248e-05, "Duco price XMG": 3.651e-05, "Duino-Coin Server API": "github.com/revoxhere/duino-coin", "Kolka": {"Banned": 5970, "Jailed": 183}, "Last block hash": "8de4bc0b3fa1580ec7f3421feb9644fc8ead02b8", "Last sync": 1719653430.065257, "Last update": "29/06/2024 09:30:30 (UTC)", "Mined blocks": 531320178134, "Miner distribution": {"All": 18418, "Arduino": 2337, "CPU": 1018, "ESP32": 7637, "ESP8266": 6029, "GPU": 0, "Other": 11, "Phone": 20, "RPi": 1154, "Web": 212}, "Net energy usage": "15.14 kW", "Open threads": 27, "Pool hashrate": "3891.716 MH/s", "Registered users": 103562, "Server CPU usage": 51.8, "Server RAM usage": 90.0, "Server version": 4.0, "Top 10 richest miners": ["248774945.37343997 DUCO - coinexchange", "79668480.50800352 DUCO - bscDUCO", "29548821.707830127 DUCO - AlmarRido", "24635208.6964704 DUCO - Flowen1985", "22851221.472 DUCO - bimbasimba94", "20120447.6942 DUCO - viviana80", "14898389.37893834 DUCO - aimbert", "14847133.194062889 DUCO - ctecrypto", "14175512.744631112 DUCO - duinousa", "12721940.59109726 DUCO - QQ44142894"], "XXHASH hashrate": "0 H/s"}