{"Active connections": 1541, "All-time mined DUCO": 61547465.75739503, "Current difficulty": 1000000, "DUCO-S1 hashrate": "5.1 GH/s", "Duco Furim price": 0.0, "Duco Node-S price": 0.0, "Duco PancakeSwap price": 4.7e-05, "Duco SunSwap price": 0.00012, "Duco SushiSwap price": 7.6e-05, "Duco price": 0.000133, "Duco price BCH": 6e-06, "Duco price NANO": 2.9e-05, "Duco price TRX": 5e-06, "Duco price XMG": 1.3e-05, "Duino-Coin Server API": "github.com/revoxhere/duino-coin", "Kolka": {"Banned": 599, "Jailed": 31}, "Last block hash": "2eb3f8271cd947cdd6469be145558a7bcb72e0d9", "Last sync": 1648152842.545383, "Last update": "24/03/2022 20:14:04 (UTC)", "Mined blocks": 138482103259, "Miner distribution": {"All": 42914, "Arduino": 7304, "CPU": 4031, "ESP32": 12881, "ESP8266": 15245, "GPU": 0, "Other": 29, "Phone": 167, "RPi": 2506, "Web": 751}, "Net energy usage": "44.61 kW", "Open threads": 21, "Pool hashrate": "5148.72 MH/s", "Registered users": 66126, "Server CPU usage": 41.1, "Server RAM usage": 58.8, "Server version": 3.0, "Top 10 richest miners": ["24895700.302638073 DUCO - bscDUCO", "10450003.269761559 DUCO - miningvir", "4752848.015869814 DUCO - Ochios", "3962275.8619908057 DUCO - RNGesus", "2764142.18931316 DUCO - coinexchange", "2453550.087773999 DUCO - ifdeduco", "2245222.1762799793 DUCO - miyan001", "1209837.627673189 DUCO - James_themac", "1202022.9714140159 DUCO - juanjefraire", "1200000.35117249 DUCO - amornlit"], "XXHASH hashrate": "0 H/s"}