{"Active connections": 5972, "All-time mined DUCO": 17735747.33865769, "Current difficulty": 125000, "DUCO-S1 hashrate": "861.5 MH/s", "Duco JustSwap price": 0.00079019, "Duco Node-S price": 5.1e-05, "Duco PancakeSwap price": 0.000656946, "Duco SushiSwap price": 0.000469464, "Duco price": 0.00114901, "Duco price BCH": 0.0, "Duco price DGB": 0.0, "Duco price NANO": 0.000576, "Duco price RVN": 0.0, "Duco price TRX": 0.0, "Duco price XMG": 0.00113908, "Duco price XRP": 0.0, "Duino-Coin Server API": "github.com/revoxhere/duino-coin", "Kolka": {"Banned": 682, "Jailed": 24}, "Last block hash": "48f4eb5783", "Last update": "14/11/2021 05:26:32 (UTC)", "Mined blocks": 41808939624, "Miner distribution": {"All": 26613, "Arduino": 4773, "CPU": 2151, "ESP32": 7712, "ESP8266": 9567, "GPU": 0, "Other": 242, "Phone": 245, "RPi": 1336, "Web": 587}, "Net energy usage": "25.25 kW", "Open threads": 24, "Pool hashrate": "861.52 MH/s", "Registered users": 23835, "Server CPU usage": 73.9, "Server RAM usage": 42.2, "Server version": 2.7, "Top 10 richest miners": ["3531048.9806000832 DUCO - bscDUCO", "1283257.7600902193 DUCO - coinexchange", "591776.628131775 DUCO - NodeSBroker", "351150.1606789791 DUCO - James_themac", "300520.1555491204 DUCO - 52Pickup", "188487.89104597003 DUCO - celoDUCO", "170241.13285850236 DUCO - Bacman", "123387.18511437952 DUCO - amornlit", "119999.99999999892 DUCO - rootbori", "118244.34277253377 DUCO - maticDUCO"], "XXHASH hashrate": "0 H/s"}