{"Active connections": 1083, "All-time mined DUCO": 65148613.67034835, "Current difficulty": 75000, "DUCO-S1 hashrate": "2.8 GH/s", "Duco Furim price": 0.0, "Duco Node-S price": 0.0, "Duco PancakeSwap price": 5e-05, "Duco SunSwap price": 0.000348, "Duco SushiSwap price": 3.9e-05, "Duco UbeSwap price": 3.5e-05, "Duco price": 0.000349, "Duco price BCH": 3.7e-05, "Duco price NANO": 2.8e-05, "Duco price TRX": 2.2e-05, "Duco price XMG": 0.000257, "Duino-Coin Server API": "github.com/revoxhere/duino-coin", "Kolka": {"Banned": 964, "Jailed": 72}, "Last block hash": "2eb3f8271cd947cdd6469be145558a7bcb72e0d9", "Last sync": 1660471665.4705582, "Last update": "14/08/2022 10:07:49 (UTC)", "Mined blocks": 241439762360, "Miner distribution": {"All": 34293, "Arduino": 4183, "CPU": 1688, "ESP32": 12064, "ESP8266": 14890, "GPU": 0, "Other": 49, "Phone": 31, "RPi": 1043, "Web": 345}, "Net energy usage": "25.84 kW", "Open threads": 23, "Pool hashrate": "2831.18 MH/s", "Registered users": 76361, "Server CPU usage": 39.7, "Server RAM usage": 48.2, "Server version": 3.0, "Top 10 richest miners": ["40351192.61318917 DUCO - bscDUCO", "38294050.65167597 DUCO - coinexchange", "6974991.289071771 DUCO - QQ44142894", "2368507.0 DUCO - Brunomoyses23", "2295623.6415054663 DUCO - renderman", "2210288.9385462017 DUCO - vyrdudji", "1451595.878482183 DUCO - maticDUCO", "1436226.401 DUCO - amornlit", "1209839.3183971192 DUCO - James_themac", "861596.967104081 DUCO - celoDUCO"], "XXHASH hashrate": "0 H/s"}