{"Active connections": 1015, "All-time mined DUCO": 736248910.5803673, "Current difficulty": 200000, "DUCO-S1 hashrate": "1.997 GH/s", "Duco FluffySwap price": 8.042999999999999e-06, "Duco Furim price": 0.0, "Duco Node-S price": 0.0, "Duco PancakeSwap price": 8.57789e-06, "Duco SunSwap price": 9.34e-05, "Duco SushiSwap price": 1.2962107682626e-05, "Duco UbeSwap price": 1.1191491992827553e-05, "Duco price": 0.00017022, "Duco price BCH": 0.00013223, "Duco price NANO": 0.00017022, "Duco price TRX": 1.148e-05, "Duco price XMG": 0.0, "Duino-Coin Server API": "github.com/revoxhere/duino-coin", "Kolka": {"Banned": 5968, "Jailed": 183}, "Last block hash": "8de4bc0b3fa1580ec7f3421feb9644fc8ead02b8", "Last sync": 1718718881.9660203, "Last update": "18/06/2024 13:54:41 (UTC)", "Mined blocks": 528404029897, "Miner distribution": {"All": 18463, "Arduino": 2444, "CPU": 1030, "ESP32": 7548, "ESP8266": 5997, "GPU": 0, "Other": 16, "Phone": 4, "RPi": 1212, "Web": 212}, "Net energy usage": "15.28 kW", "Open threads": 28, "Pool hashrate": "1996.981 MH/s", "Registered users": 103164, "Server CPU usage": 55.6, "Server RAM usage": 91.1, "Server version": 4.0, "Top 10 richest miners": ["249919766.96484 DUCO - coinexchange", "80429680.78550309 DUCO - bscDUCO", "29547802.707830127 DUCO - AlmarRido", "24635208.6964704 DUCO - Flowen1985", "20120447.6942 DUCO - viviana80", "18547185.805999998 DUCO - bimbasimba94", "14898330.075413143 DUCO - aimbert", "14846793.530624053 DUCO - ctecrypto", "14173424.488691991 DUCO - duinousa", "12721940.59109726 DUCO - QQ44142894"], "XXHASH hashrate": "0 H/s"}