{"Active connections": 792, "All-time mined DUCO": 739134738.0781059, "Current difficulty": 75000, "DUCO-S1 hashrate": "2.423 GH/s", "Duco FluffySwap price": 2.499e-06, "Duco Furim price": 0.0, "Duco Node-S price": 0.0, "Duco PancakeSwap price": 3.21109e-06, "Duco SunSwap price": 9.452e-05, "Duco SushiSwap price": 1.29971e-05, "Duco UbeSwap price": 2.7898752414944825e-05, "Duco price": 9.452e-05, "Duco price BCH": 3.57e-06, "Duco price NANO": 1.63e-06, "Duco price TRX": 2.78e-06, "Duco price XMG": 0.0, "Duino-Coin Server API": "github.com/revoxhere/duino-coin", "Kolka": {"Banned": 1430, "Jailed": 127}, "Last block hash": "8de4bc0b3fa1580ec7f3421feb9644fc8ead02b8", "Last sync": 1686475046.055566, "Last update": "11/06/2023 09:17:32 (UTC)", "Mined blocks": 413349703180, "Miner distribution": {"All": 24065, "Arduino": 2877, "CPU": 1008, "ESP32": 10175, "ESP8266": 8365, "GPU": 0, "Other": 15, "Phone": 20, "RPi": 1400, "Web": 205}, "Net energy usage": "17.79 kW", "Open threads": 23, "Pool hashrate": "2423.096 MH/s", "Registered users": 93560, "Server CPU usage": 46.1, "Server RAM usage": 42.0, "Server version": 3.0, "Top 10 richest miners": ["495743830.67087966 DUCO - coinexchange", "400099762.0921212 DUCO - coinexchange", "57684807.02939265 DUCO - bscDUCO", "30182191.357612245 DUCO - Flowen1985", "20119947.6942 DUCO - viviana80", "15115368.927099999 DUCO - Ochios", "12720440.559071772 DUCO - QQ44142894", "10978742.167391136 DUCO - Rafa2000", "10759939.638689265 DUCO - fiorella71", "8125736.123916335 DUCO - Orion_0x43b"], "XXHASH hashrate": "0 H/s"}