{"Active connections": 1600, "All-time mined DUCO": 57975991.055290915, "Current difficulty": 1000000, "DUCO-S1 hashrate": "5.3 GH/s", "Duco Furim price": 0.0, "Duco Node-S price": 0.0, "Duco PancakeSwap price": 4.7e-05, "Duco SunSwap price": 0.000127, "Duco SushiSwap price": 7.6e-05, "Duco price": 0.000127, "Duco price BCH": 6e-06, "Duco price NANO": 2.7e-05, "Duco price TRX": 5e-06, "Duco price XMG": 1.2e-05, "Duino-Coin Server API": "github.com/revoxhere/duino-coin", "Kolka": {"Banned": 597, "Jailed": 31}, "Last block hash": "2eb3f8271cd947cdd6469be145558a7bcb72e0d9", "Last sync": 1647892629.0393198, "Last update": "21/03/2022 19:57:09 (UTC)", "Mined blocks": 135882937320, "Miner distribution": {"All": 43425, "Arduino": 7371, "CPU": 4183, "ESP32": 13170, "ESP8266": 15065, "GPU": 0, "Other": 50, "Phone": 290, "RPi": 2581, "Web": 715}, "Net energy usage": "45.72 kW", "Open threads": 21, "Pool hashrate": "5270.57 MH/s", "Registered users": 65674, "Server CPU usage": 39.8, "Server RAM usage": 52.5, "Server version": 3.0, "Top 10 richest miners": ["24711082.839215674 DUCO - bscDUCO", "9935000.269761559 DUCO - miningvir", "3965348.014869814 DUCO - Ochios", "3962275.8619908057 DUCO - RNGesus", "2707073.0693082195 DUCO - coinexchange", "2453550.087773999 DUCO - ifdeduco", "1209837.627673189 DUCO - James_themac", "1201909.1441536432 DUCO - juanjefraire", "1200000.35117249 DUCO - amornlit", "1165155.6770052225 DUCO - miyan001"], "XXHASH hashrate": "0 H/s"}