{"Active connections": 2300, "All-time mined DUCO": 735980151.0540569, "Current difficulty": 75000, "DUCO-S1 hashrate": "2.349 GH/s", "Duco FluffySwap price": 2.758e-06, "Duco Furim price": 0.0, "Duco Node-S price": 0.0, "Duco PancakeSwap price": 5.98115e-06, "Duco SunSwap price": 0.00012446, "Duco SushiSwap price": 1.24869e-05, "Duco UbeSwap price": 2.8285092635326694e-05, "Duco price": 0.00012446, "Duco price BCH": 3.94e-06, "Duco price NANO": 1.74e-06, "Duco price TRX": 3.13e-06, "Duco price XMG": 0.0, "Duino-Coin Server API": "github.com/revoxhere/duino-coin", "Kolka": {"Banned": 1390, "Jailed": 128}, "Last block hash": "8de4bc0b3fa1580ec7f3421feb9644fc8ead02b8", "Last sync": 1684911185.3038204, "Last update": "24/05/2023 06:53:09 (UTC)", "Mined blocks": 405589166399, "Miner distribution": {"All": 24174, "Arduino": 2997, "CPU": 1035, "ESP32": 10278, "ESP8266": 8074, "GPU": 0, "Other": 10, "Phone": 8, "RPi": 1453, "Web": 319}, "Net energy usage": "18.08 kW", "Open threads": 23, "Pool hashrate": "2349.433 MH/s", "Registered users": 93058, "Server CPU usage": 70.2, "Server RAM usage": 60.9, "Server version": 3.0, "Top 10 richest miners": ["495743830.67087966 DUCO - coinexchange", "412324213.2885439 DUCO - coinexchange", "55628983.04439265 DUCO - bscDUCO", "20119947.6942 DUCO - viviana80", "15115368.927099999 DUCO - Ochios", "12720440.559071772 DUCO - QQ44142894", "12318931.281264834 DUCO - Flowen1985", "10759939.638689265 DUCO - fiorella71", "8125736.123916335 DUCO - Orion_0x43b", "7299825.394 DUCO - revox"], "XXHASH hashrate": "0 H/s"}