{"Duino-Coin Server API": "github.com/revoxhere/duino-coin", "Server version": 2.6, "Active connections": 7364, "Open threads": 21, "Server CPU usage": 74.9, "Server RAM usage": 64.3, "Last update": "14/08/2021 04:23:57 (UTC)", "Net energy usage": "74.64 kW", "Pool hashrate": "3.3407 GH/s", "DUCO-S1 hashrate": "3.3 GH/s", "XXHASH hashrate": "24.1 MH/s", "Duco price": 0.015304, "Duco price XMG": 0.01530362, "Duco price BCH": 0.00164155, "Duco price TRX": 0.00177516, "Duco price XRP": 0.0019075, "Duco price DGB": 0.00189717, "Duco Node-S price": 0.015304, "Duco JustSwap price": 0.00625257, "Duco PancakeSwap price": 0.00420784, "Registered users": 19568, "All-time mined DUCO": 5299739.242522421, "Current difficulty": 420494, "Mined blocks": 10092055362, "Last block hash": "da43289814", "Kolka": {"Jailed": 0, "Banned": 417}, "Miner distribution": {"GPU": 0, "CPU": 5349, "RPi": 1782, "ESP32": 7591, "ESP8266": 9381, "Arduino": 4810, "Other": 225}, "Top 10 richest miners": ["469889.6715687579 DUCO - bscDUCO", "169522.43029474016 DUCO - Bacman", "113023.10857655597 DUCO - amornlit", "110002.82542538406 DUCO - 52Pickup", "86045.4652782233 DUCO - caancom", "79999.90636678287 DUCO - noixauvk", "62205.40377963258 DUCO - coinexchange", "50288.45762651612 DUCO - duinocrfsh", "50142.88022382945 DUCO - rootbori", "47119.90790638301 DUCO - chipsa"]}