{"Active connections": 1608, "All-time mined DUCO": 52052718.217206, "Current difficulty": 1000000, "DUCO-S1 hashrate": "4.0 GH/s", "Duco Furim price": 0.0, "Duco Node-S price": 0.0, "Duco PancakeSwap price": 5.8e-05, "Duco SunSwap price": 6.8e-05, "Duco SushiSwap price": 3.5e-05, "Duco price": 0.000341, "Duco price BCH": 1e-05, "Duco price NANO": 5.3e-05, "Duco price TRX": 1.6e-05, "Duco price XMG": 0.000339, "Duino-Coin Server API": "github.com/revoxhere/duino-coin", "Kolka": {"Banned": 724, "Jailed": 37}, "Last block hash": "2eb3f8271cd947cdd6469be145558a7bcb72e0d9", "Last sync": 1650484309.4403672, "Last update": "20/04/2022 19:51:50 (UTC)", "Mined blocks": 159572139429, "Miner distribution": {"All": 38488, "Arduino": 6013, "CPU": 3298, "ESP32": 12146, "ESP8266": 14321, "GPU": 0, "Other": 76, "Phone": 152, "RPi": 1946, "Web": 536}, "Net energy usage": "37.81 kW", "Open threads": 21, "Pool hashrate": "4006.68 MH/s", "Registered users": 70447, "Server CPU usage": 36.9, "Server RAM usage": 52.7, "Server version": 3.0, "Top 10 richest miners": ["22978038.641737044 DUCO - bscDUCO", "7838549.914401649 DUCO - Ochios", "3956393.602030468 DUCO - coinexchange", "2735529.6844493793 DUCO - QQ44142894", "2210076.773047288 DUCO - vyrdudji", "1240903.187712718 DUCO - maticDUCO", "1209838.627673189 DUCO - James_themac", "1200001.40117249 DUCO - amornlit", "1020938.4996602614 DUCO - ivanrpz", "1000000.2697615586 DUCO - miningvir"], "XXHASH hashrate": "0 H/s"}