{"Active connections": 2560, "All-time mined DUCO": 736592730.8187513, "Current difficulty": 75000, "DUCO-S1 hashrate": "2.513 GH/s", "Duco FluffySwap price": 2.821e-06, "Duco Furim price": 0.0, "Duco Node-S price": 0.0, "Duco PancakeSwap price": 5.86642e-06, "Duco SunSwap price": 0.00010377, "Duco SushiSwap price": 1.30752e-05, "Duco UbeSwap price": 2.8285092635326694e-05, "Duco price": 0.00010377, "Duco price BCH": 4.03e-06, "Duco price NANO": 1.78e-06, "Duco price TRX": 3.05e-06, "Duco price XMG": 0.0, "Duino-Coin Server API": "github.com/revoxhere/duino-coin", "Kolka": {"Banned": 1398, "Jailed": 128}, "Last block hash": "8de4bc0b3fa1580ec7f3421feb9644fc8ead02b8", "Last sync": 1685404062.2928712, "Last update": "29/05/2023 23:47:44 (UTC)", "Mined blocks": 408160481576, "Miner distribution": {"All": 24580, "Arduino": 3131, "CPU": 1051, "ESP32": 10320, "ESP8266": 8364, "GPU": 0, "Other": 7, "Phone": 20, "RPi": 1522, "Web": 165}, "Net energy usage": "18.34 kW", "Open threads": 24, "Pool hashrate": "2513.48 MH/s", "Registered users": 93231, "Server CPU usage": 67.0, "Server RAM usage": 61.1, "Server version": 3.0, "Top 10 richest miners": ["495743830.67087966 DUCO - coinexchange", "407876546.90734416 DUCO - coinexchange", "52074437.04439265 DUCO - bscDUCO", "20119947.6942 DUCO - viviana80", "15115368.927099999 DUCO - Ochios", "12720440.559071772 DUCO - QQ44142894", "12319087.807239456 DUCO - Flowen1985", "10759939.638689265 DUCO - fiorella71", "8125736.123916335 DUCO - Orion_0x43b", "7299324.64216045 DUCO - revox"], "XXHASH hashrate": "0 H/s"}