{"Active connections": 1229, "All-time mined DUCO": 19639282.85403364, "Current difficulty": 125000, "DUCO-S1 hashrate": "1389.0 MH/s", "Duco JustSwap price": 0.00115235, "Duco Node-S price": 0.00013, "Duco PancakeSwap price": 0.000594663, "Duco SushiSwap price": 0.000356015, "Duco price": 0.0018418, "Duco price BCH": 0.00028085, "Duco price DGB": 0.0, "Duco price NANO": 4.89e-05, "Duco price RVN": 0.0, "Duco price TRX": 0.00033559, "Duco price XMG": 0.00178016, "Duco price XRP": 0.0, "Duino-Coin Server API": "github.com/revoxhere/duino-coin", "Kolka": {"Banned": 704, "Jailed": 24}, "Last block hash": "2eb3f8271c", "Last update": "30/11/2021 08:39:23 (UTC)", "Mined blocks": 50877489820, "Miner distribution": {"All": 38358, "Arduino": 6666, "CPU": 3910, "ESP32": 11248, "ESP8266": 12963, "GPU": 0, "Other": 42, "Phone": 398, "RPi": 2179, "Web": 952}, "Net energy usage": "41.62 kW", "Open threads": 21, "Pool hashrate": "1389.03 MH/s", "Registered users": 27065, "Server CPU usage": 50.8, "Server RAM usage": 44.9, "Server version": 2.7, "Top 10 richest miners": ["3878967.7573383832 DUCO - bscDUCO", "1351456.7881483298 DUCO - coinexchange", "592839.674936279 DUCO - NodeSBroker", "351153.35802692064 DUCO - James_themac", "300520.321607231 DUCO - 52Pickup", "188488.057104081 DUCO - celoDUCO", "170241.298916613 DUCO - Bacman", "147737.18335076212 DUCO - maticDUCO", "119999.999999999 DUCO - rootbori", "113387.35117249 DUCO - amornlit"], "XXHASH hashrate": "0 H/s"}