{"Active connections": 1015, "All-time mined DUCO": 176077379.56221175, "Current difficulty": 75000, "DUCO-S1 hashrate": "2.6 GH/s", "Duco FluffySwap price": 1.1381999999999999e-05, "Duco Furim price": 0.0, "Duco Node-S price": 0.0, "Duco PancakeSwap price": 5.3311e-05, "Duco SunSwap price": 5.108e-05, "Duco SushiSwap price": 1.59499e-05, "Duco UbeSwap price": 2.931300785709489e-05, "Duco price": 5.3311e-05, "Duco price BCH": 1.624e-05, "Duco price NANO": 7.56e-06, "Duco price TRX": 5.58e-06, "Duco price XMG": 0.0, "Duino-Coin Server API": "github.com/revoxhere/duino-coin", "Kolka": {"Banned": 1196, "Jailed": 92}, "Last block hash": "8de4bc0b3fa1580ec7f3421feb9644fc8ead02b8", "Last sync": 1671127877.1968427, "Last update": "15/12/2022 18:11:22 (UTC)", "Mined blocks": 321901903135, "Miner distribution": {"All": 34463, "Arduino": 3655, "CPU": 1409, "ESP32": 12942, "ESP8266": 14237, "GPU": 0, "Other": 13, "Phone": 41, "RPi": 1708, "Web": 458}, "Net energy usage": "25.29 kW", "Open threads": 24, "Pool hashrate": "2647.84 MH/s", "Registered users": 85386, "Server CPU usage": 47.7, "Server RAM usage": 52.9, "Server version": 3.0, "Top 10 richest miners": ["38751325.63978844 DUCO - bscDUCO", "20119945.00125 DUCO - viviana80", "14965353.225385074 DUCO - Ochios", "13674007.584155012 DUCO - ctecrypto", "11692429.559071772 DUCO - QQ44142894", "10759939.638689265 DUCO - fiorella71", "8125682.061242455 DUCO - Orion_0x43b", "4267666.823 DUCO - Demoel", "4094239.3669 DUCO - AlmarRido", "2415258.021855718 DUCO - msdo1006"], "XXHASH hashrate": "0 H/s"}