{"Active connections": 3403, "All-time mined DUCO": 19104680.642187428, "Current difficulty": 125000, "DUCO-S1 hashrate": "1345.4 MH/s", "Duco JustSwap price": 0.0003228, "Duco Node-S price": 0.00013, "Duco PancakeSwap price": 0.00080574, "Duco SushiSwap price": 0.000282931, "Duco price": 0.00166446, "Duco price BCH": 0.00030687, "Duco price DGB": 0.0, "Duco price NANO": 0.00013175, "Duco price RVN": 0.0, "Duco price TRX": 0.00035036, "Duco price XMG": 0.00164713, "Duco price XRP": 0.0, "Duino-Coin Server API": "github.com/revoxhere/duino-coin", "Kolka": {"Banned": 702, "Jailed": 24}, "Last block hash": "2eb3f8271c", "Last update": "26/11/2021 01:34:29 (UTC)", "Mined blocks": 48115747350, "Miner distribution": {"All": 37361, "Arduino": 6862, "CPU": 3695, "ESP32": 10910, "ESP8266": 12855, "GPU": 0, "Other": 38, "Phone": 339, "RPi": 2162, "Web": 500}, "Net energy usage": "39.63 kW", "Open threads": 24, "Pool hashrate": "1345.45 MH/s", "Registered users": 26230, "Server CPU usage": 53.6, "Server RAM usage": 37.9, "Server version": 2.7, "Top 10 richest miners": ["3787327.37903533 DUCO - bscDUCO", "1307709.70814833 DUCO - coinexchange", "591812.674936279 DUCO - NodeSBroker", "351150.32673709 DUCO - James_themac", "300520.321607231 DUCO - 52Pickup", "188488.057104081 DUCO - celoDUCO", "170241.298916613 DUCO - Bacman", "145309.362982609 DUCO - maticDUCO", "119999.999999999 DUCO - rootbori", "113387.35117249 DUCO - amornlit"], "XXHASH hashrate": "0 H/s"}