{"Active connections": 1792, "All-time mined DUCO": 58681669.86094066, "Current difficulty": 1000000, "DUCO-S1 hashrate": "5.4 GH/s", "Duco Furim price": 0.0, "Duco Node-S price": 0.0, "Duco PancakeSwap price": 4.7e-05, "Duco SunSwap price": 0.000769, "Duco SushiSwap price": 7.6e-05, "Duco price": 0.000769, "Duco price BCH": 4e-06, "Duco price NANO": 1.7e-05, "Duco price TRX": 3e-06, "Duco price XMG": 1e-05, "Duino-Coin Server API": "github.com/revoxhere/duino-coin", "Kolka": {"Banned": 531, "Jailed": 29}, "Last block hash": "2eb3f8271cd947cdd6469be145558a7bcb72e0d9", "Last sync": 1647341971.074674, "Last update": "15/03/2022 10:59:32 (UTC)", "Mined blocks": 130949254713, "Miner distribution": {"All": 42769, "Arduino": 7339, "CPU": 4077, "ESP32": 12750, "ESP8266": 14733, "GPU": 0, "Other": 40, "Phone": 215, "RPi": 2807, "Web": 808}, "Net energy usage": "45.19 kW", "Open threads": 21, "Pool hashrate": "5351.59 MH/s", "Registered users": 63496, "Server CPU usage": 41.3, "Server RAM usage": 50.8, "Server version": 3.0, "Top 10 richest miners": ["27359276.330225043 DUCO - bscDUCO", "10000000.269761559 DUCO - miningvir", "3965348.014869814 DUCO - Ochios", "3962275.8619908057 DUCO - RNGesus", "2631430.51930822 DUCO - coinexchange", "2453550.087773999 DUCO - ifdeduco", "1554152.9189752755 DUCO - Demoel", "1340305.2674627034 DUCO - DeVisdude", "1259813.7184880143 DUCO - T3rminator", "1209837.627673189 DUCO - James_themac"], "XXHASH hashrate": "0 H/s"}