{"Active connections": 1385, "All-time mined DUCO": 51863697.452729605, "Current difficulty": 1000000, "DUCO-S1 hashrate": "4.5 GH/s", "Duco Furim price": 0.0, "Duco Node-S price": 0.0, "Duco PancakeSwap price": 5.9e-05, "Duco SunSwap price": 6.1e-05, "Duco SushiSwap price": 1.4e-05, "Duco UbeSwap price": 0.0001, "Duco price": 0.0001, "Duco price BCH": 8e-06, "Duco price NANO": 3.8e-05, "Duco price TRX": 2.1e-05, "Duco price XMG": 5.4e-05, "Duino-Coin Server API": "github.com/revoxhere/duino-coin", "Kolka": {"Banned": 779, "Jailed": 47}, "Last block hash": "2eb3f8271cd947cdd6469be145558a7bcb72e0d9", "Last sync": 1652092233.8138237, "Last update": "09/05/2022 10:30:34 (UTC)", "Mined blocks": 173906591607, "Miner distribution": {"All": 41367, "Arduino": 6100, "CPU": 3514, "ESP32": 13474, "ESP8266": 15603, "GPU": 0, "Other": 65, "Phone": 146, "RPi": 1982, "Web": 483}, "Net energy usage": "40.36 kW", "Open threads": 21, "Pool hashrate": "4484.18 MH/s", "Registered users": 73280, "Server CPU usage": 33.2, "Server RAM usage": 42.2, "Server version": 3.0, "Top 10 richest miners": ["27236277.70799496 DUCO - bscDUCO", "6803499.999997091 DUCO - Ochios", "3729065.9801544636 DUCO - QQ44142894", "2210288.9385462017 DUCO - vyrdudji", "2100947.3857661597 DUCO - varanese67", "1597259.6020304663 DUCO - coinexchange", "1458545.307733561 DUCO - maticDUCO", "1209839.3105654893 DUCO - James_themac", "1150617.7002611258 DUCO - ctecrypto", "958270.9169424996 DUCO - econnaty"], "XXHASH hashrate": "0 H/s"}