{"Active connections": 1407, "All-time mined DUCO": 156720496.1882355, "Current difficulty": 75000, "DUCO-S1 hashrate": "2.9 GH/s", "Duco FluffySwap price": 1.1822999999999998e-05, "Duco Furim price": 0.0, "Duco Node-S price": 0.0, "Duco PancakeSwap price": 5.90431e-05, "Duco SunSwap price": 4.975e-05, "Duco SushiSwap price": 1.43658e-05, "Duco UbeSwap price": 2.9003909513148663e-05, "Duco price": 5.90431e-05, "Duco price BCH": 1.692e-05, "Duco price NANO": 7.73e-06, "Duco price TRX": 5.44e-06, "Duco price XMG": 0.0, "Duino-Coin Server API": "github.com/revoxhere/duino-coin", "Kolka": {"Banned": 1165, "Jailed": 88}, "Last block hash": "8de4bc0b3fa1580ec7f3421feb9644fc8ead02b8", "Last sync": 1669809362.2337885, "Last update": "30/11/2022 11:56:06 (UTC)", "Mined blocks": 312960592917, "Miner distribution": {"All": 35156, "Arduino": 4055, "CPU": 1574, "ESP32": 12962, "ESP8266": 14523, "GPU": 0, "Other": 23, "Phone": 44, "RPi": 1671, "Web": 304}, "Net energy usage": "26.33 kW", "Open threads": 24, "Pool hashrate": "2923.72 MH/s", "Registered users": 84479, "Server CPU usage": 50.9, "Server RAM usage": 50.3, "Server version": 3.0, "Top 10 richest miners": ["38531228.63978844 DUCO - bscDUCO", "20119945.00125 DUCO - viviana80", "14965348.977135073 DUCO - Ochios", "11692429.559071772 DUCO - QQ44142894", "10759939.638689265 DUCO - fiorella71", "10463842.40838824 DUCO - coinexchange", "7470017.026 DUCO - RNGesus", "6701987.153288487 DUCO - lordachoo", "4267666.823 DUCO - Demoel", "2368507.0 DUCO - Brunomoyses23"], "XXHASH hashrate": "0 H/s"}