{"Active connections": 1660, "All-time mined DUCO": 93470217.67783606, "Current difficulty": 75000, "DUCO-S1 hashrate": "3.0 GH/s", "Duco FluffySwap price": 2.1006999999999997e-05, "Duco Furim price": 0.0, "Duco Node-S price": 0.0, "Duco PancakeSwap price": 3.58391e-05, "Duco SunSwap price": 8.833e-05, "Duco SushiSwap price": 1.51461e-05, "Duco UbeSwap price": 2.9033013345820652e-05, "Duco price": 0.00011589, "Duco price BCH": 3.001e-05, "Duco price NANO": 1.25e-05, "Duco price TRX": 1.589e-05, "Duco price XMG": 0.00011589, "Duino-Coin Server API": "github.com/revoxhere/duino-coin", "Kolka": {"Banned": 1082, "Jailed": 86}, "Last block hash": "8de4bc0b3fa1580ec7f3421feb9644fc8ead02b8", "Last sync": 1665228571.9241395, "Last update": "08/10/2022 11:29:38 (UTC)", "Mined blocks": 276664190775, "Miner distribution": {"All": 38816, "Arduino": 4528, "CPU": 2121, "ESP32": 13917, "ESP8266": 16565, "GPU": 0, "Other": 14, "Phone": 55, "RPi": 1237, "Web": 379}, "Net energy usage": "30.57 kW", "Open threads": 23, "Pool hashrate": "3047.61 MH/s", "Registered users": 80609, "Server CPU usage": 44.1, "Server RAM usage": 72.3, "Server version": 3.0, "Top 10 richest miners": ["46804137.277215466 DUCO - coinexchange", "39546079.437422335 DUCO - bscDUCO", "15965314.016999999 DUCO - Ochios", "6974991.289071771 DUCO - QQ44142894", "4075220.2860000003 DUCO - AlmarRido", "2368507.0 DUCO - Brunomoyses23", "2210288.919161586 DUCO - vyrdudji", "1819730.047219419 DUCO - giveaways", "1634175.8630387518 DUCO - maticDUCO", "1457898.898 DUCO - amornlit"], "XXHASH hashrate": "0 H/s"}