{"Active connections": 704, "All-time mined DUCO": 17833420.319848157, "Current difficulty": 75000, "DUCO-S1 hashrate": "1557.7 MH/s", "Duco JustSwap price": 0.00013461, "Duco Node-S price": 7.5e-05, "Duco PancakeSwap price": 0.000594663, "Duco SushiSwap price": 0.000356015, "Duco price": 0.0011, "Duco price BCH": 8.076e-05, "Duco price DGB": 0.0, "Duco price NANO": 1.697e-05, "Duco price RVN": 0.0, "Duco price TRX": 0.00017861, "Duco price XMG": 0.0004478, "Duco price XRP": 0.0, "Duino-Coin Server API": "github.com/revoxhere/duino-coin", "Kolka": {"Banned": 711, "Jailed": 24}, "Last block hash": "2eb3f8271c", "Last update": "11/12/2021 04:07:47 (UTC)", "Mined blocks": 59209016567, "Miner distribution": {"All": 37518, "Arduino": 6769, "CPU": 4498, "ESP32": 10778, "ESP8266": 11447, "GPU": 0, "Other": 9, "Phone": 456, "RPi": 2627, "Web": 934}, "Net energy usage": "45.15 kW", "Open threads": 21, "Pool hashrate": "1557.71 MH/s", "Registered users": 29548, "Server CPU usage": 58.0, "Server RAM usage": 48.0, "Server version": 2.7, "Top 10 richest miners": ["4423724.910296655 DUCO - bscDUCO", "1155754.8681484298 DUCO - coinexchange", "530162.5806861913 DUCO - NodeSBroker", "397162.15067505674 DUCO - James_themac", "300520.321607231 DUCO - 52Pickup", "203493.15189700836 DUCO - miningvir", "188782.057104081 DUCO - celoDUCO", "181063.08691112456 DUCO - maticDUCO", "170241.298916613 DUCO - Bacman", "166762.52114000285 DUCO - bloomindark"], "XXHASH hashrate": "0 H/s"}