{"Active connections": 791, "All-time mined DUCO": 746887923.0440632, "Current difficulty": 200000, "DUCO-S1 hashrate": "2.53 GH/s", "Duco FluffySwap price": 8.533e-06, "Duco Furim price": 0.0, "Duco Node-S price": 0.0, "Duco PancakeSwap price": 8.57789e-06, "Duco SunSwap price": 9.901e-05, "Duco SushiSwap price": 1.2962107682626e-05, "Duco UbeSwap price": 1.1191491992827553e-05, "Duco price": 0.000258, "Duco price BCH": 0.00017717, "Duco price NANO": 0.000258, "Duco price TRX": 1.217e-05, "Duco price XMG": 0.0, "Duino-Coin Server API": "github.com/revoxhere/duino-coin", "Kolka": {"Banned": 5937, "Jailed": 182}, "Last block hash": "8de4bc0b3fa1580ec7f3421feb9644fc8ead02b8", "Last sync": 1716377200.7815347, "Last update": "22/05/2024 11:26:40 (UTC)", "Mined blocks": 521295701359, "Miner distribution": {"All": 18543, "Arduino": 2294, "CPU": 1000, "ESP32": 7461, "ESP8266": 6277, "GPU": 0, "Other": 26, "Phone": 17, "RPi": 1288, "Web": 180}, "Net energy usage": "15.27 kW", "Open threads": 27, "Pool hashrate": "2529.622 MH/s", "Registered users": 102180, "Server CPU usage": 32.2, "Server RAM usage": 92.8, "Server version": 4.0, "Top 10 richest miners": ["78988733.74889731 DUCO - bscDUCO", "39368542.54345614 DUCO - AlmarRido", "30792510.456 DUCO - Flowen1985", "20119947.6942 DUCO - viviana80", "18545685.805999998 DUCO - bimbasimba94", "14868549.046275718 DUCO - aimbert", "14843179.946070105 DUCO - ctecrypto", "12720440.585598174 DUCO - QQ44142894", "11315106.485773696 DUCO - duinousa", "10759939.638689265 DUCO - fiorella71"], "XXHASH hashrate": "0 H/s"}