{"Active connections": 686, "All-time mined DUCO": 1129378994.3487077, "Current difficulty": 75000, "DUCO-S1 hashrate": "2.195 GH/s", "Duco FluffySwap price": 3.7869999999999995e-06, "Duco Furim price": 0.0, "Duco Node-S price": 0.0, "Duco PancakeSwap price": 7.2694e-06, "Duco SunSwap price": 8.423e-05, "Duco SushiSwap price": 1.01312e-05, "Duco UbeSwap price": 2.9093097913322633e-05, "Duco price": 8.423e-05, "Duco price BCH": 5.41e-06, "Duco price NANO": 1.07e-06, "Duco price TRX": 2.1e-06, "Duco price XMG": 1.595e-05, "Duino-Coin Server API": "github.com/revoxhere/duino-coin", "Kolka": {"Banned": 5673, "Jailed": 164}, "Last block hash": "8de4bc0b3fa1580ec7f3421feb9644fc8ead02b8", "Last sync": 1694764967.6784449, "Last update": "15/09/2023 08:02:52 (UTC)", "Mined blocks": 449005497203, "Miner distribution": {"All": 20087, "Arduino": 2140, "CPU": 777, "ESP32": 8407, "ESP8266": 7473, "GPU": 0, "Other": 18, "Phone": 18, "RPi": 1254, "Web": 0}, "Net energy usage": "14.58 kW", "Open threads": 23, "Pool hashrate": "2195.292 MH/s", "Registered users": 95747, "Server CPU usage": 40.8, "Server RAM usage": 51.0, "Server version": 3.0, "Top 10 richest miners": ["495743830.67087966 DUCO - coinexchange", "355992226.32881033 DUCO - coinexchange", "70876831.64457695 DUCO - bscDUCO", "39628683.974 DUCO - AlmarRido", "26713758.331047334 DUCO - giveaways", "24485940.745 DUCO - Flowen1985", "20119947.6942 DUCO - viviana80", "14728371.197615646 DUCO - ctecrypto", "12720440.559071772 DUCO - QQ44142894", "11425090.305 DUCO - bimbasimba94"], "XXHASH hashrate": "0 H/s"}