{"Active connections": 1283, "All-time mined DUCO": 17771982.62555734, "Current difficulty": 125000, "DUCO-S1 hashrate": "951.4 MH/s", "Duco JustSwap price": 0.00076771, "Duco Node-S price": 0.00013, "Duco PancakeSwap price": 0.000656946, "Duco SushiSwap price": 0.000469464, "Duco price": 0.00136387, "Duco price BCH": 0.0, "Duco price DGB": 0.0, "Duco price NANO": 0.000575, "Duco price RVN": 0.0, "Duco price TRX": 0.0, "Duco price XMG": 0.00135143, "Duco price XRP": 0.0, "Duino-Coin Server API": "github.com/revoxhere/duino-coin", "Kolka": {"Banned": 685, "Jailed": 24}, "Last block hash": "2eb3f8271c", "Last update": "14/11/2021 15:29:05 (UTC)", "Mined blocks": 41961900629, "Miner distribution": {"All": 30230, "Arduino": 5392, "CPU": 2462, "ESP32": 8906, "ESP8266": 11526, "GPU": 0, "Other": 6, "Phone": 248, "RPi": 1690, "Web": 0}, "Net energy usage": "28.81 kW", "Open threads": 24, "Pool hashrate": "951.37 MH/s", "Registered users": 23932, "Server CPU usage": 42.5, "Server RAM usage": 39.7, "Server version": 2.7, "Top 10 richest miners": ["3533368.418019887 DUCO - bscDUCO", "1283670.0100902193 DUCO - coinexchange", "591776.628131775 DUCO - NodeSBroker", "351150.1606789791 DUCO - James_themac", "300520.1555491204 DUCO - 52Pickup", "188487.89104597003 DUCO - celoDUCO", "170241.13285850236 DUCO - Bacman", "123387.18511437952 DUCO - amornlit", "119999.99999999892 DUCO - rootbori", "119094.34277253377 DUCO - maticDUCO"], "XXHASH hashrate": "0 H/s"}