{"Active connections": 1046, "All-time mined DUCO": 739172822.414847, "Current difficulty": 200000, "DUCO-S1 hashrate": "2.516 GH/s", "Duco FluffySwap price": 7.84e-06, "Duco Furim price": 0.0, "Duco Node-S price": 0.0, "Duco PancakeSwap price": 8.57789e-06, "Duco SunSwap price": 9.115e-05, "Duco SushiSwap price": 1.2962107682626e-05, "Duco UbeSwap price": 1.1191491992827553e-05, "Duco price": 0.000256, "Duco price BCH": 0.00017147, "Duco price NANO": 0.000256, "Duco price TRX": 1.121e-05, "Duco price XMG": 3.54e-06, "Duino-Coin Server API": "github.com/revoxhere/duino-coin", "Kolka": {"Banned": 5949, "Jailed": 182}, "Last block hash": "8de4bc0b3fa1580ec7f3421feb9644fc8ead02b8", "Last sync": 1716842631.0906096, "Last update": "27/05/2024 20:43:51 (UTC)", "Mined blocks": 522684691102, "Miner distribution": {"All": 18343, "Arduino": 2344, "CPU": 986, "ESP32": 7424, "ESP8266": 6180, "GPU": 0, "Other": 16, "Phone": 3, "RPi": 1185, "Web": 205}, "Net energy usage": "14.97 kW", "Open threads": 27, "Pool hashrate": "2515.77 MH/s", "Registered users": 102366, "Server CPU usage": 100.0, "Server RAM usage": 91.9, "Server version": 4.0, "Top 10 richest miners": ["79193663.74889731 DUCO - bscDUCO", "31494834.034456138 DUCO - AlmarRido", "30792510.456 DUCO - Flowen1985", "20119947.6942 DUCO - viviana80", "18545685.805999998 DUCO - bimbasimba94", "14898318.6107458 DUCO - aimbert", "14843620.373576071 DUCO - ctecrypto", "12720440.585598174 DUCO - QQ44142894", "11315386.002618901 DUCO - duinousa", "10759939.638689265 DUCO - fiorella71"], "XXHASH hashrate": "0 H/s"}