{"Active connections": 2050, "All-time mined DUCO": 19353595.1876262, "Current difficulty": 75000, "DUCO-S1 hashrate": "2055.8 MH/s", "Duco JustSwap price": 7.907e-05, "Duco Node-S price": 2.1e-05, "Duco PancakeSwap price": 0.000471918, "Duco SushiSwap price": 0.000116574, "Duco price": 0.000471918, "Duco price BCH": 2e-05, "Duco price NANO": 1.249e-05, "Duco price TRX": 7.13e-05, "Duco price XMG": 0.00030251, "Duino-Coin Server API": "github.com/revoxhere/duino-coin", "Kolka": {"Banned": 771, "Jailed": 24}, "Last block hash": "2eb3f8271c", "Last sync": 1641503851.88144, "Last update": "06/01/2022 21:17:31 (UTC)", "Mined blocks": 78874838955, "Miner distribution": {"All": 33794, "Arduino": 6545, "CPU": 5627, "ESP32": 7602, "ESP8266": 9090, "GPU": 0, "Other": 42, "Phone": 320, "RPi": 2638, "Web": 1930}, "Net energy usage": "50.69 kW", "Open threads": 22, "Pool hashrate": "2055.84 MH/s", "Registered users": 39076, "Server CPU usage": 40.1, "Server RAM usage": 46.1, "Server version": 2.7, "Top 10 richest miners": ["6046849.645452347 DUCO - bscDUCO", "530807.5372981913 DUCO - NodeSBroker", "397162.15067505674 DUCO - James_themac", "305923.3262956849 DUCO - bimbasimba94", "300520.321607231 DUCO - 52Pickup", "206105.5112477876 DUCO - maticDUCO", "190582.057104081 DUCO - celoDUCO", "170241.298916613 DUCO - Bacman", "141023.2862713289 DUCO - coinexchange", "120000.999999999 DUCO - rootbori"], "XXHASH hashrate": "0 H/s"}