{"Active connections": 1015, "All-time mined DUCO": 90193674.89361298, "Current difficulty": 1000000, "DUCO-S1 hashrate": "3.2 GH/s", "Duco Furim price": 0.0, "Duco Node-S price": 0.0, "Duco PancakeSwap price": 4e-05, "Duco SunSwap price": 4.3e-05, "Duco SushiSwap price": 1.2e-05, "Duco UbeSwap price": 2.8e-05, "Duco price": 8.7e-05, "Duco price BCH": 1.3e-05, "Duco price NANO": 1.2e-05, "Duco price TRX": 1.6e-05, "Duco price XMG": 2e-06, "Duino-Coin Server API": "github.com/revoxhere/duino-coin", "Kolka": {"Banned": 936, "Jailed": 56}, "Last block hash": "2eb3f8271cd947cdd6469be145558a7bcb72e0d9", "Last sync": 1656882250.9466937, "Last update": "03/07/2022 21:04:12 (UTC)", "Mined blocks": 215498229347, "Miner distribution": {"All": 37335, "Arduino": 4827, "CPU": 2536, "ESP32": 12724, "ESP8266": 15358, "GPU": 0, "Other": 92, "Phone": 43, "RPi": 1518, "Web": 237}, "Net energy usage": "32.49 kW", "Open threads": 22, "Pool hashrate": "3158.88 MH/s", "Registered users": 73569, "Server CPU usage": 35.6, "Server RAM usage": 50.2, "Server version": 3.0, "Top 10 richest miners": ["34153185.622689165 DUCO - bscDUCO", "16868013.00251215 DUCO - Ochios", "7753173.2090441445 DUCO - ctecrypto", "6974991.289071771 DUCO - QQ44142894", "5744295.084349901 DUCO - renderman", "4006756.334697626 DUCO - Demoel", "3484308.273396697 DUCO - coinexchange", "2368507.0 DUCO - Brunomoyses23", "2210288.9385462017 DUCO - vyrdudji", "2070152.565 DUCO - CryptSino_Exchange"], "XXHASH hashrate": "0 H/s"}