{"Active connections": 1092, "All-time mined DUCO": 739133904.4813831, "Current difficulty": 200000, "DUCO-S1 hashrate": "2.467 GH/s", "Duco FluffySwap price": 7.98e-06, "Duco Furim price": 0.0, "Duco Node-S price": 0.0, "Duco PancakeSwap price": 8.57789e-06, "Duco SunSwap price": 9.269e-05, "Duco SushiSwap price": 1.2962107682626e-05, "Duco UbeSwap price": 1.1191491992827553e-05, "Duco price": 0.000264, "Duco price BCH": 0.00017919, "Duco price NANO": 0.000264, "Duco price TRX": 1.14e-05, "Duco price XMG": 0.0, "Duino-Coin Server API": "github.com/revoxhere/duino-coin", "Kolka": {"Banned": 5949, "Jailed": 182}, "Last block hash": "8de4bc0b3fa1580ec7f3421feb9644fc8ead02b8", "Last sync": 1717737482.5161674, "Last update": "07/06/2024 05:18:02 (UTC)", "Mined blocks": 525403311804, "Miner distribution": {"All": 18279, "Arduino": 2293, "CPU": 941, "ESP32": 7591, "ESP8266": 6004, "GPU": 0, "Other": 13, "Phone": 4, "RPi": 1256, "Web": 177}, "Net energy usage": "14.75 kW", "Open threads": 27, "Pool hashrate": "2467.171 MH/s", "Registered users": 102737, "Server CPU usage": 55.7, "Server RAM usage": 91.1, "Server version": 4.0, "Top 10 richest miners": ["79226409.78550309 DUCO - bscDUCO", "30792510.456 DUCO - Flowen1985", "30547481.689035717 DUCO - AlmarRido", "20119947.6942 DUCO - viviana80", "18545685.805999998 DUCO - bimbasimba94", "14898327.919367304 DUCO - aimbert", "14844309.80478869 DUCO - ctecrypto", "12720440.59109726 DUCO - QQ44142894", "11315918.01092941 DUCO - duinousa", "11015478.642 DUCO - Rafa2000"], "XXHASH hashrate": "0 H/s"}