{"Active connections": 1326, "All-time mined DUCO": 73077414.92233303, "Current difficulty": 1000000, "DUCO-S1 hashrate": "3.6 GH/s", "Duco Furim price": 0.0, "Duco Node-S price": 0.0, "Duco PancakeSwap price": 4.2e-05, "Duco SunSwap price": 5.9e-05, "Duco SushiSwap price": 4.9e-05, "Duco UbeSwap price": 4.2e-05, "Duco price": 0.000189, "Duco price BCH": 5e-06, "Duco price NANO": 2.6e-05, "Duco price TRX": 2.1e-05, "Duco price XMG": 0.000173, "Duino-Coin Server API": "github.com/revoxhere/duino-coin", "Kolka": {"Banned": 840, "Jailed": 47}, "Last block hash": "2eb3f8271cd947cdd6469be145558a7bcb72e0d9", "Last sync": 1653610393.6075604, "Last update": "27/05/2022 00:13:15 (UTC)", "Mined blocks": 187332832802, "Miner distribution": {"All": 39546, "Arduino": 5410, "CPU": 2993, "ESP32": 13231, "ESP8266": 15702, "GPU": 0, "Other": 58, "Phone": 99, "RPi": 1722, "Web": 331}, "Net energy usage": "36.3 kW", "Open threads": 21, "Pool hashrate": "3632.38 MH/s", "Registered users": 75456, "Server CPU usage": 42.4, "Server RAM usage": 52.6, "Server version": 3.0, "Top 10 richest miners": ["28010399.18543735 DUCO - bscDUCO", "17779500.0 DUCO - Ochios", "6490991.289071771 DUCO - QQ44142894", "4270473.878585478 DUCO - bimbasimba94", "4007682.2870748066 DUCO - Demoel", "2727781.4250073293 DUCO - ctecrypto", "2210288.9385462017 DUCO - vyrdudji", "2145169.467415815 DUCO - jules_pilot", "2063423.2273045857 DUCO - maticDUCO", "1637272.2600304668 DUCO - coinexchange"], "XXHASH hashrate": "0 H/s"}