{"Active connections": 997, "All-time mined DUCO": 19239046.47501562, "Current difficulty": 75000, "DUCO-S1 hashrate": "1453.4 MH/s", "Duco JustSwap price": 0.00010136, "Duco Node-S price": 5.7e-05, "Duco PancakeSwap price": 0.000594663, "Duco SushiSwap price": 0.000356015, "Duco price": 0.000594663, "Duco price BCH": 4.603e-05, "Duco price DGB": 0.0, "Duco price NANO": 1.492e-05, "Duco price RVN": 0.0, "Duco price TRX": 0.00010394, "Duco price XMG": 0.00026893, "Duco price XRP": 0.0, "Duino-Coin Server API": "github.com/revoxhere/duino-coin", "Kolka": {"Banned": 723, "Jailed": 24}, "Last block hash": "2eb3f8271c", "Last update": "24/12/2021 10:43:08 (UTC)", "Mined blocks": 68700467931, "Miner distribution": {"All": 30740, "Arduino": 7013, "CPU": 4263, "ESP32": 7352, "ESP8266": 8208, "GPU": 0, "Other": 24, "Phone": 326, "RPi": 2457, "Web": 1097}, "Net energy usage": "40.57 kW", "Open threads": 21, "Pool hashrate": "1453.41 MH/s", "Registered users": 31699, "Server CPU usage": 58.5, "Server RAM usage": 45.8, "Server version": 2.7, "Top 10 richest miners": ["4697407.578174308 DUCO - bscDUCO", "884889.2662999706 DUCO - coinexchange", "530426.5372981913 DUCO - NodeSBroker", "397162.15067505674 DUCO - James_themac", "300520.321607231 DUCO - 52Pickup", "299957.488291487 DUCO - bimbasimba94", "249329.55131924895 DUCO - miningvir", "201412.24342534758 DUCO - maticDUCO", "190582.057104081 DUCO - celoDUCO", "170241.298916613 DUCO - Bacman"], "XXHASH hashrate": "0 H/s"}