{"Active connections": 916, "All-time mined DUCO": 65752412.23065571, "Current difficulty": 75000, "DUCO-S1 hashrate": "2.7 GH/s", "Duco Furim price": 0.0, "Duco Node-S price": 0.0, "Duco PancakeSwap price": 3.9e-05, "Duco SunSwap price": 0.000329, "Duco SushiSwap price": 2.9e-05, "Duco UbeSwap price": 2.8e-05, "Duco price": 0.000338, "Duco price BCH": 3.3e-05, "Duco price NANO": 2.4e-05, "Duco price TRX": 2e-05, "Duco price XMG": 1.7e-05, "Duino-Coin Server API": "github.com/revoxhere/duino-coin", "Kolka": {"Banned": 968, "Jailed": 74}, "Last block hash": "2eb3f8271cd947cdd6469be145558a7bcb72e0d9", "Last sync": 1660779065.609997, "Last update": "17/08/2022 23:31:06 (UTC)", "Mined blocks": 243544546573, "Miner distribution": {"All": 36069, "Arduino": 4493, "CPU": 1829, "ESP32": 12813, "ESP8266": 15227, "GPU": 0, "Other": 49, "Phone": 71, "RPi": 1163, "Web": 424}, "Net energy usage": "27.55 kW", "Open threads": 22, "Pool hashrate": "2732.02 MH/s", "Registered users": 76579, "Server CPU usage": 34.9, "Server RAM usage": 55.1, "Server version": 3.0, "Top 10 richest miners": ["42252146.85504087 DUCO - bscDUCO", "35145287.10911963 DUCO - coinexchange", "6974991.289071771 DUCO - QQ44142894", "2368507.0 DUCO - Brunomoyses23", "2210288.9385462017 DUCO - vyrdudji", "2189456.527143403 DUCO - renderman", "1461763.0084821829 DUCO - maticDUCO", "1436226.401 DUCO - amornlit", "1209839.3183971192 DUCO - James_themac", "1000000.7352102676 DUCO - AlmarRido"], "XXHASH hashrate": "0 H/s"}