{"Duino-Coin Server API": "github.com/revoxhere/duino-coin", "Server version": 2.7, "Active connections": 22319, "Open threads": 24, "Server CPU usage": 63.6, "Server RAM usage": 38.5, "Last update": "15/09/2021 17:06:24 (UTC)", "Net energy usage": "62.8 kW", "Pool hashrate": "1160.4098 MH/s", "DUCO-S1 hashrate": "1133.2 MH/s", "XXHASH hashrate": "27.2 MH/s", "Duco price": 0.00288876, "Duco price XMG": 0.00288876, "Duco price BCH": 0.00064815, "Duco price RVN": 0.00085119, "Duco price TRX": 0.00121809, "Duco price XRP": 0.0006105, "Duco price DGB": 0.00079503, "Duco price NANO": 0.00083375, "Duco price FJC": 0.00085001, "Duco Node-S price": 0.002024, "Duco JustSwap price": 0.00108786, "Duco PancakeSwap price": 0.00176586, "Registered users": 17600, "All-time mined DUCO": 9558843.020395357, "Current difficulty": 703664, "Mined blocks": 16887986145, "Last block hash": "730b6127b9", "Kolka": {"Jailed": 21, "Banned": 641}, "Miner distribution": {"GPU": 0, "CPU": 3728, "RPi": 1934, "Phone": 0, "Web": 1340, "ESP32": 8540, "ESP8266": 10415, "Arduino": 4496, "Other": 0}, "Top 10 richest miners": ["1969982.663513525 DUCO - bscDUCO", "520520.1555491204 DUCO - 52Pickup", "434078.2793900001 DUCO - coinexchange", "169984.51716291803 DUCO - Bacman", "120752.96446366758 DUCO - rootbori", "113387.18511437952 DUCO - amornlit", "86383.69913711195 DUCO - caancom", "60025.814367758176 DUCO - WannaCry", "53936.72902580622 DUCO - giveaways", "52169.16 DUCO - celoDUCO"]}