{"Active connections": 831, "All-time mined DUCO": 19693491.23490663, "Current difficulty": 75000, "DUCO-S1 hashrate": "1384.6 MH/s", "Duco JustSwap price": 8.609e-05, "Duco Node-S price": 2.1e-05, "Duco PancakeSwap price": 0.000594663, "Duco SushiSwap price": 0.000356015, "Duco price": 0.000594663, "Duco price BCH": 3.289e-05, "Duco price DGB": 0.0, "Duco price NANO": 1.328e-05, "Duco price RVN": 0.0, "Duco price TRX": 7.763e-05, "Duco price XMG": 0.00024988, "Duco price XRP": 0.0, "Duino-Coin Server API": "github.com/revoxhere/duino-coin", "Kolka": {"Banned": 742, "Jailed": 24}, "Last block hash": "2eb3f8271c", "Last sync": 1640787206.9453537, "Last update": "29/12/2021 14:13:26 (UTC)", "Mined blocks": 72894322062, "Miner distribution": {"All": 30352, "Arduino": 7160, "CPU": 4147, "ESP32": 7748, "ESP8266": 7766, "GPU": 0, "Other": 7, "Phone": 245, "RPi": 2244, "Web": 1035}, "Net energy usage": "39.36 kW", "Open threads": 21, "Pool hashrate": "1384.59 MH/s", "Registered users": 33009, "Server CPU usage": 56.8, "Server RAM usage": 26.8, "Server version": 2.7, "Top 10 richest miners": ["5172562.848173697 DUCO - bscDUCO", "530737.5372981913 DUCO - NodeSBroker", "509154.693411329 DUCO - coinexchange", "397162.15067505674 DUCO - James_themac", "305849.24533841084 DUCO - bimbasimba94", "303868.74314769905 DUCO - bloomindark", "300520.321607231 DUCO - 52Pickup", "208532.35682435756 DUCO - maticDUCO", "190582.057104081 DUCO - celoDUCO", "170241.298916613 DUCO - Bacman"], "XXHASH hashrate": "0 H/s"}