{"Active connections": 1083, "All-time mined DUCO": 776058864.9445144, "Current difficulty": 200000, "DUCO-S1 hashrate": "1.91 GH/s", "Duco FluffySwap price": 2.1637e-05, "Duco Furim price": 0.0, "Duco Node-S price": 0.0, "Duco PancakeSwap price": 1.31425e-05, "Duco SunSwap price": 2.953e-05, "Duco SushiSwap price": 8.987494203495e-06, "Duco UbeSwap price": 1.568e-05, "Duco price": 3.641e-05, "Duco price BCH": 0.0, "Duco price NANO": 0.0, "Duco price TRX": 3.087e-05, "Duco price XMG": 3.641e-05, "Duino-Coin Server API": "github.com/revoxhere/duino-coin", "Kolka": {"Banned": 6024, "Jailed": 189}, "Last block hash": "8de4bc0b3fa1580ec7f3421feb9644fc8ead02b8", "Last sync": 1724383551.542402, "Last update": "23/08/2024 03:25:51 (UTC)", "Mined blocks": 545251760509, "Miner distribution": {"All": 14239, "Arduino": 1789, "CPU": 808, "ESP32": 4644, "ESP8266": 5726, "GPU": 0, "Other": 8, "Phone": 3, "RPi": 1105, "Web": 156}, "Net energy usage": "12.22 kW", "Open threads": 28, "Pool hashrate": "1910.235 MH/s", "Registered users": 105361, "Server CPU usage": 72.9, "Server RAM usage": 92.7, "Server version": 4.0, "Top 10 richest miners": ["235377673.0569255 DUCO - coinexchange", "83973998.70122527 DUCO - bscDUCO", "35576240.569 DUCO - AlmarRido", "30855598.808 DUCO - Flowen1985", "22896923.915 DUCO - bimbasimba94", "16096358.288900001 DUCO - viviana80", "14928206.027369697 DUCO - aimbert", "14847133.194062889 DUCO - ctecrypto", "12721940.665481606 DUCO - QQ44142894", "11342507.103360059 DUCO - duinousa"], "XXHASH hashrate": "0 H/s"}