{"Duino-Coin Server API": "github.com/revoxhere/duino-coin", "Server version": 2.7, "Active connections": 19541, "Open threads": 23, "Server CPU usage": 61.3, "Server RAM usage": 46.7, "Last update": "27/09/2021 14:06:56 (UTC)", "Net energy usage": "71.28 kW", "Pool hashrate": "1543.7133 MH/s", "DUCO-S1 hashrate": "1502.6 MH/s", "XXHASH hashrate": "41.2 MH/s", "Duco price": 0.00106335, "Duco price XMG": 0.000872, "Duco price BCH": 0.00034699, "Duco price RVN": 0.00049826, "Duco price TRX": 0.0004979, "Duco price XRP": 0.00019912, "Duco price DGB": 0.00049655, "Duco price NANO": 0.00049888, "Duco price FJC": 0.0005, "Duco Node-S price": 0.00036, "Duco JustSwap price": 0.00076585, "Duco PancakeSwap price": 0.00106335, "Duco SushiSwap price": 0.000692305, "Registered users": 18981, "All-time mined DUCO": 12374658.371621775, "Current difficulty": 970989, "Mined blocks": 23303840852, "Last block hash": "730b6127b9", "Kolka": {"Jailed": 24, "Banned": 642}, "Miner distribution": {"GPU": 0, "CPU": 767, "RPi": 610, "Phone": 50, "Web": 362, "ESP32": 5796, "ESP8266": 12672, "Arduino": 5832, "Other": 76, "All": 26165}, "Top 10 richest miners": ["2355403.320041812 DUCO - bscDUCO", "911808.1147974087 DUCO - James_themac", "521520.1555491204 DUCO - 52Pickup", "170240.13285850236 DUCO - Bacman", "163500.10104597002 DUCO - celoDUCO", "123387.18511437952 DUCO - amornlit", "121447.37024653809 DUCO - rootbori", "100060.82929173831 DUCO - bimbasimba94", "86972.43846889045 DUCO - caancom", "59989.559390000046 DUCO - coinexchange"]}