{"Active connections": 670, "All-time mined DUCO": 739444416.8609998, "Current difficulty": 75000, "DUCO-S1 hashrate": "2.412 GH/s", "Duco FluffySwap price": 2.8e-06, "Duco Furim price": 0.0, "Duco Node-S price": 0.0, "Duco PancakeSwap price": 1.15279e-05, "Duco SunSwap price": 0.00010413, "Duco SushiSwap price": 2.0225e-05, "Duco UbeSwap price": 2.8285092635326694e-05, "Duco price": 0.00010413, "Duco price BCH": 4e-06, "Duco price NANO": 1.9e-06, "Duco price TRX": 3.06e-06, "Duco price XMG": 0.0, "Duino-Coin Server API": "github.com/revoxhere/duino-coin", "Kolka": {"Banned": 1398, "Jailed": 127}, "Last block hash": "8de4bc0b3fa1580ec7f3421feb9644fc8ead02b8", "Last sync": 1685726968.7311728, "Last update": "02/06/2023 17:29:32 (UTC)", "Mined blocks": 409859369132, "Miner distribution": {"All": 23731, "Arduino": 2920, "CPU": 1016, "ESP32": 9886, "ESP8266": 8251, "GPU": 0, "Other": 12, "Phone": 26, "RPi": 1409, "Web": 211}, "Net energy usage": "17.7 kW", "Open threads": 23, "Pool hashrate": "2411.849 MH/s", "Registered users": 93310, "Server CPU usage": 39.0, "Server RAM usage": 32.6, "Server version": 3.0, "Top 10 richest miners": ["495743830.67087966 DUCO - coinexchange", "404530573.7045106 DUCO - coinexchange", "52378557.04439265 DUCO - bscDUCO", "20119947.6942 DUCO - viviana80", "15115368.927099999 DUCO - Ochios", "12720440.559071772 DUCO - QQ44142894", "12318290.802490192 DUCO - Flowen1985", "10759939.638689265 DUCO - fiorella71", "8125736.123916335 DUCO - Orion_0x43b", "7301325.017630027 DUCO - revox"], "XXHASH hashrate": "0 H/s"}