{"Active connections": 130956, "All-time mined DUCO": 16578698.027877558, "Current difficulty": 125000, "DUCO-S1 hashrate": "1278.4 MH/s", "Duco JustSwap price": 0.00047842, "Duco Node-S price": 0.000139, "Duco PancakeSwap price": 0.000726946, "Duco SushiSwap price": 0.00102713, "Duco price": 0.00102713, "Duco price BCH": 0.0001167, "Duco price DGB": 0.0, "Duco price NANO": 0.00030492, "Duco price RVN": 0.0, "Duco price TRX": 0.00029675, "Duco price XMG": 0.00060828, "Duco price XRP": 0.0, "Duino-Coin Server API": "github.com/revoxhere/duino-coin", "Kolka": {"Banned": 675, "Jailed": 24}, "Last block hash": "65b3f612d0", "Last update": "31/10/2021 09:27:51 (UTC)", "Mined blocks": 35557180907, "Miner distribution": {"All": 37609, "Arduino": 6531, "CPU": 3282, "ESP32": 11713, "ESP8266": 12520, "GPU": 0, "Other": 77, "Phone": 260, "RPi": 1971, "Web": 1255}, "Net energy usage": "37.53 kW", "Open threads": 24, "Pool hashrate": "1278.4 MH/s", "Registered users": 22316, "Server CPU usage": 63.8, "Server RAM usage": 54.0, "Server version": 2.7, "Top 10 richest miners": ["3122525.0076895906 DUCO - bscDUCO", "651834.0500902198 DUCO - coinexchange", "587337.6039841222 DUCO - NodeSBroker", "522520.1555491204 DUCO - 52Pickup", "401032.5335167133 DUCO - James_themac", "170240.13285850236 DUCO - Bacman", "168697.89104597003 DUCO - celoDUCO", "123387.18511437952 DUCO - amornlit", "119999.99999999892 DUCO - rootbori", "103284.36655613378 DUCO - maticDUCO"], "XXHASH hashrate": "0 H/s"}