{"Active connections": 1211, "All-time mined DUCO": 179827343.2130206, "Current difficulty": 75000, "DUCO-S1 hashrate": "2.4 GH/s", "Duco FluffySwap price": 3.955e-06, "Duco Furim price": 0.0, "Duco Node-S price": 0.0, "Duco PancakeSwap price": 2.79369e-05, "Duco SunSwap price": 5.912e-05, "Duco SushiSwap price": 6.23366e-06, "Duco UbeSwap price": 2.891638595203949e-05, "Duco price": 5.912e-05, "Duco price BCH": 5.66e-06, "Duco price NANO": 3.52e-06, "Duco price TRX": 4.89e-06, "Duco price XMG": 0.0, "Duino-Coin Server API": "github.com/revoxhere/duino-coin", "Kolka": {"Banned": 1268, "Jailed": 98}, "Last block hash": "8de4bc0b3fa1580ec7f3421feb9644fc8ead02b8", "Last sync": 1675365654.9084723, "Last update": "02/02/2023 19:20:59 (UTC)", "Mined blocks": 349084222748, "Miner distribution": {"All": 31700, "Arduino": 3873, "CPU": 1279, "ESP32": 12124, "ESP8266": 12348, "GPU": 0, "Other": 18, "Phone": 43, "RPi": 1656, "Web": 359}, "Net energy usage": "23.06 kW", "Open threads": 24, "Pool hashrate": "2393.15 MH/s", "Registered users": 88009, "Server CPU usage": 49.8, "Server RAM usage": 59.2, "Server version": 3.0, "Top 10 richest miners": ["82202290.56311627 DUCO - coinexchange", "40719326.35752013 DUCO - bscDUCO", "20119946.6942 DUCO - viviana80", "15115363.695 DUCO - Ochios", "11692429.559071772 DUCO - QQ44142894", "10759939.638689265 DUCO - fiorella71", "8125736.123916335 DUCO - Orion_0x43b", "6816004.3199651055 DUCO - lordachoo", "5637139.684 DUCO - sudoerrno", "3349146.9204701567 DUCO - msdo1006"], "XXHASH hashrate": "0 H/s"}