{"Active connections": 707, "All-time mined DUCO": 739776960.3219806, "Current difficulty": 200000, "DUCO-S1 hashrate": "2.462 GH/s", "Duco FluffySwap price": 0.0, "Duco Furim price": 0.0, "Duco Node-S price": 0.0, "Duco PancakeSwap price": 0.0, "Duco SunSwap price": 0.0, "Duco SushiSwap price": 0.0, "Duco UbeSwap price": 0.0, "Duco price": 0.00023, "Duco price BCH": 0.00017051, "Duco price NANO": 0.00023, "Duco price TRX": 1.198e-05, "Duco price XMG": 0.0, "Duino-Coin Server API": "github.com/revoxhere/duino-coin", "Kolka": {"Banned": 5900, "Jailed": 177}, "Last block hash": "8de4bc0b3fa1580ec7f3421feb9644fc8ead02b8", "Last sync": 1714154833.7396314, "Last update": "26/04/2024 18:07:13 (UTC)", "Mined blocks": 515298750899, "Miner distribution": {"All": 15981, "Arduino": 2155, "CPU": 994, "ESP32": 5967, "ESP8266": 5548, "GPU": 0, "Other": 33, "Phone": 1, "RPi": 1283, "Web": 0}, "Net energy usage": "14.05 kW", "Open threads": 27, "Pool hashrate": "2461.868 MH/s", "Registered users": 101139, "Server CPU usage": 26.0, "Server RAM usage": 94.1, "Server version": 4.0, "Top 10 richest miners": ["78435748.74889731 DUCO - bscDUCO", "39491496.79265186 DUCO - AlmarRido", "30792510.456 DUCO - Flowen1985", "20119947.6942 DUCO - viviana80", "17011708.804704107 DUCO - bimbasimba94", "14868531.194595315 DUCO - aimbert", "14841874.440919967 DUCO - ctecrypto", "14142678.309920821 DUCO - duinousa", "12720440.559071772 DUCO - QQ44142894", "10759939.638689265 DUCO - fiorella71"], "XXHASH hashrate": "0 H/s"}