{"Active connections": 1509, "All-time mined DUCO": 55309655.139324054, "Current difficulty": 1000000, "DUCO-S1 hashrate": "4.4 GH/s", "Duco Furim price": 0.0, "Duco Node-S price": 0.0, "Duco PancakeSwap price": 5.2e-05, "Duco SunSwap price": 0.000104, "Duco SushiSwap price": 5.9e-05, "Duco price": 0.000104, "Duco price BCH": 6e-06, "Duco price NANO": 3e-05, "Duco price TRX": 5e-06, "Duco price XMG": 0.0, "Duino-Coin Server API": "github.com/revoxhere/duino-coin", "Kolka": {"Banned": 675, "Jailed": 34}, "Last block hash": "2eb3f8271cd947cdd6469be145558a7bcb72e0d9", "Last sync": 1649634747.974288, "Last update": "10/04/2022 23:52:30 (UTC)", "Mined blocks": 152021690884, "Miner distribution": {"All": 40250, "Arduino": 6398, "CPU": 3508, "ESP32": 13130, "ESP8266": 14420, "GPU": 0, "Other": 47, "Phone": 155, "RPi": 2090, "Web": 502}, "Net energy usage": "39.86 kW", "Open threads": 21, "Pool hashrate": "4351.38 MH/s", "Registered users": 68553, "Server CPU usage": 37.2, "Server RAM usage": 58.7, "Server version": 3.0, "Top 10 richest miners": ["23980607.97890838 DUCO - bscDUCO", "7330449.914401649 DUCO - Ochios", "5000000.269761559 DUCO - miningvir", "3809636.8993131584 DUCO - coinexchange", "3250098.6952358535 DUCO - miyan001", "2000079.7819885127 DUCO - varanese67", "1560264.1601593082 DUCO - Demoel", "1335161.4808335458 DUCO - QQ44142894", "1231607.3647373389 DUCO - maticDUCO", "1209838.627673189 DUCO - James_themac"], "XXHASH hashrate": "0 H/s"}