{"Active connections": 1155, "All-time mined DUCO": 65143991.09128249, "Current difficulty": 75000, "DUCO-S1 hashrate": "2.5 GH/s", "Duco Furim price": 0.0, "Duco Node-S price": 0.0, "Duco PancakeSwap price": 4.6e-05, "Duco SunSwap price": 0.000339, "Duco SushiSwap price": 3.7e-05, "Duco UbeSwap price": 3.5e-05, "Duco price": 0.001291, "Duco price BCH": 3.6e-05, "Duco price NANO": 2.7e-05, "Duco price TRX": 2.1e-05, "Duco price XMG": 0.000255, "Duino-Coin Server API": "github.com/revoxhere/duino-coin", "Kolka": {"Banned": 960, "Jailed": 70}, "Last block hash": "2eb3f8271cd947cdd6469be145558a7bcb72e0d9", "Last sync": 1660334188.1701205, "Last update": "12/08/2022 19:56:30 (UTC)", "Mined blocks": 240516129097, "Miner distribution": {"All": 34102, "Arduino": 4516, "CPU": 1567, "ESP32": 11678, "ESP8266": 14885, "GPU": 0, "Other": 49, "Phone": 35, "RPi": 1039, "Web": 333}, "Net energy usage": "24.97 kW", "Open threads": 22, "Pool hashrate": "2518.76 MH/s", "Registered users": 76264, "Server CPU usage": 42.5, "Server RAM usage": 49.4, "Server version": 3.0, "Top 10 richest miners": ["39594823.90167598 DUCO - coinexchange", "39300772.79868917 DUCO - bscDUCO", "6974991.289071771 DUCO - QQ44142894", "2869802.5677047675 DUCO - renderman", "2368507.0 DUCO - Brunomoyses23", "2210288.9385462017 DUCO - vyrdudji", "1554480.7428140556 DUCO - maticDUCO", "1436226.401 DUCO - amornlit", "1209839.3183971192 DUCO - James_themac", "980004.222400001 DUCO - Ochios"], "XXHASH hashrate": "0 H/s"}