{"Active connections": 3793, "All-time mined DUCO": 21670207.59691025, "Current difficulty": 1000000, "DUCO-S1 hashrate": "5148.1 MH/s", "Duco JustSwap price": 0.00020849, "Duco Node-S price": 2.3e-05, "Duco PancakeSwap price": 0.000322114, "Duco SushiSwap price": 0.000650466, "Duco price": 0.00119923, "Duco price BCH": 1.385e-05, "Duco price NANO": 8.96e-06, "Duco price TRX": 6.983e-05, "Duco price XMG": 0.0011945, "Duino-Coin Server API": "github.com/revoxhere/duino-coin", "Kolka": {"Banned": 775, "Jailed": 26}, "Last block hash": "2eb3f8271c", "Last sync": 1643134787.2513735, "Last update": "25/01/2022 18:19:47 (UTC)", "Mined blocks": 94269043720, "Miner distribution": {"All": 41047, "Arduino": 7403, "CPU": 5331, "ESP32": 10563, "ESP8266": 12922, "GPU": 0, "Other": 31, "Phone": 393, "RPi": 3036, "Web": 1368}, "Net energy usage": "52.26 kW", "Open threads": 21, "Pool hashrate": "5148.08 MH/s", "Registered users": 50921, "Server CPU usage": 51.5, "Server RAM usage": 44.4, "Server version": 2.7, "Top 10 richest miners": ["8142778.040051807 DUCO - bscDUCO", "648041.9608694913 DUCO - coinexchange", "600502.4557927221 DUCO - bimbasimba94", "501281.03200855374 DUCO - NodeSBroker", "427162.15067505674 DUCO - James_themac", "210035.78831306403 DUCO - maticDUCO", "190596.067104081 DUCO - celoDUCO", "170241.299416613 DUCO - Bacman", "170229.26474255582 DUCO - RNGesus", "140000.53560568305 DUCO - haxorcitoz"], "XXHASH hashrate": "0 H/s"}