{"Duino-Coin Server API": "github.com/revoxhere/duino-coin", "Server version": 2.7, "Active connections": 18683, "Open threads": 23, "Server CPU usage": 57.5, "Server RAM usage": 38.3, "Last update": "24/09/2021 13:05:56 (UTC)", "Net energy usage": "70.62 kW", "Pool hashrate": "1413.2418 MH/s", "DUCO-S1 hashrate": "1379.3 MH/s", "XXHASH hashrate": "33.9 MH/s", "Duco price": 0.00111629, "Duco price XMG": 0.00082092, "Duco price BCH": 0.0007404, "Duco price RVN": 0.00065577, "Duco price TRX": 0.00045083, "Duco price XRP": 0.00031626, "Duco price DGB": 0.00060064, "Duco price NANO": 0.0006583, "Duco price FJC": 0.00076532, "Duco Node-S price": 0, "Duco JustSwap price": 0.00058789, "Duco PancakeSwap price": 0.00111629, "Duco SushiSwap price": 0.000608, "Registered users": 18639, "All-time mined DUCO": 11686799.131462263, "Current difficulty": 891238, "Mined blocks": 21390073191, "Last block hash": "730b6127b9", "Kolka": {"Jailed": 24, "Banned": 642}, "Miner distribution": {"GPU": 1, "CPU": 3953, "RPi": 2268, "Phone": 302, "Web": 1136, "ESP32": 10620, "ESP8266": 12267, "Arduino": 6472, "Other": 93}, "Top 10 richest miners": ["2304034.560119094 DUCO - bscDUCO", "931325.0174313675 DUCO - James_themac", "521500.1558491204 DUCO - 52Pickup", "170240.13285850236 DUCO - Bacman", "123387.18511437952 DUCO - amornlit", "121241.80532418014 DUCO - rootbori", "100009.98289446536 DUCO - bimbasimba94", "86697.6464167863 DUCO - caancom", "83699.40000000001 DUCO - celoDUCO", "67049.7853744245 DUCO - giveaways"]}