{"Active connections": 1142, "All-time mined DUCO": 185589478.7230338, "Current difficulty": 75000, "DUCO-S1 hashrate": "2.5 GH/s", "Duco FluffySwap price": 3.8009999999999997e-06, "Duco Furim price": 0.0, "Duco Node-S price": 0.0, "Duco PancakeSwap price": 3.40281e-05, "Duco SunSwap price": 5.733e-05, "Duco SushiSwap price": 5.89572e-06, "Duco UbeSwap price": 2.891638595203949e-05, "Duco price": 5.733e-05, "Duco price BCH": 5.45e-06, "Duco price NANO": 3.27e-06, "Duco price TRX": 4.75e-06, "Duco price XMG": 0.0, "Duino-Coin Server API": "github.com/revoxhere/duino-coin", "Kolka": {"Banned": 1257, "Jailed": 98}, "Last block hash": "8de4bc0b3fa1580ec7f3421feb9644fc8ead02b8", "Last sync": 1674963963.6777034, "Last update": "29/01/2023 03:46:06 (UTC)", "Mined blocks": 346526640740, "Miner distribution": {"All": 33906, "Arduino": 3897, "CPU": 1403, "ESP32": 12911, "ESP8266": 13636, "GPU": 0, "Other": 24, "Phone": 18, "RPi": 1632, "Web": 385}, "Net energy usage": "24.78 kW", "Open threads": 24, "Pool hashrate": "2463.4 MH/s", "Registered users": 87744, "Server CPU usage": 55.3, "Server RAM usage": 56.6, "Server version": 3.0, "Top 10 richest miners": ["82509261.8664673 DUCO - coinexchange", "41220007.34345014 DUCO - bscDUCO", "20119946.6942 DUCO - viviana80", "11692429.559071772 DUCO - QQ44142894", "10759939.638689265 DUCO - fiorella71", "8125736.123916335 DUCO - Orion_0x43b", "7695798.286 DUCO - RNGesus", "6814494.690293094 DUCO - lordachoo", "5637139.684 DUCO - sudoerrno", "4965363.69527713 DUCO - Ochios"], "XXHASH hashrate": "0 H/s"}