{"Active connections": 719, "All-time mined DUCO": 194987465.58805993, "Current difficulty": 75000, "DUCO-S1 hashrate": "2.3 GH/s", "Duco FluffySwap price": 3.5e-06, "Duco Furim price": 0.0, "Duco Node-S price": 0.0, "Duco PancakeSwap price": 2.40111e-05, "Duco SunSwap price": 2.448e-05, "Duco SushiSwap price": 8.26598e-06, "Duco UbeSwap price": 2.8687163822298956e-05, "Duco price": 2.8687163822298956e-05, "Duco price BCH": 5e-06, "Duco price NANO": 3.46e-06, "Duco price TRX": 5.03e-06, "Duco price XMG": 0.0, "Duino-Coin Server API": "github.com/revoxhere/duino-coin", "Kolka": {"Banned": 1329, "Jailed": 114}, "Last block hash": "8de4bc0b3fa1580ec7f3421feb9644fc8ead02b8", "Last sync": 1677827121.6432455, "Last update": "03/03/2023 07:05:28 (UTC)", "Mined blocks": 364288809565, "Miner distribution": {"All": 30141, "Arduino": 3810, "CPU": 939, "ESP32": 11495, "ESP8266": 12005, "GPU": 0, "Other": 8, "Phone": 13, "RPi": 1552, "Web": 319}, "Net energy usage": "20.27 kW", "Open threads": 25, "Pool hashrate": "2301.13 MH/s", "Registered users": 89731, "Server CPU usage": 44.5, "Server RAM usage": 33.4, "Server version": 3.0, "Top 10 richest miners": ["506790134.26172054 DUCO - coinexchange", "41885570.794576176 DUCO - bscDUCO", "20119946.6942 DUCO - viviana80", "15115364.7271 DUCO - Ochios", "12283086.27 DUCO - infternet", "11692429.559071772 DUCO - QQ44142894", "10759939.638689265 DUCO - fiorella71", "8125736.123916335 DUCO - Orion_0x43b", "6822414.502694512 DUCO - lordachoo", "5390317.239189138 DUCO - msdo1006"], "XXHASH hashrate": "0 H/s"}