{"Active connections": 957, "All-time mined DUCO": 741140196.7566602, "Current difficulty": 200000, "DUCO-S1 hashrate": "2.492 GH/s", "Duco FluffySwap price": 7.861e-06, "Duco Furim price": 0.0, "Duco Node-S price": 0.0, "Duco PancakeSwap price": 8.57789e-06, "Duco SunSwap price": 9.111e-05, "Duco SushiSwap price": 1.2962107682626e-05, "Duco UbeSwap price": 1.1191491992827553e-05, "Duco price": 0.000252, "Duco price BCH": 0.0001689, "Duco price NANO": 0.000252, "Duco price TRX": 1.12e-05, "Duco price XMG": 3.54e-06, "Duino-Coin Server API": "github.com/revoxhere/duino-coin", "Kolka": {"Banned": 5949, "Jailed": 182}, "Last block hash": "8de4bc0b3fa1580ec7f3421feb9644fc8ead02b8", "Last sync": 1716795709.5236943, "Last update": "27/05/2024 07:41:49 (UTC)", "Mined blocks": 522541322275, "Miner distribution": {"All": 18385, "Arduino": 2373, "CPU": 978, "ESP32": 7351, "ESP8266": 6246, "GPU": 0, "Other": 17, "Phone": 15, "RPi": 1216, "Web": 189}, "Net energy usage": "14.97 kW", "Open threads": 27, "Pool hashrate": "2492.427 MH/s", "Registered users": 102338, "Server CPU usage": 92.3, "Server RAM usage": 92.0, "Server version": 4.0, "Top 10 richest miners": ["79153663.74889731 DUCO - bscDUCO", "31494834.034456138 DUCO - AlmarRido", "30792510.456 DUCO - Flowen1985", "20119947.6942 DUCO - viviana80", "18545685.805999998 DUCO - bimbasimba94", "14898313.868173424 DUCO - aimbert", "14843587.05892771 DUCO - ctecrypto", "12720440.585598174 DUCO - QQ44142894", "11315361.172837766 DUCO - duinousa", "10759939.638689265 DUCO - fiorella71"], "XXHASH hashrate": "0 H/s"}