{"Active connections": 1570, "All-time mined DUCO": 58688439.07088027, "Current difficulty": 1000000, "DUCO-S1 hashrate": "5.3 GH/s", "Duco Furim price": 0.0, "Duco Node-S price": 0.0, "Duco PancakeSwap price": 4.7e-05, "Duco SunSwap price": 0.000766, "Duco SushiSwap price": 7.6e-05, "Duco price": 0.000767, "Duco price BCH": 4e-06, "Duco price NANO": 1.7e-05, "Duco price TRX": 3e-06, "Duco price XMG": 1e-05, "Duino-Coin Server API": "github.com/revoxhere/duino-coin", "Kolka": {"Banned": 531, "Jailed": 29}, "Last block hash": "2eb3f8271cd947cdd6469be145558a7bcb72e0d9", "Last sync": 1647334734.3681564, "Last update": "15/03/2022 08:58:57 (UTC)", "Mined blocks": 130914191651, "Miner distribution": {"All": 41620, "Arduino": 7140, "CPU": 4052, "ESP32": 12248, "ESP8266": 14569, "GPU": 0, "Other": 41, "Phone": 187, "RPi": 2681, "Web": 702}, "Net energy usage": "44.38 kW", "Open threads": 21, "Pool hashrate": "5296.02 MH/s", "Registered users": 63482, "Server CPU usage": 40.1, "Server RAM usage": 55.2, "Server version": 3.0, "Top 10 richest miners": ["27359512.330225043 DUCO - bscDUCO", "10000000.269761559 DUCO - miningvir", "3965348.014869814 DUCO - Ochios", "3962275.8619908057 DUCO - RNGesus", "2631163.51930822 DUCO - coinexchange", "2453550.087773999 DUCO - ifdeduco", "1554151.561634813 DUCO - Demoel", "1340302.8173217864 DUCO - DeVisdude", "1259813.051090884 DUCO - T3rminator", "1209837.627673189 DUCO - James_themac"], "XXHASH hashrate": "0 H/s"}