{"Active connections": 1381, "All-time mined DUCO": 84702514.21188596, "Current difficulty": 1000000, "DUCO-S1 hashrate": "3.9 GH/s", "Duco Furim price": 0.0, "Duco Node-S price": 0.0, "Duco PancakeSwap price": 3e-05, "Duco SunSwap price": 6.4e-05, "Duco SushiSwap price": 3.8e-05, "Duco UbeSwap price": 2.9e-05, "Duco price": 9.2e-05, "Duco price BCH": 3e-06, "Duco price NANO": 1.5e-05, "Duco price TRX": 1.1e-05, "Duco price XMG": 9e-05, "Duino-Coin Server API": "github.com/revoxhere/duino-coin", "Kolka": {"Banned": 853, "Jailed": 47}, "Last block hash": "2eb3f8271cd947cdd6469be145558a7bcb72e0d9", "Last sync": 1654094987.905871, "Last update": "01/06/2022 14:49:49 (UTC)", "Mined blocks": 191595517199, "Miner distribution": {"All": 40588, "Arduino": 5625, "CPU": 3322, "ESP32": 13583, "ESP8266": 15913, "GPU": 0, "Other": 58, "Phone": 68, "RPi": 1632, "Web": 387}, "Net energy usage": "38.54 kW", "Open threads": 21, "Pool hashrate": "3882.96 MH/s", "Registered users": 75858, "Server CPU usage": 48.7, "Server RAM usage": 49.8, "Server version": 3.0, "Top 10 richest miners": ["27508169.72342621 DUCO - bscDUCO", "17779500.0 DUCO - Ochios", "7635019.197012984 DUCO - skynet", "7593691.281688949 DUCO - coinexchange", "6974991.289071771 DUCO - QQ44142894", "4007843.8892184566 DUCO - Demoel", "2728326.6023626663 DUCO - ctecrypto", "2457999.162139856 DUCO - maticDUCO", "2210288.9385462017 DUCO - vyrdudji", "2145458.0822367026 DUCO - jules_pilot"], "XXHASH hashrate": "0 H/s"}