{"Active connections": 955, "All-time mined DUCO": 757396831.7510941, "Current difficulty": 200000, "DUCO-S1 hashrate": "1.684 GH/s", "Duco FluffySwap price": 1.8276999999999998e-05, "Duco Furim price": 0.0, "Duco Node-S price": 0.0, "Duco PancakeSwap price": 1.34905e-05, "Duco SunSwap price": 2.499e-05, "Duco SushiSwap price": 8.331891935491e-06, "Duco UbeSwap price": 1.642e-05, "Duco price": 3.535e-05, "Duco price BCH": 0.0, "Duco price NANO": 0.0, "Duco price TRX": 2.612e-05, "Duco price XMG": 3.535e-05, "Duino-Coin Server API": "github.com/revoxhere/duino-coin", "Kolka": {"Banned": 6014, "Jailed": 190}, "Last block hash": "8de4bc0b3fa1580ec7f3421feb9644fc8ead02b8", "Last sync": 1723661962.7543364, "Last update": "14/08/2024 18:59:22 (UTC)", "Mined blocks": 543326933893, "Miner distribution": {"All": 14363, "Arduino": 1840, "CPU": 679, "ESP32": 4731, "ESP8266": 5857, "GPU": 0, "Other": 6, "Phone": 9, "RPi": 1068, "Web": 173}, "Net energy usage": "11.48 kW", "Open threads": 27, "Pool hashrate": "1684.091 MH/s", "Registered users": 105094, "Server CPU usage": 68.2, "Server RAM usage": 86.9, "Server version": 4.0, "Top 10 richest miners": ["238559907.7957555 DUCO - coinexchange", "81980000.19825932 DUCO - bscDUCO", "30855598.808 DUCO - Flowen1985", "28000980.1298474 DUCO - AlmarRido", "18280977.178 DUCO - bimbasimba94", "16096358.288900001 DUCO - viviana80", "14928193.49521877 DUCO - aimbert", "14847133.194062889 DUCO - ctecrypto", "12721940.59109726 DUCO - QQ44142894", "11342233.60542293 DUCO - duinousa"], "XXHASH hashrate": "0 H/s"}