{"Active connections": 1425, "All-time mined DUCO": 191986509.03327104, "Current difficulty": 75000, "DUCO-S1 hashrate": "2.4 GH/s", "Duco FluffySwap price": 3.913e-06, "Duco Furim price": 0.0, "Duco Node-S price": 0.0, "Duco PancakeSwap price": 2.92879e-05, "Duco SunSwap price": 6.247e-05, "Duco SushiSwap price": 8.32413e-06, "Duco UbeSwap price": 2.8687163822298956e-05, "Duco price": 6.247e-05, "Duco price BCH": 5.59e-06, "Duco price NANO": 3.86e-06, "Duco price TRX": 5.17e-06, "Duco price XMG": 0.0, "Duino-Coin Server API": "github.com/revoxhere/duino-coin", "Kolka": {"Banned": 1312, "Jailed": 112}, "Last block hash": "8de4bc0b3fa1580ec7f3421feb9644fc8ead02b8", "Last sync": 1677077037.5729988, "Last update": "22/02/2023 14:44:01 (UTC)", "Mined blocks": 359724002773, "Miner distribution": {"All": 30258, "Arduino": 3715, "CPU": 1085, "ESP32": 11471, "ESP8266": 12022, "GPU": 0, "Other": 12, "Phone": 34, "RPi": 1635, "Web": 284}, "Net energy usage": "21.28 kW", "Open threads": 24, "Pool hashrate": "2362.44 MH/s", "Registered users": 89303, "Server CPU usage": 50.9, "Server RAM usage": 53.3, "Server version": 3.0, "Top 10 richest miners": ["42488762.794576176 DUCO - bscDUCO", "20119946.6942 DUCO - viviana80", "15115363.695 DUCO - Ochios", "12043702.27 DUCO - infternet", "11692429.559071772 DUCO - QQ44142894", "10759939.638689265 DUCO - fiorella71", "9291334.784911454 DUCO - coinexchange", "8125736.123916335 DUCO - Orion_0x43b", "6820640.196143659 DUCO - lordachoo", "4486581.089952859 DUCO - msdo1006"], "XXHASH hashrate": "0 H/s"}