{"Active connections": 711, "All-time mined DUCO": 1117996400.050578, "Current difficulty": 75000, "DUCO-S1 hashrate": "2.023 GH/s", "Duco FluffySwap price": 3.892e-06, "Duco Furim price": 0.0, "Duco Node-S price": 0.0, "Duco PancakeSwap price": 7.2694e-06, "Duco SunSwap price": 0.00010357, "Duco SushiSwap price": 1.01312e-05, "Duco UbeSwap price": 2.9093097913322633e-05, "Duco price": 0.00015632, "Duco price BCH": 5.56e-06, "Duco price NANO": 1.09e-06, "Duco price TRX": 1.94e-06, "Duco price XMG": 0.00015632, "Duino-Coin Server API": "github.com/revoxhere/duino-coin", "Kolka": {"Banned": 5651, "Jailed": 160}, "Last block hash": "8de4bc0b3fa1580ec7f3421feb9644fc8ead02b8", "Last sync": 1693341883.953151, "Last update": "29/08/2023 20:44:47 (UTC)", "Mined blocks": 442844879286, "Miner distribution": {"All": 19332, "Arduino": 2255, "CPU": 716, "ESP32": 8144, "ESP8266": 7088, "GPU": 0, "Other": 8, "Phone": 5, "RPi": 1116, "Web": 0}, "Net energy usage": "13.68 kW", "Open threads": 23, "Pool hashrate": "2022.913 MH/s", "Registered users": 95277, "Server CPU usage": 37.6, "Server RAM usage": 38.2, "Server version": 3.0, "Top 10 richest miners": ["495743830.67087966 DUCO - coinexchange", "366199828.14681995 DUCO - coinexchange", "70379419.64457695 DUCO - bscDUCO", "35301943.008099996 DUCO - AlmarRido", "30607425.931 DUCO - Flowen1985", "26697698.994107354 DUCO - giveaways", "20119947.6942 DUCO - viviana80", "12720440.559071772 DUCO - QQ44142894", "11757029.757612228 DUCO - ctecrypto", "11394221.861 DUCO - bimbasimba94"], "XXHASH hashrate": "0 H/s"}