{"Active connections": 856, "All-time mined DUCO": 739132084.362994, "Current difficulty": 200000, "DUCO-S1 hashrate": "2.521 GH/s", "Duco FluffySwap price": 8.862e-06, "Duco Furim price": 0.0, "Duco Node-S price": 0.0, "Duco PancakeSwap price": 8.57789e-06, "Duco SunSwap price": 0.00010296, "Duco SushiSwap price": 1.2962107682626e-05, "Duco UbeSwap price": 1.1191491992827553e-05, "Duco price": 0.000222, "Duco price BCH": 0.00015116, "Duco price NANO": 0.000222, "Duco price TRX": 1.266e-05, "Duco price XMG": 3.75e-06, "Duino-Coin Server API": "github.com/revoxhere/duino-coin", "Kolka": {"Banned": 5922, "Jailed": 181}, "Last block hash": "8de4bc0b3fa1580ec7f3421feb9644fc8ead02b8", "Last sync": 1715525721.9162495, "Last update": "12/05/2024 14:55:21 (UTC)", "Mined blocks": 518866385056, "Miner distribution": {"All": 17971, "Arduino": 2201, "CPU": 1038, "ESP32": 6982, "ESP8266": 6146, "GPU": 0, "Other": 27, "Phone": 10, "RPi": 1341, "Web": 226}, "Net energy usage": "15.37 kW", "Open threads": 28, "Pool hashrate": "2520.986 MH/s", "Registered users": 101825, "Server CPU usage": 34.2, "Server RAM usage": 93.5, "Server version": 4.0, "Top 10 richest miners": ["78442880.74889731 DUCO - bscDUCO", "39493232.42763998 DUCO - AlmarRido", "30792510.456 DUCO - Flowen1985", "20119947.6942 DUCO - viviana80", "17045685.805999998 DUCO - bimbasimba94", "14868539.871709071 DUCO - aimbert", "14842563.495729167 DUCO - ctecrypto", "12720440.585598174 DUCO - QQ44142894", "11314663.718498664 DUCO - duinousa", "10759939.638689265 DUCO - fiorella71"], "XXHASH hashrate": "0 H/s"}