{"Duino-Coin Server API": "github.com/revoxhere/duino-coin", "Server version": 2.7, "Active connections": 62044, "Open threads": 23, "Server CPU usage": 49.8, "Server RAM usage": 70.3, "Last update": "19/10/2021 15:19:02 (UTC)", "Net energy usage": "39.23 kW", "Pool hashrate": "1338.79 MH/s", "DUCO-S1 hashrate": "1338.8 MH/s", "XXHASH hashrate": "0 H/s", "Duco price": 0.0011967, "Duco price XMG": 0.0006281, "Duco price BCH": 0.00050645, "Duco price RVN": 0.00056094, "Duco price TRX": 0.00050973, "Duco price XRP": 0.00020807, "Duco price DGB": 0.00070143, "Duco price NANO": 0.0007027, "Duco price FJC": 0.0007, "Duco Node-S price": 5.1e-05, "Duco JustSwap price": 0.00066168, "Duco PancakeSwap price": 0.0011967, "Duco SushiSwap price": 0.000863903, "Registered users": 20955, "All-time mined DUCO": 15061290.689391822, "Current difficulty": 125000, "Mined blocks": 30098465390, "Last block hash": "9a79f1a33a", "Kolka": {"Jailed": 48, "Banned": 1338}, "Miner distribution": {"GPU": 0, "CPU": 3704, "RPi": 2094, "Phone": 180, "Web": 592, "ESP32": 10875, "ESP8266": 12509, "Arduino": 5885, "Other": 274, "All": 36113}, "Top 10 richest miners": ["2859904.9215222676 DUCO - bscDUCO", "588139.9989601221 DUCO - NodeSBroker", "521520.1555491204 DUCO - 52Pickup", "504726.4100902202 DUCO - coinexchange", "400591.66373753664 DUCO - James_themac", "175558.10104597002 DUCO - celoDUCO", "170240.13285850236 DUCO - Bacman", "123387.18511437952 DUCO - amornlit", "121685.90546844892 DUCO - rootbori", "88048.65930833798 DUCO - caancom"]}