{"Active connections": 751, "All-time mined DUCO": 720930016.3462985, "Current difficulty": 75000, "DUCO-S1 hashrate": "1.983 GH/s", "Duco FluffySwap price": 1.638e-06, "Duco Furim price": 0.0, "Duco Node-S price": 0.0, "Duco PancakeSwap price": 1.17817e-05, "Duco SunSwap price": 2.358e-05, "Duco SushiSwap price": 1.22207e-05, "Duco UbeSwap price": 2.9828006500541712e-05, "Duco price": 2.9828006500541712e-05, "Duco price BCH": 2.34e-06, "Duco price NANO": 1.54e-06, "Duco price TRX": 2.42e-06, "Duco price XMG": 0.0, "Duino-Coin Server API": "github.com/revoxhere/duino-coin", "Kolka": {"Banned": 1357, "Jailed": 121}, "Last block hash": "8de4bc0b3fa1580ec7f3421feb9644fc8ead02b8", "Last sync": 1683120003.8560429, "Last update": "03/05/2023 13:20:09 (UTC)", "Mined blocks": 395934847966, "Miner distribution": {"All": 27824, "Arduino": 3432, "CPU": 893, "ESP32": 10588, "ESP8266": 11084, "GPU": 0, "Other": 23, "Phone": 13, "RPi": 1538, "Web": 253}, "Net energy usage": "18.99 kW", "Open threads": 24, "Pool hashrate": "1982.613 MH/s", "Registered users": 92349, "Server CPU usage": 53.4, "Server RAM usage": 38.9, "Server version": 3.0, "Top 10 richest miners": ["495743830.67087966 DUCO - coinexchange", "448178594.9845877 DUCO - coinexchange", "55097754.49839266 DUCO - bscDUCO", "20119947.6942 DUCO - viviana80", "15115368.927099999 DUCO - Ochios", "12720440.559071772 DUCO - QQ44142894", "10759939.638689265 DUCO - fiorella71", "8125736.123916335 DUCO - Orion_0x43b", "7200928.9095003065 DUCO - msdo1006", "7091917.853714391 DUCO - revox"], "XXHASH hashrate": "0 H/s"}