{"Active connections": 1405, "All-time mined DUCO": 69644522.30269828, "Current difficulty": 1000000, "DUCO-S1 hashrate": "3.8 GH/s", "Duco Furim price": 0.0, "Duco Node-S price": 0.0, "Duco PancakeSwap price": 4.2e-05, "Duco SunSwap price": 5.5e-05, "Duco SushiSwap price": 4.9e-05, "Duco UbeSwap price": 4.2e-05, "Duco price": 0.000185, "Duco price BCH": 6e-06, "Duco price NANO": 2.9e-05, "Duco price TRX": 1.9e-05, "Duco price XMG": 0.000181, "Duino-Coin Server API": "github.com/revoxhere/duino-coin", "Kolka": {"Banned": 840, "Jailed": 47}, "Last block hash": "2eb3f8271cd947cdd6469be145558a7bcb72e0d9", "Last sync": 1653256106.19738, "Last update": "22/05/2022 21:48:29 (UTC)", "Mined blocks": 184253590189, "Miner distribution": {"All": 39787, "Arduino": 5544, "CPU": 3118, "ESP32": 13258, "ESP8266": 15558, "GPU": 0, "Other": 87, "Phone": 101, "RPi": 1785, "Web": 336}, "Net energy usage": "37.16 kW", "Open threads": 21, "Pool hashrate": "3828.71 MH/s", "Registered users": 75058, "Server CPU usage": 34.2, "Server RAM usage": 54.6, "Server version": 3.0, "Top 10 richest miners": ["26461959.33443735 DUCO - bscDUCO", "14303505.999982828 DUCO - Ochios", "5501866.357518604 DUCO - QQ44142894", "4687831.340030466 DUCO - coinexchange", "4007649.914411468 DUCO - Demoel", "2709908.4404852204 DUCO - ctecrypto", "2210288.9385462017 DUCO - vyrdudji", "1443864.2873045858 DUCO - maticDUCO", "1415001.401 DUCO - amornlit", "1209839.3105654893 DUCO - James_themac"], "XXHASH hashrate": "0 H/s"}