{"Active connections": 1311, "All-time mined DUCO": 55367948.71445357, "Current difficulty": 1000000, "DUCO-S1 hashrate": "4.1 GH/s", "Duco Furim price": 0.0, "Duco Node-S price": 0.0, "Duco PancakeSwap price": 6.4e-05, "Duco SunSwap price": 0.000172, "Duco SushiSwap price": 1.6e-05, "Duco UbeSwap price": 0.000101, "Duco price": 0.000173, "Duco price BCH": 9e-06, "Duco price NANO": 4.4e-05, "Duco price TRX": 1.9e-05, "Duco price XMG": 6.2e-05, "Duino-Coin Server API": "github.com/revoxhere/duino-coin", "Kolka": {"Banned": 767, "Jailed": 48}, "Last block hash": "2eb3f8271cd947cdd6469be145558a7bcb72e0d9", "Last sync": 1651655049.2738388, "Last update": "04/05/2022 09:04:10 (UTC)", "Mined blocks": 169939560945, "Miner distribution": {"All": 39833, "Arduino": 5967, "CPU": 3387, "ESP32": 12966, "ESP8266": 14964, "GPU": 0, "Other": 71, "Phone": 127, "RPi": 2007, "Web": 344}, "Net energy usage": "38.92 kW", "Open threads": 21, "Pool hashrate": "4134.95 MH/s", "Registered users": 72173, "Server CPU usage": 36.4, "Server RAM usage": 32.3, "Server version": 3.0, "Top 10 richest miners": ["23684212.00759496 DUCO - bscDUCO", "8803648.99999709 DUCO - Ochios", "4028876.813893016 DUCO - QQ44142894", "2663589.692030467 DUCO - coinexchange", "2210288.9385462017 DUCO - vyrdudji", "2100626.523837833 DUCO - varanese67", "1454154.3490399483 DUCO - maticDUCO", "1248594.2697615586 DUCO - miningvir", "1209839.3105654893 DUCO - James_themac", "1185940.96067409 DUCO - ivanrpz"], "XXHASH hashrate": "0 H/s"}