{"Active connections": 878, "All-time mined DUCO": 84857491.63927728, "Current difficulty": 1000000, "DUCO-S1 hashrate": "3.1 GH/s", "Duco Furim price": 0.0, "Duco Node-S price": 0.0, "Duco PancakeSwap price": 3.8e-05, "Duco SunSwap price": 4.5e-05, "Duco SushiSwap price": 1.8e-05, "Duco UbeSwap price": 2.8e-05, "Duco price": 8.7e-05, "Duco price BCH": 1.4e-05, "Duco price NANO": 1.3e-05, "Duco price TRX": 1.7e-05, "Duco price XMG": 2e-06, "Duino-Coin Server API": "github.com/revoxhere/duino-coin", "Kolka": {"Banned": 924, "Jailed": 58}, "Last block hash": "2eb3f8271cd947cdd6469be145558a7bcb72e0d9", "Last sync": 1657445940.268472, "Last update": "10/07/2022 09:39:03 (UTC)", "Mined blocks": 219907385042, "Miner distribution": {"All": 36986, "Arduino": 4834, "CPU": 2320, "ESP32": 12558, "ESP8266": 15297, "GPU": 0, "Other": 83, "Phone": 83, "RPi": 1520, "Web": 291}, "Net energy usage": "31.11 kW", "Open threads": 22, "Pool hashrate": "3110.83 MH/s", "Registered users": 73983, "Server CPU usage": 36.1, "Server RAM usage": 39.4, "Server version": 3.0, "Top 10 richest miners": ["34152710.622689165 DUCO - bscDUCO", "16868017.35010215 DUCO - Ochios", "7753684.7320912015 DUCO - ctecrypto", "6974991.289071771 DUCO - QQ44142894", "5819573.712872955 DUCO - renderman", "2368507.0 DUCO - Brunomoyses23", "2210288.9385462017 DUCO - vyrdudji", "2070152.565 DUCO - CryptSino_Exchange", "1792206.7473966968 DUCO - coinexchange", "1413046.5421398599 DUCO - maticDUCO"], "XXHASH hashrate": "0 H/s"}