{"Duino-Coin Server API": "github.com/revoxhere/duino-coin", "Server version": 2.7, "Active connections": 85382, "Open threads": 23, "Server CPU usage": 55.9, "Server RAM usage": 72.1, "Last update": "20/10/2021 20:21:30 (UTC)", "Net energy usage": "37.3 kW", "Pool hashrate": "1270.55 MH/s", "DUCO-S1 hashrate": "1270.6 MH/s", "XXHASH hashrate": "0 H/s", "Duco price": 0.0011967, "Duco price XMG": 0.0003985, "Duco price BCH": 0.00050644, "Duco price RVN": 0.00055752, "Duco price TRX": 0.00050543, "Duco price XRP": 0.00021, "Duco price DGB": 0.00070435, "Duco price NANO": 0.00069621, "Duco price FJC": 0.0007, "Duco Node-S price": 5.4e-05, "Duco JustSwap price": 0.00061884, "Duco PancakeSwap price": 0.0011967, "Duco SushiSwap price": 0.000863903, "Registered users": 21095, "All-time mined DUCO": 15257025.322519703, "Current difficulty": 125000, "Mined blocks": 30716176727, "Last block hash": "4796ba36dc", "Kolka": {"Jailed": 48, "Banned": 1342}, "Miner distribution": {"GPU": 0, "CPU": 3521, "RPi": 1971, "Phone": 217, "Web": 455, "ESP32": 10332, "ESP8266": 12123, "Arduino": 5712, "Other": 157, "All": 34488}, "Top 10 richest miners": ["2878752.1029857276 DUCO - bscDUCO", "586542.3539601222 DUCO - NodeSBroker", "521520.1555491204 DUCO - 52Pickup", "502658.8700902202 DUCO - coinexchange", "400686.2044211257 DUCO - James_themac", "173558.10104597002 DUCO - celoDUCO", "170240.13285850236 DUCO - Bacman", "123387.18511437952 DUCO - amornlit", "121685.90546844892 DUCO - rootbori", "88132.9453333747 DUCO - caancom"]}