{"Active connections": 9972, "All-time mined DUCO": 17184989.572814293, "Current difficulty": 125000, "DUCO-S1 hashrate": "1234.2 MH/s", "Duco JustSwap price": 0.00266938, "Duco Node-S price": 0.000139, "Duco PancakeSwap price": 0.000656946, "Duco SushiSwap price": 0.000469464, "Duco price": 0.00904204, "Duco price BCH": 0.00012215, "Duco price DGB": 0.0, "Duco price NANO": 0.0004335, "Duco price RVN": 0.0, "Duco price TRX": 0.00031756, "Duco price XMG": 0.00104522, "Duco price XRP": 0.0, "Duino-Coin Server API": "github.com/revoxhere/duino-coin", "Kolka": {"Banned": 680, "Jailed": 24}, "Last block hash": "65b3f612d0", "Last update": "08/11/2021 02:55:40 (UTC)", "Mined blocks": 39126902827, "Miner distribution": {"All": 34465, "Arduino": 5844, "CPU": 3394, "ESP32": 10253, "ESP8266": 12077, "GPU": 0, "Other": 53, "Phone": 300, "RPi": 1923, "Web": 621}, "Net energy usage": "36.58 kW", "Open threads": 24, "Pool hashrate": "1234.18 MH/s", "Registered users": 23050, "Server CPU usage": 56.9, "Server RAM usage": 39.2, "Server version": 2.7, "Top 10 richest miners": ["3299146.672593242 DUCO - bscDUCO", "830590.5800902196 DUCO - coinexchange", "588407.6081317749 DUCO - NodeSBroker", "522520.1555491204 DUCO - 52Pickup", "401095.02780072123 DUCO - James_themac", "195997.89104597003 DUCO - celoDUCO", "170241.13285850236 DUCO - Bacman", "129578.19777253376 DUCO - maticDUCO", "123387.18511437952 DUCO - amornlit", "119999.99999999892 DUCO - rootbori"], "XXHASH hashrate": "0 H/s"}