{"Active connections": 933, "All-time mined DUCO": 1053351212.7066602, "Current difficulty": 75000, "DUCO-S1 hashrate": "1.681 GH/s", "Duco FluffySwap price": 3.4579999999999998e-06, "Duco Furim price": 0.0, "Duco Node-S price": 0.0, "Duco PancakeSwap price": 1.12524e-05, "Duco SunSwap price": 0.00011019, "Duco SushiSwap price": 1.08572e-05, "Duco UbeSwap price": 2.7898752414944825e-05, "Duco price": 0.00011019, "Duco price BCH": 4.94e-06, "Duco price NANO": 1.04e-06, "Duco price TRX": 1.65e-06, "Duco price XMG": 0.0, "Duino-Coin Server API": "github.com/revoxhere/duino-coin", "Kolka": {"Banned": 5514, "Jailed": 144}, "Last block hash": "8de4bc0b3fa1580ec7f3421feb9644fc8ead02b8", "Last sync": 1689994387.4687688, "Last update": "22/07/2023 02:53:16 (UTC)", "Mined blocks": 429475349714, "Miner distribution": {"All": 19104, "Arduino": 2190, "CPU": 627, "ESP32": 8278, "ESP8266": 6980, "GPU": 0, "Other": 12, "Phone": 1, "RPi": 1016, "Web": 0}, "Net energy usage": "12.94 kW", "Open threads": 24, "Pool hashrate": "1680.893 MH/s", "Registered users": 94458, "Server CPU usage": 41.5, "Server RAM usage": 50.3, "Server version": 3.0, "Top 10 richest miners": ["495743830.67087966 DUCO - coinexchange", "385217283.8266602 DUCO - coinexchange", "67880670.73957695 DUCO - bscDUCO", "35164787.197 DUCO - AlmarRido", "24326348.334 DUCO - Flowen1985", "20119947.6942 DUCO - viviana80", "14264497.326 DUCO - bimbasimba94", "12720440.559071772 DUCO - QQ44142894", "11661560.556251094 DUCO - ctecrypto", "10759939.638689265 DUCO - fiorella71"], "XXHASH hashrate": "0 H/s"}